review_id,season,team_id,role,issue_type,candidate_names,priority,status,source_url,notes
2010-ARI-offensive_coordinator,2010,ARI,offensive_coordinator,missing_formal_role,NO_SEPARATELY_DESIGNATED_ROLE,medium,resolved,https://nyc3.digitaloceanspaces.com/sportsarchive-documents/prod/60e8d5ec49e0c/494499963-2010-NFL-Record-Fact-Book.pdf,Independent audit resolved every regular-season week with source-backed person intervals and/or verified no-separately-designated-role evidence; see coaching_evidence_11b.csv and coaching_no_role_evidence_11b.csv.
2010-ARI-play_caller,2010,ARI,play_caller,explicit_play_caller_evidence_required,Ken Whisenhunt,high,resolved,https://www.nbcsports.com/nfl/profootballtalk/rumor-mill/news/whisenhunt-not-giving-up-playcalling-duties,Independent audit found a direct 2010 regular-season play-calling statement; the record represents the primary caller and does not claim sole play-design input.
2010-ARI-quarterbacks_coach-interval,2010,ARI,quarterbacks_coach,season_interval_verification_required,Chris Miller,medium,open,https://nyc3.digitaloceanspaces.com/sportsarchive-documents/prod/60e8d5ec49e0c/494499963-2010-NFL-Record-Fact-Book.pdf,"Preseason designation is sourced, but weekly tenure requires dated in-season or retrospective evidence."
2010-ATL-offensive_coordinator-interval,2010,ATL,offensive_coordinator,season_interval_verification_required,Mike Mularkey,medium,open,https://nyc3.digitaloceanspaces.com/sportsarchive-documents/prod/60e8d5ec49e0c/494499963-2010-NFL-Record-Fact-Book.pdf,"Preseason designation is sourced, but weekly tenure requires dated in-season or retrospective evidence."
2010-ATL-play_caller,2010,ATL,play_caller,explicit_play_caller_evidence_required,,high,open,https://nyc3.digitaloceanspaces.com/sportsarchive-documents/prod/60e8d5ec49e0c/494499963-2010-NFL-Record-Fact-Book.pdf,Staff title is not evidence of play-calling duty; locate dated team or league reporting and assignment interval.
2010-ATL-quarterbacks_coach,2010,ATL,quarterbacks_coach,missing_formal_role,Bill Musgrave,medium,resolved,https://nyc3.digitaloceanspaces.com/sportsarchive-documents/prod/60e8d5ec49e0c/494499963-2010-NFL-Record-Fact-Book.pdf,Independent audit resolved every regular-season week with source-backed person intervals and/or verified no-separately-designated-role evidence; see coaching_evidence_11b.csv and coaching_no_role_evidence_11b.csv.
2010-BAL-offensive_coordinator-interval,2010,BAL,offensive_coordinator,season_interval_verification_required,Cam Cameron,medium,open,https://nyc3.digitaloceanspaces.com/sportsarchive-documents/prod/60e8d5ec49e0c/494499963-2010-NFL-Record-Fact-Book.pdf,"Preseason designation is sourced, but weekly tenure requires dated in-season or retrospective evidence."
2010-BAL-play_caller,2010,BAL,play_caller,explicit_play_caller_evidence_required,Cam Cameron,high,resolved,https://www.baltimoreravens.com/news/cameron-s-take-on-stresses-of-coaching-7746324,Independent audit found official team and direct coach evidence for Cam Cameron's 2010 play-calling responsibility.
2010-BAL-quarterbacks_coach-interval,2010,BAL,quarterbacks_coach,season_interval_verification_required,Jim Zorn,medium,open,https://nyc3.digitaloceanspaces.com/sportsarchive-documents/prod/60e8d5ec49e0c/494499963-2010-NFL-Record-Fact-Book.pdf,"Preseason designation is sourced, but weekly tenure requires dated in-season or retrospective evidence."
2010-BUF-offensive_coordinator,2010,BUF,offensive_coordinator,missing_formal_role,Curtis Modkins,medium,resolved,https://www.buffalobills.com/team/transactions/2010,Independent audit resolved every regular-season week with source-backed person intervals and/or verified no-separately-designated-role evidence; see coaching_evidence_11b.csv and coaching_no_role_evidence_11b.csv.
2010-BUF-play_caller,2010,BUF,play_caller,explicit_play_caller_evidence_required,,high,open,https://nyc3.digitaloceanspaces.com/sportsarchive-documents/prod/60e8d5ec49e0c/494499963-2010-NFL-Record-Fact-Book.pdf,Staff title is not evidence of play-calling duty; locate dated team or league reporting and assignment interval.
2010-BUF-quarterbacks_coach-interval,2010,BUF,quarterbacks_coach,season_interval_verification_required,George Cortez,medium,open,https://nyc3.digitaloceanspaces.com/sportsarchive-documents/prod/60e8d5ec49e0c/494499963-2010-NFL-Record-Fact-Book.pdf,"Preseason designation is sourced, but weekly tenure requires dated in-season or retrospective evidence."
2010-CAR-offensive_coordinator-interval,2010,CAR,offensive_coordinator,season_interval_verification_required,Jeff Davidson,medium,open,https://nyc3.digitaloceanspaces.com/sportsarchive-documents/prod/60e8d5ec49e0c/494499963-2010-NFL-Record-Fact-Book.pdf,"Preseason designation is sourced, but weekly tenure requires dated in-season or retrospective evidence."
2010-CAR-play_caller,2010,CAR,play_caller,explicit_play_caller_evidence_required,,high,open,https://nyc3.digitaloceanspaces.com/sportsarchive-documents/prod/60e8d5ec49e0c/494499963-2010-NFL-Record-Fact-Book.pdf,Staff title is not evidence of play-calling duty; locate dated team or league reporting and assignment interval.
2010-CAR-quarterbacks_coach-interval,2010,CAR,quarterbacks_coach,season_interval_verification_required,Rip Scherer,medium,open,https://nyc3.digitaloceanspaces.com/sportsarchive-documents/prod/60e8d5ec49e0c/494499963-2010-NFL-Record-Fact-Book.pdf,"Preseason designation is sourced, but weekly tenure requires dated in-season or retrospective evidence."
2010-CHI-offensive_coordinator-interval,2010,CHI,offensive_coordinator,season_interval_verification_required,Mike Martz,medium,open,https://nyc3.digitaloceanspaces.com/sportsarchive-documents/prod/60e8d5ec49e0c/494499963-2010-NFL-Record-Fact-Book.pdf,"Preseason designation is sourced, but weekly tenure requires dated in-season or retrospective evidence."
2010-CHI-play_caller,2010,CHI,play_caller,explicit_play_caller_evidence_required,,high,open,https://nyc3.digitaloceanspaces.com/sportsarchive-documents/prod/60e8d5ec49e0c/494499963-2010-NFL-Record-Fact-Book.pdf,Staff title is not evidence of play-calling duty; locate dated team or league reporting and assignment interval.
2010-CHI-quarterbacks_coach-interval,2010,CHI,quarterbacks_coach,season_interval_verification_required,Shane Day,medium,open,https://nyc3.digitaloceanspaces.com/sportsarchive-documents/prod/60e8d5ec49e0c/494499963-2010-NFL-Record-Fact-Book.pdf,"Preseason designation is sourced, but weekly tenure requires dated in-season or retrospective evidence."
2010-CIN-offensive_coordinator-interval,2010,CIN,offensive_coordinator,season_interval_verification_required,Bob Bratkowski,medium,open,https://nyc3.digitaloceanspaces.com/sportsarchive-documents/prod/60e8d5ec49e0c/494499963-2010-NFL-Record-Fact-Book.pdf,"Preseason designation is sourced, but weekly tenure requires dated in-season or retrospective evidence."
2010-CIN-play_caller,2010,CIN,play_caller,explicit_play_caller_evidence_required,,high,open,https://nyc3.digitaloceanspaces.com/sportsarchive-documents/prod/60e8d5ec49e0c/494499963-2010-NFL-Record-Fact-Book.pdf,Staff title is not evidence of play-calling duty; locate dated team or league reporting and assignment interval.
2010-CIN-quarterbacks_coach-interval,2010,CIN,quarterbacks_coach,season_interval_verification_required,Ken Zampese,medium,open,https://nyc3.digitaloceanspaces.com/sportsarchive-documents/prod/60e8d5ec49e0c/494499963-2010-NFL-Record-Fact-Book.pdf,"Preseason designation is sourced, but weekly tenure requires dated in-season or retrospective evidence."
2010-CLE-offensive_coordinator-interval,2010,CLE,offensive_coordinator,season_interval_verification_required,Brian Daboll,medium,open,https://nyc3.digitaloceanspaces.com/sportsarchive-documents/prod/60e8d5ec49e0c/494499963-2010-NFL-Record-Fact-Book.pdf,"Preseason designation is sourced, but weekly tenure requires dated in-season or retrospective evidence."
2010-CLE-play_caller,2010,CLE,play_caller,explicit_play_caller_evidence_required,,high,open,https://nyc3.digitaloceanspaces.com/sportsarchive-documents/prod/60e8d5ec49e0c/494499963-2010-NFL-Record-Fact-Book.pdf,Staff title is not evidence of play-calling duty; locate dated team or league reporting and assignment interval.
2010-CLE-quarterbacks_coach-interval,2010,CLE,quarterbacks_coach,season_interval_verification_required,Carl Smith,medium,open,https://nyc3.digitaloceanspaces.com/sportsarchive-documents/prod/60e8d5ec49e0c/494499963-2010-NFL-Record-Fact-Book.pdf,"Preseason designation is sourced, but weekly tenure requires dated in-season or retrospective evidence."
2010-DAL-offensive_coordinator,2010,DAL,offensive_coordinator,missing_formal_role,Jason Garrett,medium,resolved,https://static.www.nfl.com/image/upload/league/f60ftapcsbynqgymw72q.pdf,Independent audit resolved every regular-season week with source-backed person intervals and/or verified no-separately-designated-role evidence; see coaching_evidence_11b.csv and coaching_no_role_evidence_11b.csv.
2010-DAL-play_caller,2010,DAL,play_caller,explicit_play_caller_evidence_required,Jason Garrett,high,resolved,https://www.giants.com/news/jason-garrett-to-call-plays-joe-judge-pittsburgh-steelers-dallas-cowboys,Independent audit found an official retrospective explicitly bounding Jason Garrett's Dallas play-calling tenure through 2012.
2010-DAL-quarterbacks_coach-interval,2010,DAL,quarterbacks_coach,season_interval_verification_required,Wade Wilson,medium,open,https://nyc3.digitaloceanspaces.com/sportsarchive-documents/prod/60e8d5ec49e0c/494499963-2010-NFL-Record-Fact-Book.pdf,"Preseason designation is sourced, but weekly tenure requires dated in-season or retrospective evidence."
2010-DEN-offensive_coordinator-interval,2010,DEN,offensive_coordinator,season_interval_verification_required,Mike McCoy,medium,open,https://nyc3.digitaloceanspaces.com/sportsarchive-documents/prod/60e8d5ec49e0c/494499963-2010-NFL-Record-Fact-Book.pdf,"Preseason designation is sourced, but weekly tenure requires dated in-season or retrospective evidence."
2010-DEN-play_caller,2010,DEN,play_caller,explicit_play_caller_evidence_required,,high,open,https://nyc3.digitaloceanspaces.com/sportsarchive-documents/prod/60e8d5ec49e0c/494499963-2010-NFL-Record-Fact-Book.pdf,Staff title is not evidence of play-calling duty; locate dated team or league reporting and assignment interval.
2010-DEN-quarterbacks_coach-interval,2010,DEN,quarterbacks_coach,season_interval_verification_required,Ben McDaniels,medium,open,https://nyc3.digitaloceanspaces.com/sportsarchive-documents/prod/60e8d5ec49e0c/494499963-2010-NFL-Record-Fact-Book.pdf,"Preseason designation is sourced, but weekly tenure requires dated in-season or retrospective evidence."
2010-DET-offensive_coordinator-interval,2010,DET,offensive_coordinator,season_interval_verification_required,Scott Linehan,medium,open,https://nyc3.digitaloceanspaces.com/sportsarchive-documents/prod/60e8d5ec49e0c/494499963-2010-NFL-Record-Fact-Book.pdf,"Preseason designation is sourced, but weekly tenure requires dated in-season or retrospective evidence."
2010-DET-play_caller,2010,DET,play_caller,explicit_play_caller_evidence_required,,high,open,https://nyc3.digitaloceanspaces.com/sportsarchive-documents/prod/60e8d5ec49e0c/494499963-2010-NFL-Record-Fact-Book.pdf,Staff title is not evidence of play-calling duty; locate dated team or league reporting and assignment interval.
2010-DET-quarterbacks_coach,2010,DET,quarterbacks_coach,missing_formal_role,NO_SEPARATELY_DESIGNATED_ROLE,medium,resolved,https://nyc3.digitaloceanspaces.com/sportsarchive-documents/prod/60e8d5ec49e0c/494499963-2010-NFL-Record-Fact-Book.pdf,Independent audit resolved every regular-season week with source-backed person intervals and/or verified no-separately-designated-role evidence; see coaching_evidence_11b.csv and coaching_no_role_evidence_11b.csv.
2010-GB-offensive_coordinator-interval,2010,GB,offensive_coordinator,season_interval_verification_required,Joe Philbin,medium,open,https://nyc3.digitaloceanspaces.com/sportsarchive-documents/prod/60e8d5ec49e0c/494499963-2010-NFL-Record-Fact-Book.pdf,"Preseason designation is sourced, but weekly tenure requires dated in-season or retrospective evidence."
2010-GB-play_caller,2010,GB,play_caller,explicit_play_caller_evidence_required,,high,open,https://nyc3.digitaloceanspaces.com/sportsarchive-documents/prod/60e8d5ec49e0c/494499963-2010-NFL-Record-Fact-Book.pdf,Staff title is not evidence of play-calling duty; locate dated team or league reporting and assignment interval.
2010-GB-quarterbacks_coach-interval,2010,GB,quarterbacks_coach,season_interval_verification_required,Tom Clements,medium,open,https://nyc3.digitaloceanspaces.com/sportsarchive-documents/prod/60e8d5ec49e0c/494499963-2010-NFL-Record-Fact-Book.pdf,"Preseason designation is sourced, but weekly tenure requires dated in-season or retrospective evidence."
2010-HOU-offensive_coordinator-interval,2010,HOU,offensive_coordinator,season_interval_verification_required,Rick Dennison,medium,open,https://nyc3.digitaloceanspaces.com/sportsarchive-documents/prod/60e8d5ec49e0c/494499963-2010-NFL-Record-Fact-Book.pdf,"Preseason designation is sourced, but weekly tenure requires dated in-season or retrospective evidence."
2010-HOU-play_caller,2010,HOU,play_caller,explicit_play_caller_evidence_required,,high,open,https://nyc3.digitaloceanspaces.com/sportsarchive-documents/prod/60e8d5ec49e0c/494499963-2010-NFL-Record-Fact-Book.pdf,Staff title is not evidence of play-calling duty; locate dated team or league reporting and assignment interval.
2010-HOU-quarterbacks_coach-interval,2010,HOU,quarterbacks_coach,season_interval_verification_required,Greg Knapp,medium,open,https://nyc3.digitaloceanspaces.com/sportsarchive-documents/prod/60e8d5ec49e0c/494499963-2010-NFL-Record-Fact-Book.pdf,"Preseason designation is sourced, but weekly tenure requires dated in-season or retrospective evidence."
2010-IND-offensive_coordinator-interval,2010,IND,offensive_coordinator,season_interval_verification_required,Clyde Christensen,medium,open,https://nyc3.digitaloceanspaces.com/sportsarchive-documents/prod/60e8d5ec49e0c/494499963-2010-NFL-Record-Fact-Book.pdf,"Preseason designation is sourced, but weekly tenure requires dated in-season or retrospective evidence."
2010-IND-play_caller,2010,IND,play_caller,explicit_play_caller_evidence_required,,high,open,https://nyc3.digitaloceanspaces.com/sportsarchive-documents/prod/60e8d5ec49e0c/494499963-2010-NFL-Record-Fact-Book.pdf,Staff title is not evidence of play-calling duty; locate dated team or league reporting and assignment interval.
2010-IND-quarterbacks_coach-interval,2010,IND,quarterbacks_coach,season_interval_verification_required,Frank Reich,medium,open,https://nyc3.digitaloceanspaces.com/sportsarchive-documents/prod/60e8d5ec49e0c/494499963-2010-NFL-Record-Fact-Book.pdf,"Preseason designation is sourced, but weekly tenure requires dated in-season or retrospective evidence."
2010-JAX-offensive_coordinator-interval,2010,JAX,offensive_coordinator,season_interval_verification_required,Dirk Koetter,medium,open,https://nyc3.digitaloceanspaces.com/sportsarchive-documents/prod/60e8d5ec49e0c/494499963-2010-NFL-Record-Fact-Book.pdf,"Preseason designation is sourced, but weekly tenure requires dated in-season or retrospective evidence."
2010-JAX-play_caller,2010,JAX,play_caller,explicit_play_caller_evidence_required,,high,open,https://nyc3.digitaloceanspaces.com/sportsarchive-documents/prod/60e8d5ec49e0c/494499963-2010-NFL-Record-Fact-Book.pdf,Staff title is not evidence of play-calling duty; locate dated team or league reporting and assignment interval.
2010-JAX-quarterbacks_coach-interval,2010,JAX,quarterbacks_coach,season_interval_verification_required,Mike Shula,medium,open,https://nyc3.digitaloceanspaces.com/sportsarchive-documents/prod/60e8d5ec49e0c/494499963-2010-NFL-Record-Fact-Book.pdf,"Preseason designation is sourced, but weekly tenure requires dated in-season or retrospective evidence."
2010-KC-offensive_coordinator-interval,2010,KC,offensive_coordinator,season_interval_verification_required,Charlie Weis,medium,open,https://nyc3.digitaloceanspaces.com/sportsarchive-documents/prod/60e8d5ec49e0c/494499963-2010-NFL-Record-Fact-Book.pdf,"Preseason designation is sourced, but weekly tenure requires dated in-season or retrospective evidence."
2010-KC-play_caller,2010,KC,play_caller,explicit_play_caller_evidence_required,,high,open,https://nyc3.digitaloceanspaces.com/sportsarchive-documents/prod/60e8d5ec49e0c/494499963-2010-NFL-Record-Fact-Book.pdf,Staff title is not evidence of play-calling duty; locate dated team or league reporting and assignment interval.
2010-KC-quarterbacks_coach,2010,KC,quarterbacks_coach,missing_formal_role,NO_SEPARATELY_DESIGNATED_ROLE,medium,resolved,https://www.nfl.com/news/zorn-lands-with-chiefs-as-qbs-coach-after-firing-by-ravens-09000d5d81e51825,Independent audit resolved every regular-season week with source-backed person intervals and/or verified no-separately-designated-role evidence; see coaching_evidence_11b.csv and coaching_no_role_evidence_11b.csv.
2010-LA-offensive_coordinator-interval,2010,LA,offensive_coordinator,season_interval_verification_required,Pat Shurmur,medium,open,https://nyc3.digitaloceanspaces.com/sportsarchive-documents/prod/60e8d5ec49e0c/494499963-2010-NFL-Record-Fact-Book.pdf,"Preseason designation is sourced, but weekly tenure requires dated in-season or retrospective evidence."
2010-LA-play_caller,2010,LA,play_caller,explicit_play_caller_evidence_required,,high,open,https://nyc3.digitaloceanspaces.com/sportsarchive-documents/prod/60e8d5ec49e0c/494499963-2010-NFL-Record-Fact-Book.pdf,Staff title is not evidence of play-calling duty; locate dated team or league reporting and assignment interval.
2010-LA-quarterbacks_coach,2010,LA,quarterbacks_coach,missing_formal_role,Dick Curl,medium,resolved,https://nyc3.digitaloceanspaces.com/sportsarchive-documents/prod/60e8d5ec49e0c/494499963-2010-NFL-Record-Fact-Book.pdf,Independent audit resolved every regular-season week with source-backed person intervals and/or verified no-separately-designated-role evidence; see coaching_evidence_11b.csv and coaching_no_role_evidence_11b.csv.
2010-LAC-offensive_coordinator,2010,LAC,offensive_coordinator,missing_formal_role,Clarence Shelmon,medium,resolved,https://nyc3.digitaloceanspaces.com/sportsarchive-documents/prod/60e8d5ec49e0c/494499963-2010-NFL-Record-Fact-Book.pdf,Independent audit resolved every regular-season week with source-backed person intervals and/or verified no-separately-designated-role evidence; see coaching_evidence_11b.csv and coaching_no_role_evidence_11b.csv.
2010-LAC-play_caller,2010,LAC,play_caller,explicit_play_caller_evidence_required,,high,open,https://nyc3.digitaloceanspaces.com/sportsarchive-documents/prod/60e8d5ec49e0c/494499963-2010-NFL-Record-Fact-Book.pdf,Staff title is not evidence of play-calling duty; locate dated team or league reporting and assignment interval.
2010-LAC-quarterbacks_coach-interval,2010,LAC,quarterbacks_coach,season_interval_verification_required,John Ramsdell,medium,open,https://nyc3.digitaloceanspaces.com/sportsarchive-documents/prod/60e8d5ec49e0c/494499963-2010-NFL-Record-Fact-Book.pdf,"Preseason designation is sourced, but weekly tenure requires dated in-season or retrospective evidence."
2010-LV-offensive_coordinator-interval,2010,LV,offensive_coordinator,season_interval_verification_required,Hue Jackson,medium,open,https://nyc3.digitaloceanspaces.com/sportsarchive-documents/prod/60e8d5ec49e0c/494499963-2010-NFL-Record-Fact-Book.pdf,"Preseason designation is sourced, but weekly tenure requires dated in-season or retrospective evidence."
2010-LV-play_caller,2010,LV,play_caller,explicit_play_caller_evidence_required,Hue Jackson,high,resolved,https://static.clubs.nfl.com/image/upload/raiders/rqgkwnmpquvhay41drwe.pdf,Independent audit found an official Raiders retrospective explicitly stating Hue Jackson called the plays in 2010 and 2011.
2010-LV-quarterbacks_coach-interval,2010,LV,quarterbacks_coach,season_interval_verification_required,Paul Hackett,medium,open,https://nyc3.digitaloceanspaces.com/sportsarchive-documents/prod/60e8d5ec49e0c/494499963-2010-NFL-Record-Fact-Book.pdf,"Preseason designation is sourced, but weekly tenure requires dated in-season or retrospective evidence."
2010-MIA-offensive_coordinator-interval,2010,MIA,offensive_coordinator,season_interval_verification_required,Dan Henning,medium,open,https://nyc3.digitaloceanspaces.com/sportsarchive-documents/prod/60e8d5ec49e0c/494499963-2010-NFL-Record-Fact-Book.pdf,"Preseason designation is sourced, but weekly tenure requires dated in-season or retrospective evidence."
2010-MIA-play_caller,2010,MIA,play_caller,explicit_play_caller_evidence_required,,high,open,https://nyc3.digitaloceanspaces.com/sportsarchive-documents/prod/60e8d5ec49e0c/494499963-2010-NFL-Record-Fact-Book.pdf,Staff title is not evidence of play-calling duty; locate dated team or league reporting and assignment interval.
2010-MIA-quarterbacks_coach-interval,2010,MIA,quarterbacks_coach,season_interval_verification_required,David Lee,medium,open,https://nyc3.digitaloceanspaces.com/sportsarchive-documents/prod/60e8d5ec49e0c/494499963-2010-NFL-Record-Fact-Book.pdf,"Preseason designation is sourced, but weekly tenure requires dated in-season or retrospective evidence."
2010-MIN-offensive_coordinator-interval,2010,MIN,offensive_coordinator,season_interval_verification_required,Darrell Bevell,medium,open,https://nyc3.digitaloceanspaces.com/sportsarchive-documents/prod/60e8d5ec49e0c/494499963-2010-NFL-Record-Fact-Book.pdf,"Preseason designation is sourced, but weekly tenure requires dated in-season or retrospective evidence."
2010-MIN-play_caller,2010,MIN,play_caller,explicit_play_caller_evidence_required,,high,open,https://nyc3.digitaloceanspaces.com/sportsarchive-documents/prod/60e8d5ec49e0c/494499963-2010-NFL-Record-Fact-Book.pdf,Staff title is not evidence of play-calling duty; locate dated team or league reporting and assignment interval.
2010-MIN-quarterbacks_coach-interval,2010,MIN,quarterbacks_coach,season_interval_verification_required,Kevin Rogers,medium,open,https://nyc3.digitaloceanspaces.com/sportsarchive-documents/prod/60e8d5ec49e0c/494499963-2010-NFL-Record-Fact-Book.pdf,"Preseason designation is sourced, but weekly tenure requires dated in-season or retrospective evidence."
2010-NE-offensive_coordinator,2010,NE,offensive_coordinator,missing_formal_role,NO_SEPARATELY_DESIGNATED_ROLE,medium,resolved,https://nyc3.digitaloceanspaces.com/sportsarchive-documents/prod/60e8d5ec49e0c/494499963-2010-NFL-Record-Fact-Book.pdf,Independent audit resolved every regular-season week with source-backed person intervals and/or verified no-separately-designated-role evidence; see coaching_evidence_11b.csv and coaching_no_role_evidence_11b.csv.
2010-NE-play_caller,2010,NE,play_caller,explicit_play_caller_evidence_required,,high,open,https://nyc3.digitaloceanspaces.com/sportsarchive-documents/prod/60e8d5ec49e0c/494499963-2010-NFL-Record-Fact-Book.pdf,Staff title is not evidence of play-calling duty; locate dated team or league reporting and assignment interval.
2010-NE-quarterbacks_coach,2010,NE,quarterbacks_coach,missing_formal_role,Bill O'Brien,medium,resolved,https://www.patriots.com/news/patriots-hire-bill-o-brien-as-offensive-coordinator-quarterbacks-coach,Independent audit resolved every regular-season week with source-backed person intervals and/or verified no-separately-designated-role evidence; see coaching_evidence_11b.csv and coaching_no_role_evidence_11b.csv.
2010-NO-offensive_coordinator,2010,NO,offensive_coordinator,missing_formal_role,Pete Carmichael,medium,resolved,https://nyc3.digitaloceanspaces.com/sportsarchive-documents/prod/60e8d5ec49e0c/494499963-2010-NFL-Record-Fact-Book.pdf,Independent audit resolved every regular-season week with source-backed person intervals and/or verified no-separately-designated-role evidence; see coaching_evidence_11b.csv and coaching_no_role_evidence_11b.csv.
2010-NO-play_caller,2010,NO,play_caller,explicit_play_caller_evidence_required,,high,open,https://nyc3.digitaloceanspaces.com/sportsarchive-documents/prod/60e8d5ec49e0c/494499963-2010-NFL-Record-Fact-Book.pdf,Staff title is not evidence of play-calling duty; locate dated team or league reporting and assignment interval.
2010-NO-quarterbacks_coach-interval,2010,NO,quarterbacks_coach,season_interval_verification_required,Joe Lombardi,medium,open,https://nyc3.digitaloceanspaces.com/sportsarchive-documents/prod/60e8d5ec49e0c/494499963-2010-NFL-Record-Fact-Book.pdf,"Preseason designation is sourced, but weekly tenure requires dated in-season or retrospective evidence."
2010-NYG-offensive_coordinator-interval,2010,NYG,offensive_coordinator,season_interval_verification_required,Kevin Gilbride,medium,open,https://nyc3.digitaloceanspaces.com/sportsarchive-documents/prod/60e8d5ec49e0c/494499963-2010-NFL-Record-Fact-Book.pdf,"Preseason designation is sourced, but weekly tenure requires dated in-season or retrospective evidence."
2010-NYG-play_caller,2010,NYG,play_caller,explicit_play_caller_evidence_required,,high,open,https://nyc3.digitaloceanspaces.com/sportsarchive-documents/prod/60e8d5ec49e0c/494499963-2010-NFL-Record-Fact-Book.pdf,Staff title is not evidence of play-calling duty; locate dated team or league reporting and assignment interval.
2010-NYG-quarterbacks_coach-interval,2010,NYG,quarterbacks_coach,season_interval_verification_required,Mike Sullivan,medium,open,https://nyc3.digitaloceanspaces.com/sportsarchive-documents/prod/60e8d5ec49e0c/494499963-2010-NFL-Record-Fact-Book.pdf,"Preseason designation is sourced, but weekly tenure requires dated in-season or retrospective evidence."
2010-NYJ-offensive_coordinator,2010,NYJ,offensive_coordinator,missing_formal_role,Brian Schottenheimer,medium,resolved,https://nyc3.digitaloceanspaces.com/sportsarchive-documents/prod/60e8d5ec49e0c/494499963-2010-NFL-Record-Fact-Book.pdf,Independent audit resolved every regular-season week with source-backed person intervals and/or verified no-separately-designated-role evidence; see coaching_evidence_11b.csv and coaching_no_role_evidence_11b.csv.
2010-NYJ-play_caller,2010,NYJ,play_caller,explicit_play_caller_evidence_required,,high,open,https://nyc3.digitaloceanspaces.com/sportsarchive-documents/prod/60e8d5ec49e0c/494499963-2010-NFL-Record-Fact-Book.pdf,Staff title is not evidence of play-calling duty; locate dated team or league reporting and assignment interval.
2010-NYJ-quarterbacks_coach-interval,2010,NYJ,quarterbacks_coach,season_interval_verification_required,Matt Cavanaugh,medium,open,https://nyc3.digitaloceanspaces.com/sportsarchive-documents/prod/60e8d5ec49e0c/494499963-2010-NFL-Record-Fact-Book.pdf,"Preseason designation is sourced, but weekly tenure requires dated in-season or retrospective evidence."
2010-PHI-offensive_coordinator,2010,PHI,offensive_coordinator,missing_formal_role,Marty Mornhinweg,medium,resolved,https://nyc3.digitaloceanspaces.com/sportsarchive-documents/prod/60e8d5ec49e0c/494499963-2010-NFL-Record-Fact-Book.pdf,Independent audit resolved every regular-season week with source-backed person intervals and/or verified no-separately-designated-role evidence; see coaching_evidence_11b.csv and coaching_no_role_evidence_11b.csv.
2010-PHI-play_caller,2010,PHI,play_caller,explicit_play_caller_evidence_required,,high,open,https://nyc3.digitaloceanspaces.com/sportsarchive-documents/prod/60e8d5ec49e0c/494499963-2010-NFL-Record-Fact-Book.pdf,Staff title is not evidence of play-calling duty; locate dated team or league reporting and assignment interval.
2010-PHI-quarterbacks_coach-interval,2010,PHI,quarterbacks_coach,season_interval_verification_required,James Urban,medium,open,https://nyc3.digitaloceanspaces.com/sportsarchive-documents/prod/60e8d5ec49e0c/494499963-2010-NFL-Record-Fact-Book.pdf,"Preseason designation is sourced, but weekly tenure requires dated in-season or retrospective evidence."
2010-PIT-offensive_coordinator-interval,2010,PIT,offensive_coordinator,season_interval_verification_required,Bruce Arians,medium,open,https://nyc3.digitaloceanspaces.com/sportsarchive-documents/prod/60e8d5ec49e0c/494499963-2010-NFL-Record-Fact-Book.pdf,"Preseason designation is sourced, but weekly tenure requires dated in-season or retrospective evidence."
2010-PIT-play_caller,2010,PIT,play_caller,explicit_play_caller_evidence_required,,high,open,https://nyc3.digitaloceanspaces.com/sportsarchive-documents/prod/60e8d5ec49e0c/494499963-2010-NFL-Record-Fact-Book.pdf,Staff title is not evidence of play-calling duty; locate dated team or league reporting and assignment interval.
2010-PIT-quarterbacks_coach-interval,2010,PIT,quarterbacks_coach,season_interval_verification_required,Randy Fichtner,medium,open,https://nyc3.digitaloceanspaces.com/sportsarchive-documents/prod/60e8d5ec49e0c/494499963-2010-NFL-Record-Fact-Book.pdf,"Preseason designation is sourced, but weekly tenure requires dated in-season or retrospective evidence."
2010-SEA-offensive_coordinator-interval,2010,SEA,offensive_coordinator,season_interval_verification_required,Jeremy Bates,medium,open,https://nyc3.digitaloceanspaces.com/sportsarchive-documents/prod/60e8d5ec49e0c/494499963-2010-NFL-Record-Fact-Book.pdf,"Preseason designation is sourced, but weekly tenure requires dated in-season or retrospective evidence."
2010-SEA-play_caller,2010,SEA,play_caller,explicit_play_caller_evidence_required,,high,open,https://nyc3.digitaloceanspaces.com/sportsarchive-documents/prod/60e8d5ec49e0c/494499963-2010-NFL-Record-Fact-Book.pdf,Staff title is not evidence of play-calling duty; locate dated team or league reporting and assignment interval.
2010-SEA-quarterbacks_coach-interval,2010,SEA,quarterbacks_coach,season_interval_verification_required,Jedd Fisch,medium,open,https://nyc3.digitaloceanspaces.com/sportsarchive-documents/prod/60e8d5ec49e0c/494499963-2010-NFL-Record-Fact-Book.pdf,"Preseason designation is sourced, but weekly tenure requires dated in-season or retrospective evidence."
2010-SF-offensive_coordinator-interval,2010,SF,offensive_coordinator,season_interval_verification_required,Jimmy Raye,medium,open,https://nyc3.digitaloceanspaces.com/sportsarchive-documents/prod/60e8d5ec49e0c/494499963-2010-NFL-Record-Fact-Book.pdf,"Preseason designation is sourced, but weekly tenure requires dated in-season or retrospective evidence."
2010-SF-play_caller,2010,SF,play_caller,explicit_play_caller_evidence_required,,high,open,https://nyc3.digitaloceanspaces.com/sportsarchive-documents/prod/60e8d5ec49e0c/494499963-2010-NFL-Record-Fact-Book.pdf,Staff title is not evidence of play-calling duty; locate dated team or league reporting and assignment interval.
2010-SF-quarterbacks_coach-interval,2010,SF,quarterbacks_coach,season_interval_verification_required,Mike Johnson,medium,open,https://nyc3.digitaloceanspaces.com/sportsarchive-documents/prod/60e8d5ec49e0c/494499963-2010-NFL-Record-Fact-Book.pdf,"Preseason designation is sourced, but weekly tenure requires dated in-season or retrospective evidence."
2010-TB-offensive_coordinator-interval,2010,TB,offensive_coordinator,season_interval_verification_required,Greg Olson,medium,open,https://nyc3.digitaloceanspaces.com/sportsarchive-documents/prod/60e8d5ec49e0c/494499963-2010-NFL-Record-Fact-Book.pdf,"Preseason designation is sourced, but weekly tenure requires dated in-season or retrospective evidence."
2010-TB-play_caller,2010,TB,play_caller,explicit_play_caller_evidence_required,,high,open,https://nyc3.digitaloceanspaces.com/sportsarchive-documents/prod/60e8d5ec49e0c/494499963-2010-NFL-Record-Fact-Book.pdf,Staff title is not evidence of play-calling duty; locate dated team or league reporting and assignment interval.
2010-TB-quarterbacks_coach-interval,2010,TB,quarterbacks_coach,season_interval_verification_required,Alex Van Pelt,medium,open,https://nyc3.digitaloceanspaces.com/sportsarchive-documents/prod/60e8d5ec49e0c/494499963-2010-NFL-Record-Fact-Book.pdf,"Preseason designation is sourced, but weekly tenure requires dated in-season or retrospective evidence."
2010-TEN-offensive_coordinator,2010,TEN,offensive_coordinator,missing_formal_role,Mike Heimerdinger,medium,resolved,https://nyc3.digitaloceanspaces.com/sportsarchive-documents/prod/60e8d5ec49e0c/494499963-2010-NFL-Record-Fact-Book.pdf,Independent audit resolved every regular-season week with source-backed person intervals and/or verified no-separately-designated-role evidence; see coaching_evidence_11b.csv and coaching_no_role_evidence_11b.csv.
2010-TEN-play_caller,2010,TEN,play_caller,explicit_play_caller_evidence_required,,high,open,https://nyc3.digitaloceanspaces.com/sportsarchive-documents/prod/60e8d5ec49e0c/494499963-2010-NFL-Record-Fact-Book.pdf,Staff title is not evidence of play-calling duty; locate dated team or league reporting and assignment interval.
2010-TEN-quarterbacks_coach-interval,2010,TEN,quarterbacks_coach,season_interval_verification_required,Craig Johnson,medium,open,https://nyc3.digitaloceanspaces.com/sportsarchive-documents/prod/60e8d5ec49e0c/494499963-2010-NFL-Record-Fact-Book.pdf,"Preseason designation is sourced, but weekly tenure requires dated in-season or retrospective evidence."
2010-WAS-offensive_coordinator-interval,2010,WAS,offensive_coordinator,season_interval_verification_required,Kyle Shanahan,medium,open,https://nyc3.digitaloceanspaces.com/sportsarchive-documents/prod/60e8d5ec49e0c/494499963-2010-NFL-Record-Fact-Book.pdf,"Preseason designation is sourced, but weekly tenure requires dated in-season or retrospective evidence."
2010-WAS-play_caller,2010,WAS,play_caller,explicit_play_caller_evidence_required,,high,open,https://nyc3.digitaloceanspaces.com/sportsarchive-documents/prod/60e8d5ec49e0c/494499963-2010-NFL-Record-Fact-Book.pdf,Staff title is not evidence of play-calling duty; locate dated team or league reporting and assignment interval.
2010-WAS-quarterbacks_coach-interval,2010,WAS,quarterbacks_coach,season_interval_verification_required,Matt LaFleur,medium,open,https://nyc3.digitaloceanspaces.com/sportsarchive-documents/prod/60e8d5ec49e0c/494499963-2010-NFL-Record-Fact-Book.pdf,"Preseason designation is sourced, but weekly tenure requires dated in-season or retrospective evidence."
2011-ARI-offensive_coordinator-interval,2011,ARI,offensive_coordinator,season_interval_verification_required,Mike Miller,medium,open,https://basement.crucifyd.com/zone/seahawks/record-fact/NFL%20-%202011%20-%20Record%20%26%20Fact%20Book.pdf,"Preseason designation is sourced, but weekly tenure requires dated in-season or retrospective evidence."
2011-ARI-play_caller,2011,ARI,play_caller,explicit_play_caller_evidence_required,,high,open,https://basement.crucifyd.com/zone/seahawks/record-fact/NFL%20-%202011%20-%20Record%20%26%20Fact%20Book.pdf,Staff title is not evidence of play-calling duty; locate dated team or league reporting and assignment interval.
2011-ARI-quarterbacks_coach-interval,2011,ARI,quarterbacks_coach,season_interval_verification_required,Chris Miller,medium,open,https://basement.crucifyd.com/zone/seahawks/record-fact/NFL%20-%202011%20-%20Record%20%26%20Fact%20Book.pdf,"Preseason designation is sourced, but weekly tenure requires dated in-season or retrospective evidence."
2011-ATL-offensive_coordinator-interval,2011,ATL,offensive_coordinator,season_interval_verification_required,Mike Mularkey,medium,open,https://basement.crucifyd.com/zone/seahawks/record-fact/NFL%20-%202011%20-%20Record%20%26%20Fact%20Book.pdf,"Preseason designation is sourced, but weekly tenure requires dated in-season or retrospective evidence."
2011-ATL-play_caller,2011,ATL,play_caller,explicit_play_caller_evidence_required,,high,open,https://basement.crucifyd.com/zone/seahawks/record-fact/NFL%20-%202011%20-%20Record%20%26%20Fact%20Book.pdf,Staff title is not evidence of play-calling duty; locate dated team or league reporting and assignment interval.
2011-ATL-quarterbacks_coach-interval,2011,ATL,quarterbacks_coach,season_interval_verification_required,Bob Bratkowski,medium,open,https://basement.crucifyd.com/zone/seahawks/record-fact/NFL%20-%202011%20-%20Record%20%26%20Fact%20Book.pdf,"Preseason designation is sourced, but weekly tenure requires dated in-season or retrospective evidence."
2011-BAL-offensive_coordinator-interval,2011,BAL,offensive_coordinator,season_interval_verification_required,Cam Cameron,medium,open,https://basement.crucifyd.com/zone/seahawks/record-fact/NFL%20-%202011%20-%20Record%20%26%20Fact%20Book.pdf,"Preseason designation is sourced, but weekly tenure requires dated in-season or retrospective evidence."
2011-BAL-play_caller,2011,BAL,play_caller,explicit_play_caller_evidence_required,Cam Cameron,high,resolved,https://www.baltimoreravens.com/news/postgame-transcript-week-12-vs-49ers-7742625,Independent audit found official team testimony and a later dated transition that bound Cam Cameron's uninterrupted 2011 play-calling service.
2011-BAL-quarterbacks_coach,2011,BAL,quarterbacks_coach,missing_formal_role,Craig Ver Steeg,medium,resolved,https://basement.crucifyd.com/zone/seahawks/record-fact/NFL%20-%202011%20-%20Record%20%26%20Fact%20Book.pdf,Independent audit resolved every regular-season week with source-backed person intervals and/or verified no-separately-designated-role evidence; see coaching_evidence_11b.csv and coaching_no_role_evidence_11b.csv.
2011-BUF-offensive_coordinator,2011,BUF,offensive_coordinator,missing_formal_role,Curtis Modkins,medium,resolved,https://basement.crucifyd.com/zone/seahawks/record-fact/NFL%20-%202011%20-%20Record%20%26%20Fact%20Book.pdf,Independent audit resolved every regular-season week with source-backed person intervals and/or verified no-separately-designated-role evidence; see coaching_evidence_11b.csv and coaching_no_role_evidence_11b.csv.
2011-BUF-play_caller,2011,BUF,play_caller,explicit_play_caller_evidence_required,,high,open,https://basement.crucifyd.com/zone/seahawks/record-fact/NFL%20-%202011%20-%20Record%20%26%20Fact%20Book.pdf,Staff title is not evidence of play-calling duty; locate dated team or league reporting and assignment interval.
2011-BUF-quarterbacks_coach-interval,2011,BUF,quarterbacks_coach,season_interval_verification_required,George Cortez,medium,open,https://basement.crucifyd.com/zone/seahawks/record-fact/NFL%20-%202011%20-%20Record%20%26%20Fact%20Book.pdf,"Preseason designation is sourced, but weekly tenure requires dated in-season or retrospective evidence."
2011-CAR-offensive_coordinator-interval,2011,CAR,offensive_coordinator,season_interval_verification_required,Rob Chudzinski,medium,open,https://basement.crucifyd.com/zone/seahawks/record-fact/NFL%20-%202011%20-%20Record%20%26%20Fact%20Book.pdf,"Preseason designation is sourced, but weekly tenure requires dated in-season or retrospective evidence."
2011-CAR-play_caller,2011,CAR,play_caller,explicit_play_caller_evidence_required,,high,open,https://basement.crucifyd.com/zone/seahawks/record-fact/NFL%20-%202011%20-%20Record%20%26%20Fact%20Book.pdf,Staff title is not evidence of play-calling duty; locate dated team or league reporting and assignment interval.
2011-CAR-quarterbacks_coach-interval,2011,CAR,quarterbacks_coach,season_interval_verification_required,Mike Shula,medium,open,https://basement.crucifyd.com/zone/seahawks/record-fact/NFL%20-%202011%20-%20Record%20%26%20Fact%20Book.pdf,"Preseason designation is sourced, but weekly tenure requires dated in-season or retrospective evidence."
2011-CHI-offensive_coordinator-interval,2011,CHI,offensive_coordinator,season_interval_verification_required,Mike Martz,medium,open,https://basement.crucifyd.com/zone/seahawks/record-fact/NFL%20-%202011%20-%20Record%20%26%20Fact%20Book.pdf,"Preseason designation is sourced, but weekly tenure requires dated in-season or retrospective evidence."
2011-CHI-play_caller,2011,CHI,play_caller,explicit_play_caller_evidence_required,,high,open,https://basement.crucifyd.com/zone/seahawks/record-fact/NFL%20-%202011%20-%20Record%20%26%20Fact%20Book.pdf,Staff title is not evidence of play-calling duty; locate dated team or league reporting and assignment interval.
2011-CHI-quarterbacks_coach-interval,2011,CHI,quarterbacks_coach,season_interval_verification_required,Shane Day,medium,open,https://basement.crucifyd.com/zone/seahawks/record-fact/NFL%20-%202011%20-%20Record%20%26%20Fact%20Book.pdf,"Preseason designation is sourced, but weekly tenure requires dated in-season or retrospective evidence."
2011-CIN-offensive_coordinator-interval,2011,CIN,offensive_coordinator,season_interval_verification_required,Jay Gruden,medium,open,https://basement.crucifyd.com/zone/seahawks/record-fact/NFL%20-%202011%20-%20Record%20%26%20Fact%20Book.pdf,"Preseason designation is sourced, but weekly tenure requires dated in-season or retrospective evidence."
2011-CIN-play_caller,2011,CIN,play_caller,explicit_play_caller_evidence_required,,high,open,https://basement.crucifyd.com/zone/seahawks/record-fact/NFL%20-%202011%20-%20Record%20%26%20Fact%20Book.pdf,Staff title is not evidence of play-calling duty; locate dated team or league reporting and assignment interval.
2011-CIN-quarterbacks_coach-interval,2011,CIN,quarterbacks_coach,season_interval_verification_required,Ken Zampese,medium,open,https://basement.crucifyd.com/zone/seahawks/record-fact/NFL%20-%202011%20-%20Record%20%26%20Fact%20Book.pdf,"Preseason designation is sourced, but weekly tenure requires dated in-season or retrospective evidence."
2011-CLE-offensive_coordinator,2011,CLE,offensive_coordinator,missing_formal_role,NO_SEPARATELY_DESIGNATED_ROLE,medium,resolved,https://www.nfl.com/news/shurmur-s-browns-to-march-forward-without-an-oc-09000d5d81e4309a,Independent audit resolved every regular-season week with source-backed person intervals and/or verified no-separately-designated-role evidence; see coaching_evidence_11b.csv and coaching_no_role_evidence_11b.csv.
2011-CLE-play_caller,2011,CLE,play_caller,explicit_play_caller_evidence_required,,high,open,https://basement.crucifyd.com/zone/seahawks/record-fact/NFL%20-%202011%20-%20Record%20%26%20Fact%20Book.pdf,Staff title is not evidence of play-calling duty; locate dated team or league reporting and assignment interval.
2011-CLE-quarterbacks_coach-interval,2011,CLE,quarterbacks_coach,season_interval_verification_required,Mark Whipple,medium,open,https://basement.crucifyd.com/zone/seahawks/record-fact/NFL%20-%202011%20-%20Record%20%26%20Fact%20Book.pdf,"Preseason designation is sourced, but weekly tenure requires dated in-season or retrospective evidence."
2011-DAL-offensive_coordinator,2011,DAL,offensive_coordinator,missing_formal_role,NO_SEPARATELY_DESIGNATED_ROLE,medium,resolved,https://www.dallascowboys.com/news/staff-hires-announced-callahan-gets-oc-title-281741,Independent audit resolved every regular-season week with source-backed person intervals and/or verified no-separately-designated-role evidence; see coaching_evidence_11b.csv and coaching_no_role_evidence_11b.csv.
2011-DAL-play_caller,2011,DAL,play_caller,explicit_play_caller_evidence_required,Jason Garrett,high,resolved,https://www.giants.com/news/jason-garrett-to-call-plays-joe-judge-pittsburgh-steelers-dallas-cowboys,Independent audit found an official retrospective explicitly bounding Jason Garrett's Dallas play-calling tenure through 2012.
2011-DAL-quarterbacks_coach-interval,2011,DAL,quarterbacks_coach,season_interval_verification_required,Wade Wilson,medium,open,https://basement.crucifyd.com/zone/seahawks/record-fact/NFL%20-%202011%20-%20Record%20%26%20Fact%20Book.pdf,"Preseason designation is sourced, but weekly tenure requires dated in-season or retrospective evidence."
2011-DEN-offensive_coordinator-interval,2011,DEN,offensive_coordinator,season_interval_verification_required,Mike McCoy,medium,open,https://basement.crucifyd.com/zone/seahawks/record-fact/NFL%20-%202011%20-%20Record%20%26%20Fact%20Book.pdf,"Preseason designation is sourced, but weekly tenure requires dated in-season or retrospective evidence."
2011-DEN-play_caller,2011,DEN,play_caller,explicit_play_caller_evidence_required,,high,open,https://basement.crucifyd.com/zone/seahawks/record-fact/NFL%20-%202011%20-%20Record%20%26%20Fact%20Book.pdf,Staff title is not evidence of play-calling duty; locate dated team or league reporting and assignment interval.
2011-DEN-quarterbacks_coach-interval,2011,DEN,quarterbacks_coach,season_interval_verification_required,Adam Gase,medium,open,https://basement.crucifyd.com/zone/seahawks/record-fact/NFL%20-%202011%20-%20Record%20%26%20Fact%20Book.pdf,"Preseason designation is sourced, but weekly tenure requires dated in-season or retrospective evidence."
2011-DET-offensive_coordinator-interval,2011,DET,offensive_coordinator,season_interval_verification_required,Scott Linehan,medium,open,https://basement.crucifyd.com/zone/seahawks/record-fact/NFL%20-%202011%20-%20Record%20%26%20Fact%20Book.pdf,"Preseason designation is sourced, but weekly tenure requires dated in-season or retrospective evidence."
2011-DET-play_caller,2011,DET,play_caller,explicit_play_caller_evidence_required,,high,open,https://basement.crucifyd.com/zone/seahawks/record-fact/NFL%20-%202011%20-%20Record%20%26%20Fact%20Book.pdf,Staff title is not evidence of play-calling duty; locate dated team or league reporting and assignment interval.
2011-DET-quarterbacks_coach,2011,DET,quarterbacks_coach,missing_formal_role,NO_SEPARATELY_DESIGNATED_ROLE,medium,resolved,https://basement.crucifyd.com/zone/seahawks/record-fact/NFL%20-%202011%20-%20Record%20%26%20Fact%20Book.pdf,Independent audit resolved every regular-season week with source-backed person intervals and/or verified no-separately-designated-role evidence; see coaching_evidence_11b.csv and coaching_no_role_evidence_11b.csv.
2011-GB-offensive_coordinator-interval,2011,GB,offensive_coordinator,season_interval_verification_required,Joe Philbin,medium,open,https://basement.crucifyd.com/zone/seahawks/record-fact/NFL%20-%202011%20-%20Record%20%26%20Fact%20Book.pdf,"Preseason designation is sourced, but weekly tenure requires dated in-season or retrospective evidence."
2011-GB-play_caller,2011,GB,play_caller,explicit_play_caller_evidence_required,,high,open,https://basement.crucifyd.com/zone/seahawks/record-fact/NFL%20-%202011%20-%20Record%20%26%20Fact%20Book.pdf,Staff title is not evidence of play-calling duty; locate dated team or league reporting and assignment interval.
2011-GB-quarterbacks_coach-interval,2011,GB,quarterbacks_coach,season_interval_verification_required,Tom Clements,medium,open,https://basement.crucifyd.com/zone/seahawks/record-fact/NFL%20-%202011%20-%20Record%20%26%20Fact%20Book.pdf,"Preseason designation is sourced, but weekly tenure requires dated in-season or retrospective evidence."
2011-HOU-offensive_coordinator-interval,2011,HOU,offensive_coordinator,season_interval_verification_required,Rick Dennison,medium,open,https://basement.crucifyd.com/zone/seahawks/record-fact/NFL%20-%202011%20-%20Record%20%26%20Fact%20Book.pdf,"Preseason designation is sourced, but weekly tenure requires dated in-season or retrospective evidence."
2011-HOU-play_caller,2011,HOU,play_caller,explicit_play_caller_evidence_required,,high,open,https://basement.crucifyd.com/zone/seahawks/record-fact/NFL%20-%202011%20-%20Record%20%26%20Fact%20Book.pdf,Staff title is not evidence of play-calling duty; locate dated team or league reporting and assignment interval.
2011-HOU-quarterbacks_coach-interval,2011,HOU,quarterbacks_coach,season_interval_verification_required,Greg Knapp,medium,open,https://basement.crucifyd.com/zone/seahawks/record-fact/NFL%20-%202011%20-%20Record%20%26%20Fact%20Book.pdf,"Preseason designation is sourced, but weekly tenure requires dated in-season or retrospective evidence."
2011-IND-offensive_coordinator-interval,2011,IND,offensive_coordinator,season_interval_verification_required,Clyde Christensen,medium,open,https://basement.crucifyd.com/zone/seahawks/record-fact/NFL%20-%202011%20-%20Record%20%26%20Fact%20Book.pdf,"Preseason designation is sourced, but weekly tenure requires dated in-season or retrospective evidence."
2011-IND-play_caller,2011,IND,play_caller,explicit_play_caller_evidence_required,,high,open,https://basement.crucifyd.com/zone/seahawks/record-fact/NFL%20-%202011%20-%20Record%20%26%20Fact%20Book.pdf,Staff title is not evidence of play-calling duty; locate dated team or league reporting and assignment interval.
2011-IND-quarterbacks_coach-interval,2011,IND,quarterbacks_coach,season_interval_verification_required,Ron Turner,medium,open,https://basement.crucifyd.com/zone/seahawks/record-fact/NFL%20-%202011%20-%20Record%20%26%20Fact%20Book.pdf,"Preseason designation is sourced, but weekly tenure requires dated in-season or retrospective evidence."
2011-JAX-offensive_coordinator-interval,2011,JAX,offensive_coordinator,season_interval_verification_required,Dirk Koetter,medium,open,https://basement.crucifyd.com/zone/seahawks/record-fact/NFL%20-%202011%20-%20Record%20%26%20Fact%20Book.pdf,"Preseason designation is sourced, but weekly tenure requires dated in-season or retrospective evidence."
2011-JAX-play_caller,2011,JAX,play_caller,explicit_play_caller_evidence_required,,high,open,https://basement.crucifyd.com/zone/seahawks/record-fact/NFL%20-%202011%20-%20Record%20%26%20Fact%20Book.pdf,Staff title is not evidence of play-calling duty; locate dated team or league reporting and assignment interval.
2011-JAX-quarterbacks_coach,2011,JAX,quarterbacks_coach,missing_formal_role,Mike Sheppard,medium,resolved,https://basement.crucifyd.com/zone/seahawks/record-fact/NFL%20-%202011%20-%20Record%20%26%20Fact%20Book.pdf,Independent audit resolved every regular-season week with source-backed person intervals and/or verified no-separately-designated-role evidence; see coaching_evidence_11b.csv and coaching_no_role_evidence_11b.csv.
2011-KC-offensive_coordinator-interval,2011,KC,offensive_coordinator,season_interval_verification_required,Bill Muir,medium,open,https://basement.crucifyd.com/zone/seahawks/record-fact/NFL%20-%202011%20-%20Record%20%26%20Fact%20Book.pdf,"Preseason designation is sourced, but weekly tenure requires dated in-season or retrospective evidence."
2011-KC-play_caller,2011,KC,play_caller,explicit_play_caller_evidence_required,,high,open,https://basement.crucifyd.com/zone/seahawks/record-fact/NFL%20-%202011%20-%20Record%20%26%20Fact%20Book.pdf,Staff title is not evidence of play-calling duty; locate dated team or league reporting and assignment interval.
2011-KC-quarterbacks_coach-interval,2011,KC,quarterbacks_coach,season_interval_verification_required,Jim Zorn,medium,open,https://basement.crucifyd.com/zone/seahawks/record-fact/NFL%20-%202011%20-%20Record%20%26%20Fact%20Book.pdf,"Preseason designation is sourced, but weekly tenure requires dated in-season or retrospective evidence."
2011-LA-offensive_coordinator-interval,2011,LA,offensive_coordinator,season_interval_verification_required,Josh McDaniels,medium,open,https://basement.crucifyd.com/zone/seahawks/record-fact/NFL%20-%202011%20-%20Record%20%26%20Fact%20Book.pdf,"Preseason designation is sourced, but weekly tenure requires dated in-season or retrospective evidence."
2011-LA-play_caller,2011,LA,play_caller,explicit_play_caller_evidence_required,,high,open,https://basement.crucifyd.com/zone/seahawks/record-fact/NFL%20-%202011%20-%20Record%20%26%20Fact%20Book.pdf,Staff title is not evidence of play-calling duty; locate dated team or league reporting and assignment interval.
2011-LA-quarterbacks_coach,2011,LA,quarterbacks_coach,missing_formal_role,Josh McDaniels,medium,resolved,https://www.nfl.com/news/mcdaniels-will-serve-as-rams-o-coordinator-and-qbs-coach-09000d5d81eea5e9,Independent audit resolved every regular-season week with source-backed person intervals and/or verified no-separately-designated-role evidence; see coaching_evidence_11b.csv and coaching_no_role_evidence_11b.csv.
2011-LAC-offensive_coordinator,2011,LAC,offensive_coordinator,missing_formal_role,Clarence Shelmon,medium,resolved,https://www.chargers.com/team/transactions/2012,Independent audit resolved every regular-season week with source-backed person intervals and/or verified no-separately-designated-role evidence; see coaching_evidence_11b.csv and coaching_no_role_evidence_11b.csv.
2011-LAC-play_caller,2011,LAC,play_caller,explicit_play_caller_evidence_required,,high,open,https://basement.crucifyd.com/zone/seahawks/record-fact/NFL%20-%202011%20-%20Record%20%26%20Fact%20Book.pdf,Staff title is not evidence of play-calling duty; locate dated team or league reporting and assignment interval.
2011-LAC-quarterbacks_coach-interval,2011,LAC,quarterbacks_coach,season_interval_verification_required,John Ramsdell,medium,open,https://basement.crucifyd.com/zone/seahawks/record-fact/NFL%20-%202011%20-%20Record%20%26%20Fact%20Book.pdf,"Preseason designation is sourced, but weekly tenure requires dated in-season or retrospective evidence."
2011-LV-offensive_coordinator-interval,2011,LV,offensive_coordinator,season_interval_verification_required,Al Saunders,medium,open,https://basement.crucifyd.com/zone/seahawks/record-fact/NFL%20-%202011%20-%20Record%20%26%20Fact%20Book.pdf,"Preseason designation is sourced, but weekly tenure requires dated in-season or retrospective evidence."
2011-LV-play_caller,2011,LV,play_caller,explicit_play_caller_evidence_required,Hue Jackson,high,resolved,https://static.clubs.nfl.com/image/upload/raiders/rqgkwnmpquvhay41drwe.pdf,Independent audit found an official Raiders retrospective explicitly stating Hue Jackson called the plays in 2010 and 2011.
2011-LV-quarterbacks_coach,2011,LV,quarterbacks_coach,missing_formal_role,Al Saunders,medium,resolved,https://www.huddle.org/wp-content/uploads/2017/08/17Browns.pdf,Independent audit resolved every regular-season week with source-backed person intervals and/or verified no-separately-designated-role evidence; see coaching_evidence_11b.csv and coaching_no_role_evidence_11b.csv.
2011-MIA-offensive_coordinator-interval,2011,MIA,offensive_coordinator,season_interval_verification_required,Brian Daboll,medium,open,https://basement.crucifyd.com/zone/seahawks/record-fact/NFL%20-%202011%20-%20Record%20%26%20Fact%20Book.pdf,"Preseason designation is sourced, but weekly tenure requires dated in-season or retrospective evidence."
2011-MIA-play_caller,2011,MIA,play_caller,explicit_play_caller_evidence_required,,high,open,https://basement.crucifyd.com/zone/seahawks/record-fact/NFL%20-%202011%20-%20Record%20%26%20Fact%20Book.pdf,Staff title is not evidence of play-calling duty; locate dated team or league reporting and assignment interval.
2011-MIA-quarterbacks_coach-interval,2011,MIA,quarterbacks_coach,season_interval_verification_required,Karl Dorrell,medium,open,https://basement.crucifyd.com/zone/seahawks/record-fact/NFL%20-%202011%20-%20Record%20%26%20Fact%20Book.pdf,"Preseason designation is sourced, but weekly tenure requires dated in-season or retrospective evidence."
2011-MIN-offensive_coordinator-interval,2011,MIN,offensive_coordinator,season_interval_verification_required,Bill Musgrave,medium,open,https://basement.crucifyd.com/zone/seahawks/record-fact/NFL%20-%202011%20-%20Record%20%26%20Fact%20Book.pdf,"Preseason designation is sourced, but weekly tenure requires dated in-season or retrospective evidence."
2011-MIN-play_caller,2011,MIN,play_caller,explicit_play_caller_evidence_required,,high,open,https://basement.crucifyd.com/zone/seahawks/record-fact/NFL%20-%202011%20-%20Record%20%26%20Fact%20Book.pdf,Staff title is not evidence of play-calling duty; locate dated team or league reporting and assignment interval.
2011-MIN-quarterbacks_coach-interval,2011,MIN,quarterbacks_coach,season_interval_verification_required,Craig Johnson,medium,open,https://basement.crucifyd.com/zone/seahawks/record-fact/NFL%20-%202011%20-%20Record%20%26%20Fact%20Book.pdf,"Preseason designation is sourced, but weekly tenure requires dated in-season or retrospective evidence."
2011-NE-offensive_coordinator,2011,NE,offensive_coordinator,missing_formal_role,Bill O'Brien,medium,resolved,https://www.patriots.com/news/patriots-hire-bill-o-brien-as-offensive-coordinator-quarterbacks-coach,Independent audit resolved every regular-season week with source-backed person intervals and/or verified no-separately-designated-role evidence; see coaching_evidence_11b.csv and coaching_no_role_evidence_11b.csv.
2011-NE-play_caller,2011,NE,play_caller,explicit_play_caller_evidence_required,,high,open,https://basement.crucifyd.com/zone/seahawks/record-fact/NFL%20-%202011%20-%20Record%20%26%20Fact%20Book.pdf,Staff title is not evidence of play-calling duty; locate dated team or league reporting and assignment interval.
2011-NE-quarterbacks_coach,2011,NE,quarterbacks_coach,missing_formal_role,Bill O'Brien,medium,resolved,https://www.patriots.com/news/patriots-hire-bill-o-brien-as-offensive-coordinator-quarterbacks-coach,Independent audit resolved every regular-season week with source-backed person intervals and/or verified no-separately-designated-role evidence; see coaching_evidence_11b.csv and coaching_no_role_evidence_11b.csv.
2011-NO-offensive_coordinator,2011,NO,offensive_coordinator,missing_formal_role,Pete Carmichael,medium,resolved,https://www.neworleanssaints.com/news/coordinators-carmichael-and-williams-meet-the-press-6170809,Independent audit resolved every regular-season week with source-backed person intervals and/or verified no-separately-designated-role evidence; see coaching_evidence_11b.csv and coaching_no_role_evidence_11b.csv.
2011-NO-play_caller,2011,NO,play_caller,explicit_play_caller_evidence_required,,high,open,https://basement.crucifyd.com/zone/seahawks/record-fact/NFL%20-%202011%20-%20Record%20%26%20Fact%20Book.pdf,Staff title is not evidence of play-calling duty; locate dated team or league reporting and assignment interval.
2011-NO-quarterbacks_coach-interval,2011,NO,quarterbacks_coach,season_interval_verification_required,Joe Lombardi,medium,open,https://basement.crucifyd.com/zone/seahawks/record-fact/NFL%20-%202011%20-%20Record%20%26%20Fact%20Book.pdf,"Preseason designation is sourced, but weekly tenure requires dated in-season or retrospective evidence."
2011-NYG-offensive_coordinator-interval,2011,NYG,offensive_coordinator,season_interval_verification_required,Kevin Gilbride,medium,open,https://basement.crucifyd.com/zone/seahawks/record-fact/NFL%20-%202011%20-%20Record%20%26%20Fact%20Book.pdf,"Preseason designation is sourced, but weekly tenure requires dated in-season or retrospective evidence."
2011-NYG-play_caller,2011,NYG,play_caller,explicit_play_caller_evidence_required,,high,open,https://basement.crucifyd.com/zone/seahawks/record-fact/NFL%20-%202011%20-%20Record%20%26%20Fact%20Book.pdf,Staff title is not evidence of play-calling duty; locate dated team or league reporting and assignment interval.
2011-NYG-quarterbacks_coach-interval,2011,NYG,quarterbacks_coach,season_interval_verification_required,Mike Sullivan,medium,open,https://basement.crucifyd.com/zone/seahawks/record-fact/NFL%20-%202011%20-%20Record%20%26%20Fact%20Book.pdf,"Preseason designation is sourced, but weekly tenure requires dated in-season or retrospective evidence."
2011-NYJ-offensive_coordinator,2011,NYJ,offensive_coordinator,missing_formal_role,Brian Schottenheimer,medium,resolved,https://www.newyorkjets.com/news/wideouts-plan-fire-on-all-cylinders-5721844,Independent audit resolved every regular-season week with source-backed person intervals and/or verified no-separately-designated-role evidence; see coaching_evidence_11b.csv and coaching_no_role_evidence_11b.csv.
2011-NYJ-play_caller,2011,NYJ,play_caller,explicit_play_caller_evidence_required,,high,open,https://basement.crucifyd.com/zone/seahawks/record-fact/NFL%20-%202011%20-%20Record%20%26%20Fact%20Book.pdf,Staff title is not evidence of play-calling duty; locate dated team or league reporting and assignment interval.
2011-NYJ-quarterbacks_coach-interval,2011,NYJ,quarterbacks_coach,season_interval_verification_required,Matt Cavanaugh,medium,open,https://basement.crucifyd.com/zone/seahawks/record-fact/NFL%20-%202011%20-%20Record%20%26%20Fact%20Book.pdf,"Preseason designation is sourced, but weekly tenure requires dated in-season or retrospective evidence."
2011-PHI-offensive_coordinator,2011,PHI,offensive_coordinator,missing_formal_role,Marty Mornhinweg,medium,resolved,https://basement.crucifyd.com/zone/seahawks/record-fact/NFL%20-%202011%20-%20Record%20%26%20Fact%20Book.pdf,Independent audit resolved every regular-season week with source-backed person intervals and/or verified no-separately-designated-role evidence; see coaching_evidence_11b.csv and coaching_no_role_evidence_11b.csv.
2011-PHI-play_caller,2011,PHI,play_caller,explicit_play_caller_evidence_required,,high,open,https://basement.crucifyd.com/zone/seahawks/record-fact/NFL%20-%202011%20-%20Record%20%26%20Fact%20Book.pdf,Staff title is not evidence of play-calling duty; locate dated team or league reporting and assignment interval.
2011-PHI-quarterbacks_coach-interval,2011,PHI,quarterbacks_coach,season_interval_verification_required,Doug Pederson,medium,open,https://basement.crucifyd.com/zone/seahawks/record-fact/NFL%20-%202011%20-%20Record%20%26%20Fact%20Book.pdf,"Preseason designation is sourced, but weekly tenure requires dated in-season or retrospective evidence."
2011-PIT-offensive_coordinator-interval,2011,PIT,offensive_coordinator,season_interval_verification_required,Bruce Arians,medium,open,https://basement.crucifyd.com/zone/seahawks/record-fact/NFL%20-%202011%20-%20Record%20%26%20Fact%20Book.pdf,"Preseason designation is sourced, but weekly tenure requires dated in-season or retrospective evidence."
2011-PIT-play_caller,2011,PIT,play_caller,explicit_play_caller_evidence_required,,high,open,https://basement.crucifyd.com/zone/seahawks/record-fact/NFL%20-%202011%20-%20Record%20%26%20Fact%20Book.pdf,Staff title is not evidence of play-calling duty; locate dated team or league reporting and assignment interval.
2011-PIT-quarterbacks_coach-interval,2011,PIT,quarterbacks_coach,season_interval_verification_required,Randy Fichtner,medium,open,https://basement.crucifyd.com/zone/seahawks/record-fact/NFL%20-%202011%20-%20Record%20%26%20Fact%20Book.pdf,"Preseason designation is sourced, but weekly tenure requires dated in-season or retrospective evidence."
2011-SEA-offensive_coordinator-interval,2011,SEA,offensive_coordinator,season_interval_verification_required,Darrell Bevell,medium,open,https://basement.crucifyd.com/zone/seahawks/record-fact/NFL%20-%202011%20-%20Record%20%26%20Fact%20Book.pdf,"Preseason designation is sourced, but weekly tenure requires dated in-season or retrospective evidence."
2011-SEA-play_caller,2011,SEA,play_caller,explicit_play_caller_evidence_required,,high,open,https://basement.crucifyd.com/zone/seahawks/record-fact/NFL%20-%202011%20-%20Record%20%26%20Fact%20Book.pdf,Staff title is not evidence of play-calling duty; locate dated team or league reporting and assignment interval.
2011-SEA-quarterbacks_coach-interval,2011,SEA,quarterbacks_coach,season_interval_verification_required,Carl Smith,medium,open,https://basement.crucifyd.com/zone/seahawks/record-fact/NFL%20-%202011%20-%20Record%20%26%20Fact%20Book.pdf,"Preseason designation is sourced, but weekly tenure requires dated in-season or retrospective evidence."
2011-SF-offensive_coordinator-interval,2011,SF,offensive_coordinator,season_interval_verification_required,Greg Roman,medium,open,https://basement.crucifyd.com/zone/seahawks/record-fact/NFL%20-%202011%20-%20Record%20%26%20Fact%20Book.pdf,"Preseason designation is sourced, but weekly tenure requires dated in-season or retrospective evidence."
2011-SF-play_caller,2011,SF,play_caller,explicit_play_caller_evidence_required,,high,open,https://basement.crucifyd.com/zone/seahawks/record-fact/NFL%20-%202011%20-%20Record%20%26%20Fact%20Book.pdf,Staff title is not evidence of play-calling duty; locate dated team or league reporting and assignment interval.
2011-SF-quarterbacks_coach-interval,2011,SF,quarterbacks_coach,season_interval_verification_required,Geep Chryst,medium,open,https://basement.crucifyd.com/zone/seahawks/record-fact/NFL%20-%202011%20-%20Record%20%26%20Fact%20Book.pdf,"Preseason designation is sourced, but weekly tenure requires dated in-season or retrospective evidence."
2011-TB-offensive_coordinator-interval,2011,TB,offensive_coordinator,season_interval_verification_required,Greg Olson,medium,open,https://basement.crucifyd.com/zone/seahawks/record-fact/NFL%20-%202011%20-%20Record%20%26%20Fact%20Book.pdf,"Preseason designation is sourced, but weekly tenure requires dated in-season or retrospective evidence."
2011-TB-play_caller,2011,TB,play_caller,explicit_play_caller_evidence_required,,high,open,https://basement.crucifyd.com/zone/seahawks/record-fact/NFL%20-%202011%20-%20Record%20%26%20Fact%20Book.pdf,Staff title is not evidence of play-calling duty; locate dated team or league reporting and assignment interval.
2011-TB-quarterbacks_coach-interval,2011,TB,quarterbacks_coach,season_interval_verification_required,Alex Van Pelt,medium,open,https://basement.crucifyd.com/zone/seahawks/record-fact/NFL%20-%202011%20-%20Record%20%26%20Fact%20Book.pdf,"Preseason designation is sourced, but weekly tenure requires dated in-season or retrospective evidence."
2011-TEN-offensive_coordinator-interval,2011,TEN,offensive_coordinator,season_interval_verification_required,Chris Palmer,medium,open,https://basement.crucifyd.com/zone/seahawks/record-fact/NFL%20-%202011%20-%20Record%20%26%20Fact%20Book.pdf,"Preseason designation is sourced, but weekly tenure requires dated in-season or retrospective evidence."
2011-TEN-play_caller,2011,TEN,play_caller,explicit_play_caller_evidence_required,,high,open,https://basement.crucifyd.com/zone/seahawks/record-fact/NFL%20-%202011%20-%20Record%20%26%20Fact%20Book.pdf,Staff title is not evidence of play-calling duty; locate dated team or league reporting and assignment interval.
2011-TEN-quarterbacks_coach-interval,2011,TEN,quarterbacks_coach,season_interval_verification_required,Dowell Loggains,medium,open,https://basement.crucifyd.com/zone/seahawks/record-fact/NFL%20-%202011%20-%20Record%20%26%20Fact%20Book.pdf,"Preseason designation is sourced, but weekly tenure requires dated in-season or retrospective evidence."
2011-WAS-offensive_coordinator-interval,2011,WAS,offensive_coordinator,season_interval_verification_required,Kyle Shanahan,medium,open,https://basement.crucifyd.com/zone/seahawks/record-fact/NFL%20-%202011%20-%20Record%20%26%20Fact%20Book.pdf,"Preseason designation is sourced, but weekly tenure requires dated in-season or retrospective evidence."
2011-WAS-play_caller,2011,WAS,play_caller,explicit_play_caller_evidence_required,,high,open,https://basement.crucifyd.com/zone/seahawks/record-fact/NFL%20-%202011%20-%20Record%20%26%20Fact%20Book.pdf,Staff title is not evidence of play-calling duty; locate dated team or league reporting and assignment interval.
2011-WAS-quarterbacks_coach-interval,2011,WAS,quarterbacks_coach,season_interval_verification_required,Matt LaFleur,medium,open,https://basement.crucifyd.com/zone/seahawks/record-fact/NFL%20-%202011%20-%20Record%20%26%20Fact%20Book.pdf,"Preseason designation is sourced, but weekly tenure requires dated in-season or retrospective evidence."
2012-ARI-offensive_coordinator-interval,2012,ARI,offensive_coordinator,season_interval_verification_required,Mike Miller,medium,open,https://basement.crucifyd.com/zone/seahawks/record-fact/NFL%20-%202012%20-%20Record%20%26%20Fact%20Book.pdf,"Preseason designation is sourced, but weekly tenure requires dated in-season or retrospective evidence."
2012-ARI-play_caller,2012,ARI,play_caller,explicit_play_caller_evidence_required,,high,open,https://basement.crucifyd.com/zone/seahawks/record-fact/NFL%20-%202012%20-%20Record%20%26%20Fact%20Book.pdf,Staff title is not evidence of play-calling duty; locate dated team or league reporting and assignment interval.
2012-ARI-quarterbacks_coach-interval,2012,ARI,quarterbacks_coach,season_interval_verification_required,John McNulty,medium,open,https://basement.crucifyd.com/zone/seahawks/record-fact/NFL%20-%202012%20-%20Record%20%26%20Fact%20Book.pdf,"Preseason designation is sourced, but weekly tenure requires dated in-season or retrospective evidence."
2012-ATL-offensive_coordinator-interval,2012,ATL,offensive_coordinator,season_interval_verification_required,Dirk Koetter,medium,open,https://basement.crucifyd.com/zone/seahawks/record-fact/NFL%20-%202012%20-%20Record%20%26%20Fact%20Book.pdf,"Preseason designation is sourced, but weekly tenure requires dated in-season or retrospective evidence."
2012-ATL-play_caller,2012,ATL,play_caller,explicit_play_caller_evidence_required,,high,open,https://basement.crucifyd.com/zone/seahawks/record-fact/NFL%20-%202012%20-%20Record%20%26%20Fact%20Book.pdf,Staff title is not evidence of play-calling duty; locate dated team or league reporting and assignment interval.
2012-ATL-quarterbacks_coach-interval,2012,ATL,quarterbacks_coach,season_interval_verification_required,Glenn Thomas,medium,open,https://basement.crucifyd.com/zone/seahawks/record-fact/NFL%20-%202012%20-%20Record%20%26%20Fact%20Book.pdf,"Preseason designation is sourced, but weekly tenure requires dated in-season or retrospective evidence."
2012-BAL-play_caller,2012,BAL,play_caller,explicit_play_caller_evidence_required,Cam Cameron|Jim Caldwell,high,resolved,https://www.baltimoreravens.com/news/jim-caldwell-staying-as-offensive-coordinator-9400221,Independent audit found explicit official play-caller evidence and a Week 15 transition boundary covering all regular-season weeks.
2012-BAL-quarterbacks_coach-interval,2012,BAL,quarterbacks_coach,season_interval_verification_required,Jim Caldwell,medium,open,https://basement.crucifyd.com/zone/seahawks/record-fact/NFL%20-%202012%20-%20Record%20%26%20Fact%20Book.pdf,"Preseason designation is sourced, but weekly tenure requires dated in-season or retrospective evidence."
2012-BUF-offensive_coordinator,2012,BUF,offensive_coordinator,missing_formal_role,Curtis Modkins,medium,resolved,https://www.buffalobills.com/news/gailey-hires-five-for-staff-retains-two-1042638,Independent audit resolved every regular-season week with source-backed person intervals and/or verified no-separately-designated-role evidence; see coaching_evidence_11b.csv and coaching_no_role_evidence_11b.csv.
2012-BUF-play_caller,2012,BUF,play_caller,explicit_play_caller_evidence_required,,high,open,https://basement.crucifyd.com/zone/seahawks/record-fact/NFL%20-%202012%20-%20Record%20%26%20Fact%20Book.pdf,Staff title is not evidence of play-calling duty; locate dated team or league reporting and assignment interval.
2012-BUF-quarterbacks_coach-interval,2012,BUF,quarterbacks_coach,season_interval_verification_required,David Lee,medium,open,https://basement.crucifyd.com/zone/seahawks/record-fact/NFL%20-%202012%20-%20Record%20%26%20Fact%20Book.pdf,"Preseason designation is sourced, but weekly tenure requires dated in-season or retrospective evidence."
2012-CAR-offensive_coordinator-interval,2012,CAR,offensive_coordinator,season_interval_verification_required,Rob Chudzinski,medium,open,https://basement.crucifyd.com/zone/seahawks/record-fact/NFL%20-%202012%20-%20Record%20%26%20Fact%20Book.pdf,"Preseason designation is sourced, but weekly tenure requires dated in-season or retrospective evidence."
2012-CAR-play_caller,2012,CAR,play_caller,explicit_play_caller_evidence_required,,high,open,https://basement.crucifyd.com/zone/seahawks/record-fact/NFL%20-%202012%20-%20Record%20%26%20Fact%20Book.pdf,Staff title is not evidence of play-calling duty; locate dated team or league reporting and assignment interval.
2012-CAR-quarterbacks_coach-interval,2012,CAR,quarterbacks_coach,season_interval_verification_required,Mike Shula,medium,open,https://basement.crucifyd.com/zone/seahawks/record-fact/NFL%20-%202012%20-%20Record%20%26%20Fact%20Book.pdf,"Preseason designation is sourced, but weekly tenure requires dated in-season or retrospective evidence."
2012-CHI-offensive_coordinator-interval,2012,CHI,offensive_coordinator,season_interval_verification_required,Mike Tice,medium,open,https://basement.crucifyd.com/zone/seahawks/record-fact/NFL%20-%202012%20-%20Record%20%26%20Fact%20Book.pdf,"Preseason designation is sourced, but weekly tenure requires dated in-season or retrospective evidence."
2012-CHI-play_caller,2012,CHI,play_caller,explicit_play_caller_evidence_required,,high,open,https://basement.crucifyd.com/zone/seahawks/record-fact/NFL%20-%202012%20-%20Record%20%26%20Fact%20Book.pdf,Staff title is not evidence of play-calling duty; locate dated team or league reporting and assignment interval.
2012-CHI-quarterbacks_coach-interval,2012,CHI,quarterbacks_coach,season_interval_verification_required,Jeremy Bates,medium,open,https://basement.crucifyd.com/zone/seahawks/record-fact/NFL%20-%202012%20-%20Record%20%26%20Fact%20Book.pdf,"Preseason designation is sourced, but weekly tenure requires dated in-season or retrospective evidence."
2012-CIN-offensive_coordinator-interval,2012,CIN,offensive_coordinator,season_interval_verification_required,Jay Gruden,medium,open,https://basement.crucifyd.com/zone/seahawks/record-fact/NFL%20-%202012%20-%20Record%20%26%20Fact%20Book.pdf,"Preseason designation is sourced, but weekly tenure requires dated in-season or retrospective evidence."
2012-CIN-play_caller,2012,CIN,play_caller,explicit_play_caller_evidence_required,,high,open,https://basement.crucifyd.com/zone/seahawks/record-fact/NFL%20-%202012%20-%20Record%20%26%20Fact%20Book.pdf,Staff title is not evidence of play-calling duty; locate dated team or league reporting and assignment interval.
2012-CIN-quarterbacks_coach-interval,2012,CIN,quarterbacks_coach,season_interval_verification_required,Ken Zampese,medium,open,https://basement.crucifyd.com/zone/seahawks/record-fact/NFL%20-%202012%20-%20Record%20%26%20Fact%20Book.pdf,"Preseason designation is sourced, but weekly tenure requires dated in-season or retrospective evidence."
2012-CLE-offensive_coordinator-interval,2012,CLE,offensive_coordinator,season_interval_verification_required,Brad Childress,medium,open,https://basement.crucifyd.com/zone/seahawks/record-fact/NFL%20-%202012%20-%20Record%20%26%20Fact%20Book.pdf,"Preseason designation is sourced, but weekly tenure requires dated in-season or retrospective evidence."
2012-CLE-play_caller,2012,CLE,play_caller,explicit_play_caller_evidence_required,,high,open,https://basement.crucifyd.com/zone/seahawks/record-fact/NFL%20-%202012%20-%20Record%20%26%20Fact%20Book.pdf,Staff title is not evidence of play-calling duty; locate dated team or league reporting and assignment interval.
2012-CLE-quarterbacks_coach-interval,2012,CLE,quarterbacks_coach,season_interval_verification_required,Mark Whipple,medium,open,https://basement.crucifyd.com/zone/seahawks/record-fact/NFL%20-%202012%20-%20Record%20%26%20Fact%20Book.pdf,"Preseason designation is sourced, but weekly tenure requires dated in-season or retrospective evidence."
2012-DAL-offensive_coordinator,2012,DAL,offensive_coordinator,missing_formal_role,Bill Callahan,medium,resolved,https://www.dallascowboys.com/news/staff-hires-announced-callahan-gets-oc-title-281741,Independent audit resolved every regular-season week with source-backed person intervals and/or verified no-separately-designated-role evidence; see coaching_evidence_11b.csv and coaching_no_role_evidence_11b.csv.
2012-DAL-play_caller,2012,DAL,play_caller,explicit_play_caller_evidence_required,Jason Garrett,high,resolved,https://www.giants.com/news/jason-garrett-to-call-plays-joe-judge-pittsburgh-steelers-dallas-cowboys,Independent audit found an official retrospective explicitly bounding Jason Garrett's Dallas play-calling tenure through 2012.
2012-DAL-quarterbacks_coach-interval,2012,DAL,quarterbacks_coach,season_interval_verification_required,Wade Wilson,medium,open,https://basement.crucifyd.com/zone/seahawks/record-fact/NFL%20-%202012%20-%20Record%20%26%20Fact%20Book.pdf,"Preseason designation is sourced, but weekly tenure requires dated in-season or retrospective evidence."
2012-DEN-offensive_coordinator-interval,2012,DEN,offensive_coordinator,season_interval_verification_required,Mike McCoy,medium,open,https://basement.crucifyd.com/zone/seahawks/record-fact/NFL%20-%202012%20-%20Record%20%26%20Fact%20Book.pdf,"Preseason designation is sourced, but weekly tenure requires dated in-season or retrospective evidence."
2012-DEN-play_caller,2012,DEN,play_caller,explicit_play_caller_evidence_required,,high,open,https://basement.crucifyd.com/zone/seahawks/record-fact/NFL%20-%202012%20-%20Record%20%26%20Fact%20Book.pdf,Staff title is not evidence of play-calling duty; locate dated team or league reporting and assignment interval.
2012-DEN-quarterbacks_coach-interval,2012,DEN,quarterbacks_coach,season_interval_verification_required,Adam Gase,medium,open,https://basement.crucifyd.com/zone/seahawks/record-fact/NFL%20-%202012%20-%20Record%20%26%20Fact%20Book.pdf,"Preseason designation is sourced, but weekly tenure requires dated in-season or retrospective evidence."
2012-DET-offensive_coordinator-interval,2012,DET,offensive_coordinator,season_interval_verification_required,Scott Linehan,medium,open,https://basement.crucifyd.com/zone/seahawks/record-fact/NFL%20-%202012%20-%20Record%20%26%20Fact%20Book.pdf,"Preseason designation is sourced, but weekly tenure requires dated in-season or retrospective evidence."
2012-DET-play_caller,2012,DET,play_caller,explicit_play_caller_evidence_required,,high,open,https://basement.crucifyd.com/zone/seahawks/record-fact/NFL%20-%202012%20-%20Record%20%26%20Fact%20Book.pdf,Staff title is not evidence of play-calling duty; locate dated team or league reporting and assignment interval.
2012-DET-quarterbacks_coach,2012,DET,quarterbacks_coach,missing_formal_role,Todd Downing,medium,resolved,https://basement.crucifyd.com/zone/seahawks/record-fact/NFL%20-%202012%20-%20Record%20%26%20Fact%20Book.pdf,Independent audit resolved every regular-season week with source-backed person intervals and/or verified no-separately-designated-role evidence; see coaching_evidence_11b.csv and coaching_no_role_evidence_11b.csv.
2012-GB-offensive_coordinator-interval,2012,GB,offensive_coordinator,season_interval_verification_required,Tom Clements,medium,open,https://basement.crucifyd.com/zone/seahawks/record-fact/NFL%20-%202012%20-%20Record%20%26%20Fact%20Book.pdf,"Preseason designation is sourced, but weekly tenure requires dated in-season or retrospective evidence."
2012-GB-play_caller,2012,GB,play_caller,explicit_play_caller_evidence_required,,high,open,https://basement.crucifyd.com/zone/seahawks/record-fact/NFL%20-%202012%20-%20Record%20%26%20Fact%20Book.pdf,Staff title is not evidence of play-calling duty; locate dated team or league reporting and assignment interval.
2012-GB-quarterbacks_coach-interval,2012,GB,quarterbacks_coach,season_interval_verification_required,Ben McAdoo,medium,open,https://basement.crucifyd.com/zone/seahawks/record-fact/NFL%20-%202012%20-%20Record%20%26%20Fact%20Book.pdf,"Preseason designation is sourced, but weekly tenure requires dated in-season or retrospective evidence."
2012-HOU-offensive_coordinator-interval,2012,HOU,offensive_coordinator,season_interval_verification_required,Rick Dennison,medium,open,https://basement.crucifyd.com/zone/seahawks/record-fact/NFL%20-%202012%20-%20Record%20%26%20Fact%20Book.pdf,"Preseason designation is sourced, but weekly tenure requires dated in-season or retrospective evidence."
2012-HOU-play_caller,2012,HOU,play_caller,explicit_play_caller_evidence_required,,high,open,https://basement.crucifyd.com/zone/seahawks/record-fact/NFL%20-%202012%20-%20Record%20%26%20Fact%20Book.pdf,Staff title is not evidence of play-calling duty; locate dated team or league reporting and assignment interval.
2012-HOU-quarterbacks_coach-interval,2012,HOU,quarterbacks_coach,season_interval_verification_required,Karl Dorrell,medium,open,https://basement.crucifyd.com/zone/seahawks/record-fact/NFL%20-%202012%20-%20Record%20%26%20Fact%20Book.pdf,"Preseason designation is sourced, but weekly tenure requires dated in-season or retrospective evidence."
2012-IND-offensive_coordinator-interval,2012,IND,offensive_coordinator,season_interval_verification_required,Bruce Arians,medium,open,https://basement.crucifyd.com/zone/seahawks/record-fact/NFL%20-%202012%20-%20Record%20%26%20Fact%20Book.pdf,"Preseason designation is sourced, but weekly tenure requires dated in-season or retrospective evidence."
2012-IND-play_caller,2012,IND,play_caller,explicit_play_caller_evidence_required,,high,open,https://basement.crucifyd.com/zone/seahawks/record-fact/NFL%20-%202012%20-%20Record%20%26%20Fact%20Book.pdf,Staff title is not evidence of play-calling duty; locate dated team or league reporting and assignment interval.
2012-IND-quarterbacks_coach-interval,2012,IND,quarterbacks_coach,season_interval_verification_required,Clyde Christensen,medium,open,https://basement.crucifyd.com/zone/seahawks/record-fact/NFL%20-%202012%20-%20Record%20%26%20Fact%20Book.pdf,"Preseason designation is sourced, but weekly tenure requires dated in-season or retrospective evidence."
2012-JAX-offensive_coordinator-interval,2012,JAX,offensive_coordinator,season_interval_verification_required,Bob Bratkowski,medium,open,https://basement.crucifyd.com/zone/seahawks/record-fact/NFL%20-%202012%20-%20Record%20%26%20Fact%20Book.pdf,"Preseason designation is sourced, but weekly tenure requires dated in-season or retrospective evidence."
2012-JAX-play_caller,2012,JAX,play_caller,explicit_play_caller_evidence_required,,high,open,https://basement.crucifyd.com/zone/seahawks/record-fact/NFL%20-%202012%20-%20Record%20%26%20Fact%20Book.pdf,Staff title is not evidence of play-calling duty; locate dated team or league reporting and assignment interval.
2012-JAX-quarterbacks_coach,2012,JAX,quarterbacks_coach,missing_formal_role,Greg Olson,medium,resolved,https://www.jaguars.com/news/love-those-golden-retrievers-6841728,Independent audit resolved every regular-season week with source-backed person intervals and/or verified no-separately-designated-role evidence; see coaching_evidence_11b.csv and coaching_no_role_evidence_11b.csv.
2012-KC-offensive_coordinator-interval,2012,KC,offensive_coordinator,season_interval_verification_required,Brian Daboll,medium,open,https://basement.crucifyd.com/zone/seahawks/record-fact/NFL%20-%202012%20-%20Record%20%26%20Fact%20Book.pdf,"Preseason designation is sourced, but weekly tenure requires dated in-season or retrospective evidence."
2012-KC-play_caller,2012,KC,play_caller,explicit_play_caller_evidence_required,,high,open,https://basement.crucifyd.com/zone/seahawks/record-fact/NFL%20-%202012%20-%20Record%20%26%20Fact%20Book.pdf,Staff title is not evidence of play-calling duty; locate dated team or league reporting and assignment interval.
2012-KC-quarterbacks_coach-interval,2012,KC,quarterbacks_coach,season_interval_verification_required,Jim Zorn,medium,open,https://basement.crucifyd.com/zone/seahawks/record-fact/NFL%20-%202012%20-%20Record%20%26%20Fact%20Book.pdf,"Preseason designation is sourced, but weekly tenure requires dated in-season or retrospective evidence."
2012-LA-offensive_coordinator,2012,LA,offensive_coordinator,missing_formal_role,Brian Schottenheimer,medium,resolved,https://basement.crucifyd.com/zone/seahawks/record-fact/NFL%20-%202012%20-%20Record%20%26%20Fact%20Book.pdf,Independent audit resolved every regular-season week with source-backed person intervals and/or verified no-separately-designated-role evidence; see coaching_evidence_11b.csv and coaching_no_role_evidence_11b.csv.
2012-LA-play_caller,2012,LA,play_caller,explicit_play_caller_evidence_required,,high,open,https://basement.crucifyd.com/zone/seahawks/record-fact/NFL%20-%202012%20-%20Record%20%26%20Fact%20Book.pdf,Staff title is not evidence of play-calling duty; locate dated team or league reporting and assignment interval.
2012-LA-quarterbacks_coach-interval,2012,LA,quarterbacks_coach,season_interval_verification_required,Frank Cignetti Jr,medium,open,https://basement.crucifyd.com/zone/seahawks/record-fact/NFL%20-%202012%20-%20Record%20%26%20Fact%20Book.pdf,"Preseason designation is sourced, but weekly tenure requires dated in-season or retrospective evidence."
2012-LAC-offensive_coordinator,2012,LAC,offensive_coordinator,missing_formal_role,Hal Hunter,medium,resolved,https://www.chargers.com/team/transactions/2012,Independent audit resolved every regular-season week with source-backed person intervals and/or verified no-separately-designated-role evidence; see coaching_evidence_11b.csv and coaching_no_role_evidence_11b.csv.
2012-LAC-play_caller,2012,LAC,play_caller,explicit_play_caller_evidence_required,,high,open,https://basement.crucifyd.com/zone/seahawks/record-fact/NFL%20-%202012%20-%20Record%20%26%20Fact%20Book.pdf,Staff title is not evidence of play-calling duty; locate dated team or league reporting and assignment interval.
2012-LAC-quarterbacks_coach-interval,2012,LAC,quarterbacks_coach,season_interval_verification_required,John Ramsdell,medium,open,https://basement.crucifyd.com/zone/seahawks/record-fact/NFL%20-%202012%20-%20Record%20%26%20Fact%20Book.pdf,"Preseason designation is sourced, but weekly tenure requires dated in-season or retrospective evidence."
2012-LV-offensive_coordinator-interval,2012,LV,offensive_coordinator,season_interval_verification_required,Greg Knapp,medium,open,https://basement.crucifyd.com/zone/seahawks/record-fact/NFL%20-%202012%20-%20Record%20%26%20Fact%20Book.pdf,"Preseason designation is sourced, but weekly tenure requires dated in-season or retrospective evidence."
2012-LV-play_caller,2012,LV,play_caller,explicit_play_caller_evidence_required,,high,open,https://basement.crucifyd.com/zone/seahawks/record-fact/NFL%20-%202012%20-%20Record%20%26%20Fact%20Book.pdf,Staff title is not evidence of play-calling duty; locate dated team or league reporting and assignment interval.
2012-LV-quarterbacks_coach-interval,2012,LV,quarterbacks_coach,season_interval_verification_required,John DeFilippo,medium,open,https://basement.crucifyd.com/zone/seahawks/record-fact/NFL%20-%202012%20-%20Record%20%26%20Fact%20Book.pdf,"Preseason designation is sourced, but weekly tenure requires dated in-season or retrospective evidence."
2012-MIA-offensive_coordinator-interval,2012,MIA,offensive_coordinator,season_interval_verification_required,Mike Sherman,medium,open,https://basement.crucifyd.com/zone/seahawks/record-fact/NFL%20-%202012%20-%20Record%20%26%20Fact%20Book.pdf,"Preseason designation is sourced, but weekly tenure requires dated in-season or retrospective evidence."
2012-MIA-play_caller,2012,MIA,play_caller,explicit_play_caller_evidence_required,,high,open,https://basement.crucifyd.com/zone/seahawks/record-fact/NFL%20-%202012%20-%20Record%20%26%20Fact%20Book.pdf,Staff title is not evidence of play-calling duty; locate dated team or league reporting and assignment interval.
2012-MIA-quarterbacks_coach,2012,MIA,quarterbacks_coach,missing_formal_role,NO_SEPARATELY_DESIGNATED_ROLE,medium,resolved,https://media.miamidolphins.com/wp-content/uploads/2016/08/2014-Media-Guide.pdf,Independent audit resolved every regular-season week with source-backed person intervals and/or verified no-separately-designated-role evidence; see coaching_evidence_11b.csv and coaching_no_role_evidence_11b.csv.
2012-MIN-offensive_coordinator-interval,2012,MIN,offensive_coordinator,season_interval_verification_required,Bill Musgrave,medium,open,https://basement.crucifyd.com/zone/seahawks/record-fact/NFL%20-%202012%20-%20Record%20%26%20Fact%20Book.pdf,"Preseason designation is sourced, but weekly tenure requires dated in-season or retrospective evidence."
2012-MIN-play_caller,2012,MIN,play_caller,explicit_play_caller_evidence_required,,high,open,https://basement.crucifyd.com/zone/seahawks/record-fact/NFL%20-%202012%20-%20Record%20%26%20Fact%20Book.pdf,Staff title is not evidence of play-calling duty; locate dated team or league reporting and assignment interval.
2012-MIN-quarterbacks_coach-interval,2012,MIN,quarterbacks_coach,season_interval_verification_required,Craig Johnson,medium,open,https://basement.crucifyd.com/zone/seahawks/record-fact/NFL%20-%202012%20-%20Record%20%26%20Fact%20Book.pdf,"Preseason designation is sourced, but weekly tenure requires dated in-season or retrospective evidence."
2012-NE-offensive_coordinator,2012,NE,offensive_coordinator,missing_formal_role,Josh McDaniels,medium,resolved,https://www.patriots.com/news/josh-mcdaniels-conference-call-transcript-10-15-2012-183291,Independent audit resolved every regular-season week with source-backed person intervals and/or verified no-separately-designated-role evidence; see coaching_evidence_11b.csv and coaching_no_role_evidence_11b.csv.
2012-NE-play_caller,2012,NE,play_caller,explicit_play_caller_evidence_required,,high,open,https://basement.crucifyd.com/zone/seahawks/record-fact/NFL%20-%202012%20-%20Record%20%26%20Fact%20Book.pdf,Staff title is not evidence of play-calling duty; locate dated team or league reporting and assignment interval.
2012-NE-quarterbacks_coach,2012,NE,quarterbacks_coach,missing_formal_role,Josh McDaniels,medium,resolved,https://www.patriots.com/news/josh-mcdaniels-conference-call-transcript-10-15-2012-183291,Independent audit resolved every regular-season week with source-backed person intervals and/or verified no-separately-designated-role evidence; see coaching_evidence_11b.csv and coaching_no_role_evidence_11b.csv.
2012-NO-offensive_coordinator-interval,2012,NO,offensive_coordinator,season_interval_verification_required,Pete Carmichael,medium,open,https://basement.crucifyd.com/zone/seahawks/record-fact/NFL%20-%202012%20-%20Record%20%26%20Fact%20Book.pdf,"Preseason designation is sourced, but weekly tenure requires dated in-season or retrospective evidence."
2012-NO-play_caller,2012,NO,play_caller,explicit_play_caller_evidence_required,,high,open,https://basement.crucifyd.com/zone/seahawks/record-fact/NFL%20-%202012%20-%20Record%20%26%20Fact%20Book.pdf,Staff title is not evidence of play-calling duty; locate dated team or league reporting and assignment interval.
2012-NO-quarterbacks_coach-interval,2012,NO,quarterbacks_coach,season_interval_verification_required,Joe Lombardi,medium,open,https://basement.crucifyd.com/zone/seahawks/record-fact/NFL%20-%202012%20-%20Record%20%26%20Fact%20Book.pdf,"Preseason designation is sourced, but weekly tenure requires dated in-season or retrospective evidence."
2012-NYG-offensive_coordinator-interval,2012,NYG,offensive_coordinator,season_interval_verification_required,Kevin Gilbride,medium,open,https://basement.crucifyd.com/zone/seahawks/record-fact/NFL%20-%202012%20-%20Record%20%26%20Fact%20Book.pdf,"Preseason designation is sourced, but weekly tenure requires dated in-season or retrospective evidence."
2012-NYG-play_caller,2012,NYG,play_caller,explicit_play_caller_evidence_required,,high,open,https://basement.crucifyd.com/zone/seahawks/record-fact/NFL%20-%202012%20-%20Record%20%26%20Fact%20Book.pdf,Staff title is not evidence of play-calling duty; locate dated team or league reporting and assignment interval.
2012-NYG-quarterbacks_coach-interval,2012,NYG,quarterbacks_coach,season_interval_verification_required,Sean Ryan,medium,open,https://basement.crucifyd.com/zone/seahawks/record-fact/NFL%20-%202012%20-%20Record%20%26%20Fact%20Book.pdf,"Preseason designation is sourced, but weekly tenure requires dated in-season or retrospective evidence."
2012-NYJ-offensive_coordinator-interval,2012,NYJ,offensive_coordinator,season_interval_verification_required,Tony Sparano,medium,open,https://basement.crucifyd.com/zone/seahawks/record-fact/NFL%20-%202012%20-%20Record%20%26%20Fact%20Book.pdf,"Preseason designation is sourced, but weekly tenure requires dated in-season or retrospective evidence."
2012-NYJ-play_caller,2012,NYJ,play_caller,explicit_play_caller_evidence_required,,high,open,https://basement.crucifyd.com/zone/seahawks/record-fact/NFL%20-%202012%20-%20Record%20%26%20Fact%20Book.pdf,Staff title is not evidence of play-calling duty; locate dated team or league reporting and assignment interval.
2012-NYJ-quarterbacks_coach-interval,2012,NYJ,quarterbacks_coach,season_interval_verification_required,Matt Cavanaugh,medium,open,https://basement.crucifyd.com/zone/seahawks/record-fact/NFL%20-%202012%20-%20Record%20%26%20Fact%20Book.pdf,"Preseason designation is sourced, but weekly tenure requires dated in-season or retrospective evidence."
2012-PHI-offensive_coordinator,2012,PHI,offensive_coordinator,missing_formal_role,Marty Mornhinweg,medium,resolved,https://www.philadelphiaeagles.com/news/offensive-coordinator-marty-mornhinweg-8531296,Independent audit resolved every regular-season week with source-backed person intervals and/or verified no-separately-designated-role evidence; see coaching_evidence_11b.csv and coaching_no_role_evidence_11b.csv.
2012-PHI-play_caller,2012,PHI,play_caller,explicit_play_caller_evidence_required,,high,open,https://basement.crucifyd.com/zone/seahawks/record-fact/NFL%20-%202012%20-%20Record%20%26%20Fact%20Book.pdf,Staff title is not evidence of play-calling duty; locate dated team or league reporting and assignment interval.
2012-PHI-quarterbacks_coach-interval,2012,PHI,quarterbacks_coach,season_interval_verification_required,Doug Pederson,medium,open,https://basement.crucifyd.com/zone/seahawks/record-fact/NFL%20-%202012%20-%20Record%20%26%20Fact%20Book.pdf,"Preseason designation is sourced, but weekly tenure requires dated in-season or retrospective evidence."
2012-PIT-offensive_coordinator-interval,2012,PIT,offensive_coordinator,season_interval_verification_required,Todd Haley,medium,open,https://basement.crucifyd.com/zone/seahawks/record-fact/NFL%20-%202012%20-%20Record%20%26%20Fact%20Book.pdf,"Preseason designation is sourced, but weekly tenure requires dated in-season or retrospective evidence."
2012-PIT-play_caller,2012,PIT,play_caller,explicit_play_caller_evidence_required,,high,open,https://basement.crucifyd.com/zone/seahawks/record-fact/NFL%20-%202012%20-%20Record%20%26%20Fact%20Book.pdf,Staff title is not evidence of play-calling duty; locate dated team or league reporting and assignment interval.
2012-PIT-quarterbacks_coach-interval,2012,PIT,quarterbacks_coach,season_interval_verification_required,Randy Fichtner,medium,open,https://basement.crucifyd.com/zone/seahawks/record-fact/NFL%20-%202012%20-%20Record%20%26%20Fact%20Book.pdf,"Preseason designation is sourced, but weekly tenure requires dated in-season or retrospective evidence."
2012-SEA-offensive_coordinator-interval,2012,SEA,offensive_coordinator,season_interval_verification_required,Darrell Bevell,medium,open,https://basement.crucifyd.com/zone/seahawks/record-fact/NFL%20-%202012%20-%20Record%20%26%20Fact%20Book.pdf,"Preseason designation is sourced, but weekly tenure requires dated in-season or retrospective evidence."
2012-SEA-play_caller,2012,SEA,play_caller,explicit_play_caller_evidence_required,,high,open,https://basement.crucifyd.com/zone/seahawks/record-fact/NFL%20-%202012%20-%20Record%20%26%20Fact%20Book.pdf,Staff title is not evidence of play-calling duty; locate dated team or league reporting and assignment interval.
2012-SEA-quarterbacks_coach-interval,2012,SEA,quarterbacks_coach,season_interval_verification_required,Carl Smith,medium,open,https://basement.crucifyd.com/zone/seahawks/record-fact/NFL%20-%202012%20-%20Record%20%26%20Fact%20Book.pdf,"Preseason designation is sourced, but weekly tenure requires dated in-season or retrospective evidence."
2012-SF-offensive_coordinator-interval,2012,SF,offensive_coordinator,season_interval_verification_required,Greg Roman,medium,open,https://basement.crucifyd.com/zone/seahawks/record-fact/NFL%20-%202012%20-%20Record%20%26%20Fact%20Book.pdf,"Preseason designation is sourced, but weekly tenure requires dated in-season or retrospective evidence."
2012-SF-play_caller,2012,SF,play_caller,explicit_play_caller_evidence_required,,high,open,https://basement.crucifyd.com/zone/seahawks/record-fact/NFL%20-%202012%20-%20Record%20%26%20Fact%20Book.pdf,Staff title is not evidence of play-calling duty; locate dated team or league reporting and assignment interval.
2012-SF-quarterbacks_coach-interval,2012,SF,quarterbacks_coach,season_interval_verification_required,Geep Chryst,medium,open,https://basement.crucifyd.com/zone/seahawks/record-fact/NFL%20-%202012%20-%20Record%20%26%20Fact%20Book.pdf,"Preseason designation is sourced, but weekly tenure requires dated in-season or retrospective evidence."
2012-TB-offensive_coordinator-interval,2012,TB,offensive_coordinator,season_interval_verification_required,Mike Sullivan,medium,open,https://basement.crucifyd.com/zone/seahawks/record-fact/NFL%20-%202012%20-%20Record%20%26%20Fact%20Book.pdf,"Preseason designation is sourced, but weekly tenure requires dated in-season or retrospective evidence."
2012-TB-play_caller,2012,TB,play_caller,explicit_play_caller_evidence_required,,high,open,https://basement.crucifyd.com/zone/seahawks/record-fact/NFL%20-%202012%20-%20Record%20%26%20Fact%20Book.pdf,Staff title is not evidence of play-calling duty; locate dated team or league reporting and assignment interval.
2012-TB-quarterbacks_coach-interval,2012,TB,quarterbacks_coach,season_interval_verification_required,Ron Turner,medium,open,https://basement.crucifyd.com/zone/seahawks/record-fact/NFL%20-%202012%20-%20Record%20%26%20Fact%20Book.pdf,"Preseason designation is sourced, but weekly tenure requires dated in-season or retrospective evidence."
2012-TEN-play_caller-uncovered,2012,TEN,play_caller,partial_interval_unresolved,Chris Palmer|Dowell Loggains,high,resolved,https://www.tennesseetitans.com/news/titans-enlist-help-of-nfl-veteran-oc-tom-moore-8963698,Independent audit found official play-caller and dated transition evidence covering Weeks 1-12 and 13-17.
2012-TEN-quarterbacks_coach-interval,2012,TEN,quarterbacks_coach,season_interval_verification_required,Dowell Loggains,medium,open,https://basement.crucifyd.com/zone/seahawks/record-fact/NFL%20-%202012%20-%20Record%20%26%20Fact%20Book.pdf,"Preseason designation is sourced, but weekly tenure requires dated in-season or retrospective evidence."
2012-WAS-offensive_coordinator-interval,2012,WAS,offensive_coordinator,season_interval_verification_required,Kyle Shanahan,medium,open,https://basement.crucifyd.com/zone/seahawks/record-fact/NFL%20-%202012%20-%20Record%20%26%20Fact%20Book.pdf,"Preseason designation is sourced, but weekly tenure requires dated in-season or retrospective evidence."
2012-WAS-play_caller,2012,WAS,play_caller,explicit_play_caller_evidence_required,,high,open,https://basement.crucifyd.com/zone/seahawks/record-fact/NFL%20-%202012%20-%20Record%20%26%20Fact%20Book.pdf,Staff title is not evidence of play-calling duty; locate dated team or league reporting and assignment interval.
2012-WAS-quarterbacks_coach-interval,2012,WAS,quarterbacks_coach,season_interval_verification_required,Matt LaFleur,medium,open,https://basement.crucifyd.com/zone/seahawks/record-fact/NFL%20-%202012%20-%20Record%20%26%20Fact%20Book.pdf,"Preseason designation is sourced, but weekly tenure requires dated in-season or retrospective evidence."
2013-ARI-offensive_coordinator-interval,2013,ARI,offensive_coordinator,season_interval_verification_required,Harold Goodwin,medium,open,https://basement.crucifyd.com/zone/seahawks/record-fact/NFL%20-%202013%20-%20Record%20%26%20Fact%20Book.pdf,"Preseason designation is sourced, but weekly tenure requires dated in-season or retrospective evidence."
2013-ARI-play_caller,2013,ARI,play_caller,explicit_play_caller_evidence_required,,high,open,https://basement.crucifyd.com/zone/seahawks/record-fact/NFL%20-%202013%20-%20Record%20%26%20Fact%20Book.pdf,Staff title is not evidence of play-calling duty; locate dated team or league reporting and assignment interval.
2013-ARI-quarterbacks_coach-interval,2013,ARI,quarterbacks_coach,season_interval_verification_required,Freddie Kitchens,medium,open,https://basement.crucifyd.com/zone/seahawks/record-fact/NFL%20-%202013%20-%20Record%20%26%20Fact%20Book.pdf,"Preseason designation is sourced, but weekly tenure requires dated in-season or retrospective evidence."
2013-ATL-offensive_coordinator-interval,2013,ATL,offensive_coordinator,season_interval_verification_required,Dirk Koetter,medium,open,https://basement.crucifyd.com/zone/seahawks/record-fact/NFL%20-%202013%20-%20Record%20%26%20Fact%20Book.pdf,"Preseason designation is sourced, but weekly tenure requires dated in-season or retrospective evidence."
2013-ATL-play_caller,2013,ATL,play_caller,explicit_play_caller_evidence_required,,high,open,https://basement.crucifyd.com/zone/seahawks/record-fact/NFL%20-%202013%20-%20Record%20%26%20Fact%20Book.pdf,Staff title is not evidence of play-calling duty; locate dated team or league reporting and assignment interval.
2013-ATL-quarterbacks_coach-interval,2013,ATL,quarterbacks_coach,season_interval_verification_required,Glenn Thomas,medium,open,https://basement.crucifyd.com/zone/seahawks/record-fact/NFL%20-%202013%20-%20Record%20%26%20Fact%20Book.pdf,"Preseason designation is sourced, but weekly tenure requires dated in-season or retrospective evidence."
2013-BAL-offensive_coordinator-interval,2013,BAL,offensive_coordinator,season_interval_verification_required,Jim Caldwell,medium,open,https://basement.crucifyd.com/zone/seahawks/record-fact/NFL%20-%202013%20-%20Record%20%26%20Fact%20Book.pdf,"Preseason designation is sourced, but weekly tenure requires dated in-season or retrospective evidence."
2013-BAL-play_caller,2013,BAL,play_caller,explicit_play_caller_evidence_required,,high,open,https://basement.crucifyd.com/zone/seahawks/record-fact/NFL%20-%202013%20-%20Record%20%26%20Fact%20Book.pdf,Staff title is not evidence of play-calling duty; locate dated team or league reporting and assignment interval.
2013-BAL-quarterbacks_coach,2013,BAL,quarterbacks_coach,missing_formal_role,Craig Ver Steeg,medium,resolved,https://www.ravenspr.com/media_guide/BALTIMORE_RAVENS_MEDIA_GUIDE_2017.pdf,Independent audit resolved every regular-season week with source-backed person intervals and/or verified no-separately-designated-role evidence; see coaching_evidence_11b.csv and coaching_no_role_evidence_11b.csv.
2013-BUF-offensive_coordinator,2013,BUF,offensive_coordinator,missing_formal_role,Nathaniel Hackett,medium,resolved,https://www.buffalobills.com/team/transactions/2013,Independent audit resolved every regular-season week with source-backed person intervals and/or verified no-separately-designated-role evidence; see coaching_evidence_11b.csv and coaching_no_role_evidence_11b.csv.
2013-BUF-play_caller,2013,BUF,play_caller,explicit_play_caller_evidence_required,,high,open,https://basement.crucifyd.com/zone/seahawks/record-fact/NFL%20-%202013%20-%20Record%20%26%20Fact%20Book.pdf,Staff title is not evidence of play-calling duty; locate dated team or league reporting and assignment interval.
2013-BUF-quarterbacks_coach,2013,BUF,quarterbacks_coach,missing_formal_role,Nathaniel Hackett,medium,resolved,https://library.sfo2.cdn.digitaloceanspaces.com/publications/football/yearbooks/FBUFBMG-2013-buffalo-bills-media-guide.pdf,Independent audit resolved every regular-season week with source-backed person intervals and/or verified no-separately-designated-role evidence; see coaching_evidence_11b.csv and coaching_no_role_evidence_11b.csv.
2013-CAR-offensive_coordinator-interval,2013,CAR,offensive_coordinator,season_interval_verification_required,Mike Shula,medium,open,https://basement.crucifyd.com/zone/seahawks/record-fact/NFL%20-%202013%20-%20Record%20%26%20Fact%20Book.pdf,"Preseason designation is sourced, but weekly tenure requires dated in-season or retrospective evidence."
2013-CAR-play_caller,2013,CAR,play_caller,explicit_play_caller_evidence_required,,high,open,https://basement.crucifyd.com/zone/seahawks/record-fact/NFL%20-%202013%20-%20Record%20%26%20Fact%20Book.pdf,Staff title is not evidence of play-calling duty; locate dated team or league reporting and assignment interval.
2013-CAR-quarterbacks_coach-interval,2013,CAR,quarterbacks_coach,season_interval_verification_required,Ken Dorsey,medium,open,https://basement.crucifyd.com/zone/seahawks/record-fact/NFL%20-%202013%20-%20Record%20%26%20Fact%20Book.pdf,"Preseason designation is sourced, but weekly tenure requires dated in-season or retrospective evidence."
2013-CHI-offensive_coordinator,2013,CHI,offensive_coordinator,missing_formal_role,Aaron Kromer,medium,resolved,https://www.chicagobears.com/news/bears-hire-kromer-as-offensive-coordinator-line-coach-9377423,Independent audit resolved every regular-season week with source-backed person intervals and/or verified no-separately-designated-role evidence; see coaching_evidence_11b.csv and coaching_no_role_evidence_11b.csv.
2013-CHI-play_caller,2013,CHI,play_caller,explicit_play_caller_evidence_required,,high,open,https://basement.crucifyd.com/zone/seahawks/record-fact/NFL%20-%202013%20-%20Record%20%26%20Fact%20Book.pdf,Staff title is not evidence of play-calling duty; locate dated team or league reporting and assignment interval.
2013-CHI-quarterbacks_coach-interval,2013,CHI,quarterbacks_coach,season_interval_verification_required,Matt Cavanaugh,medium,open,https://basement.crucifyd.com/zone/seahawks/record-fact/NFL%20-%202013%20-%20Record%20%26%20Fact%20Book.pdf,"Preseason designation is sourced, but weekly tenure requires dated in-season or retrospective evidence."
2013-CIN-offensive_coordinator-interval,2013,CIN,offensive_coordinator,season_interval_verification_required,Jay Gruden,medium,open,https://basement.crucifyd.com/zone/seahawks/record-fact/NFL%20-%202013%20-%20Record%20%26%20Fact%20Book.pdf,"Preseason designation is sourced, but weekly tenure requires dated in-season or retrospective evidence."
2013-CIN-play_caller,2013,CIN,play_caller,explicit_play_caller_evidence_required,,high,open,https://basement.crucifyd.com/zone/seahawks/record-fact/NFL%20-%202013%20-%20Record%20%26%20Fact%20Book.pdf,Staff title is not evidence of play-calling duty; locate dated team or league reporting and assignment interval.
2013-CIN-quarterbacks_coach-interval,2013,CIN,quarterbacks_coach,season_interval_verification_required,Ken Zampese,medium,open,https://basement.crucifyd.com/zone/seahawks/record-fact/NFL%20-%202013%20-%20Record%20%26%20Fact%20Book.pdf,"Preseason designation is sourced, but weekly tenure requires dated in-season or retrospective evidence."
2013-CLE-offensive_coordinator-interval,2013,CLE,offensive_coordinator,season_interval_verification_required,Norv Turner,medium,open,https://basement.crucifyd.com/zone/seahawks/record-fact/NFL%20-%202013%20-%20Record%20%26%20Fact%20Book.pdf,"Preseason designation is sourced, but weekly tenure requires dated in-season or retrospective evidence."
2013-CLE-play_caller,2013,CLE,play_caller,explicit_play_caller_evidence_required,,high,open,https://basement.crucifyd.com/zone/seahawks/record-fact/NFL%20-%202013%20-%20Record%20%26%20Fact%20Book.pdf,Staff title is not evidence of play-calling duty; locate dated team or league reporting and assignment interval.
2013-CLE-quarterbacks_coach,2013,CLE,quarterbacks_coach,missing_formal_role,Norv Turner,medium,resolved,https://static.clubs.nfl.com/image/upload/v1578684123/patriots/ix9qojcbmbqyjgibtb8g.pdf,Independent audit resolved every regular-season week with source-backed person intervals and/or verified no-separately-designated-role evidence; see coaching_evidence_11b.csv and coaching_no_role_evidence_11b.csv.
2013-DAL-offensive_coordinator,2013,DAL,offensive_coordinator,missing_formal_role,Bill Callahan,medium,resolved,https://www.dallascowboys.com/news/callahan-confirms-playcalling-role-for-2013-campaign-337871,Independent audit resolved every regular-season week with source-backed person intervals and/or verified no-separately-designated-role evidence; see coaching_evidence_11b.csv and coaching_no_role_evidence_11b.csv.
2013-DAL-play_caller,2013,DAL,play_caller,explicit_play_caller_evidence_required,Bill Callahan,high,resolved,https://www.dallascowboys.com/news/callahan-confirms-playcalling-role-for-2013-campaign-337871,Independent audit verified explicit play-calling responsibility for all regular-season weeks; see cited assignment intervals.
2013-DAL-quarterbacks_coach-interval,2013,DAL,quarterbacks_coach,season_interval_verification_required,Wade Wilson,medium,open,https://basement.crucifyd.com/zone/seahawks/record-fact/NFL%20-%202013%20-%20Record%20%26%20Fact%20Book.pdf,"Preseason designation is sourced, but weekly tenure requires dated in-season or retrospective evidence."
2013-DEN-offensive_coordinator-interval,2013,DEN,offensive_coordinator,season_interval_verification_required,Adam Gase,medium,open,https://basement.crucifyd.com/zone/seahawks/record-fact/NFL%20-%202013%20-%20Record%20%26%20Fact%20Book.pdf,"Preseason designation is sourced, but weekly tenure requires dated in-season or retrospective evidence."
2013-DEN-play_caller,2013,DEN,play_caller,explicit_play_caller_evidence_required,,high,open,https://basement.crucifyd.com/zone/seahawks/record-fact/NFL%20-%202013%20-%20Record%20%26%20Fact%20Book.pdf,Staff title is not evidence of play-calling duty; locate dated team or league reporting and assignment interval.
2013-DEN-quarterbacks_coach-interval,2013,DEN,quarterbacks_coach,season_interval_verification_required,Greg Knapp,medium,open,https://basement.crucifyd.com/zone/seahawks/record-fact/NFL%20-%202013%20-%20Record%20%26%20Fact%20Book.pdf,"Preseason designation is sourced, but weekly tenure requires dated in-season or retrospective evidence."
2013-DET-offensive_coordinator-interval,2013,DET,offensive_coordinator,season_interval_verification_required,Scott Linehan,medium,open,https://basement.crucifyd.com/zone/seahawks/record-fact/NFL%20-%202013%20-%20Record%20%26%20Fact%20Book.pdf,"Preseason designation is sourced, but weekly tenure requires dated in-season or retrospective evidence."
2013-DET-play_caller,2013,DET,play_caller,explicit_play_caller_evidence_required,,high,open,https://basement.crucifyd.com/zone/seahawks/record-fact/NFL%20-%202013%20-%20Record%20%26%20Fact%20Book.pdf,Staff title is not evidence of play-calling duty; locate dated team or league reporting and assignment interval.
2013-DET-quarterbacks_coach-interval,2013,DET,quarterbacks_coach,season_interval_verification_required,Todd Downing,medium,open,https://basement.crucifyd.com/zone/seahawks/record-fact/NFL%20-%202013%20-%20Record%20%26%20Fact%20Book.pdf,"Preseason designation is sourced, but weekly tenure requires dated in-season or retrospective evidence."
2013-GB-offensive_coordinator-interval,2013,GB,offensive_coordinator,season_interval_verification_required,Tom Clements,medium,open,https://basement.crucifyd.com/zone/seahawks/record-fact/NFL%20-%202013%20-%20Record%20%26%20Fact%20Book.pdf,"Preseason designation is sourced, but weekly tenure requires dated in-season or retrospective evidence."
2013-GB-play_caller,2013,GB,play_caller,explicit_play_caller_evidence_required,,high,open,https://basement.crucifyd.com/zone/seahawks/record-fact/NFL%20-%202013%20-%20Record%20%26%20Fact%20Book.pdf,Staff title is not evidence of play-calling duty; locate dated team or league reporting and assignment interval.
2013-GB-quarterbacks_coach-interval,2013,GB,quarterbacks_coach,season_interval_verification_required,Ben McAdoo,medium,open,https://basement.crucifyd.com/zone/seahawks/record-fact/NFL%20-%202013%20-%20Record%20%26%20Fact%20Book.pdf,"Preseason designation is sourced, but weekly tenure requires dated in-season or retrospective evidence."
2013-HOU-offensive_coordinator-interval,2013,HOU,offensive_coordinator,season_interval_verification_required,Rick Dennison,medium,open,https://basement.crucifyd.com/zone/seahawks/record-fact/NFL%20-%202013%20-%20Record%20%26%20Fact%20Book.pdf,"Preseason designation is sourced, but weekly tenure requires dated in-season or retrospective evidence."
2013-HOU-play_caller,2013,HOU,play_caller,explicit_play_caller_evidence_required,,high,open,https://basement.crucifyd.com/zone/seahawks/record-fact/NFL%20-%202013%20-%20Record%20%26%20Fact%20Book.pdf,Staff title is not evidence of play-calling duty; locate dated team or league reporting and assignment interval.
2013-HOU-quarterbacks_coach-interval,2013,HOU,quarterbacks_coach,season_interval_verification_required,Karl Dorrell,medium,open,https://basement.crucifyd.com/zone/seahawks/record-fact/NFL%20-%202013%20-%20Record%20%26%20Fact%20Book.pdf,"Preseason designation is sourced, but weekly tenure requires dated in-season or retrospective evidence."
2013-IND-offensive_coordinator-interval,2013,IND,offensive_coordinator,season_interval_verification_required,Pep Hamilton,medium,open,https://basement.crucifyd.com/zone/seahawks/record-fact/NFL%20-%202013%20-%20Record%20%26%20Fact%20Book.pdf,"Preseason designation is sourced, but weekly tenure requires dated in-season or retrospective evidence."
2013-IND-play_caller,2013,IND,play_caller,explicit_play_caller_evidence_required,,high,open,https://basement.crucifyd.com/zone/seahawks/record-fact/NFL%20-%202013%20-%20Record%20%26%20Fact%20Book.pdf,Staff title is not evidence of play-calling duty; locate dated team or league reporting and assignment interval.
2013-IND-quarterbacks_coach-interval,2013,IND,quarterbacks_coach,season_interval_verification_required,Clyde Christensen,medium,open,https://basement.crucifyd.com/zone/seahawks/record-fact/NFL%20-%202013%20-%20Record%20%26%20Fact%20Book.pdf,"Preseason designation is sourced, but weekly tenure requires dated in-season or retrospective evidence."
2013-JAX-offensive_coordinator-interval,2013,JAX,offensive_coordinator,season_interval_verification_required,Jedd Fisch,medium,open,https://basement.crucifyd.com/zone/seahawks/record-fact/NFL%20-%202013%20-%20Record%20%26%20Fact%20Book.pdf,"Preseason designation is sourced, but weekly tenure requires dated in-season or retrospective evidence."
2013-JAX-play_caller,2013,JAX,play_caller,explicit_play_caller_evidence_required,,high,open,https://basement.crucifyd.com/zone/seahawks/record-fact/NFL%20-%202013%20-%20Record%20%26%20Fact%20Book.pdf,Staff title is not evidence of play-calling duty; locate dated team or league reporting and assignment interval.
2013-JAX-quarterbacks_coach-interval,2013,JAX,quarterbacks_coach,season_interval_verification_required,Frank Scelfo,medium,open,https://basement.crucifyd.com/zone/seahawks/record-fact/NFL%20-%202013%20-%20Record%20%26%20Fact%20Book.pdf,"Preseason designation is sourced, but weekly tenure requires dated in-season or retrospective evidence."
2013-KC-offensive_coordinator-interval,2013,KC,offensive_coordinator,season_interval_verification_required,Doug Pederson,medium,open,https://basement.crucifyd.com/zone/seahawks/record-fact/NFL%20-%202013%20-%20Record%20%26%20Fact%20Book.pdf,"Preseason designation is sourced, but weekly tenure requires dated in-season or retrospective evidence."
2013-KC-play_caller,2013,KC,play_caller,explicit_play_caller_evidence_required,,high,open,https://basement.crucifyd.com/zone/seahawks/record-fact/NFL%20-%202013%20-%20Record%20%26%20Fact%20Book.pdf,Staff title is not evidence of play-calling duty; locate dated team or league reporting and assignment interval.
2013-KC-quarterbacks_coach-interval,2013,KC,quarterbacks_coach,season_interval_verification_required,Matt Nagy,medium,open,https://basement.crucifyd.com/zone/seahawks/record-fact/NFL%20-%202013%20-%20Record%20%26%20Fact%20Book.pdf,"Preseason designation is sourced, but weekly tenure requires dated in-season or retrospective evidence."
2013-LA-offensive_coordinator-interval,2013,LA,offensive_coordinator,season_interval_verification_required,Brian Schottenheimer,medium,open,https://basement.crucifyd.com/zone/seahawks/record-fact/NFL%20-%202013%20-%20Record%20%26%20Fact%20Book.pdf,"Preseason designation is sourced, but weekly tenure requires dated in-season or retrospective evidence."
2013-LA-play_caller,2013,LA,play_caller,explicit_play_caller_evidence_required,,high,open,https://basement.crucifyd.com/zone/seahawks/record-fact/NFL%20-%202013%20-%20Record%20%26%20Fact%20Book.pdf,Staff title is not evidence of play-calling duty; locate dated team or league reporting and assignment interval.
2013-LA-quarterbacks_coach-interval,2013,LA,quarterbacks_coach,season_interval_verification_required,Frank Cignetti Jr,medium,open,https://basement.crucifyd.com/zone/seahawks/record-fact/NFL%20-%202013%20-%20Record%20%26%20Fact%20Book.pdf,"Preseason designation is sourced, but weekly tenure requires dated in-season or retrospective evidence."
2013-LAC-offensive_coordinator-interval,2013,LAC,offensive_coordinator,season_interval_verification_required,Ken Whisenhunt,medium,open,https://basement.crucifyd.com/zone/seahawks/record-fact/NFL%20-%202013%20-%20Record%20%26%20Fact%20Book.pdf,"Preseason designation is sourced, but weekly tenure requires dated in-season or retrospective evidence."
2013-LAC-play_caller,2013,LAC,play_caller,explicit_play_caller_evidence_required,,high,open,https://basement.crucifyd.com/zone/seahawks/record-fact/NFL%20-%202013%20-%20Record%20%26%20Fact%20Book.pdf,Staff title is not evidence of play-calling duty; locate dated team or league reporting and assignment interval.
2013-LAC-quarterbacks_coach-interval,2013,LAC,quarterbacks_coach,season_interval_verification_required,Frank Reich,medium,open,https://basement.crucifyd.com/zone/seahawks/record-fact/NFL%20-%202013%20-%20Record%20%26%20Fact%20Book.pdf,"Preseason designation is sourced, but weekly tenure requires dated in-season or retrospective evidence."
2013-LV-offensive_coordinator-interval,2013,LV,offensive_coordinator,season_interval_verification_required,Greg Olson,medium,open,https://basement.crucifyd.com/zone/seahawks/record-fact/NFL%20-%202013%20-%20Record%20%26%20Fact%20Book.pdf,"Preseason designation is sourced, but weekly tenure requires dated in-season or retrospective evidence."
2013-LV-play_caller,2013,LV,play_caller,explicit_play_caller_evidence_required,,high,open,https://basement.crucifyd.com/zone/seahawks/record-fact/NFL%20-%202013%20-%20Record%20%26%20Fact%20Book.pdf,Staff title is not evidence of play-calling duty; locate dated team or league reporting and assignment interval.
2013-LV-quarterbacks_coach-interval,2013,LV,quarterbacks_coach,season_interval_verification_required,John DeFilippo,medium,open,https://basement.crucifyd.com/zone/seahawks/record-fact/NFL%20-%202013%20-%20Record%20%26%20Fact%20Book.pdf,"Preseason designation is sourced, but weekly tenure requires dated in-season or retrospective evidence."
2013-MIA-offensive_coordinator-interval,2013,MIA,offensive_coordinator,season_interval_verification_required,Mike Sherman,medium,open,https://basement.crucifyd.com/zone/seahawks/record-fact/NFL%20-%202013%20-%20Record%20%26%20Fact%20Book.pdf,"Preseason designation is sourced, but weekly tenure requires dated in-season or retrospective evidence."
2013-MIA-play_caller,2013,MIA,play_caller,explicit_play_caller_evidence_required,,high,open,https://basement.crucifyd.com/zone/seahawks/record-fact/NFL%20-%202013%20-%20Record%20%26%20Fact%20Book.pdf,Staff title is not evidence of play-calling duty; locate dated team or league reporting and assignment interval.
2013-MIA-quarterbacks_coach-interval,2013,MIA,quarterbacks_coach,season_interval_verification_required,Zac Taylor,medium,open,https://basement.crucifyd.com/zone/seahawks/record-fact/NFL%20-%202013%20-%20Record%20%26%20Fact%20Book.pdf,"Preseason designation is sourced, but weekly tenure requires dated in-season or retrospective evidence."
2013-MIN-offensive_coordinator-interval,2013,MIN,offensive_coordinator,season_interval_verification_required,Bill Musgrave,medium,open,https://basement.crucifyd.com/zone/seahawks/record-fact/NFL%20-%202013%20-%20Record%20%26%20Fact%20Book.pdf,"Preseason designation is sourced, but weekly tenure requires dated in-season or retrospective evidence."
2013-MIN-play_caller,2013,MIN,play_caller,explicit_play_caller_evidence_required,,high,open,https://basement.crucifyd.com/zone/seahawks/record-fact/NFL%20-%202013%20-%20Record%20%26%20Fact%20Book.pdf,Staff title is not evidence of play-calling duty; locate dated team or league reporting and assignment interval.
2013-MIN-quarterbacks_coach-interval,2013,MIN,quarterbacks_coach,season_interval_verification_required,Craig Johnson,medium,open,https://basement.crucifyd.com/zone/seahawks/record-fact/NFL%20-%202013%20-%20Record%20%26%20Fact%20Book.pdf,"Preseason designation is sourced, but weekly tenure requires dated in-season or retrospective evidence."
2013-NE-offensive_coordinator,2013,NE,offensive_coordinator,missing_formal_role,Josh McDaniels,medium,resolved,https://basement.crucifyd.com/zone/seahawks/record-fact/NFL%20-%202013%20-%20Record%20%26%20Fact%20Book.pdf,Independent audit resolved every regular-season week with source-backed person intervals and/or verified no-separately-designated-role evidence; see coaching_evidence_11b.csv and coaching_no_role_evidence_11b.csv.
2013-NE-play_caller,2013,NE,play_caller,explicit_play_caller_evidence_required,,high,open,https://basement.crucifyd.com/zone/seahawks/record-fact/NFL%20-%202013%20-%20Record%20%26%20Fact%20Book.pdf,Staff title is not evidence of play-calling duty; locate dated team or league reporting and assignment interval.
2013-NE-quarterbacks_coach,2013,NE,quarterbacks_coach,missing_formal_role,Josh McDaniels,medium,resolved,https://basement.crucifyd.com/zone/seahawks/record-fact/NFL%20-%202013%20-%20Record%20%26%20Fact%20Book.pdf,Independent audit resolved every regular-season week with source-backed person intervals and/or verified no-separately-designated-role evidence; see coaching_evidence_11b.csv and coaching_no_role_evidence_11b.csv.
2013-NO-offensive_coordinator-interval,2013,NO,offensive_coordinator,season_interval_verification_required,Pete Carmichael,medium,open,https://basement.crucifyd.com/zone/seahawks/record-fact/NFL%20-%202013%20-%20Record%20%26%20Fact%20Book.pdf,"Preseason designation is sourced, but weekly tenure requires dated in-season or retrospective evidence."
2013-NO-play_caller,2013,NO,play_caller,explicit_play_caller_evidence_required,,high,open,https://basement.crucifyd.com/zone/seahawks/record-fact/NFL%20-%202013%20-%20Record%20%26%20Fact%20Book.pdf,Staff title is not evidence of play-calling duty; locate dated team or league reporting and assignment interval.
2013-NO-quarterbacks_coach-interval,2013,NO,quarterbacks_coach,season_interval_verification_required,Joe Lombardi,medium,open,https://basement.crucifyd.com/zone/seahawks/record-fact/NFL%20-%202013%20-%20Record%20%26%20Fact%20Book.pdf,"Preseason designation is sourced, but weekly tenure requires dated in-season or retrospective evidence."
2013-NYG-offensive_coordinator-interval,2013,NYG,offensive_coordinator,season_interval_verification_required,Kevin Gilbride,medium,open,https://basement.crucifyd.com/zone/seahawks/record-fact/NFL%20-%202013%20-%20Record%20%26%20Fact%20Book.pdf,"Preseason designation is sourced, but weekly tenure requires dated in-season or retrospective evidence."
2013-NYG-play_caller,2013,NYG,play_caller,explicit_play_caller_evidence_required,,high,open,https://basement.crucifyd.com/zone/seahawks/record-fact/NFL%20-%202013%20-%20Record%20%26%20Fact%20Book.pdf,Staff title is not evidence of play-calling duty; locate dated team or league reporting and assignment interval.
2013-NYG-quarterbacks_coach-interval,2013,NYG,quarterbacks_coach,season_interval_verification_required,Sean Ryan,medium,open,https://basement.crucifyd.com/zone/seahawks/record-fact/NFL%20-%202013%20-%20Record%20%26%20Fact%20Book.pdf,"Preseason designation is sourced, but weekly tenure requires dated in-season or retrospective evidence."
2013-NYJ-offensive_coordinator,2013,NYJ,offensive_coordinator,missing_formal_role,Marty Mornhinweg,medium,resolved,https://www.newyorkjets.com/news/jets-announce-coaching-staff-hires-9539326,Independent audit resolved every regular-season week with source-backed person intervals and/or verified no-separately-designated-role evidence; see coaching_evidence_11b.csv and coaching_no_role_evidence_11b.csv.
2013-NYJ-play_caller,2013,NYJ,play_caller,explicit_play_caller_evidence_required,,high,open,https://basement.crucifyd.com/zone/seahawks/record-fact/NFL%20-%202013%20-%20Record%20%26%20Fact%20Book.pdf,Staff title is not evidence of play-calling duty; locate dated team or league reporting and assignment interval.
2013-NYJ-quarterbacks_coach-interval,2013,NYJ,quarterbacks_coach,season_interval_verification_required,David Lee,medium,open,https://basement.crucifyd.com/zone/seahawks/record-fact/NFL%20-%202013%20-%20Record%20%26%20Fact%20Book.pdf,"Preseason designation is sourced, but weekly tenure requires dated in-season or retrospective evidence."
2013-PHI-offensive_coordinator-interval,2013,PHI,offensive_coordinator,season_interval_verification_required,Pat Shurmur,medium,open,https://basement.crucifyd.com/zone/seahawks/record-fact/NFL%20-%202013%20-%20Record%20%26%20Fact%20Book.pdf,"Preseason designation is sourced, but weekly tenure requires dated in-season or retrospective evidence."
2013-PHI-play_caller,2013,PHI,play_caller,explicit_play_caller_evidence_required,,high,open,https://basement.crucifyd.com/zone/seahawks/record-fact/NFL%20-%202013%20-%20Record%20%26%20Fact%20Book.pdf,Staff title is not evidence of play-calling duty; locate dated team or league reporting and assignment interval.
2013-PHI-quarterbacks_coach-interval,2013,PHI,quarterbacks_coach,season_interval_verification_required,Bill Lazor,medium,open,https://basement.crucifyd.com/zone/seahawks/record-fact/NFL%20-%202013%20-%20Record%20%26%20Fact%20Book.pdf,"Preseason designation is sourced, but weekly tenure requires dated in-season or retrospective evidence."
2013-PIT-offensive_coordinator-interval,2013,PIT,offensive_coordinator,season_interval_verification_required,Todd Haley,medium,open,https://basement.crucifyd.com/zone/seahawks/record-fact/NFL%20-%202013%20-%20Record%20%26%20Fact%20Book.pdf,"Preseason designation is sourced, but weekly tenure requires dated in-season or retrospective evidence."
2013-PIT-play_caller,2013,PIT,play_caller,explicit_play_caller_evidence_required,,high,open,https://basement.crucifyd.com/zone/seahawks/record-fact/NFL%20-%202013%20-%20Record%20%26%20Fact%20Book.pdf,Staff title is not evidence of play-calling duty; locate dated team or league reporting and assignment interval.
2013-PIT-quarterbacks_coach-interval,2013,PIT,quarterbacks_coach,season_interval_verification_required,Randy Fichtner,medium,open,https://basement.crucifyd.com/zone/seahawks/record-fact/NFL%20-%202013%20-%20Record%20%26%20Fact%20Book.pdf,"Preseason designation is sourced, but weekly tenure requires dated in-season or retrospective evidence."
2013-SEA-offensive_coordinator-interval,2013,SEA,offensive_coordinator,season_interval_verification_required,Darrell Bevell,medium,open,https://basement.crucifyd.com/zone/seahawks/record-fact/NFL%20-%202013%20-%20Record%20%26%20Fact%20Book.pdf,"Preseason designation is sourced, but weekly tenure requires dated in-season or retrospective evidence."
2013-SEA-play_caller,2013,SEA,play_caller,explicit_play_caller_evidence_required,,high,open,https://basement.crucifyd.com/zone/seahawks/record-fact/NFL%20-%202013%20-%20Record%20%26%20Fact%20Book.pdf,Staff title is not evidence of play-calling duty; locate dated team or league reporting and assignment interval.
2013-SEA-quarterbacks_coach-interval,2013,SEA,quarterbacks_coach,season_interval_verification_required,Carl Smith,medium,open,https://basement.crucifyd.com/zone/seahawks/record-fact/NFL%20-%202013%20-%20Record%20%26%20Fact%20Book.pdf,"Preseason designation is sourced, but weekly tenure requires dated in-season or retrospective evidence."
2013-SF-offensive_coordinator-interval,2013,SF,offensive_coordinator,season_interval_verification_required,Greg Roman,medium,open,https://basement.crucifyd.com/zone/seahawks/record-fact/NFL%20-%202013%20-%20Record%20%26%20Fact%20Book.pdf,"Preseason designation is sourced, but weekly tenure requires dated in-season or retrospective evidence."
2013-SF-play_caller,2013,SF,play_caller,explicit_play_caller_evidence_required,,high,open,https://basement.crucifyd.com/zone/seahawks/record-fact/NFL%20-%202013%20-%20Record%20%26%20Fact%20Book.pdf,Staff title is not evidence of play-calling duty; locate dated team or league reporting and assignment interval.
2013-SF-quarterbacks_coach-interval,2013,SF,quarterbacks_coach,season_interval_verification_required,Geep Chryst,medium,open,https://basement.crucifyd.com/zone/seahawks/record-fact/NFL%20-%202013%20-%20Record%20%26%20Fact%20Book.pdf,"Preseason designation is sourced, but weekly tenure requires dated in-season or retrospective evidence."
2013-TB-offensive_coordinator-interval,2013,TB,offensive_coordinator,season_interval_verification_required,Mike Sullivan,medium,open,https://basement.crucifyd.com/zone/seahawks/record-fact/NFL%20-%202013%20-%20Record%20%26%20Fact%20Book.pdf,"Preseason designation is sourced, but weekly tenure requires dated in-season or retrospective evidence."
2013-TB-play_caller,2013,TB,play_caller,explicit_play_caller_evidence_required,,high,open,https://basement.crucifyd.com/zone/seahawks/record-fact/NFL%20-%202013%20-%20Record%20%26%20Fact%20Book.pdf,Staff title is not evidence of play-calling duty; locate dated team or league reporting and assignment interval.
2013-TB-quarterbacks_coach-interval,2013,TB,quarterbacks_coach,season_interval_verification_required,John McNulty,medium,open,https://basement.crucifyd.com/zone/seahawks/record-fact/NFL%20-%202013%20-%20Record%20%26%20Fact%20Book.pdf,"Preseason designation is sourced, but weekly tenure requires dated in-season or retrospective evidence."
2013-TEN-offensive_coordinator-interval,2013,TEN,offensive_coordinator,season_interval_verification_required,Dowell Loggains,medium,open,https://basement.crucifyd.com/zone/seahawks/record-fact/NFL%20-%202013%20-%20Record%20%26%20Fact%20Book.pdf,"Preseason designation is sourced, but weekly tenure requires dated in-season or retrospective evidence."
2013-TEN-play_caller,2013,TEN,play_caller,explicit_play_caller_evidence_required,,high,open,https://basement.crucifyd.com/zone/seahawks/record-fact/NFL%20-%202013%20-%20Record%20%26%20Fact%20Book.pdf,Staff title is not evidence of play-calling duty; locate dated team or league reporting and assignment interval.
2013-TEN-quarterbacks_coach-interval,2013,TEN,quarterbacks_coach,season_interval_verification_required,Dave Ragone,medium,open,https://basement.crucifyd.com/zone/seahawks/record-fact/NFL%20-%202013%20-%20Record%20%26%20Fact%20Book.pdf,"Preseason designation is sourced, but weekly tenure requires dated in-season or retrospective evidence."
2013-WAS-offensive_coordinator-interval,2013,WAS,offensive_coordinator,season_interval_verification_required,Kyle Shanahan,medium,open,https://basement.crucifyd.com/zone/seahawks/record-fact/NFL%20-%202013%20-%20Record%20%26%20Fact%20Book.pdf,"Preseason designation is sourced, but weekly tenure requires dated in-season or retrospective evidence."
2013-WAS-play_caller,2013,WAS,play_caller,explicit_play_caller_evidence_required,,high,open,https://basement.crucifyd.com/zone/seahawks/record-fact/NFL%20-%202013%20-%20Record%20%26%20Fact%20Book.pdf,Staff title is not evidence of play-calling duty; locate dated team or league reporting and assignment interval.
2013-WAS-quarterbacks_coach-interval,2013,WAS,quarterbacks_coach,season_interval_verification_required,Matt LaFleur,medium,open,https://basement.crucifyd.com/zone/seahawks/record-fact/NFL%20-%202013%20-%20Record%20%26%20Fact%20Book.pdf,"Preseason designation is sourced, but weekly tenure requires dated in-season or retrospective evidence."
2014-ARI-offensive_coordinator-interval,2014,ARI,offensive_coordinator,season_interval_verification_required,Harold Goodwin,medium,open,https://basement.crucifyd.com/zone/seahawks/record-fact/NFL%20-%202014%20-%20Record%20%26%20Fact%20Book.pdf,"Preseason designation is sourced, but weekly tenure requires dated in-season or retrospective evidence."
2014-ARI-play_caller,2014,ARI,play_caller,explicit_play_caller_evidence_required,,high,open,https://basement.crucifyd.com/zone/seahawks/record-fact/NFL%20-%202014%20-%20Record%20%26%20Fact%20Book.pdf,Staff title is not evidence of play-calling duty; locate dated team or league reporting and assignment interval.
2014-ARI-quarterbacks_coach-interval,2014,ARI,quarterbacks_coach,season_interval_verification_required,Freddie Kitchens,medium,open,https://basement.crucifyd.com/zone/seahawks/record-fact/NFL%20-%202014%20-%20Record%20%26%20Fact%20Book.pdf,"Preseason designation is sourced, but weekly tenure requires dated in-season or retrospective evidence."
2014-ATL-offensive_coordinator-interval,2014,ATL,offensive_coordinator,season_interval_verification_required,Dirk Koetter,medium,open,https://basement.crucifyd.com/zone/seahawks/record-fact/NFL%20-%202014%20-%20Record%20%26%20Fact%20Book.pdf,"Preseason designation is sourced, but weekly tenure requires dated in-season or retrospective evidence."
2014-ATL-play_caller,2014,ATL,play_caller,explicit_play_caller_evidence_required,,high,open,https://basement.crucifyd.com/zone/seahawks/record-fact/NFL%20-%202014%20-%20Record%20%26%20Fact%20Book.pdf,Staff title is not evidence of play-calling duty; locate dated team or league reporting and assignment interval.
2014-ATL-quarterbacks_coach-interval,2014,ATL,quarterbacks_coach,season_interval_verification_required,Glenn Thomas,medium,open,https://basement.crucifyd.com/zone/seahawks/record-fact/NFL%20-%202014%20-%20Record%20%26%20Fact%20Book.pdf,"Preseason designation is sourced, but weekly tenure requires dated in-season or retrospective evidence."
2014-BAL-offensive_coordinator-interval,2014,BAL,offensive_coordinator,season_interval_verification_required,Gary Kubiak,medium,open,https://basement.crucifyd.com/zone/seahawks/record-fact/NFL%20-%202014%20-%20Record%20%26%20Fact%20Book.pdf,"Preseason designation is sourced, but weekly tenure requires dated in-season or retrospective evidence."
2014-BAL-play_caller,2014,BAL,play_caller,explicit_play_caller_evidence_required,,high,open,https://basement.crucifyd.com/zone/seahawks/record-fact/NFL%20-%202014%20-%20Record%20%26%20Fact%20Book.pdf,Staff title is not evidence of play-calling duty; locate dated team or league reporting and assignment interval.
2014-BAL-quarterbacks_coach-interval,2014,BAL,quarterbacks_coach,season_interval_verification_required,Rick Dennison,medium,open,https://basement.crucifyd.com/zone/seahawks/record-fact/NFL%20-%202014%20-%20Record%20%26%20Fact%20Book.pdf,"Preseason designation is sourced, but weekly tenure requires dated in-season or retrospective evidence."
2014-BUF-offensive_coordinator-interval,2014,BUF,offensive_coordinator,season_interval_verification_required,Nathaniel Hackett,medium,open,https://basement.crucifyd.com/zone/seahawks/record-fact/NFL%20-%202014%20-%20Record%20%26%20Fact%20Book.pdf,"Preseason designation is sourced, but weekly tenure requires dated in-season or retrospective evidence."
2014-BUF-play_caller,2014,BUF,play_caller,explicit_play_caller_evidence_required,,high,open,https://basement.crucifyd.com/zone/seahawks/record-fact/NFL%20-%202014%20-%20Record%20%26%20Fact%20Book.pdf,Staff title is not evidence of play-calling duty; locate dated team or league reporting and assignment interval.
2014-BUF-quarterbacks_coach-interval,2014,BUF,quarterbacks_coach,season_interval_verification_required,Todd Downing,medium,open,https://basement.crucifyd.com/zone/seahawks/record-fact/NFL%20-%202014%20-%20Record%20%26%20Fact%20Book.pdf,"Preseason designation is sourced, but weekly tenure requires dated in-season or retrospective evidence."
2014-CAR-offensive_coordinator-interval,2014,CAR,offensive_coordinator,season_interval_verification_required,Mike Shula,medium,open,https://basement.crucifyd.com/zone/seahawks/record-fact/NFL%20-%202014%20-%20Record%20%26%20Fact%20Book.pdf,"Preseason designation is sourced, but weekly tenure requires dated in-season or retrospective evidence."
2014-CAR-play_caller,2014,CAR,play_caller,explicit_play_caller_evidence_required,,high,open,https://basement.crucifyd.com/zone/seahawks/record-fact/NFL%20-%202014%20-%20Record%20%26%20Fact%20Book.pdf,Staff title is not evidence of play-calling duty; locate dated team or league reporting and assignment interval.
2014-CAR-quarterbacks_coach-interval,2014,CAR,quarterbacks_coach,season_interval_verification_required,Ken Dorsey,medium,open,https://basement.crucifyd.com/zone/seahawks/record-fact/NFL%20-%202014%20-%20Record%20%26%20Fact%20Book.pdf,"Preseason designation is sourced, but weekly tenure requires dated in-season or retrospective evidence."
2014-CHI-offensive_coordinator-interval,2014,CHI,offensive_coordinator,season_interval_verification_required,Aaron Kromer,medium,open,https://basement.crucifyd.com/zone/seahawks/record-fact/NFL%20-%202014%20-%20Record%20%26%20Fact%20Book.pdf,"Preseason designation is sourced, but weekly tenure requires dated in-season or retrospective evidence."
2014-CHI-play_caller,2014,CHI,play_caller,explicit_play_caller_evidence_required,,high,open,https://basement.crucifyd.com/zone/seahawks/record-fact/NFL%20-%202014%20-%20Record%20%26%20Fact%20Book.pdf,Staff title is not evidence of play-calling duty; locate dated team or league reporting and assignment interval.
2014-CHI-quarterbacks_coach-interval,2014,CHI,quarterbacks_coach,season_interval_verification_required,Matt Cavanaugh,medium,open,https://basement.crucifyd.com/zone/seahawks/record-fact/NFL%20-%202014%20-%20Record%20%26%20Fact%20Book.pdf,"Preseason designation is sourced, but weekly tenure requires dated in-season or retrospective evidence."
2014-CIN-offensive_coordinator-interval,2014,CIN,offensive_coordinator,season_interval_verification_required,Hue Jackson,medium,open,https://basement.crucifyd.com/zone/seahawks/record-fact/NFL%20-%202014%20-%20Record%20%26%20Fact%20Book.pdf,"Preseason designation is sourced, but weekly tenure requires dated in-season or retrospective evidence."
2014-CIN-play_caller,2014,CIN,play_caller,explicit_play_caller_evidence_required,,high,open,https://basement.crucifyd.com/zone/seahawks/record-fact/NFL%20-%202014%20-%20Record%20%26%20Fact%20Book.pdf,Staff title is not evidence of play-calling duty; locate dated team or league reporting and assignment interval.
2014-CIN-quarterbacks_coach-interval,2014,CIN,quarterbacks_coach,season_interval_verification_required,Ken Zampese,medium,open,https://basement.crucifyd.com/zone/seahawks/record-fact/NFL%20-%202014%20-%20Record%20%26%20Fact%20Book.pdf,"Preseason designation is sourced, but weekly tenure requires dated in-season or retrospective evidence."
2014-CLE-offensive_coordinator-interval,2014,CLE,offensive_coordinator,season_interval_verification_required,Kyle Shanahan,medium,open,https://basement.crucifyd.com/zone/seahawks/record-fact/NFL%20-%202014%20-%20Record%20%26%20Fact%20Book.pdf,"Preseason designation is sourced, but weekly tenure requires dated in-season or retrospective evidence."
2014-CLE-play_caller,2014,CLE,play_caller,explicit_play_caller_evidence_required,,high,open,https://basement.crucifyd.com/zone/seahawks/record-fact/NFL%20-%202014%20-%20Record%20%26%20Fact%20Book.pdf,Staff title is not evidence of play-calling duty; locate dated team or league reporting and assignment interval.
2014-CLE-quarterbacks_coach-interval,2014,CLE,quarterbacks_coach,season_interval_verification_required,Dowell Loggains,medium,open,https://basement.crucifyd.com/zone/seahawks/record-fact/NFL%20-%202014%20-%20Record%20%26%20Fact%20Book.pdf,"Preseason designation is sourced, but weekly tenure requires dated in-season or retrospective evidence."
2014-DAL-offensive_coordinator-interval,2014,DAL,offensive_coordinator,season_interval_verification_required,Bill Callahan,medium,open,https://basement.crucifyd.com/zone/seahawks/record-fact/NFL%20-%202014%20-%20Record%20%26%20Fact%20Book.pdf,"Preseason designation is sourced, but weekly tenure requires dated in-season or retrospective evidence."
2014-DAL-play_caller,2014,DAL,play_caller,explicit_play_caller_evidence_required,,high,open,https://basement.crucifyd.com/zone/seahawks/record-fact/NFL%20-%202014%20-%20Record%20%26%20Fact%20Book.pdf,Staff title is not evidence of play-calling duty; locate dated team or league reporting and assignment interval.
2014-DAL-quarterbacks_coach-interval,2014,DAL,quarterbacks_coach,season_interval_verification_required,Wade Wilson,medium,open,https://basement.crucifyd.com/zone/seahawks/record-fact/NFL%20-%202014%20-%20Record%20%26%20Fact%20Book.pdf,"Preseason designation is sourced, but weekly tenure requires dated in-season or retrospective evidence."
2014-DEN-offensive_coordinator-interval,2014,DEN,offensive_coordinator,season_interval_verification_required,Adam Gase,medium,open,https://basement.crucifyd.com/zone/seahawks/record-fact/NFL%20-%202014%20-%20Record%20%26%20Fact%20Book.pdf,"Preseason designation is sourced, but weekly tenure requires dated in-season or retrospective evidence."
2014-DEN-play_caller,2014,DEN,play_caller,explicit_play_caller_evidence_required,,high,open,https://basement.crucifyd.com/zone/seahawks/record-fact/NFL%20-%202014%20-%20Record%20%26%20Fact%20Book.pdf,Staff title is not evidence of play-calling duty; locate dated team or league reporting and assignment interval.
2014-DEN-quarterbacks_coach-interval,2014,DEN,quarterbacks_coach,season_interval_verification_required,Greg Knapp,medium,open,https://basement.crucifyd.com/zone/seahawks/record-fact/NFL%20-%202014%20-%20Record%20%26%20Fact%20Book.pdf,"Preseason designation is sourced, but weekly tenure requires dated in-season or retrospective evidence."
2014-DET-offensive_coordinator-interval,2014,DET,offensive_coordinator,season_interval_verification_required,Joe Lombardi,medium,open,https://basement.crucifyd.com/zone/seahawks/record-fact/NFL%20-%202014%20-%20Record%20%26%20Fact%20Book.pdf,"Preseason designation is sourced, but weekly tenure requires dated in-season or retrospective evidence."
2014-DET-play_caller,2014,DET,play_caller,explicit_play_caller_evidence_required,,high,open,https://basement.crucifyd.com/zone/seahawks/record-fact/NFL%20-%202014%20-%20Record%20%26%20Fact%20Book.pdf,Staff title is not evidence of play-calling duty; locate dated team or league reporting and assignment interval.
2014-DET-quarterbacks_coach,2014,DET,quarterbacks_coach,missing_formal_role,Jim Bob Cooter,medium,resolved,https://www.detroitlions.com/news/a-closer-look-jim-bob-cooter-20190239,Independent audit resolved every regular-season week with source-backed person intervals and/or verified no-separately-designated-role evidence; see coaching_evidence_11b.csv and coaching_no_role_evidence_11b.csv.
2014-GB-offensive_coordinator-interval,2014,GB,offensive_coordinator,season_interval_verification_required,Tom Clements,medium,open,https://basement.crucifyd.com/zone/seahawks/record-fact/NFL%20-%202014%20-%20Record%20%26%20Fact%20Book.pdf,"Preseason designation is sourced, but weekly tenure requires dated in-season or retrospective evidence."
2014-GB-play_caller,2014,GB,play_caller,explicit_play_caller_evidence_required,,high,open,https://basement.crucifyd.com/zone/seahawks/record-fact/NFL%20-%202014%20-%20Record%20%26%20Fact%20Book.pdf,Staff title is not evidence of play-calling duty; locate dated team or league reporting and assignment interval.
2014-GB-quarterbacks_coach-interval,2014,GB,quarterbacks_coach,season_interval_verification_required,Alex Van Pelt,medium,open,https://basement.crucifyd.com/zone/seahawks/record-fact/NFL%20-%202014%20-%20Record%20%26%20Fact%20Book.pdf,"Preseason designation is sourced, but weekly tenure requires dated in-season or retrospective evidence."
2014-HOU-offensive_coordinator,2014,HOU,offensive_coordinator,missing_formal_role,NO_SEPARATELY_DESIGNATED_ROLE,medium,resolved,https://www.nfl.com/news/bill-o-brien-s-texans-roll-with-no-offensive-coordinator-0ap2000000324214,Independent audit resolved every regular-season week with source-backed person intervals and/or verified no-separately-designated-role evidence; see coaching_evidence_11b.csv and coaching_no_role_evidence_11b.csv.
2014-HOU-play_caller,2014,HOU,play_caller,explicit_play_caller_evidence_required,,high,open,https://basement.crucifyd.com/zone/seahawks/record-fact/NFL%20-%202014%20-%20Record%20%26%20Fact%20Book.pdf,Staff title is not evidence of play-calling duty; locate dated team or league reporting and assignment interval.
2014-HOU-quarterbacks_coach-interval,2014,HOU,quarterbacks_coach,season_interval_verification_required,George Godsey,medium,open,https://basement.crucifyd.com/zone/seahawks/record-fact/NFL%20-%202014%20-%20Record%20%26%20Fact%20Book.pdf,"Preseason designation is sourced, but weekly tenure requires dated in-season or retrospective evidence."
2014-IND-offensive_coordinator-interval,2014,IND,offensive_coordinator,season_interval_verification_required,Pep Hamilton,medium,open,https://basement.crucifyd.com/zone/seahawks/record-fact/NFL%20-%202014%20-%20Record%20%26%20Fact%20Book.pdf,"Preseason designation is sourced, but weekly tenure requires dated in-season or retrospective evidence."
2014-IND-play_caller,2014,IND,play_caller,explicit_play_caller_evidence_required,,high,open,https://basement.crucifyd.com/zone/seahawks/record-fact/NFL%20-%202014%20-%20Record%20%26%20Fact%20Book.pdf,Staff title is not evidence of play-calling duty; locate dated team or league reporting and assignment interval.
2014-IND-quarterbacks_coach-interval,2014,IND,quarterbacks_coach,season_interval_verification_required,Clyde Christensen,medium,open,https://basement.crucifyd.com/zone/seahawks/record-fact/NFL%20-%202014%20-%20Record%20%26%20Fact%20Book.pdf,"Preseason designation is sourced, but weekly tenure requires dated in-season or retrospective evidence."
2014-JAX-offensive_coordinator-interval,2014,JAX,offensive_coordinator,season_interval_verification_required,Jedd Fisch,medium,open,https://basement.crucifyd.com/zone/seahawks/record-fact/NFL%20-%202014%20-%20Record%20%26%20Fact%20Book.pdf,"Preseason designation is sourced, but weekly tenure requires dated in-season or retrospective evidence."
2014-JAX-play_caller,2014,JAX,play_caller,explicit_play_caller_evidence_required,,high,open,https://basement.crucifyd.com/zone/seahawks/record-fact/NFL%20-%202014%20-%20Record%20%26%20Fact%20Book.pdf,Staff title is not evidence of play-calling duty; locate dated team or league reporting and assignment interval.
2014-JAX-quarterbacks_coach-interval,2014,JAX,quarterbacks_coach,season_interval_verification_required,Frank Scelfo,medium,open,https://basement.crucifyd.com/zone/seahawks/record-fact/NFL%20-%202014%20-%20Record%20%26%20Fact%20Book.pdf,"Preseason designation is sourced, but weekly tenure requires dated in-season or retrospective evidence."
2014-KC-offensive_coordinator-interval,2014,KC,offensive_coordinator,season_interval_verification_required,Doug Pederson,medium,open,https://basement.crucifyd.com/zone/seahawks/record-fact/NFL%20-%202014%20-%20Record%20%26%20Fact%20Book.pdf,"Preseason designation is sourced, but weekly tenure requires dated in-season or retrospective evidence."
2014-KC-play_caller,2014,KC,play_caller,explicit_play_caller_evidence_required,,high,open,https://basement.crucifyd.com/zone/seahawks/record-fact/NFL%20-%202014%20-%20Record%20%26%20Fact%20Book.pdf,Staff title is not evidence of play-calling duty; locate dated team or league reporting and assignment interval.
2014-KC-quarterbacks_coach-interval,2014,KC,quarterbacks_coach,season_interval_verification_required,Matt Nagy,medium,open,https://basement.crucifyd.com/zone/seahawks/record-fact/NFL%20-%202014%20-%20Record%20%26%20Fact%20Book.pdf,"Preseason designation is sourced, but weekly tenure requires dated in-season or retrospective evidence."
2014-LA-offensive_coordinator-interval,2014,LA,offensive_coordinator,season_interval_verification_required,Brian Schottenheimer,medium,open,https://basement.crucifyd.com/zone/seahawks/record-fact/NFL%20-%202014%20-%20Record%20%26%20Fact%20Book.pdf,"Preseason designation is sourced, but weekly tenure requires dated in-season or retrospective evidence."
2014-LA-play_caller,2014,LA,play_caller,explicit_play_caller_evidence_required,,high,open,https://basement.crucifyd.com/zone/seahawks/record-fact/NFL%20-%202014%20-%20Record%20%26%20Fact%20Book.pdf,Staff title is not evidence of play-calling duty; locate dated team or league reporting and assignment interval.
2014-LA-quarterbacks_coach-interval,2014,LA,quarterbacks_coach,season_interval_verification_required,Frank Cignetti Jr,medium,open,https://basement.crucifyd.com/zone/seahawks/record-fact/NFL%20-%202014%20-%20Record%20%26%20Fact%20Book.pdf,"Preseason designation is sourced, but weekly tenure requires dated in-season or retrospective evidence."
2014-LAC-offensive_coordinator-interval,2014,LAC,offensive_coordinator,season_interval_verification_required,Frank Reich,medium,open,https://basement.crucifyd.com/zone/seahawks/record-fact/NFL%20-%202014%20-%20Record%20%26%20Fact%20Book.pdf,"Preseason designation is sourced, but weekly tenure requires dated in-season or retrospective evidence."
2014-LAC-play_caller,2014,LAC,play_caller,explicit_play_caller_evidence_required,,high,open,https://basement.crucifyd.com/zone/seahawks/record-fact/NFL%20-%202014%20-%20Record%20%26%20Fact%20Book.pdf,Staff title is not evidence of play-calling duty; locate dated team or league reporting and assignment interval.
2014-LAC-quarterbacks_coach-interval,2014,LAC,quarterbacks_coach,season_interval_verification_required,Nick Sirianni,medium,open,https://basement.crucifyd.com/zone/seahawks/record-fact/NFL%20-%202014%20-%20Record%20%26%20Fact%20Book.pdf,"Preseason designation is sourced, but weekly tenure requires dated in-season or retrospective evidence."
2014-LV-offensive_coordinator-interval,2014,LV,offensive_coordinator,season_interval_verification_required,Greg Olson,medium,open,https://basement.crucifyd.com/zone/seahawks/record-fact/NFL%20-%202014%20-%20Record%20%26%20Fact%20Book.pdf,"Preseason designation is sourced, but weekly tenure requires dated in-season or retrospective evidence."
2014-LV-play_caller,2014,LV,play_caller,explicit_play_caller_evidence_required,,high,open,https://basement.crucifyd.com/zone/seahawks/record-fact/NFL%20-%202014%20-%20Record%20%26%20Fact%20Book.pdf,Staff title is not evidence of play-calling duty; locate dated team or league reporting and assignment interval.
2014-LV-quarterbacks_coach-interval,2014,LV,quarterbacks_coach,season_interval_verification_required,John DeFilippo,medium,open,https://basement.crucifyd.com/zone/seahawks/record-fact/NFL%20-%202014%20-%20Record%20%26%20Fact%20Book.pdf,"Preseason designation is sourced, but weekly tenure requires dated in-season or retrospective evidence."
2014-MIA-offensive_coordinator-interval,2014,MIA,offensive_coordinator,season_interval_verification_required,Bill Lazor,medium,open,https://basement.crucifyd.com/zone/seahawks/record-fact/NFL%20-%202014%20-%20Record%20%26%20Fact%20Book.pdf,"Preseason designation is sourced, but weekly tenure requires dated in-season or retrospective evidence."
2014-MIA-play_caller,2014,MIA,play_caller,explicit_play_caller_evidence_required,,high,open,https://basement.crucifyd.com/zone/seahawks/record-fact/NFL%20-%202014%20-%20Record%20%26%20Fact%20Book.pdf,Staff title is not evidence of play-calling duty; locate dated team or league reporting and assignment interval.
2014-MIA-quarterbacks_coach-interval,2014,MIA,quarterbacks_coach,season_interval_verification_required,Zac Taylor,medium,open,https://basement.crucifyd.com/zone/seahawks/record-fact/NFL%20-%202014%20-%20Record%20%26%20Fact%20Book.pdf,"Preseason designation is sourced, but weekly tenure requires dated in-season or retrospective evidence."
2014-MIN-offensive_coordinator-interval,2014,MIN,offensive_coordinator,season_interval_verification_required,Norv Turner,medium,open,https://basement.crucifyd.com/zone/seahawks/record-fact/NFL%20-%202014%20-%20Record%20%26%20Fact%20Book.pdf,"Preseason designation is sourced, but weekly tenure requires dated in-season or retrospective evidence."
2014-MIN-play_caller,2014,MIN,play_caller,explicit_play_caller_evidence_required,,high,open,https://basement.crucifyd.com/zone/seahawks/record-fact/NFL%20-%202014%20-%20Record%20%26%20Fact%20Book.pdf,Staff title is not evidence of play-calling duty; locate dated team or league reporting and assignment interval.
2014-MIN-quarterbacks_coach-interval,2014,MIN,quarterbacks_coach,season_interval_verification_required,Scott Turner,medium,open,https://basement.crucifyd.com/zone/seahawks/record-fact/NFL%20-%202014%20-%20Record%20%26%20Fact%20Book.pdf,"Preseason designation is sourced, but weekly tenure requires dated in-season or retrospective evidence."
2014-NE-offensive_coordinator,2014,NE,offensive_coordinator,missing_formal_role,Josh McDaniels,medium,resolved,https://basement.crucifyd.com/zone/seahawks/record-fact/NFL%20-%202014%20-%20Record%20%26%20Fact%20Book.pdf,Independent audit resolved every regular-season week with source-backed person intervals and/or verified no-separately-designated-role evidence; see coaching_evidence_11b.csv and coaching_no_role_evidence_11b.csv.
2014-NE-play_caller,2014,NE,play_caller,explicit_play_caller_evidence_required,,high,open,https://basement.crucifyd.com/zone/seahawks/record-fact/NFL%20-%202014%20-%20Record%20%26%20Fact%20Book.pdf,Staff title is not evidence of play-calling duty; locate dated team or league reporting and assignment interval.
2014-NE-quarterbacks_coach,2014,NE,quarterbacks_coach,missing_formal_role,Josh McDaniels,medium,resolved,https://basement.crucifyd.com/zone/seahawks/record-fact/NFL%20-%202014%20-%20Record%20%26%20Fact%20Book.pdf,Independent audit resolved every regular-season week with source-backed person intervals and/or verified no-separately-designated-role evidence; see coaching_evidence_11b.csv and coaching_no_role_evidence_11b.csv.
2014-NO-offensive_coordinator-interval,2014,NO,offensive_coordinator,season_interval_verification_required,Pete Carmichael,medium,open,https://basement.crucifyd.com/zone/seahawks/record-fact/NFL%20-%202014%20-%20Record%20%26%20Fact%20Book.pdf,"Preseason designation is sourced, but weekly tenure requires dated in-season or retrospective evidence."
2014-NO-play_caller,2014,NO,play_caller,explicit_play_caller_evidence_required,,high,open,https://basement.crucifyd.com/zone/seahawks/record-fact/NFL%20-%202014%20-%20Record%20%26%20Fact%20Book.pdf,Staff title is not evidence of play-calling duty; locate dated team or league reporting and assignment interval.
2014-NO-quarterbacks_coach-interval,2014,NO,quarterbacks_coach,season_interval_verification_required,Mike Neu,medium,open,https://basement.crucifyd.com/zone/seahawks/record-fact/NFL%20-%202014%20-%20Record%20%26%20Fact%20Book.pdf,"Preseason designation is sourced, but weekly tenure requires dated in-season or retrospective evidence."
2014-NYG-offensive_coordinator-interval,2014,NYG,offensive_coordinator,season_interval_verification_required,Ben McAdoo,medium,open,https://basement.crucifyd.com/zone/seahawks/record-fact/NFL%20-%202014%20-%20Record%20%26%20Fact%20Book.pdf,"Preseason designation is sourced, but weekly tenure requires dated in-season or retrospective evidence."
2014-NYG-play_caller,2014,NYG,play_caller,explicit_play_caller_evidence_required,,high,open,https://basement.crucifyd.com/zone/seahawks/record-fact/NFL%20-%202014%20-%20Record%20%26%20Fact%20Book.pdf,Staff title is not evidence of play-calling duty; locate dated team or league reporting and assignment interval.
2014-NYG-quarterbacks_coach-interval,2014,NYG,quarterbacks_coach,season_interval_verification_required,Danny Langsdorf,medium,open,https://basement.crucifyd.com/zone/seahawks/record-fact/NFL%20-%202014%20-%20Record%20%26%20Fact%20Book.pdf,"Preseason designation is sourced, but weekly tenure requires dated in-season or retrospective evidence."
2014-NYJ-offensive_coordinator-interval,2014,NYJ,offensive_coordinator,season_interval_verification_required,Marty Mornhinweg,medium,open,https://basement.crucifyd.com/zone/seahawks/record-fact/NFL%20-%202014%20-%20Record%20%26%20Fact%20Book.pdf,"Preseason designation is sourced, but weekly tenure requires dated in-season or retrospective evidence."
2014-NYJ-play_caller,2014,NYJ,play_caller,explicit_play_caller_evidence_required,,high,open,https://basement.crucifyd.com/zone/seahawks/record-fact/NFL%20-%202014%20-%20Record%20%26%20Fact%20Book.pdf,Staff title is not evidence of play-calling duty; locate dated team or league reporting and assignment interval.
2014-NYJ-quarterbacks_coach-interval,2014,NYJ,quarterbacks_coach,season_interval_verification_required,David Lee,medium,open,https://basement.crucifyd.com/zone/seahawks/record-fact/NFL%20-%202014%20-%20Record%20%26%20Fact%20Book.pdf,"Preseason designation is sourced, but weekly tenure requires dated in-season or retrospective evidence."
2014-PHI-offensive_coordinator-interval,2014,PHI,offensive_coordinator,season_interval_verification_required,Pat Shurmur,medium,open,https://basement.crucifyd.com/zone/seahawks/record-fact/NFL%20-%202014%20-%20Record%20%26%20Fact%20Book.pdf,"Preseason designation is sourced, but weekly tenure requires dated in-season or retrospective evidence."
2014-PHI-play_caller,2014,PHI,play_caller,explicit_play_caller_evidence_required,,high,open,https://basement.crucifyd.com/zone/seahawks/record-fact/NFL%20-%202014%20-%20Record%20%26%20Fact%20Book.pdf,Staff title is not evidence of play-calling duty; locate dated team or league reporting and assignment interval.
2014-PHI-quarterbacks_coach-interval,2014,PHI,quarterbacks_coach,season_interval_verification_required,Bill Musgrave,medium,open,https://basement.crucifyd.com/zone/seahawks/record-fact/NFL%20-%202014%20-%20Record%20%26%20Fact%20Book.pdf,"Preseason designation is sourced, but weekly tenure requires dated in-season or retrospective evidence."
2014-PIT-offensive_coordinator-interval,2014,PIT,offensive_coordinator,season_interval_verification_required,Todd Haley,medium,open,https://basement.crucifyd.com/zone/seahawks/record-fact/NFL%20-%202014%20-%20Record%20%26%20Fact%20Book.pdf,"Preseason designation is sourced, but weekly tenure requires dated in-season or retrospective evidence."
2014-PIT-play_caller,2014,PIT,play_caller,explicit_play_caller_evidence_required,,high,open,https://basement.crucifyd.com/zone/seahawks/record-fact/NFL%20-%202014%20-%20Record%20%26%20Fact%20Book.pdf,Staff title is not evidence of play-calling duty; locate dated team or league reporting and assignment interval.
2014-PIT-quarterbacks_coach-interval,2014,PIT,quarterbacks_coach,season_interval_verification_required,Randy Fichtner,medium,open,https://basement.crucifyd.com/zone/seahawks/record-fact/NFL%20-%202014%20-%20Record%20%26%20Fact%20Book.pdf,"Preseason designation is sourced, but weekly tenure requires dated in-season or retrospective evidence."
2014-SEA-offensive_coordinator-interval,2014,SEA,offensive_coordinator,season_interval_verification_required,Darrell Bevell,medium,open,https://basement.crucifyd.com/zone/seahawks/record-fact/NFL%20-%202014%20-%20Record%20%26%20Fact%20Book.pdf,"Preseason designation is sourced, but weekly tenure requires dated in-season or retrospective evidence."
2014-SEA-play_caller,2014,SEA,play_caller,explicit_play_caller_evidence_required,,high,open,https://basement.crucifyd.com/zone/seahawks/record-fact/NFL%20-%202014%20-%20Record%20%26%20Fact%20Book.pdf,Staff title is not evidence of play-calling duty; locate dated team or league reporting and assignment interval.
2014-SEA-quarterbacks_coach,2014,SEA,quarterbacks_coach,missing_formal_role,Carl Smith,medium,resolved,https://www.seahawks.com/photos/through-the-years-carl-smith,Independent audit resolved every regular-season week with source-backed person intervals and/or verified no-separately-designated-role evidence; see coaching_evidence_11b.csv and coaching_no_role_evidence_11b.csv.
2014-SF-offensive_coordinator,2014,SF,offensive_coordinator,missing_formal_role,Greg Roman,medium,resolved,https://www.49ers.com/news/every-49ers-offensive-coordinator-since-bill-walsh-14856236,Independent audit resolved every regular-season week with source-backed person intervals and/or verified no-separately-designated-role evidence; see coaching_evidence_11b.csv and coaching_no_role_evidence_11b.csv.
2014-SF-play_caller,2014,SF,play_caller,explicit_play_caller_evidence_required,,high,open,https://basement.crucifyd.com/zone/seahawks/record-fact/NFL%20-%202014%20-%20Record%20%26%20Fact%20Book.pdf,Staff title is not evidence of play-calling duty; locate dated team or league reporting and assignment interval.
2014-SF-quarterbacks_coach,2014,SF,quarterbacks_coach,missing_formal_role,Geep Chryst,medium,resolved,https://www.49ers.com/news/blaine-gabbert-cites-stability-for-return-to-49ers-15468326,Independent audit resolved every regular-season week with source-backed person intervals and/or verified no-separately-designated-role evidence; see coaching_evidence_11b.csv and coaching_no_role_evidence_11b.csv.
2014-TB-offensive_coordinator-interval,2014,TB,offensive_coordinator,season_interval_verification_required,Jeff Tedford,medium,open,https://basement.crucifyd.com/zone/seahawks/record-fact/NFL%20-%202014%20-%20Record%20%26%20Fact%20Book.pdf,"Preseason designation is sourced, but weekly tenure requires dated in-season or retrospective evidence."
2014-TB-play_caller,2014,TB,play_caller,explicit_play_caller_evidence_required,,high,open,https://basement.crucifyd.com/zone/seahawks/record-fact/NFL%20-%202014%20-%20Record%20%26%20Fact%20Book.pdf,Staff title is not evidence of play-calling duty; locate dated team or league reporting and assignment interval.
2014-TB-quarterbacks_coach-interval,2014,TB,quarterbacks_coach,season_interval_verification_required,Marcus Arroyo,medium,open,https://basement.crucifyd.com/zone/seahawks/record-fact/NFL%20-%202014%20-%20Record%20%26%20Fact%20Book.pdf,"Preseason designation is sourced, but weekly tenure requires dated in-season or retrospective evidence."
2014-TEN-offensive_coordinator-interval,2014,TEN,offensive_coordinator,season_interval_verification_required,Jason Michael,medium,open,https://basement.crucifyd.com/zone/seahawks/record-fact/NFL%20-%202014%20-%20Record%20%26%20Fact%20Book.pdf,"Preseason designation is sourced, but weekly tenure requires dated in-season or retrospective evidence."
2014-TEN-play_caller,2014,TEN,play_caller,explicit_play_caller_evidence_required,,high,open,https://basement.crucifyd.com/zone/seahawks/record-fact/NFL%20-%202014%20-%20Record%20%26%20Fact%20Book.pdf,Staff title is not evidence of play-calling duty; locate dated team or league reporting and assignment interval.
2014-TEN-quarterbacks_coach-interval,2014,TEN,quarterbacks_coach,season_interval_verification_required,John McNulty,medium,open,https://basement.crucifyd.com/zone/seahawks/record-fact/NFL%20-%202014%20-%20Record%20%26%20Fact%20Book.pdf,"Preseason designation is sourced, but weekly tenure requires dated in-season or retrospective evidence."
2014-WAS-offensive_coordinator-interval,2014,WAS,offensive_coordinator,season_interval_verification_required,Sean McVay,medium,open,https://basement.crucifyd.com/zone/seahawks/record-fact/NFL%20-%202014%20-%20Record%20%26%20Fact%20Book.pdf,"Preseason designation is sourced, but weekly tenure requires dated in-season or retrospective evidence."
2014-WAS-play_caller,2014,WAS,play_caller,explicit_play_caller_evidence_required,,high,open,https://basement.crucifyd.com/zone/seahawks/record-fact/NFL%20-%202014%20-%20Record%20%26%20Fact%20Book.pdf,Staff title is not evidence of play-calling duty; locate dated team or league reporting and assignment interval.
2014-WAS-quarterbacks_coach,2014,WAS,quarterbacks_coach,missing_formal_role,NO_SEPARATELY_DESIGNATED_ROLE,medium,resolved,https://media.washington.1rmg.com/wp-content/uploads/2018/03/16041116/2014_Washington_Redskins_Media_Guide_Online.pdf,Independent audit resolved every regular-season week with source-backed person intervals and/or verified no-separately-designated-role evidence; see coaching_evidence_11b.csv and coaching_no_role_evidence_11b.csv.
2015-ARI-offensive_coordinator-interval,2015,ARI,offensive_coordinator,season_interval_verification_required,Harold Goodwin,medium,open,https://basement.crucifyd.com/zone/seahawks/record-fact/NFL%20-%202015%20-%20Record%20%26%20Fact%20Book.pdf,"Preseason designation is sourced, but weekly tenure requires dated in-season or retrospective evidence."
2015-ARI-play_caller,2015,ARI,play_caller,explicit_play_caller_evidence_required,,high,open,https://basement.crucifyd.com/zone/seahawks/record-fact/NFL%20-%202015%20-%20Record%20%26%20Fact%20Book.pdf,Staff title is not evidence of play-calling duty; locate dated team or league reporting and assignment interval.
2015-ARI-quarterbacks_coach-interval,2015,ARI,quarterbacks_coach,season_interval_verification_required,Freddie Kitchens,medium,open,https://basement.crucifyd.com/zone/seahawks/record-fact/NFL%20-%202015%20-%20Record%20%26%20Fact%20Book.pdf,"Preseason designation is sourced, but weekly tenure requires dated in-season or retrospective evidence."
2015-ATL-offensive_coordinator-interval,2015,ATL,offensive_coordinator,season_interval_verification_required,Kyle Shanahan,medium,open,https://basement.crucifyd.com/zone/seahawks/record-fact/NFL%20-%202015%20-%20Record%20%26%20Fact%20Book.pdf,"Preseason designation is sourced, but weekly tenure requires dated in-season or retrospective evidence."
2015-ATL-play_caller,2015,ATL,play_caller,explicit_play_caller_evidence_required,,high,open,https://basement.crucifyd.com/zone/seahawks/record-fact/NFL%20-%202015%20-%20Record%20%26%20Fact%20Book.pdf,Staff title is not evidence of play-calling duty; locate dated team or league reporting and assignment interval.
2015-ATL-quarterbacks_coach-interval,2015,ATL,quarterbacks_coach,season_interval_verification_required,Matt LaFleur,medium,open,https://basement.crucifyd.com/zone/seahawks/record-fact/NFL%20-%202015%20-%20Record%20%26%20Fact%20Book.pdf,"Preseason designation is sourced, but weekly tenure requires dated in-season or retrospective evidence."
2015-BAL-offensive_coordinator-interval,2015,BAL,offensive_coordinator,season_interval_verification_required,Marc Trestman,medium,open,https://basement.crucifyd.com/zone/seahawks/record-fact/NFL%20-%202015%20-%20Record%20%26%20Fact%20Book.pdf,"Preseason designation is sourced, but weekly tenure requires dated in-season or retrospective evidence."
2015-BAL-play_caller,2015,BAL,play_caller,explicit_play_caller_evidence_required,,high,open,https://basement.crucifyd.com/zone/seahawks/record-fact/NFL%20-%202015%20-%20Record%20%26%20Fact%20Book.pdf,Staff title is not evidence of play-calling duty; locate dated team or league reporting and assignment interval.
2015-BAL-quarterbacks_coach-interval,2015,BAL,quarterbacks_coach,season_interval_verification_required,Marty Mornhinweg,medium,open,https://basement.crucifyd.com/zone/seahawks/record-fact/NFL%20-%202015%20-%20Record%20%26%20Fact%20Book.pdf,"Preseason designation is sourced, but weekly tenure requires dated in-season or retrospective evidence."
2015-BUF-offensive_coordinator-interval,2015,BUF,offensive_coordinator,season_interval_verification_required,Greg Roman,medium,open,https://basement.crucifyd.com/zone/seahawks/record-fact/NFL%20-%202015%20-%20Record%20%26%20Fact%20Book.pdf,"Preseason designation is sourced, but weekly tenure requires dated in-season or retrospective evidence."
2015-BUF-play_caller,2015,BUF,play_caller,explicit_play_caller_evidence_required,,high,open,https://basement.crucifyd.com/zone/seahawks/record-fact/NFL%20-%202015%20-%20Record%20%26%20Fact%20Book.pdf,Staff title is not evidence of play-calling duty; locate dated team or league reporting and assignment interval.
2015-BUF-quarterbacks_coach,2015,BUF,quarterbacks_coach,missing_formal_role,David Lee,medium,resolved,https://www.buffalobills.com/news/david-lee-named-bills-qb-coach-14807576,Independent audit resolved every regular-season week with source-backed person intervals and/or verified no-separately-designated-role evidence; see coaching_evidence_11b.csv and coaching_no_role_evidence_11b.csv.
2015-CAR-offensive_coordinator-interval,2015,CAR,offensive_coordinator,season_interval_verification_required,Mike Shula,medium,open,https://basement.crucifyd.com/zone/seahawks/record-fact/NFL%20-%202015%20-%20Record%20%26%20Fact%20Book.pdf,"Preseason designation is sourced, but weekly tenure requires dated in-season or retrospective evidence."
2015-CAR-play_caller,2015,CAR,play_caller,explicit_play_caller_evidence_required,,high,open,https://basement.crucifyd.com/zone/seahawks/record-fact/NFL%20-%202015%20-%20Record%20%26%20Fact%20Book.pdf,Staff title is not evidence of play-calling duty; locate dated team or league reporting and assignment interval.
2015-CAR-quarterbacks_coach,2015,CAR,quarterbacks_coach,missing_formal_role,Ken Dorsey,medium,resolved,https://www.panthers.com/news/panthers-part-ways-with-oc-mike-shula-qb-coach-ken-dorsey-20226264,Independent audit resolved every regular-season week with source-backed person intervals and/or verified no-separately-designated-role evidence; see coaching_evidence_11b.csv and coaching_no_role_evidence_11b.csv.
2015-CHI-offensive_coordinator-interval,2015,CHI,offensive_coordinator,season_interval_verification_required,Adam Gase,medium,open,https://basement.crucifyd.com/zone/seahawks/record-fact/NFL%20-%202015%20-%20Record%20%26%20Fact%20Book.pdf,"Preseason designation is sourced, but weekly tenure requires dated in-season or retrospective evidence."
2015-CHI-play_caller,2015,CHI,play_caller,explicit_play_caller_evidence_required,,high,open,https://basement.crucifyd.com/zone/seahawks/record-fact/NFL%20-%202015%20-%20Record%20%26%20Fact%20Book.pdf,Staff title is not evidence of play-calling duty; locate dated team or league reporting and assignment interval.
2015-CHI-quarterbacks_coach-interval,2015,CHI,quarterbacks_coach,season_interval_verification_required,Dowell Loggains,medium,open,https://basement.crucifyd.com/zone/seahawks/record-fact/NFL%20-%202015%20-%20Record%20%26%20Fact%20Book.pdf,"Preseason designation is sourced, but weekly tenure requires dated in-season or retrospective evidence."
2015-CIN-offensive_coordinator-interval,2015,CIN,offensive_coordinator,season_interval_verification_required,Hue Jackson,medium,open,https://basement.crucifyd.com/zone/seahawks/record-fact/NFL%20-%202015%20-%20Record%20%26%20Fact%20Book.pdf,"Preseason designation is sourced, but weekly tenure requires dated in-season or retrospective evidence."
2015-CIN-play_caller,2015,CIN,play_caller,explicit_play_caller_evidence_required,,high,open,https://basement.crucifyd.com/zone/seahawks/record-fact/NFL%20-%202015%20-%20Record%20%26%20Fact%20Book.pdf,Staff title is not evidence of play-calling duty; locate dated team or league reporting and assignment interval.
2015-CIN-quarterbacks_coach-interval,2015,CIN,quarterbacks_coach,season_interval_verification_required,Ken Zampese,medium,open,https://basement.crucifyd.com/zone/seahawks/record-fact/NFL%20-%202015%20-%20Record%20%26%20Fact%20Book.pdf,"Preseason designation is sourced, but weekly tenure requires dated in-season or retrospective evidence."
2015-CLE-offensive_coordinator-interval,2015,CLE,offensive_coordinator,season_interval_verification_required,John DeFilippo,medium,open,https://basement.crucifyd.com/zone/seahawks/record-fact/NFL%20-%202015%20-%20Record%20%26%20Fact%20Book.pdf,"Preseason designation is sourced, but weekly tenure requires dated in-season or retrospective evidence."
2015-CLE-play_caller,2015,CLE,play_caller,explicit_play_caller_evidence_required,,high,open,https://basement.crucifyd.com/zone/seahawks/record-fact/NFL%20-%202015%20-%20Record%20%26%20Fact%20Book.pdf,Staff title is not evidence of play-calling duty; locate dated team or league reporting and assignment interval.
2015-CLE-quarterbacks_coach,2015,CLE,quarterbacks_coach,missing_formal_role,Kevin O'Connell,medium,resolved,https://www.clevelandbrowns.com/news/kevin-o-connell-hired-to-coach-qbs-as-browns-round-out-offensive-staff-14929028,Independent audit resolved every regular-season week with source-backed person intervals and/or verified no-separately-designated-role evidence; see coaching_evidence_11b.csv and coaching_no_role_evidence_11b.csv.
2015-DAL-offensive_coordinator,2015,DAL,offensive_coordinator,missing_formal_role,Scott Linehan,medium,resolved,https://www.dallascowboys.com/news/new-oc-linehan-says-close-locker-room-could-help-cowboys-take-next-step-371031,Independent audit resolved every regular-season week with source-backed person intervals and/or verified no-separately-designated-role evidence; see coaching_evidence_11b.csv and coaching_no_role_evidence_11b.csv.
2015-DAL-play_caller,2015,DAL,play_caller,explicit_play_caller_evidence_required,,high,open,https://basement.crucifyd.com/zone/seahawks/record-fact/NFL%20-%202015%20-%20Record%20%26%20Fact%20Book.pdf,Staff title is not evidence of play-calling duty; locate dated team or league reporting and assignment interval.
2015-DAL-quarterbacks_coach-interval,2015,DAL,quarterbacks_coach,season_interval_verification_required,Wade Wilson,medium,open,https://basement.crucifyd.com/zone/seahawks/record-fact/NFL%20-%202015%20-%20Record%20%26%20Fact%20Book.pdf,"Preseason designation is sourced, but weekly tenure requires dated in-season or retrospective evidence."
2015-DEN-offensive_coordinator-interval,2015,DEN,offensive_coordinator,season_interval_verification_required,Rick Dennison,medium,open,https://basement.crucifyd.com/zone/seahawks/record-fact/NFL%20-%202015%20-%20Record%20%26%20Fact%20Book.pdf,"Preseason designation is sourced, but weekly tenure requires dated in-season or retrospective evidence."
2015-DEN-play_caller,2015,DEN,play_caller,explicit_play_caller_evidence_required,,high,open,https://basement.crucifyd.com/zone/seahawks/record-fact/NFL%20-%202015%20-%20Record%20%26%20Fact%20Book.pdf,Staff title is not evidence of play-calling duty; locate dated team or league reporting and assignment interval.
2015-DEN-quarterbacks_coach-interval,2015,DEN,quarterbacks_coach,season_interval_verification_required,Greg Knapp,medium,open,https://basement.crucifyd.com/zone/seahawks/record-fact/NFL%20-%202015%20-%20Record%20%26%20Fact%20Book.pdf,"Preseason designation is sourced, but weekly tenure requires dated in-season or retrospective evidence."
2015-DET-play_caller,2015,DET,play_caller,explicit_play_caller_evidence_required,,high,open,https://basement.crucifyd.com/zone/seahawks/record-fact/NFL%20-%202015%20-%20Record%20%26%20Fact%20Book.pdf,Staff title is not evidence of play-calling duty; locate dated team or league reporting and assignment interval.
2015-DET-quarterbacks_coach-interval,2015,DET,quarterbacks_coach,season_interval_verification_required,Jim Bob Cooter,medium,open,https://basement.crucifyd.com/zone/seahawks/record-fact/NFL%20-%202015%20-%20Record%20%26%20Fact%20Book.pdf,"Preseason designation is sourced, but weekly tenure requires dated in-season or retrospective evidence."
2015-GB-offensive_coordinator-interval,2015,GB,offensive_coordinator,season_interval_verification_required,Edgar Bennett,medium,open,https://basement.crucifyd.com/zone/seahawks/record-fact/NFL%20-%202015%20-%20Record%20%26%20Fact%20Book.pdf,"Preseason designation is sourced, but weekly tenure requires dated in-season or retrospective evidence."
2015-GB-play_caller,2015,GB,play_caller,explicit_play_caller_evidence_required,,high,open,https://basement.crucifyd.com/zone/seahawks/record-fact/NFL%20-%202015%20-%20Record%20%26%20Fact%20Book.pdf,Staff title is not evidence of play-calling duty; locate dated team or league reporting and assignment interval.
2015-GB-quarterbacks_coach-interval,2015,GB,quarterbacks_coach,season_interval_verification_required,Alex Van Pelt,medium,open,https://basement.crucifyd.com/zone/seahawks/record-fact/NFL%20-%202015%20-%20Record%20%26%20Fact%20Book.pdf,"Preseason designation is sourced, but weekly tenure requires dated in-season or retrospective evidence."
2015-HOU-offensive_coordinator,2015,HOU,offensive_coordinator,missing_formal_role,George Godsey,medium,resolved,https://www.houstontexans.com/photos/the-coaches-15044783,Independent audit resolved every regular-season week with source-backed person intervals and/or verified no-separately-designated-role evidence; see coaching_evidence_11b.csv and coaching_no_role_evidence_11b.csv.
2015-HOU-play_caller,2015,HOU,play_caller,explicit_play_caller_evidence_required,,high,open,https://basement.crucifyd.com/zone/seahawks/record-fact/NFL%20-%202015%20-%20Record%20%26%20Fact%20Book.pdf,Staff title is not evidence of play-calling duty; locate dated team or league reporting and assignment interval.
2015-HOU-quarterbacks_coach,2015,HOU,quarterbacks_coach,missing_formal_role,George Godsey,medium,resolved,https://www.houstontexans.com/photos/the-coaches-15044783,Independent audit resolved every regular-season week with source-backed person intervals and/or verified no-separately-designated-role evidence; see coaching_evidence_11b.csv and coaching_no_role_evidence_11b.csv.
2015-IND-play_caller-uncovered,2015,IND,play_caller,partial_interval_unresolved,,high,open,https://www.nfl.com/news/colts-name-rob-chudzinski-offensive-coordinator-0ap3000000619170,Weeks 1-8 remain unresolved; do not infer the earlier play caller from staff title.
2015-IND-quarterbacks_coach-interval,2015,IND,quarterbacks_coach,season_interval_verification_required,Clyde Christensen,medium,open,https://basement.crucifyd.com/zone/seahawks/record-fact/NFL%20-%202015%20-%20Record%20%26%20Fact%20Book.pdf,"Preseason designation is sourced, but weekly tenure requires dated in-season or retrospective evidence."
2015-JAX-offensive_coordinator,2015,JAX,offensive_coordinator,missing_formal_role,Greg Olson,medium,resolved,https://www.jaguars.com/news/jaguars-hire-greg-olson-as-oc-14820648,Independent audit resolved every regular-season week with source-backed person intervals and/or verified no-separately-designated-role evidence; see coaching_evidence_11b.csv and coaching_no_role_evidence_11b.csv.
2015-JAX-play_caller,2015,JAX,play_caller,explicit_play_caller_evidence_required,,high,open,https://basement.crucifyd.com/zone/seahawks/record-fact/NFL%20-%202015%20-%20Record%20%26%20Fact%20Book.pdf,Staff title is not evidence of play-calling duty; locate dated team or league reporting and assignment interval.
2015-JAX-quarterbacks_coach,2015,JAX,quarterbacks_coach,missing_formal_role,Nathaniel Hackett,medium,resolved,https://www.jaguars.com/news/bortles-on-coming-weeks-they-re-huge-14861569,Independent audit resolved every regular-season week with source-backed person intervals and/or verified no-separately-designated-role evidence; see coaching_evidence_11b.csv and coaching_no_role_evidence_11b.csv.
2015-KC-offensive_coordinator-interval,2015,KC,offensive_coordinator,season_interval_verification_required,Doug Pederson,medium,open,https://basement.crucifyd.com/zone/seahawks/record-fact/NFL%20-%202015%20-%20Record%20%26%20Fact%20Book.pdf,"Preseason designation is sourced, but weekly tenure requires dated in-season or retrospective evidence."
2015-KC-play_caller,2015,KC,play_caller,explicit_play_caller_evidence_required,,high,open,https://basement.crucifyd.com/zone/seahawks/record-fact/NFL%20-%202015%20-%20Record%20%26%20Fact%20Book.pdf,Staff title is not evidence of play-calling duty; locate dated team or league reporting and assignment interval.
2015-KC-quarterbacks_coach-interval,2015,KC,quarterbacks_coach,season_interval_verification_required,Matt Nagy,medium,open,https://basement.crucifyd.com/zone/seahawks/record-fact/NFL%20-%202015%20-%20Record%20%26%20Fact%20Book.pdf,"Preseason designation is sourced, but weekly tenure requires dated in-season or retrospective evidence."
2015-LA-offensive_coordinator-interval,2015,LA,offensive_coordinator,season_interval_verification_required,Frank Cignetti Jr,medium,open,https://basement.crucifyd.com/zone/seahawks/record-fact/NFL%20-%202015%20-%20Record%20%26%20Fact%20Book.pdf,"Preseason designation is sourced, but weekly tenure requires dated in-season or retrospective evidence."
2015-LA-play_caller,2015,LA,play_caller,explicit_play_caller_evidence_required,,high,open,https://basement.crucifyd.com/zone/seahawks/record-fact/NFL%20-%202015%20-%20Record%20%26%20Fact%20Book.pdf,Staff title is not evidence of play-calling duty; locate dated team or league reporting and assignment interval.
2015-LA-quarterbacks_coach-interval,2015,LA,quarterbacks_coach,season_interval_verification_required,Chris Weinke,medium,open,https://basement.crucifyd.com/zone/seahawks/record-fact/NFL%20-%202015%20-%20Record%20%26%20Fact%20Book.pdf,"Preseason designation is sourced, but weekly tenure requires dated in-season or retrospective evidence."
2015-LAC-offensive_coordinator-interval,2015,LAC,offensive_coordinator,season_interval_verification_required,Frank Reich,medium,open,https://basement.crucifyd.com/zone/seahawks/record-fact/NFL%20-%202015%20-%20Record%20%26%20Fact%20Book.pdf,"Preseason designation is sourced, but weekly tenure requires dated in-season or retrospective evidence."
2015-LAC-play_caller,2015,LAC,play_caller,explicit_play_caller_evidence_required,,high,open,https://basement.crucifyd.com/zone/seahawks/record-fact/NFL%20-%202015%20-%20Record%20%26%20Fact%20Book.pdf,Staff title is not evidence of play-calling duty; locate dated team or league reporting and assignment interval.
2015-LAC-quarterbacks_coach-interval,2015,LAC,quarterbacks_coach,season_interval_verification_required,Nick Sirianni,medium,open,https://basement.crucifyd.com/zone/seahawks/record-fact/NFL%20-%202015%20-%20Record%20%26%20Fact%20Book.pdf,"Preseason designation is sourced, but weekly tenure requires dated in-season or retrospective evidence."
2015-LV-offensive_coordinator-interval,2015,LV,offensive_coordinator,season_interval_verification_required,Bill Musgrave,medium,open,https://basement.crucifyd.com/zone/seahawks/record-fact/NFL%20-%202015%20-%20Record%20%26%20Fact%20Book.pdf,"Preseason designation is sourced, but weekly tenure requires dated in-season or retrospective evidence."
2015-LV-play_caller,2015,LV,play_caller,explicit_play_caller_evidence_required,,high,open,https://basement.crucifyd.com/zone/seahawks/record-fact/NFL%20-%202015%20-%20Record%20%26%20Fact%20Book.pdf,Staff title is not evidence of play-calling duty; locate dated team or league reporting and assignment interval.
2015-LV-quarterbacks_coach-interval,2015,LV,quarterbacks_coach,season_interval_verification_required,Todd Downing,medium,open,https://basement.crucifyd.com/zone/seahawks/record-fact/NFL%20-%202015%20-%20Record%20%26%20Fact%20Book.pdf,"Preseason designation is sourced, but weekly tenure requires dated in-season or retrospective evidence."
2015-MIA-offensive_coordinator-interval,2015,MIA,offensive_coordinator,season_interval_verification_required,Bill Lazor,medium,open,https://basement.crucifyd.com/zone/seahawks/record-fact/NFL%20-%202015%20-%20Record%20%26%20Fact%20Book.pdf,"Preseason designation is sourced, but weekly tenure requires dated in-season or retrospective evidence."
2015-MIA-play_caller-uncovered,2015,MIA,play_caller,partial_interval_unresolved,Bill Lazor|Zac Taylor,high,resolved,https://www.nfl.com/news/dolphins-fire-offensive-coordinator-bill-lazor-0ap3000000591391,Independent audit found explicit primary-caller transition evidence covering Weeks 1-12 and the final five games.
2015-MIA-quarterbacks_coach-interval,2015,MIA,quarterbacks_coach,season_interval_verification_required,Zac Taylor,medium,open,https://basement.crucifyd.com/zone/seahawks/record-fact/NFL%20-%202015%20-%20Record%20%26%20Fact%20Book.pdf,"Preseason designation is sourced, but weekly tenure requires dated in-season or retrospective evidence."
2015-MIN-offensive_coordinator-interval,2015,MIN,offensive_coordinator,season_interval_verification_required,Norv Turner,medium,open,https://basement.crucifyd.com/zone/seahawks/record-fact/NFL%20-%202015%20-%20Record%20%26%20Fact%20Book.pdf,"Preseason designation is sourced, but weekly tenure requires dated in-season or retrospective evidence."
2015-MIN-play_caller,2015,MIN,play_caller,explicit_play_caller_evidence_required,,high,open,https://basement.crucifyd.com/zone/seahawks/record-fact/NFL%20-%202015%20-%20Record%20%26%20Fact%20Book.pdf,Staff title is not evidence of play-calling duty; locate dated team or league reporting and assignment interval.
2015-MIN-quarterbacks_coach-interval,2015,MIN,quarterbacks_coach,season_interval_verification_required,Scott Turner,medium,open,https://basement.crucifyd.com/zone/seahawks/record-fact/NFL%20-%202015%20-%20Record%20%26%20Fact%20Book.pdf,"Preseason designation is sourced, but weekly tenure requires dated in-season or retrospective evidence."
2015-NE-offensive_coordinator,2015,NE,offensive_coordinator,missing_formal_role,Josh McDaniels,medium,resolved,https://basement.crucifyd.com/zone/seahawks/record-fact/NFL%20-%202015%20-%20Record%20%26%20Fact%20Book.pdf,Independent audit resolved every regular-season week with source-backed person intervals and/or verified no-separately-designated-role evidence; see coaching_evidence_11b.csv and coaching_no_role_evidence_11b.csv.
2015-NE-play_caller,2015,NE,play_caller,explicit_play_caller_evidence_required,,high,open,https://basement.crucifyd.com/zone/seahawks/record-fact/NFL%20-%202015%20-%20Record%20%26%20Fact%20Book.pdf,Staff title is not evidence of play-calling duty; locate dated team or league reporting and assignment interval.
2015-NE-quarterbacks_coach,2015,NE,quarterbacks_coach,missing_formal_role,Josh McDaniels,medium,resolved,https://basement.crucifyd.com/zone/seahawks/record-fact/NFL%20-%202015%20-%20Record%20%26%20Fact%20Book.pdf,Independent audit resolved every regular-season week with source-backed person intervals and/or verified no-separately-designated-role evidence; see coaching_evidence_11b.csv and coaching_no_role_evidence_11b.csv.
2015-NO-offensive_coordinator,2015,NO,offensive_coordinator,missing_formal_role,Pete Carmichael,medium,resolved,https://basement.crucifyd.com/zone/seahawks/record-fact/NFL%20-%202015%20-%20Record%20%26%20Fact%20Book.pdf,Independent audit resolved every regular-season week with source-backed person intervals and/or verified no-separately-designated-role evidence; see coaching_evidence_11b.csv and coaching_no_role_evidence_11b.csv.
2015-NO-play_caller,2015,NO,play_caller,explicit_play_caller_evidence_required,,high,open,https://basement.crucifyd.com/zone/seahawks/record-fact/NFL%20-%202015%20-%20Record%20%26%20Fact%20Book.pdf,Staff title is not evidence of play-calling duty; locate dated team or league reporting and assignment interval.
2015-NO-quarterbacks_coach-interval,2015,NO,quarterbacks_coach,season_interval_verification_required,Mike Neu,medium,open,https://basement.crucifyd.com/zone/seahawks/record-fact/NFL%20-%202015%20-%20Record%20%26%20Fact%20Book.pdf,"Preseason designation is sourced, but weekly tenure requires dated in-season or retrospective evidence."
2015-NYG-offensive_coordinator-interval,2015,NYG,offensive_coordinator,season_interval_verification_required,Ben McAdoo,medium,open,https://basement.crucifyd.com/zone/seahawks/record-fact/NFL%20-%202015%20-%20Record%20%26%20Fact%20Book.pdf,"Preseason designation is sourced, but weekly tenure requires dated in-season or retrospective evidence."
2015-NYG-play_caller,2015,NYG,play_caller,explicit_play_caller_evidence_required,,high,open,https://basement.crucifyd.com/zone/seahawks/record-fact/NFL%20-%202015%20-%20Record%20%26%20Fact%20Book.pdf,Staff title is not evidence of play-calling duty; locate dated team or league reporting and assignment interval.
2015-NYG-quarterbacks_coach-interval,2015,NYG,quarterbacks_coach,season_interval_verification_required,Mike Sullivan,medium,open,https://basement.crucifyd.com/zone/seahawks/record-fact/NFL%20-%202015%20-%20Record%20%26%20Fact%20Book.pdf,"Preseason designation is sourced, but weekly tenure requires dated in-season or retrospective evidence."
2015-NYJ-offensive_coordinator-interval,2015,NYJ,offensive_coordinator,season_interval_verification_required,Chan Gailey,medium,open,https://basement.crucifyd.com/zone/seahawks/record-fact/NFL%20-%202015%20-%20Record%20%26%20Fact%20Book.pdf,"Preseason designation is sourced, but weekly tenure requires dated in-season or retrospective evidence."
2015-NYJ-play_caller,2015,NYJ,play_caller,explicit_play_caller_evidence_required,,high,open,https://basement.crucifyd.com/zone/seahawks/record-fact/NFL%20-%202015%20-%20Record%20%26%20Fact%20Book.pdf,Staff title is not evidence of play-calling duty; locate dated team or league reporting and assignment interval.
2015-NYJ-quarterbacks_coach-interval,2015,NYJ,quarterbacks_coach,season_interval_verification_required,Kevin Patullo,medium,open,https://basement.crucifyd.com/zone/seahawks/record-fact/NFL%20-%202015%20-%20Record%20%26%20Fact%20Book.pdf,"Preseason designation is sourced, but weekly tenure requires dated in-season or retrospective evidence."
2015-PHI-offensive_coordinator-interval,2015,PHI,offensive_coordinator,season_interval_verification_required,Pat Shurmur,medium,open,https://basement.crucifyd.com/zone/seahawks/record-fact/NFL%20-%202015%20-%20Record%20%26%20Fact%20Book.pdf,"Preseason designation is sourced, but weekly tenure requires dated in-season or retrospective evidence."
2015-PHI-play_caller,2015,PHI,play_caller,explicit_play_caller_evidence_required,,high,open,https://basement.crucifyd.com/zone/seahawks/record-fact/NFL%20-%202015%20-%20Record%20%26%20Fact%20Book.pdf,Staff title is not evidence of play-calling duty; locate dated team or league reporting and assignment interval.
2015-PHI-quarterbacks_coach-interval,2015,PHI,quarterbacks_coach,season_interval_verification_required,Ryan Day,medium,open,https://basement.crucifyd.com/zone/seahawks/record-fact/NFL%20-%202015%20-%20Record%20%26%20Fact%20Book.pdf,"Preseason designation is sourced, but weekly tenure requires dated in-season or retrospective evidence."
2015-PIT-offensive_coordinator-interval,2015,PIT,offensive_coordinator,season_interval_verification_required,Todd Haley,medium,open,https://basement.crucifyd.com/zone/seahawks/record-fact/NFL%20-%202015%20-%20Record%20%26%20Fact%20Book.pdf,"Preseason designation is sourced, but weekly tenure requires dated in-season or retrospective evidence."
2015-PIT-play_caller,2015,PIT,play_caller,explicit_play_caller_evidence_required,,high,open,https://basement.crucifyd.com/zone/seahawks/record-fact/NFL%20-%202015%20-%20Record%20%26%20Fact%20Book.pdf,Staff title is not evidence of play-calling duty; locate dated team or league reporting and assignment interval.
2015-PIT-quarterbacks_coach-interval,2015,PIT,quarterbacks_coach,season_interval_verification_required,Randy Fichtner,medium,open,https://basement.crucifyd.com/zone/seahawks/record-fact/NFL%20-%202015%20-%20Record%20%26%20Fact%20Book.pdf,"Preseason designation is sourced, but weekly tenure requires dated in-season or retrospective evidence."
2015-SEA-offensive_coordinator-interval,2015,SEA,offensive_coordinator,season_interval_verification_required,Darrell Bevell,medium,open,https://basement.crucifyd.com/zone/seahawks/record-fact/NFL%20-%202015%20-%20Record%20%26%20Fact%20Book.pdf,"Preseason designation is sourced, but weekly tenure requires dated in-season or retrospective evidence."
2015-SEA-play_caller,2015,SEA,play_caller,explicit_play_caller_evidence_required,,high,open,https://basement.crucifyd.com/zone/seahawks/record-fact/NFL%20-%202015%20-%20Record%20%26%20Fact%20Book.pdf,Staff title is not evidence of play-calling duty; locate dated team or league reporting and assignment interval.
2015-SEA-quarterbacks_coach-interval,2015,SEA,quarterbacks_coach,season_interval_verification_required,Carl Smith,medium,open,https://basement.crucifyd.com/zone/seahawks/record-fact/NFL%20-%202015%20-%20Record%20%26%20Fact%20Book.pdf,"Preseason designation is sourced, but weekly tenure requires dated in-season or retrospective evidence."
2015-SF-offensive_coordinator,2015,SF,offensive_coordinator,missing_formal_role,Geep Chryst,medium,resolved,https://www.49ers.com/news/vernon-davis-we-re-going-to-be-successful-15251596,Independent audit resolved every regular-season week with source-backed person intervals and/or verified no-separately-designated-role evidence; see coaching_evidence_11b.csv and coaching_no_role_evidence_11b.csv.
2015-SF-play_caller,2015,SF,play_caller,explicit_play_caller_evidence_required,,high,open,https://basement.crucifyd.com/zone/seahawks/record-fact/NFL%20-%202015%20-%20Record%20%26%20Fact%20Book.pdf,Staff title is not evidence of play-calling duty; locate dated team or league reporting and assignment interval.
2015-SF-quarterbacks_coach-interval,2015,SF,quarterbacks_coach,season_interval_verification_required,Steve Logan,medium,open,https://basement.crucifyd.com/zone/seahawks/record-fact/NFL%20-%202015%20-%20Record%20%26%20Fact%20Book.pdf,"Preseason designation is sourced, but weekly tenure requires dated in-season or retrospective evidence."
2015-TB-offensive_coordinator-interval,2015,TB,offensive_coordinator,season_interval_verification_required,Dirk Koetter,medium,open,https://basement.crucifyd.com/zone/seahawks/record-fact/NFL%20-%202015%20-%20Record%20%26%20Fact%20Book.pdf,"Preseason designation is sourced, but weekly tenure requires dated in-season or retrospective evidence."
2015-TB-play_caller,2015,TB,play_caller,explicit_play_caller_evidence_required,,high,open,https://basement.crucifyd.com/zone/seahawks/record-fact/NFL%20-%202015%20-%20Record%20%26%20Fact%20Book.pdf,Staff title is not evidence of play-calling duty; locate dated team or league reporting and assignment interval.
2015-TB-quarterbacks_coach-interval,2015,TB,quarterbacks_coach,season_interval_verification_required,Mike Bajakian,medium,open,https://basement.crucifyd.com/zone/seahawks/record-fact/NFL%20-%202015%20-%20Record%20%26%20Fact%20Book.pdf,"Preseason designation is sourced, but weekly tenure requires dated in-season or retrospective evidence."
2015-TEN-offensive_coordinator-interval,2015,TEN,offensive_coordinator,season_interval_verification_required,Jason Michael,medium,open,https://basement.crucifyd.com/zone/seahawks/record-fact/NFL%20-%202015%20-%20Record%20%26%20Fact%20Book.pdf,"Preseason designation is sourced, but weekly tenure requires dated in-season or retrospective evidence."
2015-TEN-play_caller,2015,TEN,play_caller,explicit_play_caller_evidence_required,,high,open,https://basement.crucifyd.com/zone/seahawks/record-fact/NFL%20-%202015%20-%20Record%20%26%20Fact%20Book.pdf,Staff title is not evidence of play-calling duty; locate dated team or league reporting and assignment interval.
2015-TEN-quarterbacks_coach-interval,2015,TEN,quarterbacks_coach,season_interval_verification_required,John McNulty,medium,open,https://basement.crucifyd.com/zone/seahawks/record-fact/NFL%20-%202015%20-%20Record%20%26%20Fact%20Book.pdf,"Preseason designation is sourced, but weekly tenure requires dated in-season or retrospective evidence."
2015-WAS-offensive_coordinator-interval,2015,WAS,offensive_coordinator,season_interval_verification_required,Sean McVay,medium,open,https://basement.crucifyd.com/zone/seahawks/record-fact/NFL%20-%202015%20-%20Record%20%26%20Fact%20Book.pdf,"Preseason designation is sourced, but weekly tenure requires dated in-season or retrospective evidence."
2015-WAS-play_caller,2015,WAS,play_caller,explicit_play_caller_evidence_required,,high,open,https://basement.crucifyd.com/zone/seahawks/record-fact/NFL%20-%202015%20-%20Record%20%26%20Fact%20Book.pdf,Staff title is not evidence of play-calling duty; locate dated team or league reporting and assignment interval.
2015-WAS-quarterbacks_coach-interval,2015,WAS,quarterbacks_coach,season_interval_verification_required,Matt Cavanaugh,medium,open,https://basement.crucifyd.com/zone/seahawks/record-fact/NFL%20-%202015%20-%20Record%20%26%20Fact%20Book.pdf,"Preseason designation is sourced, but weekly tenure requires dated in-season or retrospective evidence."
2016-ARI-offensive_coordinator-interval,2016,ARI,offensive_coordinator,season_interval_verification_required,Harold Goodwin,medium,open,https://basement.crucifyd.com/zone/seahawks/record-fact/NFL%20-%202016%20-%20Record%20%26%20Fact%20Book.pdf,"Preseason designation is sourced, but weekly tenure requires dated in-season or retrospective evidence."
2016-ARI-play_caller,2016,ARI,play_caller,explicit_play_caller_evidence_required,,high,open,https://basement.crucifyd.com/zone/seahawks/record-fact/NFL%20-%202016%20-%20Record%20%26%20Fact%20Book.pdf,Staff title is not evidence of play-calling duty; locate dated team or league reporting and assignment interval.
2016-ARI-quarterbacks_coach-interval,2016,ARI,quarterbacks_coach,season_interval_verification_required,Freddie Kitchens,medium,open,https://basement.crucifyd.com/zone/seahawks/record-fact/NFL%20-%202016%20-%20Record%20%26%20Fact%20Book.pdf,"Preseason designation is sourced, but weekly tenure requires dated in-season or retrospective evidence."
2016-ATL-offensive_coordinator-interval,2016,ATL,offensive_coordinator,season_interval_verification_required,Kyle Shanahan,medium,open,https://basement.crucifyd.com/zone/seahawks/record-fact/NFL%20-%202016%20-%20Record%20%26%20Fact%20Book.pdf,"Preseason designation is sourced, but weekly tenure requires dated in-season or retrospective evidence."
2016-ATL-play_caller,2016,ATL,play_caller,explicit_play_caller_evidence_required,,high,open,https://basement.crucifyd.com/zone/seahawks/record-fact/NFL%20-%202016%20-%20Record%20%26%20Fact%20Book.pdf,Staff title is not evidence of play-calling duty; locate dated team or league reporting and assignment interval.
2016-ATL-quarterbacks_coach-interval,2016,ATL,quarterbacks_coach,season_interval_verification_required,Matt LaFleur,medium,open,https://basement.crucifyd.com/zone/seahawks/record-fact/NFL%20-%202016%20-%20Record%20%26%20Fact%20Book.pdf,"Preseason designation is sourced, but weekly tenure requires dated in-season or retrospective evidence."
2016-BAL-play_caller-uncovered,2016,BAL,play_caller,partial_interval_unresolved,Marc Trestman|Marty Mornhinweg,high,resolved,https://www.baltimoreravens.com/news/ravens-fire-offensive-coordinator-marc-trestman-17854693,Independent audit found official play-caller transition evidence covering Weeks 1-5 and 6-17.
2016-BAL-quarterbacks_coach-interval,2016,BAL,quarterbacks_coach,season_interval_verification_required,Marty Mornhinweg,medium,open,https://basement.crucifyd.com/zone/seahawks/record-fact/NFL%20-%202016%20-%20Record%20%26%20Fact%20Book.pdf,"Preseason designation is sourced, but weekly tenure requires dated in-season or retrospective evidence."
2016-BUF-offensive_coordinator,2016,BUF,offensive_coordinator,missing_formal_role,Anthony Lynn|Greg Roman,medium,resolved,https://www.buffalobills.com/news/rex-this-move-will-help-our-team-17704322,Independent audit resolved every regular-season week with source-backed person intervals and/or verified no-separately-designated-role evidence; see coaching_evidence_11b.csv and coaching_no_role_evidence_11b.csv.
2016-BUF-play_caller-uncovered,2016,BUF,play_caller,partial_interval_unresolved,Greg Roman|Anthony Lynn,high,resolved,https://www.buffalobills.com/news/bills-offensive-staff-rallies-around-anthony-lynn-17736769,Independent audit found official evidence explicitly contrasting Greg Roman with Anthony Lynn's Week 3 takeover.
2016-BUF-quarterbacks_coach-interval,2016,BUF,quarterbacks_coach,season_interval_verification_required,David Lee,medium,open,https://basement.crucifyd.com/zone/seahawks/record-fact/NFL%20-%202016%20-%20Record%20%26%20Fact%20Book.pdf,"Preseason designation is sourced, but weekly tenure requires dated in-season or retrospective evidence."
2016-CAR-offensive_coordinator,2016,CAR,offensive_coordinator,missing_formal_role,Mike Shula,medium,resolved,https://www.panthers.com/news/coordinator-conversation-16786485,Independent audit resolved every regular-season week with source-backed person intervals and/or verified no-separately-designated-role evidence; see coaching_evidence_11b.csv and coaching_no_role_evidence_11b.csv.
2016-CAR-play_caller,2016,CAR,play_caller,explicit_play_caller_evidence_required,,high,open,https://basement.crucifyd.com/zone/seahawks/record-fact/NFL%20-%202016%20-%20Record%20%26%20Fact%20Book.pdf,Staff title is not evidence of play-calling duty; locate dated team or league reporting and assignment interval.
2016-CAR-quarterbacks_coach-interval,2016,CAR,quarterbacks_coach,season_interval_verification_required,Ken Dorsey,medium,open,https://basement.crucifyd.com/zone/seahawks/record-fact/NFL%20-%202016%20-%20Record%20%26%20Fact%20Book.pdf,"Preseason designation is sourced, but weekly tenure requires dated in-season or retrospective evidence."
2016-CHI-offensive_coordinator-interval,2016,CHI,offensive_coordinator,season_interval_verification_required,Dowell Loggains,medium,open,https://basement.crucifyd.com/zone/seahawks/record-fact/NFL%20-%202016%20-%20Record%20%26%20Fact%20Book.pdf,"Preseason designation is sourced, but weekly tenure requires dated in-season or retrospective evidence."
2016-CHI-play_caller,2016,CHI,play_caller,explicit_play_caller_evidence_required,,high,open,https://basement.crucifyd.com/zone/seahawks/record-fact/NFL%20-%202016%20-%20Record%20%26%20Fact%20Book.pdf,Staff title is not evidence of play-calling duty; locate dated team or league reporting and assignment interval.
2016-CHI-quarterbacks_coach-interval,2016,CHI,quarterbacks_coach,season_interval_verification_required,Dave Ragone,medium,open,https://basement.crucifyd.com/zone/seahawks/record-fact/NFL%20-%202016%20-%20Record%20%26%20Fact%20Book.pdf,"Preseason designation is sourced, but weekly tenure requires dated in-season or retrospective evidence."
2016-CIN-offensive_coordinator-interval,2016,CIN,offensive_coordinator,season_interval_verification_required,Ken Zampese,medium,open,https://basement.crucifyd.com/zone/seahawks/record-fact/NFL%20-%202016%20-%20Record%20%26%20Fact%20Book.pdf,"Preseason designation is sourced, but weekly tenure requires dated in-season or retrospective evidence."
2016-CIN-play_caller,2016,CIN,play_caller,explicit_play_caller_evidence_required,,high,open,https://basement.crucifyd.com/zone/seahawks/record-fact/NFL%20-%202016%20-%20Record%20%26%20Fact%20Book.pdf,Staff title is not evidence of play-calling duty; locate dated team or league reporting and assignment interval.
2016-CIN-quarterbacks_coach-interval,2016,CIN,quarterbacks_coach,season_interval_verification_required,Bill Lazor,medium,open,https://basement.crucifyd.com/zone/seahawks/record-fact/NFL%20-%202016%20-%20Record%20%26%20Fact%20Book.pdf,"Preseason designation is sourced, but weekly tenure requires dated in-season or retrospective evidence."
2016-CLE-offensive_coordinator,2016,CLE,offensive_coordinator,missing_formal_role,NO_SEPARATELY_DESIGNATED_ROLE,medium,resolved,https://www.clevelandbrowns.com/news/browns-complete-offensive-special-teams-staffs-16735063,Independent audit resolved every regular-season week with source-backed person intervals and/or verified no-separately-designated-role evidence; see coaching_evidence_11b.csv and coaching_no_role_evidence_11b.csv.
2016-CLE-play_caller,2016,CLE,play_caller,explicit_play_caller_evidence_required,,high,open,https://basement.crucifyd.com/zone/seahawks/record-fact/NFL%20-%202016%20-%20Record%20%26%20Fact%20Book.pdf,Staff title is not evidence of play-calling duty; locate dated team or league reporting and assignment interval.
2016-CLE-quarterbacks_coach,2016,CLE,quarterbacks_coach,missing_formal_role,NO_SEPARATELY_DESIGNATED_ROLE,medium,resolved,https://www.clevelandbrowns.com/news/browns-complete-offensive-special-teams-staffs-16735063,Independent audit resolved every regular-season week with source-backed person intervals and/or verified no-separately-designated-role evidence; see coaching_evidence_11b.csv and coaching_no_role_evidence_11b.csv.
2016-DAL-offensive_coordinator-interval,2016,DAL,offensive_coordinator,season_interval_verification_required,Scott Linehan,medium,open,https://basement.crucifyd.com/zone/seahawks/record-fact/NFL%20-%202016%20-%20Record%20%26%20Fact%20Book.pdf,"Preseason designation is sourced, but weekly tenure requires dated in-season or retrospective evidence."
2016-DAL-play_caller,2016,DAL,play_caller,explicit_play_caller_evidence_required,,high,open,https://basement.crucifyd.com/zone/seahawks/record-fact/NFL%20-%202016%20-%20Record%20%26%20Fact%20Book.pdf,Staff title is not evidence of play-calling duty; locate dated team or league reporting and assignment interval.
2016-DAL-quarterbacks_coach-interval,2016,DAL,quarterbacks_coach,season_interval_verification_required,Wade Wilson,medium,open,https://basement.crucifyd.com/zone/seahawks/record-fact/NFL%20-%202016%20-%20Record%20%26%20Fact%20Book.pdf,"Preseason designation is sourced, but weekly tenure requires dated in-season or retrospective evidence."
2016-DEN-offensive_coordinator-interval,2016,DEN,offensive_coordinator,season_interval_verification_required,Rick Dennison,medium,open,https://basement.crucifyd.com/zone/seahawks/record-fact/NFL%20-%202016%20-%20Record%20%26%20Fact%20Book.pdf,"Preseason designation is sourced, but weekly tenure requires dated in-season or retrospective evidence."
2016-DEN-play_caller,2016,DEN,play_caller,explicit_play_caller_evidence_required,,high,open,https://basement.crucifyd.com/zone/seahawks/record-fact/NFL%20-%202016%20-%20Record%20%26%20Fact%20Book.pdf,Staff title is not evidence of play-calling duty; locate dated team or league reporting and assignment interval.
2016-DEN-quarterbacks_coach-interval,2016,DEN,quarterbacks_coach,season_interval_verification_required,Greg Knapp,medium,open,https://basement.crucifyd.com/zone/seahawks/record-fact/NFL%20-%202016%20-%20Record%20%26%20Fact%20Book.pdf,"Preseason designation is sourced, but weekly tenure requires dated in-season or retrospective evidence."
2016-DET-offensive_coordinator-interval,2016,DET,offensive_coordinator,season_interval_verification_required,Jim Bob Cooter,medium,open,https://basement.crucifyd.com/zone/seahawks/record-fact/NFL%20-%202016%20-%20Record%20%26%20Fact%20Book.pdf,"Preseason designation is sourced, but weekly tenure requires dated in-season or retrospective evidence."
2016-DET-play_caller,2016,DET,play_caller,explicit_play_caller_evidence_required,,high,open,https://basement.crucifyd.com/zone/seahawks/record-fact/NFL%20-%202016%20-%20Record%20%26%20Fact%20Book.pdf,Staff title is not evidence of play-calling duty; locate dated team or league reporting and assignment interval.
2016-DET-quarterbacks_coach,2016,DET,quarterbacks_coach,missing_formal_role,Brian Callahan,medium,resolved,https://www.detroitlions.com/news/lions-hire-brian-callahan-as-quarterbacks-coach-16826741,Independent audit resolved every regular-season week with source-backed person intervals and/or verified no-separately-designated-role evidence; see coaching_evidence_11b.csv and coaching_no_role_evidence_11b.csv.
2016-GB-offensive_coordinator-interval,2016,GB,offensive_coordinator,season_interval_verification_required,Edgar Bennett,medium,open,https://basement.crucifyd.com/zone/seahawks/record-fact/NFL%20-%202016%20-%20Record%20%26%20Fact%20Book.pdf,"Preseason designation is sourced, but weekly tenure requires dated in-season or retrospective evidence."
2016-GB-play_caller,2016,GB,play_caller,explicit_play_caller_evidence_required,,high,open,https://basement.crucifyd.com/zone/seahawks/record-fact/NFL%20-%202016%20-%20Record%20%26%20Fact%20Book.pdf,Staff title is not evidence of play-calling duty; locate dated team or league reporting and assignment interval.
2016-GB-quarterbacks_coach-interval,2016,GB,quarterbacks_coach,season_interval_verification_required,Alex Van Pelt,medium,open,https://basement.crucifyd.com/zone/seahawks/record-fact/NFL%20-%202016%20-%20Record%20%26%20Fact%20Book.pdf,"Preseason designation is sourced, but weekly tenure requires dated in-season or retrospective evidence."
2016-HOU-offensive_coordinator-interval,2016,HOU,offensive_coordinator,season_interval_verification_required,George Godsey,medium,open,https://basement.crucifyd.com/zone/seahawks/record-fact/NFL%20-%202016%20-%20Record%20%26%20Fact%20Book.pdf,"Preseason designation is sourced, but weekly tenure requires dated in-season or retrospective evidence."
2016-HOU-play_caller,2016,HOU,play_caller,explicit_play_caller_evidence_required,,high,open,https://basement.crucifyd.com/zone/seahawks/record-fact/NFL%20-%202016%20-%20Record%20%26%20Fact%20Book.pdf,Staff title is not evidence of play-calling duty; locate dated team or league reporting and assignment interval.
2016-HOU-quarterbacks_coach,2016,HOU,quarterbacks_coach,missing_formal_role,George Godsey,medium,resolved,https://ramblinwreck.com/staff/george-godsey,Independent audit resolved every regular-season week with source-backed person intervals and/or verified no-separately-designated-role evidence; see coaching_evidence_11b.csv and coaching_no_role_evidence_11b.csv.
2016-IND-offensive_coordinator-interval,2016,IND,offensive_coordinator,season_interval_verification_required,Rob Chudzinski,medium,open,https://basement.crucifyd.com/zone/seahawks/record-fact/NFL%20-%202016%20-%20Record%20%26%20Fact%20Book.pdf,"Preseason designation is sourced, but weekly tenure requires dated in-season or retrospective evidence."
2016-IND-play_caller,2016,IND,play_caller,explicit_play_caller_evidence_required,,high,open,https://basement.crucifyd.com/zone/seahawks/record-fact/NFL%20-%202016%20-%20Record%20%26%20Fact%20Book.pdf,Staff title is not evidence of play-calling duty; locate dated team or league reporting and assignment interval.
2016-IND-quarterbacks_coach-interval,2016,IND,quarterbacks_coach,season_interval_verification_required,Brian Schottenheimer,medium,open,https://basement.crucifyd.com/zone/seahawks/record-fact/NFL%20-%202016%20-%20Record%20%26%20Fact%20Book.pdf,"Preseason designation is sourced, but weekly tenure requires dated in-season or retrospective evidence."
2016-JAX-play_caller-uncovered,2016,JAX,play_caller,partial_interval_unresolved,Greg Olson|Nathaniel Hackett,high,resolved,https://www.nfl.com/news/jaguars-choose-hackett-as-new-oc-over-chip-kelly-0ap3000000776268,Independent audit found explicit retrospective caller-transition evidence after the Week 8 loss.
2016-JAX-quarterbacks_coach,2016,JAX,quarterbacks_coach,missing_formal_role,Nathaniel Hackett,medium,resolved,https://www.huddle.org/wp-content/uploads/2016/11/2016-9-Jacksonville.pdf,Independent audit resolved every regular-season week with source-backed person intervals and/or verified no-separately-designated-role evidence; see coaching_evidence_11b.csv and coaching_no_role_evidence_11b.csv.
2016-KC-offensive_coordinator,2016,KC,offensive_coordinator,missing_formal_role,Brad Childress|Matt Nagy,medium,resolved,https://www.chiefs.com/news/brad-childress-and-matt-nagy-have-interesting-paths-to-co-offensive-coo-16739466,Independent audit resolved every regular-season week with source-backed person intervals and/or verified no-separately-designated-role evidence; see coaching_evidence_11b.csv and coaching_no_role_evidence_11b.csv.
2016-KC-play_caller,2016,KC,play_caller,explicit_play_caller_evidence_required,,high,open,https://basement.crucifyd.com/zone/seahawks/record-fact/NFL%20-%202016%20-%20Record%20%26%20Fact%20Book.pdf,Staff title is not evidence of play-calling duty; locate dated team or league reporting and assignment interval.
2016-KC-quarterbacks_coach,2016,KC,quarterbacks_coach,missing_formal_role,NO_SEPARATELY_DESIGNATED_ROLE,medium,resolved,https://www.chiefs.com/news/chiefs-announce-coaching-staff-changes-for-2016-16985051,Independent audit resolved every regular-season week with source-backed person intervals and/or verified no-separately-designated-role evidence; see coaching_evidence_11b.csv and coaching_no_role_evidence_11b.csv.
2016-LA-offensive_coordinator-interval,2016,LA,offensive_coordinator,season_interval_verification_required,Rob Boras,medium,open,https://basement.crucifyd.com/zone/seahawks/record-fact/NFL%20-%202016%20-%20Record%20%26%20Fact%20Book.pdf,"Preseason designation is sourced, but weekly tenure requires dated in-season or retrospective evidence."
2016-LA-play_caller,2016,LA,play_caller,explicit_play_caller_evidence_required,,high,open,https://basement.crucifyd.com/zone/seahawks/record-fact/NFL%20-%202016%20-%20Record%20%26%20Fact%20Book.pdf,Staff title is not evidence of play-calling duty; locate dated team or league reporting and assignment interval.
2016-LA-quarterbacks_coach-interval,2016,LA,quarterbacks_coach,season_interval_verification_required,Chris Weinke,medium,open,https://basement.crucifyd.com/zone/seahawks/record-fact/NFL%20-%202016%20-%20Record%20%26%20Fact%20Book.pdf,"Preseason designation is sourced, but weekly tenure requires dated in-season or retrospective evidence."
2016-LAC-offensive_coordinator-interval,2016,LAC,offensive_coordinator,season_interval_verification_required,Ken Whisenhunt,medium,open,https://basement.crucifyd.com/zone/seahawks/record-fact/NFL%20-%202016%20-%20Record%20%26%20Fact%20Book.pdf,"Preseason designation is sourced, but weekly tenure requires dated in-season or retrospective evidence."
2016-LAC-play_caller,2016,LAC,play_caller,explicit_play_caller_evidence_required,,high,open,https://basement.crucifyd.com/zone/seahawks/record-fact/NFL%20-%202016%20-%20Record%20%26%20Fact%20Book.pdf,Staff title is not evidence of play-calling duty; locate dated team or league reporting and assignment interval.
2016-LAC-quarterbacks_coach-interval,2016,LAC,quarterbacks_coach,season_interval_verification_required,Shane Steichen,medium,open,https://basement.crucifyd.com/zone/seahawks/record-fact/NFL%20-%202016%20-%20Record%20%26%20Fact%20Book.pdf,"Preseason designation is sourced, but weekly tenure requires dated in-season or retrospective evidence."
2016-LV-offensive_coordinator-interval,2016,LV,offensive_coordinator,season_interval_verification_required,Bill Musgrave,medium,open,https://basement.crucifyd.com/zone/seahawks/record-fact/NFL%20-%202016%20-%20Record%20%26%20Fact%20Book.pdf,"Preseason designation is sourced, but weekly tenure requires dated in-season or retrospective evidence."
2016-LV-play_caller,2016,LV,play_caller,explicit_play_caller_evidence_required,,high,open,https://basement.crucifyd.com/zone/seahawks/record-fact/NFL%20-%202016%20-%20Record%20%26%20Fact%20Book.pdf,Staff title is not evidence of play-calling duty; locate dated team or league reporting and assignment interval.
2016-LV-quarterbacks_coach-interval,2016,LV,quarterbacks_coach,season_interval_verification_required,Todd Downing,medium,open,https://basement.crucifyd.com/zone/seahawks/record-fact/NFL%20-%202016%20-%20Record%20%26%20Fact%20Book.pdf,"Preseason designation is sourced, but weekly tenure requires dated in-season or retrospective evidence."
2016-MIA-offensive_coordinator-interval,2016,MIA,offensive_coordinator,season_interval_verification_required,Clyde Christensen,medium,open,https://basement.crucifyd.com/zone/seahawks/record-fact/NFL%20-%202016%20-%20Record%20%26%20Fact%20Book.pdf,"Preseason designation is sourced, but weekly tenure requires dated in-season or retrospective evidence."
2016-MIA-play_caller,2016,MIA,play_caller,explicit_play_caller_evidence_required,,high,open,https://basement.crucifyd.com/zone/seahawks/record-fact/NFL%20-%202016%20-%20Record%20%26%20Fact%20Book.pdf,Staff title is not evidence of play-calling duty; locate dated team or league reporting and assignment interval.
2016-MIA-quarterbacks_coach-interval,2016,MIA,quarterbacks_coach,season_interval_verification_required,Bo Hardegree,medium,open,https://basement.crucifyd.com/zone/seahawks/record-fact/NFL%20-%202016%20-%20Record%20%26%20Fact%20Book.pdf,"Preseason designation is sourced, but weekly tenure requires dated in-season or retrospective evidence."
2016-MIN-play_caller-uncovered,2016,MIN,play_caller,partial_interval_unresolved,Norv Turner|Pat Shurmur,high,resolved,https://www.vikings.com/news/final-thoughts-vikings-vs-lions-18021241,Independent audit found official evidence that Week 9 was the first game with someone other than Norv Turner calling plays.
2016-MIN-quarterbacks_coach-interval,2016,MIN,quarterbacks_coach,season_interval_verification_required,Scott Turner,medium,open,https://basement.crucifyd.com/zone/seahawks/record-fact/NFL%20-%202016%20-%20Record%20%26%20Fact%20Book.pdf,"Preseason designation is sourced, but weekly tenure requires dated in-season or retrospective evidence."
2016-NE-offensive_coordinator,2016,NE,offensive_coordinator,missing_formal_role,Josh McDaniels,medium,resolved,https://www.patriots.com/news/assistant-coaches-jones-earned-patriots-qb-job,Independent audit resolved every regular-season week with source-backed person intervals and/or verified no-separately-designated-role evidence; see coaching_evidence_11b.csv and coaching_no_role_evidence_11b.csv.
2016-NE-play_caller,2016,NE,play_caller,explicit_play_caller_evidence_required,,high,open,https://basement.crucifyd.com/zone/seahawks/record-fact/NFL%20-%202016%20-%20Record%20%26%20Fact%20Book.pdf,Staff title is not evidence of play-calling duty; locate dated team or league reporting and assignment interval.
2016-NE-quarterbacks_coach,2016,NE,quarterbacks_coach,missing_formal_role,Josh McDaniels,medium,resolved,https://www.patriots.com/news/assistant-coaches-jones-earned-patriots-qb-job,Independent audit resolved every regular-season week with source-backed person intervals and/or verified no-separately-designated-role evidence; see coaching_evidence_11b.csv and coaching_no_role_evidence_11b.csv.
2016-NO-offensive_coordinator-interval,2016,NO,offensive_coordinator,season_interval_verification_required,Pete Carmichael,medium,open,https://basement.crucifyd.com/zone/seahawks/record-fact/NFL%20-%202016%20-%20Record%20%26%20Fact%20Book.pdf,"Preseason designation is sourced, but weekly tenure requires dated in-season or retrospective evidence."
2016-NO-play_caller,2016,NO,play_caller,explicit_play_caller_evidence_required,,high,open,https://basement.crucifyd.com/zone/seahawks/record-fact/NFL%20-%202016%20-%20Record%20%26%20Fact%20Book.pdf,Staff title is not evidence of play-calling duty; locate dated team or league reporting and assignment interval.
2016-NO-quarterbacks_coach-interval,2016,NO,quarterbacks_coach,season_interval_verification_required,Joe Lombardi,medium,open,https://basement.crucifyd.com/zone/seahawks/record-fact/NFL%20-%202016%20-%20Record%20%26%20Fact%20Book.pdf,"Preseason designation is sourced, but weekly tenure requires dated in-season or retrospective evidence."
2016-NYG-offensive_coordinator-interval,2016,NYG,offensive_coordinator,season_interval_verification_required,Mike Sullivan,medium,open,https://basement.crucifyd.com/zone/seahawks/record-fact/NFL%20-%202016%20-%20Record%20%26%20Fact%20Book.pdf,"Preseason designation is sourced, but weekly tenure requires dated in-season or retrospective evidence."
2016-NYG-play_caller,2016,NYG,play_caller,explicit_play_caller_evidence_required,,high,open,https://basement.crucifyd.com/zone/seahawks/record-fact/NFL%20-%202016%20-%20Record%20%26%20Fact%20Book.pdf,Staff title is not evidence of play-calling duty; locate dated team or league reporting and assignment interval.
2016-NYG-quarterbacks_coach-interval,2016,NYG,quarterbacks_coach,season_interval_verification_required,Frank Cignetti Jr,medium,open,https://basement.crucifyd.com/zone/seahawks/record-fact/NFL%20-%202016%20-%20Record%20%26%20Fact%20Book.pdf,"Preseason designation is sourced, but weekly tenure requires dated in-season or retrospective evidence."
2016-NYJ-offensive_coordinator-interval,2016,NYJ,offensive_coordinator,season_interval_verification_required,Chan Gailey,medium,open,https://basement.crucifyd.com/zone/seahawks/record-fact/NFL%20-%202016%20-%20Record%20%26%20Fact%20Book.pdf,"Preseason designation is sourced, but weekly tenure requires dated in-season or retrospective evidence."
2016-NYJ-play_caller,2016,NYJ,play_caller,explicit_play_caller_evidence_required,,high,open,https://basement.crucifyd.com/zone/seahawks/record-fact/NFL%20-%202016%20-%20Record%20%26%20Fact%20Book.pdf,Staff title is not evidence of play-calling duty; locate dated team or league reporting and assignment interval.
2016-NYJ-quarterbacks_coach-interval,2016,NYJ,quarterbacks_coach,season_interval_verification_required,Kevin Patullo,medium,open,https://basement.crucifyd.com/zone/seahawks/record-fact/NFL%20-%202016%20-%20Record%20%26%20Fact%20Book.pdf,"Preseason designation is sourced, but weekly tenure requires dated in-season or retrospective evidence."
2016-PHI-offensive_coordinator-interval,2016,PHI,offensive_coordinator,season_interval_verification_required,Frank Reich,medium,open,https://basement.crucifyd.com/zone/seahawks/record-fact/NFL%20-%202016%20-%20Record%20%26%20Fact%20Book.pdf,"Preseason designation is sourced, but weekly tenure requires dated in-season or retrospective evidence."
2016-PHI-play_caller,2016,PHI,play_caller,explicit_play_caller_evidence_required,,high,open,https://basement.crucifyd.com/zone/seahawks/record-fact/NFL%20-%202016%20-%20Record%20%26%20Fact%20Book.pdf,Staff title is not evidence of play-calling duty; locate dated team or league reporting and assignment interval.
2016-PHI-quarterbacks_coach-interval,2016,PHI,quarterbacks_coach,season_interval_verification_required,John DeFilippo,medium,open,https://basement.crucifyd.com/zone/seahawks/record-fact/NFL%20-%202016%20-%20Record%20%26%20Fact%20Book.pdf,"Preseason designation is sourced, but weekly tenure requires dated in-season or retrospective evidence."
2016-PIT-offensive_coordinator-interval,2016,PIT,offensive_coordinator,season_interval_verification_required,Todd Haley,medium,open,https://basement.crucifyd.com/zone/seahawks/record-fact/NFL%20-%202016%20-%20Record%20%26%20Fact%20Book.pdf,"Preseason designation is sourced, but weekly tenure requires dated in-season or retrospective evidence."
2016-PIT-play_caller,2016,PIT,play_caller,explicit_play_caller_evidence_required,,high,open,https://basement.crucifyd.com/zone/seahawks/record-fact/NFL%20-%202016%20-%20Record%20%26%20Fact%20Book.pdf,Staff title is not evidence of play-calling duty; locate dated team or league reporting and assignment interval.
2016-PIT-quarterbacks_coach-interval,2016,PIT,quarterbacks_coach,season_interval_verification_required,Randy Fichtner,medium,open,https://basement.crucifyd.com/zone/seahawks/record-fact/NFL%20-%202016%20-%20Record%20%26%20Fact%20Book.pdf,"Preseason designation is sourced, but weekly tenure requires dated in-season or retrospective evidence."
2016-SEA-offensive_coordinator-interval,2016,SEA,offensive_coordinator,season_interval_verification_required,Darrell Bevell,medium,open,https://basement.crucifyd.com/zone/seahawks/record-fact/NFL%20-%202016%20-%20Record%20%26%20Fact%20Book.pdf,"Preseason designation is sourced, but weekly tenure requires dated in-season or retrospective evidence."
2016-SEA-play_caller,2016,SEA,play_caller,explicit_play_caller_evidence_required,,high,open,https://basement.crucifyd.com/zone/seahawks/record-fact/NFL%20-%202016%20-%20Record%20%26%20Fact%20Book.pdf,Staff title is not evidence of play-calling duty; locate dated team or league reporting and assignment interval.
2016-SEA-quarterbacks_coach-interval,2016,SEA,quarterbacks_coach,season_interval_verification_required,Carl Smith,medium,open,https://basement.crucifyd.com/zone/seahawks/record-fact/NFL%20-%202016%20-%20Record%20%26%20Fact%20Book.pdf,"Preseason designation is sourced, but weekly tenure requires dated in-season or retrospective evidence."
2016-SF-offensive_coordinator-interval,2016,SF,offensive_coordinator,season_interval_verification_required,Curtis Modkins,medium,open,https://basement.crucifyd.com/zone/seahawks/record-fact/NFL%20-%202016%20-%20Record%20%26%20Fact%20Book.pdf,"Preseason designation is sourced, but weekly tenure requires dated in-season or retrospective evidence."
2016-SF-play_caller,2016,SF,play_caller,explicit_play_caller_evidence_required,,high,open,https://basement.crucifyd.com/zone/seahawks/record-fact/NFL%20-%202016%20-%20Record%20%26%20Fact%20Book.pdf,Staff title is not evidence of play-calling duty; locate dated team or league reporting and assignment interval.
2016-SF-quarterbacks_coach-interval,2016,SF,quarterbacks_coach,season_interval_verification_required,Ryan Day,medium,open,https://basement.crucifyd.com/zone/seahawks/record-fact/NFL%20-%202016%20-%20Record%20%26%20Fact%20Book.pdf,"Preseason designation is sourced, but weekly tenure requires dated in-season or retrospective evidence."
2016-TB-offensive_coordinator-interval,2016,TB,offensive_coordinator,season_interval_verification_required,Todd Monken,medium,open,https://basement.crucifyd.com/zone/seahawks/record-fact/NFL%20-%202016%20-%20Record%20%26%20Fact%20Book.pdf,"Preseason designation is sourced, but weekly tenure requires dated in-season or retrospective evidence."
2016-TB-play_caller,2016,TB,play_caller,explicit_play_caller_evidence_required,,high,open,https://basement.crucifyd.com/zone/seahawks/record-fact/NFL%20-%202016%20-%20Record%20%26%20Fact%20Book.pdf,Staff title is not evidence of play-calling duty; locate dated team or league reporting and assignment interval.
2016-TB-quarterbacks_coach-interval,2016,TB,quarterbacks_coach,season_interval_verification_required,Mike Bajakian,medium,open,https://basement.crucifyd.com/zone/seahawks/record-fact/NFL%20-%202016%20-%20Record%20%26%20Fact%20Book.pdf,"Preseason designation is sourced, but weekly tenure requires dated in-season or retrospective evidence."
2016-TEN-offensive_coordinator-interval,2016,TEN,offensive_coordinator,season_interval_verification_required,Terry Robiskie,medium,open,https://basement.crucifyd.com/zone/seahawks/record-fact/NFL%20-%202016%20-%20Record%20%26%20Fact%20Book.pdf,"Preseason designation is sourced, but weekly tenure requires dated in-season or retrospective evidence."
2016-TEN-play_caller,2016,TEN,play_caller,explicit_play_caller_evidence_required,,high,open,https://basement.crucifyd.com/zone/seahawks/record-fact/NFL%20-%202016%20-%20Record%20%26%20Fact%20Book.pdf,Staff title is not evidence of play-calling duty; locate dated team or league reporting and assignment interval.
2016-TEN-quarterbacks_coach-interval,2016,TEN,quarterbacks_coach,season_interval_verification_required,Jason Michael,medium,open,https://basement.crucifyd.com/zone/seahawks/record-fact/NFL%20-%202016%20-%20Record%20%26%20Fact%20Book.pdf,"Preseason designation is sourced, but weekly tenure requires dated in-season or retrospective evidence."
2016-WAS-offensive_coordinator-interval,2016,WAS,offensive_coordinator,season_interval_verification_required,Sean McVay,medium,open,https://basement.crucifyd.com/zone/seahawks/record-fact/NFL%20-%202016%20-%20Record%20%26%20Fact%20Book.pdf,"Preseason designation is sourced, but weekly tenure requires dated in-season or retrospective evidence."
2016-WAS-play_caller,2016,WAS,play_caller,explicit_play_caller_evidence_required,,high,open,https://basement.crucifyd.com/zone/seahawks/record-fact/NFL%20-%202016%20-%20Record%20%26%20Fact%20Book.pdf,Staff title is not evidence of play-calling duty; locate dated team or league reporting and assignment interval.
2016-WAS-quarterbacks_coach,2016,WAS,quarterbacks_coach,missing_formal_role,Matt Cavanaugh,medium,resolved,https://www.commanders.com/news/redskins-promote-matt-cavanaugh-to-offensive-coordinator-18486264,Independent audit resolved every regular-season week with source-backed person intervals and/or verified no-separately-designated-role evidence; see coaching_evidence_11b.csv and coaching_no_role_evidence_11b.csv.
2017-ARI-offensive_coordinator-interval,2017,ARI,offensive_coordinator,season_interval_verification_required,Harold Goodwin,medium,open,https://basement.crucifyd.com/zone/seahawks/record-fact/NFL%20-%202017%20-%20Record%20%26%20Fact%20Book.pdf,"Preseason designation is sourced, but weekly tenure requires dated in-season or retrospective evidence."
2017-ARI-play_caller,2017,ARI,play_caller,explicit_play_caller_evidence_required,Bruce Arians,high,open,https://www.espn.com/nfl/story/_/page/32for32x17115/nfl-2017-playcallers-all-32-nfl-teams-how-their-offense-ranks,"ESPN's contemporaneous midseason all-team audit explicitly identifies the current caller, but opening, closing, and known change boundaries require team-level evidence; retained for manual review."
2017-ARI-quarterbacks_coach-interval,2017,ARI,quarterbacks_coach,season_interval_verification_required,Byron Leftwich,medium,open,https://basement.crucifyd.com/zone/seahawks/record-fact/NFL%20-%202017%20-%20Record%20%26%20Fact%20Book.pdf,"Preseason designation is sourced, but weekly tenure requires dated in-season or retrospective evidence."
2017-ATL-offensive_coordinator-interval,2017,ATL,offensive_coordinator,season_interval_verification_required,Steve Sarkisian,medium,open,https://basement.crucifyd.com/zone/seahawks/record-fact/NFL%20-%202017%20-%20Record%20%26%20Fact%20Book.pdf,"Preseason designation is sourced, but weekly tenure requires dated in-season or retrospective evidence."
2017-ATL-play_caller,2017,ATL,play_caller,explicit_play_caller_evidence_required,Steve Sarkisian,high,open,https://www.espn.com/nfl/story/_/page/32for32x17115/nfl-2017-playcallers-all-32-nfl-teams-how-their-offense-ranks,"ESPN's contemporaneous midseason all-team audit explicitly identifies the current caller, but opening, closing, and known change boundaries require team-level evidence; retained for manual review."
2017-ATL-quarterbacks_coach-interval,2017,ATL,quarterbacks_coach,season_interval_verification_required,Bush Hadman,medium,open,https://basement.crucifyd.com/zone/seahawks/record-fact/NFL%20-%202017%20-%20Record%20%26%20Fact%20Book.pdf,"Preseason designation is sourced, but weekly tenure requires dated in-season or retrospective evidence."
2017-BAL-offensive_coordinator,2017,BAL,offensive_coordinator,missing_formal_role,Marty Mornhinweg,medium,resolved,https://www.ravenspr.com/media_guide/BALTIMORE_RAVENS_MEDIA_GUIDE_2017.pdf,Independent audit resolved every regular-season week with source-backed person intervals and/or verified no-separately-designated-role evidence; see coaching_evidence_11b.csv and coaching_no_role_evidence_11b.csv.
2017-BAL-play_caller,2017,BAL,play_caller,explicit_play_caller_evidence_required,Marty Mornhinweg,high,open,https://www.espn.com/nfl/story/_/page/32for32x17115/nfl-2017-playcallers-all-32-nfl-teams-how-their-offense-ranks,"ESPN's contemporaneous midseason all-team audit explicitly identifies the current caller, but opening, closing, and known change boundaries require team-level evidence; retained for manual review."
2017-BAL-quarterbacks_coach,2017,BAL,quarterbacks_coach,missing_formal_role,Marty Mornhinweg,medium,resolved,https://www.ravenspr.com/media_guide/BALTIMORE_RAVENS_MEDIA_GUIDE_2017.pdf,Independent audit resolved every regular-season week with source-backed person intervals and/or verified no-separately-designated-role evidence; see coaching_evidence_11b.csv and coaching_no_role_evidence_11b.csv.
2017-BUF-offensive_coordinator-interval,2017,BUF,offensive_coordinator,season_interval_verification_required,Rick Dennison,medium,open,https://basement.crucifyd.com/zone/seahawks/record-fact/NFL%20-%202017%20-%20Record%20%26%20Fact%20Book.pdf,"Preseason designation is sourced, but weekly tenure requires dated in-season or retrospective evidence."
2017-BUF-play_caller,2017,BUF,play_caller,explicit_play_caller_evidence_required,Rick Dennison,high,open,https://www.espn.com/nfl/story/_/page/32for32x17115/nfl-2017-playcallers-all-32-nfl-teams-how-their-offense-ranks,"ESPN's contemporaneous midseason all-team audit explicitly identifies the current caller, but opening, closing, and known change boundaries require team-level evidence; retained for manual review."
2017-BUF-quarterbacks_coach-interval,2017,BUF,quarterbacks_coach,season_interval_verification_required,David Culley,medium,open,https://basement.crucifyd.com/zone/seahawks/record-fact/NFL%20-%202017%20-%20Record%20%26%20Fact%20Book.pdf,"Preseason designation is sourced, but weekly tenure requires dated in-season or retrospective evidence."
2017-CAR-offensive_coordinator-interval,2017,CAR,offensive_coordinator,season_interval_verification_required,Mike Shula,medium,open,https://basement.crucifyd.com/zone/seahawks/record-fact/NFL%20-%202017%20-%20Record%20%26%20Fact%20Book.pdf,"Preseason designation is sourced, but weekly tenure requires dated in-season or retrospective evidence."
2017-CAR-play_caller,2017,CAR,play_caller,explicit_play_caller_evidence_required,Mike Shula,high,open,https://www.espn.com/nfl/story/_/page/32for32x17115/nfl-2017-playcallers-all-32-nfl-teams-how-their-offense-ranks,"ESPN's contemporaneous midseason all-team audit explicitly identifies the current caller, but opening, closing, and known change boundaries require team-level evidence; retained for manual review."
2017-CAR-quarterbacks_coach-interval,2017,CAR,quarterbacks_coach,season_interval_verification_required,Ken Dorsey,medium,open,https://basement.crucifyd.com/zone/seahawks/record-fact/NFL%20-%202017%20-%20Record%20%26%20Fact%20Book.pdf,"Preseason designation is sourced, but weekly tenure requires dated in-season or retrospective evidence."
2017-CHI-offensive_coordinator-interval,2017,CHI,offensive_coordinator,season_interval_verification_required,Dowell Loggains,medium,open,https://basement.crucifyd.com/zone/seahawks/record-fact/NFL%20-%202017%20-%20Record%20%26%20Fact%20Book.pdf,"Preseason designation is sourced, but weekly tenure requires dated in-season or retrospective evidence."
2017-CHI-play_caller,2017,CHI,play_caller,explicit_play_caller_evidence_required,Dowell Loggains,high,open,https://www.espn.com/nfl/story/_/page/32for32x17115/nfl-2017-playcallers-all-32-nfl-teams-how-their-offense-ranks,"ESPN's contemporaneous midseason all-team audit explicitly identifies the current caller, but opening, closing, and known change boundaries require team-level evidence; retained for manual review."
2017-CHI-quarterbacks_coach-interval,2017,CHI,quarterbacks_coach,season_interval_verification_required,Dave Ragone,medium,open,https://basement.crucifyd.com/zone/seahawks/record-fact/NFL%20-%202017%20-%20Record%20%26%20Fact%20Book.pdf,"Preseason designation is sourced, but weekly tenure requires dated in-season or retrospective evidence."
2017-CIN-offensive_coordinator-interval,2017,CIN,offensive_coordinator,season_interval_verification_required,Ken Zampese,medium,open,https://basement.crucifyd.com/zone/seahawks/record-fact/NFL%20-%202017%20-%20Record%20%26%20Fact%20Book.pdf,"Preseason designation is sourced, but weekly tenure requires dated in-season or retrospective evidence."
2017-CIN-play_caller,2017,CIN,play_caller,explicit_play_caller_evidence_required,Bill Lazor|Ken Zampese,high,resolved,https://www.bengals.com/news/2017,Independent audit verified explicit play-calling responsibility for all regular-season weeks; see cited assignment intervals.
2017-CIN-quarterbacks_coach-interval,2017,CIN,quarterbacks_coach,season_interval_verification_required,Bill Lazor,medium,open,https://basement.crucifyd.com/zone/seahawks/record-fact/NFL%20-%202017%20-%20Record%20%26%20Fact%20Book.pdf,"Preseason designation is sourced, but weekly tenure requires dated in-season or retrospective evidence."
2017-CLE-offensive_coordinator,2017,CLE,offensive_coordinator,missing_formal_role,NO_SEPARATELY_DESIGNATED_ROLE,medium,resolved,https://www.clevelandbrowns.com/news/hue-jackson-to-take-next-week-to-mull-hiring-offensive-coordinator-othe-20178718,Independent audit resolved every regular-season week with source-backed person intervals and/or verified no-separately-designated-role evidence; see coaching_evidence_11b.csv and coaching_no_role_evidence_11b.csv.
2017-CLE-play_caller,2017,CLE,play_caller,explicit_play_caller_evidence_required,Hue Jackson,high,open,https://www.espn.com/nfl/story/_/page/32for32x17115/nfl-2017-playcallers-all-32-nfl-teams-how-their-offense-ranks,"ESPN's contemporaneous midseason all-team audit explicitly identifies the current caller, but opening, closing, and known change boundaries require team-level evidence; retained for manual review."
2017-CLE-quarterbacks_coach-interval,2017,CLE,quarterbacks_coach,season_interval_verification_required,David Lee,medium,open,https://basement.crucifyd.com/zone/seahawks/record-fact/NFL%20-%202017%20-%20Record%20%26%20Fact%20Book.pdf,"Preseason designation is sourced, but weekly tenure requires dated in-season or retrospective evidence."
2017-DAL-offensive_coordinator-interval,2017,DAL,offensive_coordinator,season_interval_verification_required,Scott Linehan,medium,open,https://basement.crucifyd.com/zone/seahawks/record-fact/NFL%20-%202017%20-%20Record%20%26%20Fact%20Book.pdf,"Preseason designation is sourced, but weekly tenure requires dated in-season or retrospective evidence."
2017-DAL-play_caller,2017,DAL,play_caller,explicit_play_caller_evidence_required,Scott Linehan,high,open,https://www.espn.com/nfl/story/_/page/32for32x17115/nfl-2017-playcallers-all-32-nfl-teams-how-their-offense-ranks,"ESPN's contemporaneous midseason all-team audit explicitly identifies the current caller, but opening, closing, and known change boundaries require team-level evidence; retained for manual review."
2017-DAL-quarterbacks_coach-interval,2017,DAL,quarterbacks_coach,season_interval_verification_required,Wade Wilson,medium,open,https://basement.crucifyd.com/zone/seahawks/record-fact/NFL%20-%202017%20-%20Record%20%26%20Fact%20Book.pdf,"Preseason designation is sourced, but weekly tenure requires dated in-season or retrospective evidence."
2017-DEN-offensive_coordinator,2017,DEN,offensive_coordinator,missing_formal_role,Bill Musgrave|Mike McCoy,medium,resolved,https://www.denverbroncos.com/news/broncos-part-ways-with-offensive-coordinator-mike-mccoy-bill-musgrave-n-19804105,Independent audit resolved every regular-season week with source-backed person intervals and/or verified no-separately-designated-role evidence; see coaching_evidence_11b.csv and coaching_no_role_evidence_11b.csv.
2017-DEN-play_caller,2017,DEN,play_caller,explicit_play_caller_evidence_required,Bill Musgrave|Mike McCoy,high,resolved,https://www.espn.com/nfl/story/_/page/32for32x17115/nfl-2017-playcallers-all-32-nfl-teams-how-their-offense-ranks,Independent audit verified explicit play-calling responsibility for all regular-season weeks; see cited assignment intervals.
2017-DEN-quarterbacks_coach-interval,2017,DEN,quarterbacks_coach,season_interval_verification_required,Bill Musgrave,medium,open,https://basement.crucifyd.com/zone/seahawks/record-fact/NFL%20-%202017%20-%20Record%20%26%20Fact%20Book.pdf,"Preseason designation is sourced, but weekly tenure requires dated in-season or retrospective evidence."
2017-DET-offensive_coordinator-interval,2017,DET,offensive_coordinator,season_interval_verification_required,Jim Bob Cooter,medium,open,https://basement.crucifyd.com/zone/seahawks/record-fact/NFL%20-%202017%20-%20Record%20%26%20Fact%20Book.pdf,"Preseason designation is sourced, but weekly tenure requires dated in-season or retrospective evidence."
2017-DET-play_caller,2017,DET,play_caller,explicit_play_caller_evidence_required,Jim Bob Cooter,high,open,https://www.espn.com/nfl/story/_/page/32for32x17115/nfl-2017-playcallers-all-32-nfl-teams-how-their-offense-ranks,"ESPN's contemporaneous midseason all-team audit explicitly identifies the current caller, but opening, closing, and known change boundaries require team-level evidence; retained for manual review."
2017-DET-quarterbacks_coach,2017,DET,quarterbacks_coach,missing_formal_role,Brian Callahan,medium,resolved,https://www.detroitlions.com/news/caldwell-excited-about-jake-rudock-s-opportunity-18707077,Independent audit resolved every regular-season week with source-backed person intervals and/or verified no-separately-designated-role evidence; see coaching_evidence_11b.csv and coaching_no_role_evidence_11b.csv.
2017-GB-offensive_coordinator-interval,2017,GB,offensive_coordinator,season_interval_verification_required,Edgar Bennett,medium,open,https://basement.crucifyd.com/zone/seahawks/record-fact/NFL%20-%202017%20-%20Record%20%26%20Fact%20Book.pdf,"Preseason designation is sourced, but weekly tenure requires dated in-season or retrospective evidence."
2017-GB-play_caller,2017,GB,play_caller,explicit_play_caller_evidence_required,Mike McCarthy,high,open,https://www.espn.com/nfl/story/_/page/32for32x17115/nfl-2017-playcallers-all-32-nfl-teams-how-their-offense-ranks,"ESPN's contemporaneous midseason all-team audit explicitly identifies the current caller, but opening, closing, and known change boundaries require team-level evidence; retained for manual review."
2017-GB-quarterbacks_coach-interval,2017,GB,quarterbacks_coach,season_interval_verification_required,Alex Van Pelt,medium,open,https://basement.crucifyd.com/zone/seahawks/record-fact/NFL%20-%202017%20-%20Record%20%26%20Fact%20Book.pdf,"Preseason designation is sourced, but weekly tenure requires dated in-season or retrospective evidence."
2017-HOU-offensive_coordinator,2017,HOU,offensive_coordinator,missing_formal_role,NO_SEPARATELY_DESIGNATED_ROLE,medium,resolved,https://www.houstontexans.com/news/romeo-crennel-takes-on-bigger-role-18520538,Independent audit resolved every regular-season week with source-backed person intervals and/or verified no-separately-designated-role evidence; see coaching_evidence_11b.csv and coaching_no_role_evidence_11b.csv.
2017-HOU-play_caller,2017,HOU,play_caller,explicit_play_caller_evidence_required,Bill O'Brien,high,open,https://www.espn.com/nfl/story/_/page/32for32x17115/nfl-2017-playcallers-all-32-nfl-teams-how-their-offense-ranks,"ESPN's contemporaneous midseason all-team audit explicitly identifies the current caller, but opening, closing, and known change boundaries require team-level evidence; retained for manual review."
2017-HOU-quarterbacks_coach,2017,HOU,quarterbacks_coach,missing_formal_role,Sean Ryan,medium,resolved,https://www.houstontexans.com/news/new-wrinkles-on-offense-a-collaboration-19687114,Independent audit resolved every regular-season week with source-backed person intervals and/or verified no-separately-designated-role evidence; see coaching_evidence_11b.csv and coaching_no_role_evidence_11b.csv.
2017-IND-offensive_coordinator-interval,2017,IND,offensive_coordinator,season_interval_verification_required,Rob Chudzinski,medium,open,https://basement.crucifyd.com/zone/seahawks/record-fact/NFL%20-%202017%20-%20Record%20%26%20Fact%20Book.pdf,"Preseason designation is sourced, but weekly tenure requires dated in-season or retrospective evidence."
2017-IND-play_caller,2017,IND,play_caller,explicit_play_caller_evidence_required,Rob Chudzinski,high,open,https://www.espn.com/nfl/story/_/page/32for32x17115/nfl-2017-playcallers-all-32-nfl-teams-how-their-offense-ranks,"ESPN's contemporaneous midseason all-team audit explicitly identifies the current caller, but opening, closing, and known change boundaries require team-level evidence; retained for manual review."
2017-IND-quarterbacks_coach-interval,2017,IND,quarterbacks_coach,season_interval_verification_required,Brian Schottenheimer,medium,open,https://basement.crucifyd.com/zone/seahawks/record-fact/NFL%20-%202017%20-%20Record%20%26%20Fact%20Book.pdf,"Preseason designation is sourced, but weekly tenure requires dated in-season or retrospective evidence."
2017-JAX-offensive_coordinator-interval,2017,JAX,offensive_coordinator,season_interval_verification_required,Nathaniel Hackett,medium,open,https://basement.crucifyd.com/zone/seahawks/record-fact/NFL%20-%202017%20-%20Record%20%26%20Fact%20Book.pdf,"Preseason designation is sourced, but weekly tenure requires dated in-season or retrospective evidence."
2017-JAX-play_caller,2017,JAX,play_caller,explicit_play_caller_evidence_required,Nathaniel Hackett,high,open,https://www.espn.com/nfl/story/_/page/32for32x17115/nfl-2017-playcallers-all-32-nfl-teams-how-their-offense-ranks,"ESPN's contemporaneous midseason all-team audit explicitly identifies the current caller, but opening, closing, and known change boundaries require team-level evidence; retained for manual review."
2017-JAX-quarterbacks_coach,2017,JAX,quarterbacks_coach,missing_formal_role,Scott Milanovich,medium,resolved,https://www.jaguars.com/news/nfl-scouting-combine-a-decision-for-the-future-20398131,Independent audit resolved every regular-season week with source-backed person intervals and/or verified no-separately-designated-role evidence; see coaching_evidence_11b.csv and coaching_no_role_evidence_11b.csv.
2017-KC-offensive_coordinator,2017,KC,offensive_coordinator,missing_formal_role,Matt Nagy,medium,resolved,https://www.chiefs.com/news/childress-to-serve-as-assistant-head-coach-nagy-as-offensive-coordinato-18558244,Independent audit resolved every regular-season week with source-backed person intervals and/or verified no-separately-designated-role evidence; see coaching_evidence_11b.csv and coaching_no_role_evidence_11b.csv.
2017-KC-play_caller,2017,KC,play_caller,explicit_play_caller_evidence_required,Andy Reid|Matt Nagy,high,resolved,https://www.espn.com/nfl/story/_/page/32for32x17115/nfl-2017-playcallers-all-32-nfl-teams-how-their-offense-ranks,Independent audit verified explicit play-calling responsibility for all regular-season weeks; see cited assignment intervals.
2017-KC-quarterbacks_coach,2017,KC,quarterbacks_coach,missing_formal_role,NO_SEPARATELY_DESIGNATED_ROLE,medium,resolved,https://basement.crucifyd.com/zone/seahawks/record-fact/NFL%20-%202017%20-%20Record%20%26%20Fact%20Book.pdf,Independent audit resolved every regular-season week with source-backed person intervals and/or verified no-separately-designated-role evidence; see coaching_evidence_11b.csv and coaching_no_role_evidence_11b.csv.
2017-LA-offensive_coordinator-interval,2017,LA,offensive_coordinator,season_interval_verification_required,Matt LaFleur,medium,open,https://basement.crucifyd.com/zone/seahawks/record-fact/NFL%20-%202017%20-%20Record%20%26%20Fact%20Book.pdf,"Preseason designation is sourced, but weekly tenure requires dated in-season or retrospective evidence."
2017-LA-play_caller,2017,LA,play_caller,explicit_play_caller_evidence_required,Sean McVay,high,open,https://www.espn.com/nfl/story/_/page/32for32x17115/nfl-2017-playcallers-all-32-nfl-teams-how-their-offense-ranks,"ESPN's contemporaneous midseason all-team audit explicitly identifies the current caller, but opening, closing, and known change boundaries require team-level evidence; retained for manual review."
2017-LA-quarterbacks_coach-interval,2017,LA,quarterbacks_coach,season_interval_verification_required,Greg Olson,medium,open,https://basement.crucifyd.com/zone/seahawks/record-fact/NFL%20-%202017%20-%20Record%20%26%20Fact%20Book.pdf,"Preseason designation is sourced, but weekly tenure requires dated in-season or retrospective evidence."
2017-LAC-offensive_coordinator-interval,2017,LAC,offensive_coordinator,season_interval_verification_required,Ken Whisenhunt,medium,open,https://basement.crucifyd.com/zone/seahawks/record-fact/NFL%20-%202017%20-%20Record%20%26%20Fact%20Book.pdf,"Preseason designation is sourced, but weekly tenure requires dated in-season or retrospective evidence."
2017-LAC-play_caller,2017,LAC,play_caller,explicit_play_caller_evidence_required,Ken Whisenhunt,high,open,https://www.espn.com/nfl/story/_/page/32for32x17115/nfl-2017-playcallers-all-32-nfl-teams-how-their-offense-ranks,"ESPN's contemporaneous midseason all-team audit explicitly identifies the current caller, but opening, closing, and known change boundaries require team-level evidence; retained for manual review."
2017-LAC-quarterbacks_coach-interval,2017,LAC,quarterbacks_coach,season_interval_verification_required,Shane Steichen,medium,open,https://basement.crucifyd.com/zone/seahawks/record-fact/NFL%20-%202017%20-%20Record%20%26%20Fact%20Book.pdf,"Preseason designation is sourced, but weekly tenure requires dated in-season or retrospective evidence."
2017-LV-offensive_coordinator-interval,2017,LV,offensive_coordinator,season_interval_verification_required,Todd Downing,medium,open,https://basement.crucifyd.com/zone/seahawks/record-fact/NFL%20-%202017%20-%20Record%20%26%20Fact%20Book.pdf,"Preseason designation is sourced, but weekly tenure requires dated in-season or retrospective evidence."
2017-LV-play_caller,2017,LV,play_caller,explicit_play_caller_evidence_required,Todd Downing,high,open,https://www.espn.com/nfl/story/_/page/32for32x17115/nfl-2017-playcallers-all-32-nfl-teams-how-their-offense-ranks,"ESPN's contemporaneous midseason all-team audit explicitly identifies the current caller, but opening, closing, and known change boundaries require team-level evidence; retained for manual review."
2017-LV-quarterbacks_coach,2017,LV,quarterbacks_coach,missing_formal_role,Jake Peetz,medium,resolved,https://www.raiders.com/news/oakland-raiders-round-out-2017-coaching-staff-18633758,Independent audit resolved every regular-season week with source-backed person intervals and/or verified no-separately-designated-role evidence; see coaching_evidence_11b.csv and coaching_no_role_evidence_11b.csv.
2017-MIA-offensive_coordinator-interval,2017,MIA,offensive_coordinator,season_interval_verification_required,Clyde Christensen,medium,open,https://basement.crucifyd.com/zone/seahawks/record-fact/NFL%20-%202017%20-%20Record%20%26%20Fact%20Book.pdf,"Preseason designation is sourced, but weekly tenure requires dated in-season or retrospective evidence."
2017-MIA-play_caller,2017,MIA,play_caller,explicit_play_caller_evidence_required,Adam Gase,high,open,https://www.espn.com/nfl/story/_/page/32for32x17115/nfl-2017-playcallers-all-32-nfl-teams-how-their-offense-ranks,"ESPN's contemporaneous midseason all-team audit explicitly identifies the current caller, but opening, closing, and known change boundaries require team-level evidence; retained for manual review."
2017-MIA-quarterbacks_coach-interval,2017,MIA,quarterbacks_coach,season_interval_verification_required,Bo Hardegree,medium,open,https://basement.crucifyd.com/zone/seahawks/record-fact/NFL%20-%202017%20-%20Record%20%26%20Fact%20Book.pdf,"Preseason designation is sourced, but weekly tenure requires dated in-season or retrospective evidence."
2017-MIN-offensive_coordinator,2017,MIN,offensive_coordinator,missing_formal_role,Pat Shurmur,medium,resolved,https://www.vikings.com/news/transcript-coordinators-addressed-the-media-thursday-19374693,Independent audit resolved every regular-season week with source-backed person intervals and/or verified no-separately-designated-role evidence; see coaching_evidence_11b.csv and coaching_no_role_evidence_11b.csv.
2017-MIN-play_caller,2017,MIN,play_caller,explicit_play_caller_evidence_required,Pat Shurmur,high,open,https://www.espn.com/nfl/story/_/page/32for32x17115/nfl-2017-playcallers-all-32-nfl-teams-how-their-offense-ranks,"ESPN's contemporaneous midseason all-team audit explicitly identifies the current caller, but opening, closing, and known change boundaries require team-level evidence; retained for manual review."
2017-MIN-quarterbacks_coach-interval,2017,MIN,quarterbacks_coach,season_interval_verification_required,Kevin Stefanski,medium,open,https://basement.crucifyd.com/zone/seahawks/record-fact/NFL%20-%202017%20-%20Record%20%26%20Fact%20Book.pdf,"Preseason designation is sourced, but weekly tenure requires dated in-season or retrospective evidence."
2017-NE-offensive_coordinator,2017,NE,offensive_coordinator,missing_formal_role,Josh McDaniels,medium,resolved,https://www.patriots.com/news/assistant-coaches-jones-earned-patriots-qb-job,Independent audit resolved every regular-season week with source-backed person intervals and/or verified no-separately-designated-role evidence; see coaching_evidence_11b.csv and coaching_no_role_evidence_11b.csv.
2017-NE-play_caller,2017,NE,play_caller,explicit_play_caller_evidence_required,Josh McDaniels,high,open,https://www.espn.com/nfl/story/_/page/32for32x17115/nfl-2017-playcallers-all-32-nfl-teams-how-their-offense-ranks,"ESPN's contemporaneous midseason all-team audit explicitly identifies the current caller, but opening, closing, and known change boundaries require team-level evidence; retained for manual review."
2017-NE-quarterbacks_coach,2017,NE,quarterbacks_coach,missing_formal_role,Josh McDaniels,medium,resolved,https://www.patriots.com/news/assistant-coaches-jones-earned-patriots-qb-job,Independent audit resolved every regular-season week with source-backed person intervals and/or verified no-separately-designated-role evidence; see coaching_evidence_11b.csv and coaching_no_role_evidence_11b.csv.
2017-NO-offensive_coordinator-interval,2017,NO,offensive_coordinator,season_interval_verification_required,Pete Carmichael,medium,open,https://basement.crucifyd.com/zone/seahawks/record-fact/NFL%20-%202017%20-%20Record%20%26%20Fact%20Book.pdf,"Preseason designation is sourced, but weekly tenure requires dated in-season or retrospective evidence."
2017-NO-play_caller,2017,NO,play_caller,explicit_play_caller_evidence_required,Sean Payton,high,open,https://www.espn.com/nfl/story/_/page/32for32x17115/nfl-2017-playcallers-all-32-nfl-teams-how-their-offense-ranks,"ESPN's contemporaneous midseason all-team audit explicitly identifies the current caller, but opening, closing, and known change boundaries require team-level evidence; retained for manual review."
2017-NO-quarterbacks_coach-interval,2017,NO,quarterbacks_coach,season_interval_verification_required,Joe Lombardi,medium,open,https://basement.crucifyd.com/zone/seahawks/record-fact/NFL%20-%202017%20-%20Record%20%26%20Fact%20Book.pdf,"Preseason designation is sourced, but weekly tenure requires dated in-season or retrospective evidence."
2017-NYG-offensive_coordinator-interval,2017,NYG,offensive_coordinator,season_interval_verification_required,Mike Sullivan,medium,open,https://basement.crucifyd.com/zone/seahawks/record-fact/NFL%20-%202017%20-%20Record%20%26%20Fact%20Book.pdf,"Preseason designation is sourced, but weekly tenure requires dated in-season or retrospective evidence."
2017-NYG-play_caller,2017,NYG,play_caller,explicit_play_caller_evidence_required,Mike Sullivan,high,open,https://www.espn.com/nfl/story/_/page/32for32x17115/nfl-2017-playcallers-all-32-nfl-teams-how-their-offense-ranks,"ESPN's contemporaneous midseason all-team audit explicitly identifies the current caller, but opening, closing, and known change boundaries require team-level evidence; retained for manual review."
2017-NYG-quarterbacks_coach-interval,2017,NYG,quarterbacks_coach,season_interval_verification_required,Frank Cignetti Jr,medium,open,https://basement.crucifyd.com/zone/seahawks/record-fact/NFL%20-%202017%20-%20Record%20%26%20Fact%20Book.pdf,"Preseason designation is sourced, but weekly tenure requires dated in-season or retrospective evidence."
2017-NYJ-offensive_coordinator-interval,2017,NYJ,offensive_coordinator,season_interval_verification_required,John Morton,medium,open,https://basement.crucifyd.com/zone/seahawks/record-fact/NFL%20-%202017%20-%20Record%20%26%20Fact%20Book.pdf,"Preseason designation is sourced, but weekly tenure requires dated in-season or retrospective evidence."
2017-NYJ-play_caller,2017,NYJ,play_caller,explicit_play_caller_evidence_required,John Morton,high,open,https://www.espn.com/nfl/story/_/page/32for32x17115/nfl-2017-playcallers-all-32-nfl-teams-how-their-offense-ranks,"ESPN's contemporaneous midseason all-team audit explicitly identifies the current caller, but opening, closing, and known change boundaries require team-level evidence; retained for manual review."
2017-NYJ-quarterbacks_coach-interval,2017,NYJ,quarterbacks_coach,season_interval_verification_required,Jeremy Bates,medium,open,https://basement.crucifyd.com/zone/seahawks/record-fact/NFL%20-%202017%20-%20Record%20%26%20Fact%20Book.pdf,"Preseason designation is sourced, but weekly tenure requires dated in-season or retrospective evidence."
2017-PHI-offensive_coordinator-interval,2017,PHI,offensive_coordinator,season_interval_verification_required,Frank Reich,medium,open,https://basement.crucifyd.com/zone/seahawks/record-fact/NFL%20-%202017%20-%20Record%20%26%20Fact%20Book.pdf,"Preseason designation is sourced, but weekly tenure requires dated in-season or retrospective evidence."
2017-PHI-play_caller,2017,PHI,play_caller,explicit_play_caller_evidence_required,Doug Pederson,high,open,https://www.espn.com/nfl/story/_/page/32for32x17115/nfl-2017-playcallers-all-32-nfl-teams-how-their-offense-ranks,"ESPN's contemporaneous midseason all-team audit explicitly identifies the current caller, but opening, closing, and known change boundaries require team-level evidence; retained for manual review."
2017-PHI-quarterbacks_coach-interval,2017,PHI,quarterbacks_coach,season_interval_verification_required,John DeFilippo,medium,open,https://basement.crucifyd.com/zone/seahawks/record-fact/NFL%20-%202017%20-%20Record%20%26%20Fact%20Book.pdf,"Preseason designation is sourced, but weekly tenure requires dated in-season or retrospective evidence."
2017-PIT-offensive_coordinator-interval,2017,PIT,offensive_coordinator,season_interval_verification_required,Todd Haley,medium,open,https://basement.crucifyd.com/zone/seahawks/record-fact/NFL%20-%202017%20-%20Record%20%26%20Fact%20Book.pdf,"Preseason designation is sourced, but weekly tenure requires dated in-season or retrospective evidence."
2017-PIT-play_caller,2017,PIT,play_caller,explicit_play_caller_evidence_required,Todd Haley,high,open,https://www.espn.com/nfl/story/_/page/32for32x17115/nfl-2017-playcallers-all-32-nfl-teams-how-their-offense-ranks,"ESPN's contemporaneous midseason all-team audit explicitly identifies the current caller, but opening, closing, and known change boundaries require team-level evidence; retained for manual review."
2017-PIT-quarterbacks_coach-interval,2017,PIT,quarterbacks_coach,season_interval_verification_required,Randy Fichtner,medium,open,https://basement.crucifyd.com/zone/seahawks/record-fact/NFL%20-%202017%20-%20Record%20%26%20Fact%20Book.pdf,"Preseason designation is sourced, but weekly tenure requires dated in-season or retrospective evidence."
2017-SEA-offensive_coordinator-interval,2017,SEA,offensive_coordinator,season_interval_verification_required,Darrell Bevell,medium,open,https://basement.crucifyd.com/zone/seahawks/record-fact/NFL%20-%202017%20-%20Record%20%26%20Fact%20Book.pdf,"Preseason designation is sourced, but weekly tenure requires dated in-season or retrospective evidence."
2017-SEA-play_caller,2017,SEA,play_caller,explicit_play_caller_evidence_required,Darrell Bevell,high,open,https://www.espn.com/nfl/story/_/page/32for32x17115/nfl-2017-playcallers-all-32-nfl-teams-how-their-offense-ranks,"ESPN's contemporaneous midseason all-team audit explicitly identifies the current caller, but opening, closing, and known change boundaries require team-level evidence; retained for manual review."
2017-SEA-quarterbacks_coach-interval,2017,SEA,quarterbacks_coach,season_interval_verification_required,Carl Smith,medium,open,https://basement.crucifyd.com/zone/seahawks/record-fact/NFL%20-%202017%20-%20Record%20%26%20Fact%20Book.pdf,"Preseason designation is sourced, but weekly tenure requires dated in-season or retrospective evidence."
2017-SF-offensive_coordinator,2017,SF,offensive_coordinator,missing_formal_role,NO_SEPARATELY_DESIGNATED_ROLE,medium,resolved,https://www.49ers.com/news/49ers-announce-newest-additions-to-coaching-staff-18571118,Independent audit resolved every regular-season week with source-backed person intervals and/or verified no-separately-designated-role evidence; see coaching_evidence_11b.csv and coaching_no_role_evidence_11b.csv.
2017-SF-play_caller,2017,SF,play_caller,explicit_play_caller_evidence_required,Kyle Shanahan,high,open,https://www.espn.com/nfl/story/_/page/32for32x17115/nfl-2017-playcallers-all-32-nfl-teams-how-their-offense-ranks,"ESPN's contemporaneous midseason all-team audit explicitly identifies the current caller, but opening, closing, and known change boundaries require team-level evidence; retained for manual review."
2017-SF-quarterbacks_coach-interval,2017,SF,quarterbacks_coach,season_interval_verification_required,Rich Scangarello,medium,open,https://basement.crucifyd.com/zone/seahawks/record-fact/NFL%20-%202017%20-%20Record%20%26%20Fact%20Book.pdf,"Preseason designation is sourced, but weekly tenure requires dated in-season or retrospective evidence."
2017-TB-offensive_coordinator-interval,2017,TB,offensive_coordinator,season_interval_verification_required,Todd Monken,medium,open,https://basement.crucifyd.com/zone/seahawks/record-fact/NFL%20-%202017%20-%20Record%20%26%20Fact%20Book.pdf,"Preseason designation is sourced, but weekly tenure requires dated in-season or retrospective evidence."
2017-TB-play_caller,2017,TB,play_caller,explicit_play_caller_evidence_required,Dirk Koetter,high,open,https://www.espn.com/nfl/story/_/page/32for32x17115/nfl-2017-playcallers-all-32-nfl-teams-how-their-offense-ranks,"ESPN's contemporaneous midseason all-team audit explicitly identifies the current caller, but opening, closing, and known change boundaries require team-level evidence; retained for manual review."
2017-TB-quarterbacks_coach-interval,2017,TB,quarterbacks_coach,season_interval_verification_required,Mike Bajakian,medium,open,https://basement.crucifyd.com/zone/seahawks/record-fact/NFL%20-%202017%20-%20Record%20%26%20Fact%20Book.pdf,"Preseason designation is sourced, but weekly tenure requires dated in-season or retrospective evidence."
2017-TEN-offensive_coordinator,2017,TEN,offensive_coordinator,missing_formal_role,Terry Robiskie,medium,resolved,https://www.tennesseetitans.com/news/titans-oc-terry-robiskie-answers-identity-question-19379337,Independent audit resolved every regular-season week with source-backed person intervals and/or verified no-separately-designated-role evidence; see coaching_evidence_11b.csv and coaching_no_role_evidence_11b.csv.
2017-TEN-play_caller,2017,TEN,play_caller,explicit_play_caller_evidence_required,Terry Robiskie,high,open,https://www.espn.com/nfl/story/_/page/32for32x17115/nfl-2017-playcallers-all-32-nfl-teams-how-their-offense-ranks,"ESPN's contemporaneous midseason all-team audit explicitly identifies the current caller, but opening, closing, and known change boundaries require team-level evidence; retained for manual review."
2017-TEN-quarterbacks_coach,2017,TEN,quarterbacks_coach,missing_formal_role,Jason Michael,medium,resolved,https://www.tennesseetitans.com/news/titans-qb-marcus-mariota-encouraged-by-progress-19110787,Independent audit resolved every regular-season week with source-backed person intervals and/or verified no-separately-designated-role evidence; see coaching_evidence_11b.csv and coaching_no_role_evidence_11b.csv.
2017-WAS-offensive_coordinator-interval,2017,WAS,offensive_coordinator,season_interval_verification_required,Matt Cavanaugh,medium,open,https://basement.crucifyd.com/zone/seahawks/record-fact/NFL%20-%202017%20-%20Record%20%26%20Fact%20Book.pdf,"Preseason designation is sourced, but weekly tenure requires dated in-season or retrospective evidence."
2017-WAS-play_caller,2017,WAS,play_caller,explicit_play_caller_evidence_required,Jay Gruden,high,open,https://www.espn.com/nfl/story/_/page/32for32x17115/nfl-2017-playcallers-all-32-nfl-teams-how-their-offense-ranks,"ESPN's contemporaneous midseason all-team audit explicitly identifies the current caller, but opening, closing, and known change boundaries require team-level evidence; retained for manual review."
2017-WAS-quarterbacks_coach,2017,WAS,quarterbacks_coach,missing_formal_role,Kevin O'Connell,medium,resolved,https://www.commanders.com/photos/2017-washington-redskins-coaches-in-headshots-19014427,Independent audit resolved every regular-season week with source-backed person intervals and/or verified no-separately-designated-role evidence; see coaching_evidence_11b.csv and coaching_no_role_evidence_11b.csv.
2018-ARI-offensive_coordinator-interval,2018,ARI,offensive_coordinator,season_interval_verification_required,Mike McCoy,medium,open,https://static.clubs.nfl.com/image/upload/saints/cppryvovnkj3awae4uju.pdf,"Preseason designation is sourced, but weekly tenure requires dated in-season or retrospective evidence."
2018-ARI-play_caller,2018,ARI,play_caller,explicit_play_caller_evidence_required,Byron Leftwich|Mike McCoy,high,resolved,https://www.nfl.com/news/fantasy-exit-interviews-nfc-west-0ap3000001017002,Independent audit verified explicit play-calling responsibility for all regular-season weeks; see cited assignment intervals.
2018-ARI-quarterbacks_coach-interval,2018,ARI,quarterbacks_coach,season_interval_verification_required,Byron Leftwich,medium,open,https://static.clubs.nfl.com/image/upload/saints/cppryvovnkj3awae4uju.pdf,"Preseason designation is sourced, but weekly tenure requires dated in-season or retrospective evidence."
2018-ATL-offensive_coordinator-interval,2018,ATL,offensive_coordinator,season_interval_verification_required,Steve Sarkisian,medium,open,https://static.clubs.nfl.com/image/upload/saints/cppryvovnkj3awae4uju.pdf,"Preseason designation is sourced, but weekly tenure requires dated in-season or retrospective evidence."
2018-ATL-play_caller,2018,ATL,play_caller,explicit_play_caller_evidence_required,,high,open,https://static.clubs.nfl.com/image/upload/saints/cppryvovnkj3awae4uju.pdf,Staff title is not evidence of play-calling duty; locate dated team or league reporting and assignment interval.
2018-ATL-quarterbacks_coach-interval,2018,ATL,quarterbacks_coach,season_interval_verification_required,Greg Knapp,medium,open,https://static.clubs.nfl.com/image/upload/saints/cppryvovnkj3awae4uju.pdf,"Preseason designation is sourced, but weekly tenure requires dated in-season or retrospective evidence."
2018-BAL-offensive_coordinator-interval,2018,BAL,offensive_coordinator,season_interval_verification_required,Marty Mornhinweg,medium,open,https://static.clubs.nfl.com/image/upload/saints/cppryvovnkj3awae4uju.pdf,"Preseason designation is sourced, but weekly tenure requires dated in-season or retrospective evidence."
2018-BAL-play_caller,2018,BAL,play_caller,explicit_play_caller_evidence_required,,high,open,https://static.clubs.nfl.com/image/upload/saints/cppryvovnkj3awae4uju.pdf,Staff title is not evidence of play-calling duty; locate dated team or league reporting and assignment interval.
2018-BAL-quarterbacks_coach-interval,2018,BAL,quarterbacks_coach,season_interval_verification_required,James Urban,medium,open,https://static.clubs.nfl.com/image/upload/saints/cppryvovnkj3awae4uju.pdf,"Preseason designation is sourced, but weekly tenure requires dated in-season or retrospective evidence."
2018-BUF-offensive_coordinator-interval,2018,BUF,offensive_coordinator,season_interval_verification_required,Brian Daboll,medium,open,https://static.clubs.nfl.com/image/upload/saints/cppryvovnkj3awae4uju.pdf,"Preseason designation is sourced, but weekly tenure requires dated in-season or retrospective evidence."
2018-BUF-play_caller,2018,BUF,play_caller,explicit_play_caller_evidence_required,,high,open,https://static.clubs.nfl.com/image/upload/saints/cppryvovnkj3awae4uju.pdf,Staff title is not evidence of play-calling duty; locate dated team or league reporting and assignment interval.
2018-BUF-quarterbacks_coach-interval,2018,BUF,quarterbacks_coach,season_interval_verification_required,David Culley,medium,open,https://static.clubs.nfl.com/image/upload/saints/cppryvovnkj3awae4uju.pdf,"Preseason designation is sourced, but weekly tenure requires dated in-season or retrospective evidence."
2018-CAR-offensive_coordinator-interval,2018,CAR,offensive_coordinator,season_interval_verification_required,Norv Turner,medium,open,https://static.clubs.nfl.com/image/upload/saints/cppryvovnkj3awae4uju.pdf,"Preseason designation is sourced, but weekly tenure requires dated in-season or retrospective evidence."
2018-CAR-play_caller,2018,CAR,play_caller,explicit_play_caller_evidence_required,,high,open,https://static.clubs.nfl.com/image/upload/saints/cppryvovnkj3awae4uju.pdf,Staff title is not evidence of play-calling duty; locate dated team or league reporting and assignment interval.
2018-CAR-quarterbacks_coach-interval,2018,CAR,quarterbacks_coach,season_interval_verification_required,Scott Turner,medium,open,https://static.clubs.nfl.com/image/upload/saints/cppryvovnkj3awae4uju.pdf,"Preseason designation is sourced, but weekly tenure requires dated in-season or retrospective evidence."
2018-CHI-offensive_coordinator-interval,2018,CHI,offensive_coordinator,season_interval_verification_required,Mark Helfrich,medium,open,https://static.clubs.nfl.com/image/upload/saints/cppryvovnkj3awae4uju.pdf,"Preseason designation is sourced, but weekly tenure requires dated in-season or retrospective evidence."
2018-CHI-play_caller,2018,CHI,play_caller,explicit_play_caller_evidence_required,,high,open,https://static.clubs.nfl.com/image/upload/saints/cppryvovnkj3awae4uju.pdf,Staff title is not evidence of play-calling duty; locate dated team or league reporting and assignment interval.
2018-CHI-quarterbacks_coach-interval,2018,CHI,quarterbacks_coach,season_interval_verification_required,Dave Ragone,medium,open,https://static.clubs.nfl.com/image/upload/saints/cppryvovnkj3awae4uju.pdf,"Preseason designation is sourced, but weekly tenure requires dated in-season or retrospective evidence."
2018-CIN-offensive_coordinator-interval,2018,CIN,offensive_coordinator,season_interval_verification_required,Bill Lazor,medium,open,https://static.clubs.nfl.com/image/upload/saints/cppryvovnkj3awae4uju.pdf,"Preseason designation is sourced, but weekly tenure requires dated in-season or retrospective evidence."
2018-CIN-play_caller,2018,CIN,play_caller,explicit_play_caller_evidence_required,,high,open,https://static.clubs.nfl.com/image/upload/saints/cppryvovnkj3awae4uju.pdf,Staff title is not evidence of play-calling duty; locate dated team or league reporting and assignment interval.
2018-CIN-quarterbacks_coach-interval,2018,CIN,quarterbacks_coach,season_interval_verification_required,Alex Van Pelt,medium,open,https://static.clubs.nfl.com/image/upload/saints/cppryvovnkj3awae4uju.pdf,"Preseason designation is sourced, but weekly tenure requires dated in-season or retrospective evidence."
2018-CLE-offensive_coordinator-interval,2018,CLE,offensive_coordinator,season_interval_verification_required,Todd Haley,medium,open,https://static.clubs.nfl.com/image/upload/saints/cppryvovnkj3awae4uju.pdf,"Preseason designation is sourced, but weekly tenure requires dated in-season or retrospective evidence."
2018-CLE-play_caller,2018,CLE,play_caller,explicit_play_caller_evidence_required,Freddie Kitchens|Todd Haley,high,resolved,https://www.clevelandbrowns.com/news/need-to-know-hue-jackson-ready-to-assist-infuse-himself-as-offense-strives-for-c,Independent audit verified explicit play-calling responsibility for all regular-season weeks; see cited assignment intervals.
2018-CLE-quarterbacks_coach,2018,CLE,quarterbacks_coach,missing_formal_role,Ken Zampese,medium,resolved,https://www.clevelandbrowns.com/news/browns-add-adam-henry-and-ken-zampese-to-coaching-staff-20241801,Independent audit resolved every regular-season week with source-backed person intervals and/or verified no-separately-designated-role evidence; see coaching_evidence_11b.csv and coaching_no_role_evidence_11b.csv.
2018-DAL-offensive_coordinator-interval,2018,DAL,offensive_coordinator,season_interval_verification_required,Scott Linehan,medium,open,https://static.clubs.nfl.com/image/upload/saints/cppryvovnkj3awae4uju.pdf,"Preseason designation is sourced, but weekly tenure requires dated in-season or retrospective evidence."
2018-DAL-play_caller,2018,DAL,play_caller,explicit_play_caller_evidence_required,,high,open,https://static.clubs.nfl.com/image/upload/saints/cppryvovnkj3awae4uju.pdf,Staff title is not evidence of play-calling duty; locate dated team or league reporting and assignment interval.
2018-DAL-quarterbacks_coach-interval,2018,DAL,quarterbacks_coach,season_interval_verification_required,Kellen Moore,medium,open,https://static.clubs.nfl.com/image/upload/saints/cppryvovnkj3awae4uju.pdf,"Preseason designation is sourced, but weekly tenure requires dated in-season or retrospective evidence."
2018-DEN-offensive_coordinator-interval,2018,DEN,offensive_coordinator,season_interval_verification_required,Bill Musgrave,medium,open,https://static.clubs.nfl.com/image/upload/saints/cppryvovnkj3awae4uju.pdf,"Preseason designation is sourced, but weekly tenure requires dated in-season or retrospective evidence."
2018-DEN-play_caller,2018,DEN,play_caller,explicit_play_caller_evidence_required,,high,open,https://static.clubs.nfl.com/image/upload/saints/cppryvovnkj3awae4uju.pdf,Staff title is not evidence of play-calling duty; locate dated team or league reporting and assignment interval.
2018-DEN-quarterbacks_coach-interval,2018,DEN,quarterbacks_coach,season_interval_verification_required,Mike Sullivan,medium,open,https://static.clubs.nfl.com/image/upload/saints/cppryvovnkj3awae4uju.pdf,"Preseason designation is sourced, but weekly tenure requires dated in-season or retrospective evidence."
2018-DET-offensive_coordinator-interval,2018,DET,offensive_coordinator,season_interval_verification_required,Jim Bob Cooter,medium,open,https://static.clubs.nfl.com/image/upload/saints/cppryvovnkj3awae4uju.pdf,"Preseason designation is sourced, but weekly tenure requires dated in-season or retrospective evidence."
2018-DET-play_caller,2018,DET,play_caller,explicit_play_caller_evidence_required,,high,open,https://static.clubs.nfl.com/image/upload/saints/cppryvovnkj3awae4uju.pdf,Staff title is not evidence of play-calling duty; locate dated team or league reporting and assignment interval.
2018-DET-quarterbacks_coach-interval,2018,DET,quarterbacks_coach,season_interval_verification_required,George Godsey,medium,open,https://static.clubs.nfl.com/image/upload/saints/cppryvovnkj3awae4uju.pdf,"Preseason designation is sourced, but weekly tenure requires dated in-season or retrospective evidence."
2018-GB-offensive_coordinator-interval,2018,GB,offensive_coordinator,season_interval_verification_required,Joe Philbin,medium,open,https://static.clubs.nfl.com/image/upload/saints/cppryvovnkj3awae4uju.pdf,"Preseason designation is sourced, but weekly tenure requires dated in-season or retrospective evidence."
2018-GB-play_caller,2018,GB,play_caller,explicit_play_caller_evidence_required,,high,open,https://static.clubs.nfl.com/image/upload/saints/cppryvovnkj3awae4uju.pdf,Staff title is not evidence of play-calling duty; locate dated team or league reporting and assignment interval.
2018-GB-quarterbacks_coach-interval,2018,GB,quarterbacks_coach,season_interval_verification_required,Frank Cignetti Jr,medium,open,https://static.clubs.nfl.com/image/upload/saints/cppryvovnkj3awae4uju.pdf,"Preseason designation is sourced, but weekly tenure requires dated in-season or retrospective evidence."
2018-HOU-offensive_coordinator,2018,HOU,offensive_coordinator,missing_formal_role,NO_SEPARATELY_DESIGNATED_ROLE,medium,resolved,https://www.houstontexans.com/news/texans-announce-2018-assistant-coaching-staff-20357211,Independent audit resolved every regular-season week with source-backed person intervals and/or verified no-separately-designated-role evidence; see coaching_evidence_11b.csv and coaching_no_role_evidence_11b.csv.
2018-HOU-play_caller,2018,HOU,play_caller,explicit_play_caller_evidence_required,,high,open,https://static.clubs.nfl.com/image/upload/saints/cppryvovnkj3awae4uju.pdf,Staff title is not evidence of play-calling duty; locate dated team or league reporting and assignment interval.
2018-HOU-quarterbacks_coach-interval,2018,HOU,quarterbacks_coach,season_interval_verification_required,Sean Ryan,medium,open,https://static.clubs.nfl.com/image/upload/saints/cppryvovnkj3awae4uju.pdf,"Preseason designation is sourced, but weekly tenure requires dated in-season or retrospective evidence."
2018-IND-offensive_coordinator-interval,2018,IND,offensive_coordinator,season_interval_verification_required,Nick Sirianni,medium,open,https://static.clubs.nfl.com/image/upload/saints/cppryvovnkj3awae4uju.pdf,"Preseason designation is sourced, but weekly tenure requires dated in-season or retrospective evidence."
2018-IND-play_caller,2018,IND,play_caller,explicit_play_caller_evidence_required,,high,open,https://static.clubs.nfl.com/image/upload/saints/cppryvovnkj3awae4uju.pdf,Staff title is not evidence of play-calling duty; locate dated team or league reporting and assignment interval.
2018-IND-quarterbacks_coach,2018,IND,quarterbacks_coach,missing_formal_role,NO_SEPARATELY_DESIGNATED_ROLE,medium,resolved,https://www.colts.com/news/indianapolis-colts-finalize-2018-coaching-staff-20394484,Independent audit resolved every regular-season week with source-backed person intervals and/or verified no-separately-designated-role evidence; see coaching_evidence_11b.csv and coaching_no_role_evidence_11b.csv.
2018-JAX-offensive_coordinator-interval,2018,JAX,offensive_coordinator,season_interval_verification_required,Nathaniel Hackett,medium,open,https://static.clubs.nfl.com/image/upload/saints/cppryvovnkj3awae4uju.pdf,"Preseason designation is sourced, but weekly tenure requires dated in-season or retrospective evidence."
2018-JAX-play_caller,2018,JAX,play_caller,explicit_play_caller_evidence_required,Nathaniel Hackett|Scott Milanovich,high,resolved,https://www.jaguars.com/news/doug-marrone-monday-november-26-2018,Independent audit verified explicit play-calling responsibility for all regular-season weeks; see cited assignment intervals.
2018-JAX-quarterbacks_coach,2018,JAX,quarterbacks_coach,missing_formal_role,Scott Milanovich,medium,resolved,https://www.jaguars.com/news/cody-kessler-thursday-august-9-2018,Independent audit resolved every regular-season week with source-backed person intervals and/or verified no-separately-designated-role evidence; see coaching_evidence_11b.csv and coaching_no_role_evidence_11b.csv.
2018-KC-offensive_coordinator-interval,2018,KC,offensive_coordinator,season_interval_verification_required,Eric Bieniemy,medium,open,https://static.clubs.nfl.com/image/upload/saints/cppryvovnkj3awae4uju.pdf,"Preseason designation is sourced, but weekly tenure requires dated in-season or retrospective evidence."
2018-KC-play_caller,2018,KC,play_caller,explicit_play_caller_evidence_required,,high,open,https://static.clubs.nfl.com/image/upload/saints/cppryvovnkj3awae4uju.pdf,Staff title is not evidence of play-calling duty; locate dated team or league reporting and assignment interval.
2018-KC-quarterbacks_coach-interval,2018,KC,quarterbacks_coach,season_interval_verification_required,Mike Kafka,medium,open,https://static.clubs.nfl.com/image/upload/saints/cppryvovnkj3awae4uju.pdf,"Preseason designation is sourced, but weekly tenure requires dated in-season or retrospective evidence."
2018-LA-offensive_coordinator,2018,LA,offensive_coordinator,missing_formal_role,NO_SEPARATELY_DESIGNATED_ROLE,medium,resolved,https://www.therams.com/news/sean-mcvay-on-rams-coaching-staff-continuity-going-into-2025-unless-guys-get-better-opportunities-we-ll-have-the-same-staff-next-year,Independent audit resolved every regular-season week with source-backed person intervals and/or verified no-separately-designated-role evidence; see coaching_evidence_11b.csv and coaching_no_role_evidence_11b.csv.
2018-LA-play_caller,2018,LA,play_caller,explicit_play_caller_evidence_required,,high,open,https://static.clubs.nfl.com/image/upload/saints/cppryvovnkj3awae4uju.pdf,Staff title is not evidence of play-calling duty; locate dated team or league reporting and assignment interval.
2018-LA-quarterbacks_coach,2018,LA,quarterbacks_coach,missing_formal_role,Zac Taylor,medium,resolved,https://www.therams.com/news/goff-adjusting-well-to-rams-coaching-staff-changes,Independent audit resolved every regular-season week with source-backed person intervals and/or verified no-separately-designated-role evidence; see coaching_evidence_11b.csv and coaching_no_role_evidence_11b.csv.
2018-LAC-offensive_coordinator-interval,2018,LAC,offensive_coordinator,season_interval_verification_required,Ken Whisenhunt,medium,open,https://static.clubs.nfl.com/image/upload/saints/cppryvovnkj3awae4uju.pdf,"Preseason designation is sourced, but weekly tenure requires dated in-season or retrospective evidence."
2018-LAC-play_caller,2018,LAC,play_caller,explicit_play_caller_evidence_required,,high,open,https://static.clubs.nfl.com/image/upload/saints/cppryvovnkj3awae4uju.pdf,Staff title is not evidence of play-calling duty; locate dated team or league reporting and assignment interval.
2018-LAC-quarterbacks_coach-interval,2018,LAC,quarterbacks_coach,season_interval_verification_required,Shane Steichen,medium,open,https://static.clubs.nfl.com/image/upload/saints/cppryvovnkj3awae4uju.pdf,"Preseason designation is sourced, but weekly tenure requires dated in-season or retrospective evidence."
2018-LV-offensive_coordinator-interval,2018,LV,offensive_coordinator,season_interval_verification_required,Greg Olson,medium,open,https://static.clubs.nfl.com/image/upload/saints/cppryvovnkj3awae4uju.pdf,"Preseason designation is sourced, but weekly tenure requires dated in-season or retrospective evidence."
2018-LV-play_caller,2018,LV,play_caller,explicit_play_caller_evidence_required,,high,open,https://static.clubs.nfl.com/image/upload/saints/cppryvovnkj3awae4uju.pdf,Staff title is not evidence of play-calling duty; locate dated team or league reporting and assignment interval.
2018-LV-quarterbacks_coach,2018,LV,quarterbacks_coach,missing_formal_role,Brian Callahan,medium,resolved,https://www.raiders.com/news/raiders-announce-brian-callahan-as-quarterbacks-coach-20316822,Independent audit resolved every regular-season week with source-backed person intervals and/or verified no-separately-designated-role evidence; see coaching_evidence_11b.csv and coaching_no_role_evidence_11b.csv.
2018-MIA-offensive_coordinator-interval,2018,MIA,offensive_coordinator,season_interval_verification_required,Dowell Loggains,medium,open,https://static.clubs.nfl.com/image/upload/saints/cppryvovnkj3awae4uju.pdf,"Preseason designation is sourced, but weekly tenure requires dated in-season or retrospective evidence."
2018-MIA-play_caller,2018,MIA,play_caller,explicit_play_caller_evidence_required,,high,open,https://static.clubs.nfl.com/image/upload/saints/cppryvovnkj3awae4uju.pdf,Staff title is not evidence of play-calling duty; locate dated team or league reporting and assignment interval.
2018-MIA-quarterbacks_coach-interval,2018,MIA,quarterbacks_coach,season_interval_verification_required,Bo Hardegree,medium,open,https://static.clubs.nfl.com/image/upload/saints/cppryvovnkj3awae4uju.pdf,"Preseason designation is sourced, but weekly tenure requires dated in-season or retrospective evidence."
2018-MIN-offensive_coordinator,2018,MIN,offensive_coordinator,missing_formal_role,John DeFilippo|Kevin Stefanski,medium,resolved,https://www.vikings.com/news/zimmer-on-what-he-s-looking-for-in-oc-lessons-learned-through-process,Independent audit resolved every regular-season week with source-backed person intervals and/or verified no-separately-designated-role evidence; see coaching_evidence_11b.csv and coaching_no_role_evidence_11b.csv.
2018-MIN-play_caller,2018,MIN,play_caller,explicit_play_caller_evidence_required,John DeFilippo|Kevin Stefanski,high,resolved,https://www.vikings.com/news/notebook-defilippo-believes-in-harshly-judging-self,Independent audit verified explicit play-calling responsibility for all regular-season weeks; see cited assignment intervals.
2018-MIN-quarterbacks_coach-interval,2018,MIN,quarterbacks_coach,season_interval_verification_required,Kevin Stefanski,medium,open,https://static.clubs.nfl.com/image/upload/saints/cppryvovnkj3awae4uju.pdf,"Preseason designation is sourced, but weekly tenure requires dated in-season or retrospective evidence."
2018-NE-offensive_coordinator,2018,NE,offensive_coordinator,missing_formal_role,Josh McDaniels,medium,resolved,https://www.patriots.com/news/espanol/preguntas-y-respuestas-11-04-18-328306,Independent audit resolved every regular-season week with source-backed person intervals and/or verified no-separately-designated-role evidence; see coaching_evidence_11b.csv and coaching_no_role_evidence_11b.csv.
2018-NE-play_caller,2018,NE,play_caller,explicit_play_caller_evidence_required,,high,open,https://static.clubs.nfl.com/image/upload/saints/cppryvovnkj3awae4uju.pdf,Staff title is not evidence of play-calling duty; locate dated team or league reporting and assignment interval.
2018-NE-quarterbacks_coach,2018,NE,quarterbacks_coach,missing_formal_role,Josh McDaniels,medium,resolved,https://www.patriots.com/news/espanol/preguntas-y-respuestas-11-04-18-328306,Independent audit resolved every regular-season week with source-backed person intervals and/or verified no-separately-designated-role evidence; see coaching_evidence_11b.csv and coaching_no_role_evidence_11b.csv.
2018-NO-offensive_coordinator-interval,2018,NO,offensive_coordinator,season_interval_verification_required,Pete Carmichael,medium,open,https://static.clubs.nfl.com/image/upload/saints/cppryvovnkj3awae4uju.pdf,"Preseason designation is sourced, but weekly tenure requires dated in-season or retrospective evidence."
2018-NO-play_caller,2018,NO,play_caller,explicit_play_caller_evidence_required,,high,open,https://static.clubs.nfl.com/image/upload/saints/cppryvovnkj3awae4uju.pdf,Staff title is not evidence of play-calling duty; locate dated team or league reporting and assignment interval.
2018-NO-quarterbacks_coach-interval,2018,NO,quarterbacks_coach,season_interval_verification_required,Joe Lombardi,medium,open,https://static.clubs.nfl.com/image/upload/saints/cppryvovnkj3awae4uju.pdf,"Preseason designation is sourced, but weekly tenure requires dated in-season or retrospective evidence."
2018-NYG-offensive_coordinator,2018,NYG,offensive_coordinator,missing_formal_role,Mike Shula,medium,resolved,https://www.giants.com/news/giants-coaching-staff-announced-mike-shula-named-offensive-coordinator-20366173,Independent audit resolved every regular-season week with source-backed person intervals and/or verified no-separately-designated-role evidence; see coaching_evidence_11b.csv and coaching_no_role_evidence_11b.csv.
2018-NYG-play_caller,2018,NYG,play_caller,explicit_play_caller_evidence_required,,high,open,https://static.clubs.nfl.com/image/upload/saints/cppryvovnkj3awae4uju.pdf,Staff title is not evidence of play-calling duty; locate dated team or league reporting and assignment interval.
2018-NYG-quarterbacks_coach,2018,NYG,quarterbacks_coach,missing_formal_role,Mike Shula,medium,resolved,https://www.giants.com/news/giants-coaching-staff-announced-mike-shula-named-offensive-coordinator-20366173,Independent audit resolved every regular-season week with source-backed person intervals and/or verified no-separately-designated-role evidence; see coaching_evidence_11b.csv and coaching_no_role_evidence_11b.csv.
2018-NYJ-offensive_coordinator,2018,NYJ,offensive_coordinator,missing_formal_role,Jeremy Bates,medium,resolved,https://www.newyorkjets.com/news/jets-promote-bates-to-offensive-coordinator-qb-coach-add-dennison-and-j-20363960,Independent audit resolved every regular-season week with source-backed person intervals and/or verified no-separately-designated-role evidence; see coaching_evidence_11b.csv and coaching_no_role_evidence_11b.csv.
2018-NYJ-play_caller,2018,NYJ,play_caller,explicit_play_caller_evidence_required,,high,open,https://static.clubs.nfl.com/image/upload/saints/cppryvovnkj3awae4uju.pdf,Staff title is not evidence of play-calling duty; locate dated team or league reporting and assignment interval.
2018-NYJ-quarterbacks_coach,2018,NYJ,quarterbacks_coach,missing_formal_role,Jeremy Bates,medium,resolved,https://www.newyorkjets.com/news/jets-promote-bates-to-offensive-coordinator-qb-coach-add-dennison-and-j-20363960,Independent audit resolved every regular-season week with source-backed person intervals and/or verified no-separately-designated-role evidence; see coaching_evidence_11b.csv and coaching_no_role_evidence_11b.csv.
2018-PHI-offensive_coordinator-interval,2018,PHI,offensive_coordinator,season_interval_verification_required,Mike Groh,medium,open,https://static.clubs.nfl.com/image/upload/saints/cppryvovnkj3awae4uju.pdf,"Preseason designation is sourced, but weekly tenure requires dated in-season or retrospective evidence."
2018-PHI-play_caller,2018,PHI,play_caller,explicit_play_caller_evidence_required,,high,open,https://static.clubs.nfl.com/image/upload/saints/cppryvovnkj3awae4uju.pdf,Staff title is not evidence of play-calling duty; locate dated team or league reporting and assignment interval.
2018-PHI-quarterbacks_coach-interval,2018,PHI,quarterbacks_coach,season_interval_verification_required,Press Taylor,medium,open,https://static.clubs.nfl.com/image/upload/saints/cppryvovnkj3awae4uju.pdf,"Preseason designation is sourced, but weekly tenure requires dated in-season or retrospective evidence."
2018-PIT-offensive_coordinator,2018,PIT,offensive_coordinator,missing_formal_role,Randy Fichtner,medium,resolved,https://www.steelers.com/news/fichtner-named-offensive-coordinator-qb-coach-20270016,Independent audit resolved every regular-season week with source-backed person intervals and/or verified no-separately-designated-role evidence; see coaching_evidence_11b.csv and coaching_no_role_evidence_11b.csv.
2018-PIT-play_caller,2018,PIT,play_caller,explicit_play_caller_evidence_required,,high,open,https://static.clubs.nfl.com/image/upload/saints/cppryvovnkj3awae4uju.pdf,Staff title is not evidence of play-calling duty; locate dated team or league reporting and assignment interval.
2018-PIT-quarterbacks_coach,2018,PIT,quarterbacks_coach,missing_formal_role,Randy Fichtner,medium,resolved,https://www.steelers.com/news/fichtner-named-offensive-coordinator-qb-coach-20270016,Independent audit resolved every regular-season week with source-backed person intervals and/or verified no-separately-designated-role evidence; see coaching_evidence_11b.csv and coaching_no_role_evidence_11b.csv.
2018-SEA-offensive_coordinator-interval,2018,SEA,offensive_coordinator,season_interval_verification_required,Brian Schottenheimer,medium,open,https://static.clubs.nfl.com/image/upload/saints/cppryvovnkj3awae4uju.pdf,"Preseason designation is sourced, but weekly tenure requires dated in-season or retrospective evidence."
2018-SEA-play_caller,2018,SEA,play_caller,explicit_play_caller_evidence_required,,high,open,https://static.clubs.nfl.com/image/upload/saints/cppryvovnkj3awae4uju.pdf,Staff title is not evidence of play-calling duty; locate dated team or league reporting and assignment interval.
2018-SEA-quarterbacks_coach-interval,2018,SEA,quarterbacks_coach,season_interval_verification_required,Dave Canales,medium,open,https://static.clubs.nfl.com/image/upload/saints/cppryvovnkj3awae4uju.pdf,"Preseason designation is sourced, but weekly tenure requires dated in-season or retrospective evidence."
2018-SF-offensive_coordinator,2018,SF,offensive_coordinator,missing_formal_role,NO_SEPARATELY_DESIGNATED_ROLE,medium,resolved,https://static.clubs.nfl.com/image/upload/saints/cppryvovnkj3awae4uju.pdf,Independent audit resolved every regular-season week with source-backed person intervals and/or verified no-separately-designated-role evidence; see coaching_evidence_11b.csv and coaching_no_role_evidence_11b.csv.
2018-SF-play_caller,2018,SF,play_caller,explicit_play_caller_evidence_required,,high,open,https://static.clubs.nfl.com/image/upload/saints/cppryvovnkj3awae4uju.pdf,Staff title is not evidence of play-calling duty; locate dated team or league reporting and assignment interval.
2018-SF-quarterbacks_coach-interval,2018,SF,quarterbacks_coach,season_interval_verification_required,Rich Scangarello,medium,open,https://static.clubs.nfl.com/image/upload/saints/cppryvovnkj3awae4uju.pdf,"Preseason designation is sourced, but weekly tenure requires dated in-season or retrospective evidence."
2018-TB-offensive_coordinator-interval,2018,TB,offensive_coordinator,season_interval_verification_required,Todd Monken,medium,open,https://static.clubs.nfl.com/image/upload/saints/cppryvovnkj3awae4uju.pdf,"Preseason designation is sourced, but weekly tenure requires dated in-season or retrospective evidence."
2018-TB-play_caller,2018,TB,play_caller,explicit_play_caller_evidence_required,,high,open,https://static.clubs.nfl.com/image/upload/saints/cppryvovnkj3awae4uju.pdf,Staff title is not evidence of play-calling duty; locate dated team or league reporting and assignment interval.
2018-TB-quarterbacks_coach-interval,2018,TB,quarterbacks_coach,season_interval_verification_required,Mike Bajakian,medium,open,https://static.clubs.nfl.com/image/upload/saints/cppryvovnkj3awae4uju.pdf,"Preseason designation is sourced, but weekly tenure requires dated in-season or retrospective evidence."
2018-TEN-offensive_coordinator-interval,2018,TEN,offensive_coordinator,season_interval_verification_required,Matt LaFleur,medium,open,https://static.clubs.nfl.com/image/upload/saints/cppryvovnkj3awae4uju.pdf,"Preseason designation is sourced, but weekly tenure requires dated in-season or retrospective evidence."
2018-TEN-play_caller,2018,TEN,play_caller,explicit_play_caller_evidence_required,,high,open,https://static.clubs.nfl.com/image/upload/saints/cppryvovnkj3awae4uju.pdf,Staff title is not evidence of play-calling duty; locate dated team or league reporting and assignment interval.
2018-TEN-quarterbacks_coach,2018,TEN,quarterbacks_coach,missing_formal_role,Pat O'Hara,medium,resolved,https://www.tennesseetitans.com/team/transactions/2018,Independent audit resolved every regular-season week with source-backed person intervals and/or verified no-separately-designated-role evidence; see coaching_evidence_11b.csv and coaching_no_role_evidence_11b.csv.
2018-WAS-offensive_coordinator-interval,2018,WAS,offensive_coordinator,season_interval_verification_required,Matt Cavanaugh,medium,open,https://static.clubs.nfl.com/image/upload/saints/cppryvovnkj3awae4uju.pdf,"Preseason designation is sourced, but weekly tenure requires dated in-season or retrospective evidence."
2018-WAS-play_caller,2018,WAS,play_caller,explicit_play_caller_evidence_required,,high,open,https://static.clubs.nfl.com/image/upload/saints/cppryvovnkj3awae4uju.pdf,Staff title is not evidence of play-calling duty; locate dated team or league reporting and assignment interval.
2018-WAS-quarterbacks_coach,2018,WAS,quarterbacks_coach,missing_formal_role,Kevin O'Connell,medium,resolved,https://www.commanders.com/news/kevin-o-connell-adds-passing-game-coordinator-duties-20191365,Independent audit resolved every regular-season week with source-backed person intervals and/or verified no-separately-designated-role evidence; see coaching_evidence_11b.csv and coaching_no_role_evidence_11b.csv.
2019-ARI-offensive_coordinator,2019,ARI,offensive_coordinator,missing_formal_role,NO_SEPARATELY_DESIGNATED_ROLE,medium,resolved,https://www.azcardinals.com/news/cardinals-kliff-kingsbury-loves-xs-and-os-but-understands-his-aspect-of-ceo,Independent audit resolved every regular-season week with source-backed person intervals and/or verified no-separately-designated-role evidence; see coaching_evidence_11b.csv and coaching_no_role_evidence_11b.csv.
2019-ARI-play_caller,2019,ARI,play_caller,explicit_play_caller_evidence_required,,high,open,https://static.www.nfl.com/image/upload/league/f60ftapcsbynqgymw72q.pdf,Staff title is not evidence of play-calling duty; locate dated team or league reporting and assignment interval.
2019-ARI-quarterbacks_coach,2019,ARI,quarterbacks_coach,missing_formal_role,Tom Clements,medium,resolved,https://www.azcardinals.com/news/cardinals-officially-announce-more-coaching-staff,Independent audit resolved every regular-season week with source-backed person intervals and/or verified no-separately-designated-role evidence; see coaching_evidence_11b.csv and coaching_no_role_evidence_11b.csv.
2019-ATL-offensive_coordinator-interval,2019,ATL,offensive_coordinator,season_interval_verification_required,Dirk Koetter,medium,open,https://static.www.nfl.com/image/upload/league/f60ftapcsbynqgymw72q.pdf,"Preseason designation is sourced, but weekly tenure requires dated in-season or retrospective evidence."
2019-ATL-play_caller,2019,ATL,play_caller,explicit_play_caller_evidence_required,,high,open,https://static.www.nfl.com/image/upload/league/f60ftapcsbynqgymw72q.pdf,Staff title is not evidence of play-calling duty; locate dated team or league reporting and assignment interval.
2019-ATL-quarterbacks_coach-interval,2019,ATL,quarterbacks_coach,season_interval_verification_required,Greg Knapp,medium,open,https://static.www.nfl.com/image/upload/league/f60ftapcsbynqgymw72q.pdf,"Preseason designation is sourced, but weekly tenure requires dated in-season or retrospective evidence."
2019-BAL-offensive_coordinator-interval,2019,BAL,offensive_coordinator,season_interval_verification_required,Greg Roman,medium,open,https://static.www.nfl.com/image/upload/league/f60ftapcsbynqgymw72q.pdf,"Preseason designation is sourced, but weekly tenure requires dated in-season or retrospective evidence."
2019-BAL-play_caller,2019,BAL,play_caller,explicit_play_caller_evidence_required,,high,open,https://static.www.nfl.com/image/upload/league/f60ftapcsbynqgymw72q.pdf,Staff title is not evidence of play-calling duty; locate dated team or league reporting and assignment interval.
2019-BAL-quarterbacks_coach-interval,2019,BAL,quarterbacks_coach,season_interval_verification_required,James Urban,medium,open,https://static.www.nfl.com/image/upload/league/f60ftapcsbynqgymw72q.pdf,"Preseason designation is sourced, but weekly tenure requires dated in-season or retrospective evidence."
2019-BUF-offensive_coordinator-interval,2019,BUF,offensive_coordinator,season_interval_verification_required,Brian Daboll,medium,open,https://static.www.nfl.com/image/upload/league/f60ftapcsbynqgymw72q.pdf,"Preseason designation is sourced, but weekly tenure requires dated in-season or retrospective evidence."
2019-BUF-play_caller,2019,BUF,play_caller,explicit_play_caller_evidence_required,,high,open,https://static.www.nfl.com/image/upload/league/f60ftapcsbynqgymw72q.pdf,Staff title is not evidence of play-calling duty; locate dated team or league reporting and assignment interval.
2019-BUF-quarterbacks_coach-interval,2019,BUF,quarterbacks_coach,season_interval_verification_required,Ken Dorsey,medium,open,https://static.www.nfl.com/image/upload/league/f60ftapcsbynqgymw72q.pdf,"Preseason designation is sourced, but weekly tenure requires dated in-season or retrospective evidence."
2019-CAR-offensive_coordinator-interval,2019,CAR,offensive_coordinator,season_interval_verification_required,Norv Turner,medium,open,https://static.www.nfl.com/image/upload/league/f60ftapcsbynqgymw72q.pdf,"Preseason designation is sourced, but weekly tenure requires dated in-season or retrospective evidence."
2019-CAR-play_caller,2019,CAR,play_caller,explicit_play_caller_evidence_required,,high,open,https://static.www.nfl.com/image/upload/league/f60ftapcsbynqgymw72q.pdf,Staff title is not evidence of play-calling duty; locate dated team or league reporting and assignment interval.
2019-CAR-quarterbacks_coach-interval,2019,CAR,quarterbacks_coach,season_interval_verification_required,Scott Turner,medium,open,https://static.www.nfl.com/image/upload/league/f60ftapcsbynqgymw72q.pdf,"Preseason designation is sourced, but weekly tenure requires dated in-season or retrospective evidence."
2019-CHI-offensive_coordinator-interval,2019,CHI,offensive_coordinator,season_interval_verification_required,Mark Helfrich,medium,open,https://static.www.nfl.com/image/upload/league/f60ftapcsbynqgymw72q.pdf,"Preseason designation is sourced, but weekly tenure requires dated in-season or retrospective evidence."
2019-CHI-play_caller,2019,CHI,play_caller,explicit_play_caller_evidence_required,,high,open,https://static.www.nfl.com/image/upload/league/f60ftapcsbynqgymw72q.pdf,Staff title is not evidence of play-calling duty; locate dated team or league reporting and assignment interval.
2019-CHI-quarterbacks_coach-interval,2019,CHI,quarterbacks_coach,season_interval_verification_required,Dave Ragone,medium,open,https://static.www.nfl.com/image/upload/league/f60ftapcsbynqgymw72q.pdf,"Preseason designation is sourced, but weekly tenure requires dated in-season or retrospective evidence."
2019-CIN-offensive_coordinator-interval,2019,CIN,offensive_coordinator,season_interval_verification_required,Brian Callahan,medium,open,https://static.www.nfl.com/image/upload/league/f60ftapcsbynqgymw72q.pdf,"Preseason designation is sourced, but weekly tenure requires dated in-season or retrospective evidence."
2019-CIN-play_caller,2019,CIN,play_caller,explicit_play_caller_evidence_required,,high,open,https://static.www.nfl.com/image/upload/league/f60ftapcsbynqgymw72q.pdf,Staff title is not evidence of play-calling duty; locate dated team or league reporting and assignment interval.
2019-CIN-quarterbacks_coach-interval,2019,CIN,quarterbacks_coach,season_interval_verification_required,Alex Van Pelt,medium,open,https://static.www.nfl.com/image/upload/league/f60ftapcsbynqgymw72q.pdf,"Preseason designation is sourced, but weekly tenure requires dated in-season or retrospective evidence."
2019-CLE-offensive_coordinator,2019,CLE,offensive_coordinator,missing_formal_role,Todd Monken,medium,resolved,https://www.clevelandbrowns.com/news/browns-add-to-coaching-staff,Independent audit resolved every regular-season week with source-backed person intervals and/or verified no-separately-designated-role evidence; see coaching_evidence_11b.csv and coaching_no_role_evidence_11b.csv.
2019-CLE-play_caller,2019,CLE,play_caller,explicit_play_caller_evidence_required,,high,open,https://static.www.nfl.com/image/upload/league/f60ftapcsbynqgymw72q.pdf,Staff title is not evidence of play-calling duty; locate dated team or league reporting and assignment interval.
2019-CLE-quarterbacks_coach-interval,2019,CLE,quarterbacks_coach,season_interval_verification_required,Ryan Lindley,medium,open,https://static.www.nfl.com/image/upload/league/f60ftapcsbynqgymw72q.pdf,"Preseason designation is sourced, but weekly tenure requires dated in-season or retrospective evidence."
2019-DAL-offensive_coordinator-interval,2019,DAL,offensive_coordinator,season_interval_verification_required,Kellen Moore,medium,open,https://static.www.nfl.com/image/upload/league/f60ftapcsbynqgymw72q.pdf,"Preseason designation is sourced, but weekly tenure requires dated in-season or retrospective evidence."
2019-DAL-play_caller,2019,DAL,play_caller,explicit_play_caller_evidence_required,,high,open,https://static.www.nfl.com/image/upload/league/f60ftapcsbynqgymw72q.pdf,Staff title is not evidence of play-calling duty; locate dated team or league reporting and assignment interval.
2019-DAL-quarterbacks_coach-interval,2019,DAL,quarterbacks_coach,season_interval_verification_required,Jon Kitna,medium,open,https://static.www.nfl.com/image/upload/league/f60ftapcsbynqgymw72q.pdf,"Preseason designation is sourced, but weekly tenure requires dated in-season or retrospective evidence."
2019-DEN-offensive_coordinator-interval,2019,DEN,offensive_coordinator,season_interval_verification_required,Rich Scangarello,medium,open,https://static.www.nfl.com/image/upload/league/f60ftapcsbynqgymw72q.pdf,"Preseason designation is sourced, but weekly tenure requires dated in-season or retrospective evidence."
2019-DEN-play_caller,2019,DEN,play_caller,explicit_play_caller_evidence_required,,high,open,https://static.www.nfl.com/image/upload/league/f60ftapcsbynqgymw72q.pdf,Staff title is not evidence of play-calling duty; locate dated team or league reporting and assignment interval.
2019-DEN-quarterbacks_coach-interval,2019,DEN,quarterbacks_coach,season_interval_verification_required,T.C. McCartney,medium,open,https://static.www.nfl.com/image/upload/league/f60ftapcsbynqgymw72q.pdf,"Preseason designation is sourced, but weekly tenure requires dated in-season or retrospective evidence."
2019-DET-offensive_coordinator,2019,DET,offensive_coordinator,missing_formal_role,Darrell Bevell,medium,resolved,https://www.detroitlions.com/news/lions-announce-2019-coaching-staff,Independent audit resolved every regular-season week with source-backed person intervals and/or verified no-separately-designated-role evidence; see coaching_evidence_11b.csv and coaching_no_role_evidence_11b.csv.
2019-DET-play_caller,2019,DET,play_caller,explicit_play_caller_evidence_required,,high,open,https://static.www.nfl.com/image/upload/league/f60ftapcsbynqgymw72q.pdf,Staff title is not evidence of play-calling duty; locate dated team or league reporting and assignment interval.
2019-DET-quarterbacks_coach,2019,DET,quarterbacks_coach,missing_formal_role,Sean Ryan,medium,resolved,https://www.detroitlions.com/news/lions-announce-2019-coaching-staff,Independent audit resolved every regular-season week with source-backed person intervals and/or verified no-separately-designated-role evidence; see coaching_evidence_11b.csv and coaching_no_role_evidence_11b.csv.
2019-GB-offensive_coordinator-interval,2019,GB,offensive_coordinator,season_interval_verification_required,Nathaniel Hackett,medium,open,https://static.www.nfl.com/image/upload/league/f60ftapcsbynqgymw72q.pdf,"Preseason designation is sourced, but weekly tenure requires dated in-season or retrospective evidence."
2019-GB-play_caller,2019,GB,play_caller,explicit_play_caller_evidence_required,,high,open,https://static.www.nfl.com/image/upload/league/f60ftapcsbynqgymw72q.pdf,Staff title is not evidence of play-calling duty; locate dated team or league reporting and assignment interval.
2019-GB-quarterbacks_coach-interval,2019,GB,quarterbacks_coach,season_interval_verification_required,Luke Getsy,medium,open,https://static.www.nfl.com/image/upload/league/f60ftapcsbynqgymw72q.pdf,"Preseason designation is sourced, but weekly tenure requires dated in-season or retrospective evidence."
2019-HOU-offensive_coordinator-interval,2019,HOU,offensive_coordinator,season_interval_verification_required,Tim Kelly,medium,open,https://static.www.nfl.com/image/upload/league/f60ftapcsbynqgymw72q.pdf,"Preseason designation is sourced, but weekly tenure requires dated in-season or retrospective evidence."
2019-HOU-play_caller,2019,HOU,play_caller,explicit_play_caller_evidence_required,,high,open,https://static.www.nfl.com/image/upload/league/f60ftapcsbynqgymw72q.pdf,Staff title is not evidence of play-calling duty; locate dated team or league reporting and assignment interval.
2019-HOU-quarterbacks_coach-interval,2019,HOU,quarterbacks_coach,season_interval_verification_required,Carl Smith,medium,open,https://static.www.nfl.com/image/upload/league/f60ftapcsbynqgymw72q.pdf,"Preseason designation is sourced, but weekly tenure requires dated in-season or retrospective evidence."
2019-IND-offensive_coordinator-interval,2019,IND,offensive_coordinator,season_interval_verification_required,Nick Sirianni,medium,open,https://static.www.nfl.com/image/upload/league/f60ftapcsbynqgymw72q.pdf,"Preseason designation is sourced, but weekly tenure requires dated in-season or retrospective evidence."
2019-IND-play_caller,2019,IND,play_caller,explicit_play_caller_evidence_required,,high,open,https://static.www.nfl.com/image/upload/league/f60ftapcsbynqgymw72q.pdf,Staff title is not evidence of play-calling duty; locate dated team or league reporting and assignment interval.
2019-IND-quarterbacks_coach-interval,2019,IND,quarterbacks_coach,season_interval_verification_required,Marcus Brady,medium,open,https://static.www.nfl.com/image/upload/league/f60ftapcsbynqgymw72q.pdf,"Preseason designation is sourced, but weekly tenure requires dated in-season or retrospective evidence."
2019-JAX-offensive_coordinator,2019,JAX,offensive_coordinator,missing_formal_role,John DeFilippo,medium,resolved,https://www.jaguars.com/news/official-defilippo-named-oc-staff-finalized,Independent audit resolved every regular-season week with source-backed person intervals and/or verified no-separately-designated-role evidence; see coaching_evidence_11b.csv and coaching_no_role_evidence_11b.csv.
2019-JAX-play_caller,2019,JAX,play_caller,explicit_play_caller_evidence_required,,high,open,https://static.www.nfl.com/image/upload/league/f60ftapcsbynqgymw72q.pdf,Staff title is not evidence of play-calling duty; locate dated team or league reporting and assignment interval.
2019-JAX-quarterbacks_coach-interval,2019,JAX,quarterbacks_coach,season_interval_verification_required,Scott Milanovich,medium,open,https://static.www.nfl.com/image/upload/league/f60ftapcsbynqgymw72q.pdf,"Preseason designation is sourced, but weekly tenure requires dated in-season or retrospective evidence."
2019-KC-offensive_coordinator-interval,2019,KC,offensive_coordinator,season_interval_verification_required,Eric Bieniemy,medium,open,https://static.www.nfl.com/image/upload/league/f60ftapcsbynqgymw72q.pdf,"Preseason designation is sourced, but weekly tenure requires dated in-season or retrospective evidence."
2019-KC-play_caller,2019,KC,play_caller,explicit_play_caller_evidence_required,,high,open,https://static.www.nfl.com/image/upload/league/f60ftapcsbynqgymw72q.pdf,Staff title is not evidence of play-calling duty; locate dated team or league reporting and assignment interval.
2019-KC-quarterbacks_coach-interval,2019,KC,quarterbacks_coach,season_interval_verification_required,Mike Kafka,medium,open,https://static.www.nfl.com/image/upload/league/f60ftapcsbynqgymw72q.pdf,"Preseason designation is sourced, but weekly tenure requires dated in-season or retrospective evidence."
2019-LA-offensive_coordinator,2019,LA,offensive_coordinator,missing_formal_role,NO_SEPARATELY_DESIGNATED_ROLE,medium,resolved,https://www.therams.com/news/sean-mcvay-on-rams-coaching-staff-continuity-going-into-2025-unless-guys-get-better-opportunities-we-ll-have-the-same-staff-next-year,Independent audit resolved every regular-season week with source-backed person intervals and/or verified no-separately-designated-role evidence; see coaching_evidence_11b.csv and coaching_no_role_evidence_11b.csv.
2019-LA-play_caller,2019,LA,play_caller,explicit_play_caller_evidence_required,,high,open,https://static.www.nfl.com/image/upload/league/f60ftapcsbynqgymw72q.pdf,Staff title is not evidence of play-calling duty; locate dated team or league reporting and assignment interval.
2019-LA-quarterbacks_coach,2019,LA,quarterbacks_coach,missing_formal_role,Shane Waldron,medium,resolved,https://www.therams.com/news/meet-zac-robinson-three-things-to-know-about-the-rams-assistant-quarterbacks-coa,Independent audit resolved every regular-season week with source-backed person intervals and/or verified no-separately-designated-role evidence; see coaching_evidence_11b.csv and coaching_no_role_evidence_11b.csv.
2019-LAC-offensive_coordinator-interval,2019,LAC,offensive_coordinator,season_interval_verification_required,Ken Whisenhunt,medium,open,https://static.www.nfl.com/image/upload/league/f60ftapcsbynqgymw72q.pdf,"Preseason designation is sourced, but weekly tenure requires dated in-season or retrospective evidence."
2019-LAC-play_caller,2019,LAC,play_caller,explicit_play_caller_evidence_required,,high,open,https://static.www.nfl.com/image/upload/league/f60ftapcsbynqgymw72q.pdf,Staff title is not evidence of play-calling duty; locate dated team or league reporting and assignment interval.
2019-LAC-quarterbacks_coach-interval,2019,LAC,quarterbacks_coach,season_interval_verification_required,Shane Steichen,medium,open,https://static.www.nfl.com/image/upload/league/f60ftapcsbynqgymw72q.pdf,"Preseason designation is sourced, but weekly tenure requires dated in-season or retrospective evidence."
2019-LV-offensive_coordinator-interval,2019,LV,offensive_coordinator,season_interval_verification_required,Greg Olson,medium,open,https://static.www.nfl.com/image/upload/league/f60ftapcsbynqgymw72q.pdf,"Preseason designation is sourced, but weekly tenure requires dated in-season or retrospective evidence."
2019-LV-play_caller,2019,LV,play_caller,explicit_play_caller_evidence_required,,high,open,https://static.www.nfl.com/image/upload/league/f60ftapcsbynqgymw72q.pdf,Staff title is not evidence of play-calling duty; locate dated team or league reporting and assignment interval.
2019-LV-quarterbacks_coach,2019,LV,quarterbacks_coach,missing_formal_role,NO_SEPARATELY_DESIGNATED_ROLE,medium,resolved,https://static.www.nfl.com/image/upload/league/f60ftapcsbynqgymw72q.pdf,Independent audit resolved every regular-season week with source-backed person intervals and/or verified no-separately-designated-role evidence; see coaching_evidence_11b.csv and coaching_no_role_evidence_11b.csv.
2019-MIA-offensive_coordinator,2019,MIA,offensive_coordinator,missing_formal_role,Chad O'Shea,medium,resolved,https://www.miamidolphins.com/news/miami-dolphins-coaching-staff-brian-flores,Independent audit resolved every regular-season week with source-backed person intervals and/or verified no-separately-designated-role evidence; see coaching_evidence_11b.csv and coaching_no_role_evidence_11b.csv.
2019-MIA-play_caller,2019,MIA,play_caller,explicit_play_caller_evidence_required,,high,open,https://static.www.nfl.com/image/upload/league/f60ftapcsbynqgymw72q.pdf,Staff title is not evidence of play-calling duty; locate dated team or league reporting and assignment interval.
2019-MIA-quarterbacks_coach,2019,MIA,quarterbacks_coach,missing_formal_role,Jim Caldwell,medium,resolved,https://www.miamidolphins.com/news/miami-dolphins-coaching-staff-brian-flores,Independent audit resolved every regular-season week with source-backed person intervals and/or verified no-separately-designated-role evidence; see coaching_evidence_11b.csv and coaching_no_role_evidence_11b.csv.
2019-MIN-offensive_coordinator-interval,2019,MIN,offensive_coordinator,season_interval_verification_required,Kevin Stefanski,medium,open,https://static.www.nfl.com/image/upload/league/f60ftapcsbynqgymw72q.pdf,"Preseason designation is sourced, but weekly tenure requires dated in-season or retrospective evidence."
2019-MIN-play_caller,2019,MIN,play_caller,explicit_play_caller_evidence_required,,high,open,https://static.www.nfl.com/image/upload/league/f60ftapcsbynqgymw72q.pdf,Staff title is not evidence of play-calling duty; locate dated team or league reporting and assignment interval.
2019-MIN-quarterbacks_coach-interval,2019,MIN,quarterbacks_coach,season_interval_verification_required,Klint Kubiak,medium,open,https://static.www.nfl.com/image/upload/league/f60ftapcsbynqgymw72q.pdf,"Preseason designation is sourced, but weekly tenure requires dated in-season or retrospective evidence."
2019-NE-offensive_coordinator,2019,NE,offensive_coordinator,missing_formal_role,Josh McDaniels,medium,resolved,https://www.patriots.com/news/assistant-coaches-jones-earned-patriots-qb-job,Independent audit resolved every regular-season week with source-backed person intervals and/or verified no-separately-designated-role evidence; see coaching_evidence_11b.csv and coaching_no_role_evidence_11b.csv.
2019-NE-play_caller,2019,NE,play_caller,explicit_play_caller_evidence_required,,high,open,https://static.www.nfl.com/image/upload/league/f60ftapcsbynqgymw72q.pdf,Staff title is not evidence of play-calling duty; locate dated team or league reporting and assignment interval.
2019-NE-quarterbacks_coach,2019,NE,quarterbacks_coach,missing_formal_role,Josh McDaniels,medium,resolved,https://www.patriots.com/news/assistant-coaches-jones-earned-patriots-qb-job,Independent audit resolved every regular-season week with source-backed person intervals and/or verified no-separately-designated-role evidence; see coaching_evidence_11b.csv and coaching_no_role_evidence_11b.csv.
2019-NO-offensive_coordinator-interval,2019,NO,offensive_coordinator,season_interval_verification_required,Pete Carmichael,medium,open,https://static.www.nfl.com/image/upload/league/f60ftapcsbynqgymw72q.pdf,"Preseason designation is sourced, but weekly tenure requires dated in-season or retrospective evidence."
2019-NO-play_caller,2019,NO,play_caller,explicit_play_caller_evidence_required,,high,open,https://static.www.nfl.com/image/upload/league/f60ftapcsbynqgymw72q.pdf,Staff title is not evidence of play-calling duty; locate dated team or league reporting and assignment interval.
2019-NO-quarterbacks_coach-interval,2019,NO,quarterbacks_coach,season_interval_verification_required,Joe Lombardi,medium,open,https://static.www.nfl.com/image/upload/league/f60ftapcsbynqgymw72q.pdf,"Preseason designation is sourced, but weekly tenure requires dated in-season or retrospective evidence."
2019-NYG-offensive_coordinator-interval,2019,NYG,offensive_coordinator,season_interval_verification_required,Mike Shula,medium,open,https://static.www.nfl.com/image/upload/league/f60ftapcsbynqgymw72q.pdf,"Preseason designation is sourced, but weekly tenure requires dated in-season or retrospective evidence."
2019-NYG-play_caller,2019,NYG,play_caller,explicit_play_caller_evidence_required,,high,open,https://static.www.nfl.com/image/upload/league/f60ftapcsbynqgymw72q.pdf,Staff title is not evidence of play-calling duty; locate dated team or league reporting and assignment interval.
2019-NYG-quarterbacks_coach,2019,NYG,quarterbacks_coach,missing_formal_role,Mike Shula,medium,resolved,https://www.giants.com/news/quotes-8-3-coach-shurmur-lb-ogletree-offensive-assistant-roeder,Independent audit resolved every regular-season week with source-backed person intervals and/or verified no-separately-designated-role evidence; see coaching_evidence_11b.csv and coaching_no_role_evidence_11b.csv.
2019-NYJ-offensive_coordinator,2019,NYJ,offensive_coordinator,missing_formal_role,Dowell Loggains,medium,resolved,https://www.newyorkjets.com/news/dowell-loggains-named-jets-offensive-coordinator-qb-coach,Independent audit resolved every regular-season week with source-backed person intervals and/or verified no-separately-designated-role evidence; see coaching_evidence_11b.csv and coaching_no_role_evidence_11b.csv.
2019-NYJ-play_caller,2019,NYJ,play_caller,explicit_play_caller_evidence_required,,high,open,https://static.www.nfl.com/image/upload/league/f60ftapcsbynqgymw72q.pdf,Staff title is not evidence of play-calling duty; locate dated team or league reporting and assignment interval.
2019-NYJ-quarterbacks_coach,2019,NYJ,quarterbacks_coach,missing_formal_role,Dowell Loggains,medium,resolved,https://www.newyorkjets.com/news/dowell-loggains-named-jets-offensive-coordinator-qb-coach,Independent audit resolved every regular-season week with source-backed person intervals and/or verified no-separately-designated-role evidence; see coaching_evidence_11b.csv and coaching_no_role_evidence_11b.csv.
2019-PHI-offensive_coordinator-interval,2019,PHI,offensive_coordinator,season_interval_verification_required,Mike Groh,medium,open,https://static.www.nfl.com/image/upload/league/f60ftapcsbynqgymw72q.pdf,"Preseason designation is sourced, but weekly tenure requires dated in-season or retrospective evidence."
2019-PHI-play_caller,2019,PHI,play_caller,explicit_play_caller_evidence_required,,high,open,https://static.www.nfl.com/image/upload/league/f60ftapcsbynqgymw72q.pdf,Staff title is not evidence of play-calling duty; locate dated team or league reporting and assignment interval.
2019-PHI-quarterbacks_coach-interval,2019,PHI,quarterbacks_coach,season_interval_verification_required,Press Taylor,medium,open,https://static.www.nfl.com/image/upload/league/f60ftapcsbynqgymw72q.pdf,"Preseason designation is sourced, but weekly tenure requires dated in-season or retrospective evidence."
2019-PIT-offensive_coordinator,2019,PIT,offensive_coordinator,missing_formal_role,Randy Fichtner,medium,resolved,https://www.steelers.com/news/steelers-make-coaching-staff-changes,Independent audit resolved every regular-season week with source-backed person intervals and/or verified no-separately-designated-role evidence; see coaching_evidence_11b.csv and coaching_no_role_evidence_11b.csv.
2019-PIT-play_caller,2019,PIT,play_caller,explicit_play_caller_evidence_required,,high,open,https://static.www.nfl.com/image/upload/league/f60ftapcsbynqgymw72q.pdf,Staff title is not evidence of play-calling duty; locate dated team or league reporting and assignment interval.
2019-PIT-quarterbacks_coach,2019,PIT,quarterbacks_coach,missing_formal_role,Randy Fichtner,medium,resolved,https://www.steelers.com/news/steelers-make-coaching-staff-changes,Independent audit resolved every regular-season week with source-backed person intervals and/or verified no-separately-designated-role evidence; see coaching_evidence_11b.csv and coaching_no_role_evidence_11b.csv.
2019-SEA-offensive_coordinator-interval,2019,SEA,offensive_coordinator,season_interval_verification_required,Brian Schottenheimer,medium,open,https://static.www.nfl.com/image/upload/league/f60ftapcsbynqgymw72q.pdf,"Preseason designation is sourced, but weekly tenure requires dated in-season or retrospective evidence."
2019-SEA-play_caller,2019,SEA,play_caller,explicit_play_caller_evidence_required,,high,open,https://static.www.nfl.com/image/upload/league/f60ftapcsbynqgymw72q.pdf,Staff title is not evidence of play-calling duty; locate dated team or league reporting and assignment interval.
2019-SEA-quarterbacks_coach-interval,2019,SEA,quarterbacks_coach,season_interval_verification_required,Dave Canales,medium,open,https://static.www.nfl.com/image/upload/league/f60ftapcsbynqgymw72q.pdf,"Preseason designation is sourced, but weekly tenure requires dated in-season or retrospective evidence."
2019-SF-offensive_coordinator,2019,SF,offensive_coordinator,missing_formal_role,NO_SEPARATELY_DESIGNATED_ROLE,medium,resolved,https://static.www.nfl.com/image/upload/league/f60ftapcsbynqgymw72q.pdf,Independent audit resolved every regular-season week with source-backed person intervals and/or verified no-separately-designated-role evidence; see coaching_evidence_11b.csv and coaching_no_role_evidence_11b.csv.
2019-SF-play_caller,2019,SF,play_caller,explicit_play_caller_evidence_required,,high,open,https://static.www.nfl.com/image/upload/league/f60ftapcsbynqgymw72q.pdf,Staff title is not evidence of play-calling duty; locate dated team or league reporting and assignment interval.
2019-SF-quarterbacks_coach-interval,2019,SF,quarterbacks_coach,season_interval_verification_required,Shane Day,medium,open,https://static.www.nfl.com/image/upload/league/f60ftapcsbynqgymw72q.pdf,"Preseason designation is sourced, but weekly tenure requires dated in-season or retrospective evidence."
2019-TB-offensive_coordinator-interval,2019,TB,offensive_coordinator,season_interval_verification_required,Byron Leftwich,medium,open,https://static.www.nfl.com/image/upload/league/f60ftapcsbynqgymw72q.pdf,"Preseason designation is sourced, but weekly tenure requires dated in-season or retrospective evidence."
2019-TB-play_caller,2019,TB,play_caller,explicit_play_caller_evidence_required,,high,open,https://static.www.nfl.com/image/upload/league/f60ftapcsbynqgymw72q.pdf,Staff title is not evidence of play-calling duty; locate dated team or league reporting and assignment interval.
2019-TB-quarterbacks_coach-interval,2019,TB,quarterbacks_coach,season_interval_verification_required,Clyde Christensen,medium,open,https://static.www.nfl.com/image/upload/league/f60ftapcsbynqgymw72q.pdf,"Preseason designation is sourced, but weekly tenure requires dated in-season or retrospective evidence."
2019-TEN-offensive_coordinator-interval,2019,TEN,offensive_coordinator,season_interval_verification_required,Arthur Smith,medium,open,https://static.www.nfl.com/image/upload/league/f60ftapcsbynqgymw72q.pdf,"Preseason designation is sourced, but weekly tenure requires dated in-season or retrospective evidence."
2019-TEN-play_caller,2019,TEN,play_caller,explicit_play_caller_evidence_required,,high,open,https://static.www.nfl.com/image/upload/league/f60ftapcsbynqgymw72q.pdf,Staff title is not evidence of play-calling duty; locate dated team or league reporting and assignment interval.
2019-TEN-quarterbacks_coach,2019,TEN,quarterbacks_coach,missing_formal_role,Pat O'Hara,medium,resolved,https://www.tennesseetitans.com/news/titans-elevate-tim-kelly-to-offensive-coordinator-while-making-several-new-addit,Independent audit resolved every regular-season week with source-backed person intervals and/or verified no-separately-designated-role evidence; see coaching_evidence_11b.csv and coaching_no_role_evidence_11b.csv.
2019-WAS-offensive_coordinator,2019,WAS,offensive_coordinator,missing_formal_role,Kevin O'Connell,medium,resolved,https://www.commanders.com/news/rapid-rise--kevin-oconnell-redskins-offensive-coordinator,Independent audit resolved every regular-season week with source-backed person intervals and/or verified no-separately-designated-role evidence; see coaching_evidence_11b.csv and coaching_no_role_evidence_11b.csv.
2019-WAS-play_caller,2019,WAS,play_caller,explicit_play_caller_evidence_required,,high,open,https://static.www.nfl.com/image/upload/league/f60ftapcsbynqgymw72q.pdf,Staff title is not evidence of play-calling duty; locate dated team or league reporting and assignment interval.
2019-WAS-quarterbacks_coach-interval,2019,WAS,quarterbacks_coach,season_interval_verification_required,Tim Rattay,medium,open,https://static.www.nfl.com/image/upload/league/f60ftapcsbynqgymw72q.pdf,"Preseason designation is sourced, but weekly tenure requires dated in-season or retrospective evidence."
2020-ARI-offensive_coordinator,2020,ARI,offensive_coordinator,missing_formal_role,NO_SEPARATELY_DESIGNATED_ROLE,medium,resolved,https://basement.crucifyd.com/zone/seahawks/record-fact/NFL%20-%202020%20-%20Record%20%26%20Fact%20Book.pdf,Independent audit resolved every regular-season week with source-backed person intervals and/or verified no-separately-designated-role evidence; see coaching_evidence_11b.csv and coaching_no_role_evidence_11b.csv.
2020-ARI-play_caller,2020,ARI,play_caller,season_interval_verification_required,Kliff Kingsbury,high,open,https://www.4for4.com/2020/preseason/how-play-calling-tendencies-affect-fantasy-football-2020,Explicit preseason evidence identifies Kliff Kingsbury for Arizona Cardinals; verify actual weekly continuity and any in-season change before play attribution.
2020-ARI-quarterbacks_coach,2020,ARI,quarterbacks_coach,missing_formal_role,Tom Clements,medium,resolved,https://www.azcardinals.com/news/cardinals-hire-shawn-jefferson-coach-wide-receivers-sean-kugler-cam-turner,Independent audit resolved every regular-season week with source-backed person intervals and/or verified no-separately-designated-role evidence; see coaching_evidence_11b.csv and coaching_no_role_evidence_11b.csv.
2020-ATL-offensive_coordinator-interval,2020,ATL,offensive_coordinator,season_interval_verification_required,Dirk Koetter,medium,open,https://basement.crucifyd.com/zone/seahawks/record-fact/NFL%20-%202020%20-%20Record%20%26%20Fact%20Book.pdf,"Preseason designation is sourced, but weekly tenure requires dated in-season or retrospective evidence."
2020-ATL-play_caller,2020,ATL,play_caller,season_interval_verification_required,Dirk Koetter,high,open,https://www.4for4.com/2020/preseason/how-play-calling-tendencies-affect-fantasy-football-2020,Explicit preseason evidence identifies Dirk Koetter for Atlanta Falcons; verify actual weekly continuity and any in-season change before play attribution.
2020-ATL-quarterbacks_coach-interval,2020,ATL,quarterbacks_coach,season_interval_verification_required,Greg Knapp,medium,open,https://basement.crucifyd.com/zone/seahawks/record-fact/NFL%20-%202020%20-%20Record%20%26%20Fact%20Book.pdf,"Preseason designation is sourced, but weekly tenure requires dated in-season or retrospective evidence."
2020-BAL-offensive_coordinator-interval,2020,BAL,offensive_coordinator,season_interval_verification_required,Greg Roman,medium,open,https://basement.crucifyd.com/zone/seahawks/record-fact/NFL%20-%202020%20-%20Record%20%26%20Fact%20Book.pdf,"Preseason designation is sourced, but weekly tenure requires dated in-season or retrospective evidence."
2020-BAL-play_caller,2020,BAL,play_caller,season_interval_verification_required,Greg Roman,high,open,https://www.4for4.com/2020/preseason/how-play-calling-tendencies-affect-fantasy-football-2020,Explicit preseason evidence identifies Greg Roman for Baltimore Ravens; verify actual weekly continuity and any in-season change before play attribution.
2020-BAL-quarterbacks_coach-interval,2020,BAL,quarterbacks_coach,season_interval_verification_required,James Urban,medium,open,https://basement.crucifyd.com/zone/seahawks/record-fact/NFL%20-%202020%20-%20Record%20%26%20Fact%20Book.pdf,"Preseason designation is sourced, but weekly tenure requires dated in-season or retrospective evidence."
2020-BUF-offensive_coordinator-interval,2020,BUF,offensive_coordinator,season_interval_verification_required,Brian Daboll,medium,open,https://basement.crucifyd.com/zone/seahawks/record-fact/NFL%20-%202020%20-%20Record%20%26%20Fact%20Book.pdf,"Preseason designation is sourced, but weekly tenure requires dated in-season or retrospective evidence."
2020-BUF-play_caller,2020,BUF,play_caller,season_interval_verification_required,Brian Daboll,high,open,https://www.4for4.com/2020/preseason/how-play-calling-tendencies-affect-fantasy-football-2020,Explicit preseason evidence identifies Brian Daboll for Buffalo Bills; verify actual weekly continuity and any in-season change before play attribution.
2020-BUF-quarterbacks_coach-interval,2020,BUF,quarterbacks_coach,season_interval_verification_required,Ken Dorsey,medium,open,https://basement.crucifyd.com/zone/seahawks/record-fact/NFL%20-%202020%20-%20Record%20%26%20Fact%20Book.pdf,"Preseason designation is sourced, but weekly tenure requires dated in-season or retrospective evidence."
2020-CAR-offensive_coordinator,2020,CAR,offensive_coordinator,missing_formal_role,Joe Brady,medium,resolved,https://www.panthers.com/news/panthers-2020-coaching-staff-announced-matt-rhule,Independent audit resolved every regular-season week with source-backed person intervals and/or verified no-separately-designated-role evidence; see coaching_evidence_11b.csv and coaching_no_role_evidence_11b.csv.
2020-CAR-play_caller,2020,CAR,play_caller,season_interval_verification_required,Joe Brady,high,open,https://www.4for4.com/2020/preseason/how-play-calling-tendencies-affect-fantasy-football-2020,Explicit preseason evidence identifies Joe Brady for Carolina Panthers; verify actual weekly continuity and any in-season change before play attribution.
2020-CAR-quarterbacks_coach,2020,CAR,quarterbacks_coach,missing_formal_role,Jake Peetz,medium,resolved,https://www.panthers.com/news/panthers-2020-coaching-staff-announced-matt-rhule,Independent audit resolved every regular-season week with source-backed person intervals and/or verified no-separately-designated-role evidence; see coaching_evidence_11b.csv and coaching_no_role_evidence_11b.csv.
2020-CHI-offensive_coordinator,2020,CHI,offensive_coordinator,missing_formal_role,Bill Lazor,medium,resolved,https://www.chicagobears.com/news/nagy-announces-additions-to-coaching-staff%26lang%3Den,Independent audit resolved every regular-season week with source-backed person intervals and/or verified no-separately-designated-role evidence; see coaching_evidence_11b.csv and coaching_no_role_evidence_11b.csv.
2020-CHI-play_caller,2020,CHI,play_caller,season_interval_verification_required,Matt Nagy,high,open,https://www.4for4.com/2020/preseason/how-play-calling-tendencies-affect-fantasy-football-2020,Explicit preseason evidence identifies Matt Nagy for Chicago Bears; verify actual weekly continuity and any in-season change before play attribution.
2020-CHI-quarterbacks_coach-interval,2020,CHI,quarterbacks_coach,season_interval_verification_required,John DeFilippo,medium,open,https://basement.crucifyd.com/zone/seahawks/record-fact/NFL%20-%202020%20-%20Record%20%26%20Fact%20Book.pdf,"Preseason designation is sourced, but weekly tenure requires dated in-season or retrospective evidence."
2020-CIN-offensive_coordinator-interval,2020,CIN,offensive_coordinator,season_interval_verification_required,Brian Callahan,medium,open,https://basement.crucifyd.com/zone/seahawks/record-fact/NFL%20-%202020%20-%20Record%20%26%20Fact%20Book.pdf,"Preseason designation is sourced, but weekly tenure requires dated in-season or retrospective evidence."
2020-CIN-play_caller,2020,CIN,play_caller,season_interval_verification_required,Zac Taylor,high,open,https://www.4for4.com/2020/preseason/how-play-calling-tendencies-affect-fantasy-football-2020,Explicit preseason evidence identifies Zac Taylor for Cincinnati Bengals; verify actual weekly continuity and any in-season change before play attribution.
2020-CIN-quarterbacks_coach-interval,2020,CIN,quarterbacks_coach,season_interval_verification_required,Dan Pitcher,medium,open,https://basement.crucifyd.com/zone/seahawks/record-fact/NFL%20-%202020%20-%20Record%20%26%20Fact%20Book.pdf,"Preseason designation is sourced, but weekly tenure requires dated in-season or retrospective evidence."
2020-CLE-offensive_coordinator-interval,2020,CLE,offensive_coordinator,season_interval_verification_required,Alex Van Pelt,medium,open,https://basement.crucifyd.com/zone/seahawks/record-fact/NFL%20-%202020%20-%20Record%20%26%20Fact%20Book.pdf,"Preseason designation is sourced, but weekly tenure requires dated in-season or retrospective evidence."
2020-CLE-play_caller,2020,CLE,play_caller,season_interval_verification_required,Kevin Stefanski,high,open,https://www.4for4.com/2020/preseason/how-play-calling-tendencies-affect-fantasy-football-2020,Explicit preseason evidence identifies Kevin Stefanski for Cleveland Browns; verify actual weekly continuity and any in-season change before play attribution.
2020-CLE-quarterbacks_coach,2020,CLE,quarterbacks_coach,missing_formal_role,NO_SEPARATELY_DESIGNATED_ROLE,medium,resolved,https://basement.crucifyd.com/zone/seahawks/record-fact/NFL%20-%202020%20-%20Record%20%26%20Fact%20Book.pdf,Independent audit resolved every regular-season week with source-backed person intervals and/or verified no-separately-designated-role evidence; see coaching_evidence_11b.csv and coaching_no_role_evidence_11b.csv.
2020-DAL-offensive_coordinator-interval,2020,DAL,offensive_coordinator,season_interval_verification_required,Kellen Moore,medium,open,https://basement.crucifyd.com/zone/seahawks/record-fact/NFL%20-%202020%20-%20Record%20%26%20Fact%20Book.pdf,"Preseason designation is sourced, but weekly tenure requires dated in-season or retrospective evidence."
2020-DAL-play_caller,2020,DAL,play_caller,season_interval_verification_required,Kellen Moore,high,open,https://www.4for4.com/2020/preseason/how-play-calling-tendencies-affect-fantasy-football-2020,Explicit preseason evidence identifies Kellen Moore for Dallas Cowboys; verify actual weekly continuity and any in-season change before play attribution.
2020-DAL-quarterbacks_coach-interval,2020,DAL,quarterbacks_coach,season_interval_verification_required,Doug Nussmeier,medium,open,https://basement.crucifyd.com/zone/seahawks/record-fact/NFL%20-%202020%20-%20Record%20%26%20Fact%20Book.pdf,"Preseason designation is sourced, but weekly tenure requires dated in-season or retrospective evidence."
2020-DEN-offensive_coordinator-interval,2020,DEN,offensive_coordinator,season_interval_verification_required,Pat Shurmur,medium,open,https://basement.crucifyd.com/zone/seahawks/record-fact/NFL%20-%202020%20-%20Record%20%26%20Fact%20Book.pdf,"Preseason designation is sourced, but weekly tenure requires dated in-season or retrospective evidence."
2020-DEN-play_caller,2020,DEN,play_caller,season_interval_verification_required,Pat Shurmur,high,open,https://www.4for4.com/2020/preseason/how-play-calling-tendencies-affect-fantasy-football-2020,Explicit preseason evidence identifies Pat Shurmur for Denver Broncos; verify actual weekly continuity and any in-season change before play attribution.
2020-DEN-quarterbacks_coach-interval,2020,DEN,quarterbacks_coach,season_interval_verification_required,Mike Shula,medium,open,https://basement.crucifyd.com/zone/seahawks/record-fact/NFL%20-%202020%20-%20Record%20%26%20Fact%20Book.pdf,"Preseason designation is sourced, but weekly tenure requires dated in-season or retrospective evidence."
2020-DET-offensive_coordinator-interval,2020,DET,offensive_coordinator,season_interval_verification_required,Darrell Bevell,medium,open,https://basement.crucifyd.com/zone/seahawks/record-fact/NFL%20-%202020%20-%20Record%20%26%20Fact%20Book.pdf,"Preseason designation is sourced, but weekly tenure requires dated in-season or retrospective evidence."
2020-DET-play_caller,2020,DET,play_caller,season_interval_verification_required,Darrell Bevell,high,open,https://www.4for4.com/2020/preseason/how-play-calling-tendencies-affect-fantasy-football-2020,Explicit preseason evidence identifies Darrell Bevell for Detroit Lions; verify actual weekly continuity and any in-season change before play attribution.
2020-DET-quarterbacks_coach,2020,DET,quarterbacks_coach,missing_formal_role,Sean Ryan,medium,resolved,https://www.detroitlions.com/news/10-takeaways-from-undlin-coombs-ryan,Independent audit resolved every regular-season week with source-backed person intervals and/or verified no-separately-designated-role evidence; see coaching_evidence_11b.csv and coaching_no_role_evidence_11b.csv.
2020-GB-offensive_coordinator-interval,2020,GB,offensive_coordinator,season_interval_verification_required,Nathaniel Hackett,medium,open,https://basement.crucifyd.com/zone/seahawks/record-fact/NFL%20-%202020%20-%20Record%20%26%20Fact%20Book.pdf,"Preseason designation is sourced, but weekly tenure requires dated in-season or retrospective evidence."
2020-GB-play_caller,2020,GB,play_caller,season_interval_verification_required,Matt LaFleur,high,open,https://www.4for4.com/2020/preseason/how-play-calling-tendencies-affect-fantasy-football-2020,Explicit preseason evidence identifies Matt LaFleur for Green Bay Packers; verify actual weekly continuity and any in-season change before play attribution.
2020-GB-quarterbacks_coach-interval,2020,GB,quarterbacks_coach,season_interval_verification_required,Luke Getsy,medium,open,https://basement.crucifyd.com/zone/seahawks/record-fact/NFL%20-%202020%20-%20Record%20%26%20Fact%20Book.pdf,"Preseason designation is sourced, but weekly tenure requires dated in-season or retrospective evidence."
2020-HOU-play_caller-shared-duty,2020,HOU,play_caller,shared_duty_verification_required,Tim Kelly | Bill O'Brien,high,open,https://www.nfl.com/news/texans-change-how-they-call-plays-with-bill-o-brien-more-involved,Week 4 shared involvement is directly sourced. Tim Kelly's exact sole/shared weekly duties after Bill O'Brien's firing remain unresolved; weeks 5-17 stay provisional rather than guessed.
2020-IND-offensive_coordinator-interval,2020,IND,offensive_coordinator,season_interval_verification_required,Nick Sirianni,medium,open,https://basement.crucifyd.com/zone/seahawks/record-fact/NFL%20-%202020%20-%20Record%20%26%20Fact%20Book.pdf,"Preseason designation is sourced, but weekly tenure requires dated in-season or retrospective evidence."
2020-IND-play_caller,2020,IND,play_caller,season_interval_verification_required,Frank Reich,high,open,https://www.4for4.com/2020/preseason/how-play-calling-tendencies-affect-fantasy-football-2020,Explicit preseason evidence identifies Frank Reich for Indianapolis Colts; verify actual weekly continuity and any in-season change before play attribution.
2020-IND-quarterbacks_coach-interval,2020,IND,quarterbacks_coach,season_interval_verification_required,Marcus Brady,medium,open,https://basement.crucifyd.com/zone/seahawks/record-fact/NFL%20-%202020%20-%20Record%20%26%20Fact%20Book.pdf,"Preseason designation is sourced, but weekly tenure requires dated in-season or retrospective evidence."
2020-JAX-offensive_coordinator-interval,2020,JAX,offensive_coordinator,season_interval_verification_required,Jay Gruden,medium,open,https://basement.crucifyd.com/zone/seahawks/record-fact/NFL%20-%202020%20-%20Record%20%26%20Fact%20Book.pdf,"Preseason designation is sourced, but weekly tenure requires dated in-season or retrospective evidence."
2020-JAX-play_caller,2020,JAX,play_caller,season_interval_verification_required,Jay Gruden,high,open,https://www.4for4.com/2020/preseason/how-play-calling-tendencies-affect-fantasy-football-2020,Explicit preseason evidence identifies Jay Gruden for Jacksonville Jaguars; verify actual weekly continuity and any in-season change before play attribution.
2020-JAX-quarterbacks_coach-interval,2020,JAX,quarterbacks_coach,season_interval_verification_required,Ben McAdoo,medium,open,https://basement.crucifyd.com/zone/seahawks/record-fact/NFL%20-%202020%20-%20Record%20%26%20Fact%20Book.pdf,"Preseason designation is sourced, but weekly tenure requires dated in-season or retrospective evidence."
2020-KC-offensive_coordinator-interval,2020,KC,offensive_coordinator,season_interval_verification_required,Eric Bieniemy,medium,open,https://basement.crucifyd.com/zone/seahawks/record-fact/NFL%20-%202020%20-%20Record%20%26%20Fact%20Book.pdf,"Preseason designation is sourced, but weekly tenure requires dated in-season or retrospective evidence."
2020-KC-play_caller,2020,KC,play_caller,season_interval_verification_required,Andy Reid,high,open,https://www.4for4.com/2020/preseason/how-play-calling-tendencies-affect-fantasy-football-2020,Explicit preseason evidence identifies Andy Reid for Kansas City Chiefs; verify actual weekly continuity and any in-season change before play attribution.
2020-KC-quarterbacks_coach,2020,KC,quarterbacks_coach,missing_formal_role,Mike Kafka,medium,resolved,https://www.chiefs.com/video/mike-kafka-he-sets-the-tempo-for-the-offense-press-conference-12-10,Independent audit resolved every regular-season week with source-backed person intervals and/or verified no-separately-designated-role evidence; see coaching_evidence_11b.csv and coaching_no_role_evidence_11b.csv.
2020-LA-offensive_coordinator,2020,LA,offensive_coordinator,missing_formal_role,Kevin O'Connell,medium,resolved,https://www.therams.com/news/rams-announce-2020-coaching-additions,Independent audit resolved every regular-season week with source-backed person intervals and/or verified no-separately-designated-role evidence; see coaching_evidence_11b.csv and coaching_no_role_evidence_11b.csv.
2020-LA-play_caller,2020,LA,play_caller,season_interval_verification_required,Sean McVay,high,open,https://www.4for4.com/2020/preseason/how-play-calling-tendencies-affect-fantasy-football-2020,Explicit preseason evidence identifies Sean McVay for Los Angeles Rams; verify actual weekly continuity and any in-season change before play attribution.
2020-LA-quarterbacks_coach,2020,LA,quarterbacks_coach,missing_formal_role,Kevin O'Connell,medium,resolved,https://www.therams.com/news/countdown-to-camp-quarterbacks,Independent audit resolved every regular-season week with source-backed person intervals and/or verified no-separately-designated-role evidence; see coaching_evidence_11b.csv and coaching_no_role_evidence_11b.csv.
2020-LAC-offensive_coordinator-interval,2020,LAC,offensive_coordinator,season_interval_verification_required,Shane Steichen,medium,open,https://basement.crucifyd.com/zone/seahawks/record-fact/NFL%20-%202020%20-%20Record%20%26%20Fact%20Book.pdf,"Preseason designation is sourced, but weekly tenure requires dated in-season or retrospective evidence."
2020-LAC-play_caller,2020,LAC,play_caller,season_interval_verification_required,Shane Steichen,high,open,https://www.4for4.com/2020/preseason/how-play-calling-tendencies-affect-fantasy-football-2020,Explicit preseason evidence identifies Shane Steichen for Los Angeles Chargers; verify actual weekly continuity and any in-season change before play attribution.
2020-LAC-quarterbacks_coach-interval,2020,LAC,quarterbacks_coach,season_interval_verification_required,Pep Hamilton,medium,open,https://basement.crucifyd.com/zone/seahawks/record-fact/NFL%20-%202020%20-%20Record%20%26%20Fact%20Book.pdf,"Preseason designation is sourced, but weekly tenure requires dated in-season or retrospective evidence."
2020-LV-offensive_coordinator,2020,LV,offensive_coordinator,missing_formal_role,Greg Olson,medium,resolved,https://www.raiders.com/photos/raiders-2020-coaching-staff,Independent audit resolved every regular-season week with source-backed person intervals and/or verified no-separately-designated-role evidence; see coaching_evidence_11b.csv and coaching_no_role_evidence_11b.csv.
2020-LV-play_caller,2020,LV,play_caller,season_interval_verification_required,Jon Gruden,high,open,https://www.4for4.com/2020/preseason/how-play-calling-tendencies-affect-fantasy-football-2020,Explicit preseason evidence identifies Jon Gruden for Las Vegas Raiders; verify actual weekly continuity and any in-season change before play attribution.
2020-LV-quarterbacks_coach,2020,LV,quarterbacks_coach,missing_formal_role,NO_SEPARATELY_DESIGNATED_ROLE,medium,resolved,https://www.raiders.com/photos/raiders-2020-coaching-staff,Independent audit resolved every regular-season week with source-backed person intervals and/or verified no-separately-designated-role evidence; see coaching_evidence_11b.csv and coaching_no_role_evidence_11b.csv.
2020-MIA-offensive_coordinator-interval,2020,MIA,offensive_coordinator,season_interval_verification_required,Chan Gailey,medium,open,https://basement.crucifyd.com/zone/seahawks/record-fact/NFL%20-%202020%20-%20Record%20%26%20Fact%20Book.pdf,"Preseason designation is sourced, but weekly tenure requires dated in-season or retrospective evidence."
2020-MIA-play_caller,2020,MIA,play_caller,season_interval_verification_required,Chan Gailey,high,open,https://www.4for4.com/2020/preseason/how-play-calling-tendencies-affect-fantasy-football-2020,Explicit preseason evidence identifies Chan Gailey for Miami Dolphins; verify actual weekly continuity and any in-season change before play attribution.
2020-MIA-quarterbacks_coach-interval,2020,MIA,quarterbacks_coach,season_interval_verification_required,Robby Brown,medium,open,https://basement.crucifyd.com/zone/seahawks/record-fact/NFL%20-%202020%20-%20Record%20%26%20Fact%20Book.pdf,"Preseason designation is sourced, but weekly tenure requires dated in-season or retrospective evidence."
2020-MIN-offensive_coordinator-interval,2020,MIN,offensive_coordinator,season_interval_verification_required,Gary Kubiak,medium,open,https://basement.crucifyd.com/zone/seahawks/record-fact/NFL%20-%202020%20-%20Record%20%26%20Fact%20Book.pdf,"Preseason designation is sourced, but weekly tenure requires dated in-season or retrospective evidence."
2020-MIN-play_caller,2020,MIN,play_caller,season_interval_verification_required,Gary Kubiak,high,open,https://www.4for4.com/2020/preseason/how-play-calling-tendencies-affect-fantasy-football-2020,Explicit preseason evidence identifies Gary Kubiak for Minnesota Vikings; verify actual weekly continuity and any in-season change before play attribution.
2020-MIN-quarterbacks_coach-interval,2020,MIN,quarterbacks_coach,season_interval_verification_required,Klint Kubiak,medium,open,https://basement.crucifyd.com/zone/seahawks/record-fact/NFL%20-%202020%20-%20Record%20%26%20Fact%20Book.pdf,"Preseason designation is sourced, but weekly tenure requires dated in-season or retrospective evidence."
2020-NE-offensive_coordinator-interval,2020,NE,offensive_coordinator,season_interval_verification_required,Josh McDaniels,medium,open,https://basement.crucifyd.com/zone/seahawks/record-fact/NFL%20-%202020%20-%20Record%20%26%20Fact%20Book.pdf,"Preseason designation is sourced, but weekly tenure requires dated in-season or retrospective evidence."
2020-NE-play_caller,2020,NE,play_caller,season_interval_verification_required,Josh McDaniels,high,open,https://www.4for4.com/2020/preseason/how-play-calling-tendencies-affect-fantasy-football-2020,Explicit preseason evidence identifies Josh McDaniels for New England Patriots; verify actual weekly continuity and any in-season change before play attribution.
2020-NE-quarterbacks_coach-interval,2020,NE,quarterbacks_coach,season_interval_verification_required,Jedd Fisch,medium,open,https://basement.crucifyd.com/zone/seahawks/record-fact/NFL%20-%202020%20-%20Record%20%26%20Fact%20Book.pdf,"Preseason designation is sourced, but weekly tenure requires dated in-season or retrospective evidence."
2020-NO-offensive_coordinator-interval,2020,NO,offensive_coordinator,season_interval_verification_required,Pete Carmichael,medium,open,https://basement.crucifyd.com/zone/seahawks/record-fact/NFL%20-%202020%20-%20Record%20%26%20Fact%20Book.pdf,"Preseason designation is sourced, but weekly tenure requires dated in-season or retrospective evidence."
2020-NO-play_caller,2020,NO,play_caller,season_interval_verification_required,Sean Payton,high,open,https://www.4for4.com/2020/preseason/how-play-calling-tendencies-affect-fantasy-football-2020,Explicit preseason evidence identifies Sean Payton for New Orleans Saints; verify actual weekly continuity and any in-season change before play attribution.
2020-NO-quarterbacks_coach-interval,2020,NO,quarterbacks_coach,season_interval_verification_required,Joe Lombardi,medium,open,https://basement.crucifyd.com/zone/seahawks/record-fact/NFL%20-%202020%20-%20Record%20%26%20Fact%20Book.pdf,"Preseason designation is sourced, but weekly tenure requires dated in-season or retrospective evidence."
2020-NYG-offensive_coordinator-interval,2020,NYG,offensive_coordinator,season_interval_verification_required,Jason Garrett,medium,open,https://basement.crucifyd.com/zone/seahawks/record-fact/NFL%20-%202020%20-%20Record%20%26%20Fact%20Book.pdf,"Preseason designation is sourced, but weekly tenure requires dated in-season or retrospective evidence."
2020-NYG-play_caller,2020,NYG,play_caller,season_interval_verification_required,Jason Garrett,high,open,https://www.4for4.com/2020/preseason/how-play-calling-tendencies-affect-fantasy-football-2020,Explicit preseason evidence identifies Jason Garrett for New York Giants; verify actual weekly continuity and any in-season change before play attribution.
2020-NYG-quarterbacks_coach-interval,2020,NYG,quarterbacks_coach,season_interval_verification_required,Jerry Schuplinski,medium,open,https://basement.crucifyd.com/zone/seahawks/record-fact/NFL%20-%202020%20-%20Record%20%26%20Fact%20Book.pdf,"Preseason designation is sourced, but weekly tenure requires dated in-season or retrospective evidence."
2020-NYJ-offensive_coordinator,2020,NYJ,offensive_coordinator,missing_formal_role,Dowell Loggains,medium,resolved,https://www.newyorkjets.com/news/jets-notebook-head-coach-adam-gase-i-m-considering-everything,Independent audit resolved every regular-season week with source-backed person intervals and/or verified no-separately-designated-role evidence; see coaching_evidence_11b.csv and coaching_no_role_evidence_11b.csv.
2020-NYJ-play_caller,2020,NYJ,play_caller,season_interval_verification_required,Adam Gase,high,open,https://www.4for4.com/2020/preseason/how-play-calling-tendencies-affect-fantasy-football-2020,Explicit preseason evidence identifies Adam Gase for New York Jets; verify actual weekly continuity and any in-season change before play attribution.
2020-NYJ-quarterbacks_coach,2020,NYJ,quarterbacks_coach,missing_formal_role,Dowell Loggains,medium,resolved,https://www.newyorkjets.com/news/jets-notebook-head-coach-adam-gase-i-m-considering-everything,Independent audit resolved every regular-season week with source-backed person intervals and/or verified no-separately-designated-role evidence; see coaching_evidence_11b.csv and coaching_no_role_evidence_11b.csv.
2020-PHI-offensive_coordinator,2020,PHI,offensive_coordinator,missing_formal_role,NO_SEPARATELY_DESIGNATED_ROLE,medium,resolved,https://www.philadelphiaeagles.com/news/theme-to-the-eagles-changes-fresh-minds-fresh-ideas,Independent audit resolved every regular-season week with source-backed person intervals and/or verified no-separately-designated-role evidence; see coaching_evidence_11b.csv and coaching_no_role_evidence_11b.csv.
2020-PHI-play_caller,2020,PHI,play_caller,season_interval_verification_required,Doug Pederson,high,open,https://www.4for4.com/2020/preseason/how-play-calling-tendencies-affect-fantasy-football-2020,Explicit preseason evidence identifies Doug Pederson for Philadelphia Eagles; verify actual weekly continuity and any in-season change before play attribution.
2020-PHI-quarterbacks_coach,2020,PHI,quarterbacks_coach,missing_formal_role,Press Taylor,medium,resolved,https://www.philadelphiaeagles.com/team/transactions/2020,Independent audit resolved every regular-season week with source-backed person intervals and/or verified no-separately-designated-role evidence; see coaching_evidence_11b.csv and coaching_no_role_evidence_11b.csv.
2020-PIT-offensive_coordinator-interval,2020,PIT,offensive_coordinator,season_interval_verification_required,Randy Fichtner,medium,open,https://basement.crucifyd.com/zone/seahawks/record-fact/NFL%20-%202020%20-%20Record%20%26%20Fact%20Book.pdf,"Preseason designation is sourced, but weekly tenure requires dated in-season or retrospective evidence."
2020-PIT-play_caller,2020,PIT,play_caller,season_interval_verification_required,Randy Fichtner,high,open,https://www.4for4.com/2020/preseason/how-play-calling-tendencies-affect-fantasy-football-2020,Explicit preseason evidence identifies Randy Fichtner for Pittsburgh Steelers; verify actual weekly continuity and any in-season change before play attribution.
2020-PIT-quarterbacks_coach-interval,2020,PIT,quarterbacks_coach,season_interval_verification_required,Matt Canada,medium,open,https://basement.crucifyd.com/zone/seahawks/record-fact/NFL%20-%202020%20-%20Record%20%26%20Fact%20Book.pdf,"Preseason designation is sourced, but weekly tenure requires dated in-season or retrospective evidence."
2020-SEA-offensive_coordinator-interval,2020,SEA,offensive_coordinator,season_interval_verification_required,Brian Schottenheimer,medium,open,https://basement.crucifyd.com/zone/seahawks/record-fact/NFL%20-%202020%20-%20Record%20%26%20Fact%20Book.pdf,"Preseason designation is sourced, but weekly tenure requires dated in-season or retrospective evidence."
2020-SEA-play_caller,2020,SEA,play_caller,season_interval_verification_required,Brian Schottenheimer,high,open,https://www.4for4.com/2020/preseason/how-play-calling-tendencies-affect-fantasy-football-2020,Explicit preseason evidence identifies Brian Schottenheimer for Seattle Seahawks; verify actual weekly continuity and any in-season change before play attribution.
2020-SEA-quarterbacks_coach-interval,2020,SEA,quarterbacks_coach,season_interval_verification_required,Austin Davis,medium,open,https://basement.crucifyd.com/zone/seahawks/record-fact/NFL%20-%202020%20-%20Record%20%26%20Fact%20Book.pdf,"Preseason designation is sourced, but weekly tenure requires dated in-season or retrospective evidence."
2020-SF-offensive_coordinator,2020,SF,offensive_coordinator,missing_formal_role,NO_SEPARATELY_DESIGNATED_ROLE,medium,resolved,https://basement.crucifyd.com/zone/seahawks/record-fact/NFL%20-%202020%20-%20Record%20%26%20Fact%20Book.pdf,Independent audit resolved every regular-season week with source-backed person intervals and/or verified no-separately-designated-role evidence; see coaching_evidence_11b.csv and coaching_no_role_evidence_11b.csv.
2020-SF-play_caller,2020,SF,play_caller,season_interval_verification_required,Kyle Shanahan,high,open,https://www.4for4.com/2020/preseason/how-play-calling-tendencies-affect-fantasy-football-2020,Explicit preseason evidence identifies Kyle Shanahan for San Francisco 49ers; verify actual weekly continuity and any in-season change before play attribution.
2020-SF-quarterbacks_coach-interval,2020,SF,quarterbacks_coach,season_interval_verification_required,Shane Day,medium,open,https://basement.crucifyd.com/zone/seahawks/record-fact/NFL%20-%202020%20-%20Record%20%26%20Fact%20Book.pdf,"Preseason designation is sourced, but weekly tenure requires dated in-season or retrospective evidence."
2020-TB-offensive_coordinator-interval,2020,TB,offensive_coordinator,season_interval_verification_required,Byron Leftwich,medium,open,https://basement.crucifyd.com/zone/seahawks/record-fact/NFL%20-%202020%20-%20Record%20%26%20Fact%20Book.pdf,"Preseason designation is sourced, but weekly tenure requires dated in-season or retrospective evidence."
2020-TB-play_caller,2020,TB,play_caller,season_interval_verification_required,Byron Leftwich,high,open,https://www.4for4.com/2020/preseason/how-play-calling-tendencies-affect-fantasy-football-2020,Explicit preseason evidence identifies Byron Leftwich for Tampa Bay Buccaneers; verify actual weekly continuity and any in-season change before play attribution.
2020-TB-quarterbacks_coach,2020,TB,quarterbacks_coach,missing_formal_role,Clyde Christensen,medium,resolved,https://www.buccaneers.com/news/2020-training-camp-takeaways-day-1-tom-brady-chris-godwin-gronk-bucs,Independent audit resolved every regular-season week with source-backed person intervals and/or verified no-separately-designated-role evidence; see coaching_evidence_11b.csv and coaching_no_role_evidence_11b.csv.
2020-TEN-offensive_coordinator-interval,2020,TEN,offensive_coordinator,season_interval_verification_required,Arthur Smith,medium,open,https://basement.crucifyd.com/zone/seahawks/record-fact/NFL%20-%202020%20-%20Record%20%26%20Fact%20Book.pdf,"Preseason designation is sourced, but weekly tenure requires dated in-season or retrospective evidence."
2020-TEN-play_caller,2020,TEN,play_caller,season_interval_verification_required,Arthur Smith,high,open,https://www.4for4.com/2020/preseason/how-play-calling-tendencies-affect-fantasy-football-2020,Explicit preseason evidence identifies Arthur Smith for Tennessee Titans; verify actual weekly continuity and any in-season change before play attribution.
2020-TEN-quarterbacks_coach,2020,TEN,quarterbacks_coach,missing_formal_role,Pat O'Hara,medium,resolved,https://www.tennesseetitans.com/news/hot-topics-with-titans-coach-mike-vrabel-at-the-nfl-combine,Independent audit resolved every regular-season week with source-backed person intervals and/or verified no-separately-designated-role evidence; see coaching_evidence_11b.csv and coaching_no_role_evidence_11b.csv.
2020-WAS-offensive_coordinator-interval,2020,WAS,offensive_coordinator,season_interval_verification_required,Scott Turner,medium,open,https://basement.crucifyd.com/zone/seahawks/record-fact/NFL%20-%202020%20-%20Record%20%26%20Fact%20Book.pdf,"Preseason designation is sourced, but weekly tenure requires dated in-season or retrospective evidence."
2020-WAS-play_caller,2020,WAS,play_caller,season_interval_verification_required,Scott Turner,high,open,https://www.4for4.com/2020/preseason/how-play-calling-tendencies-affect-fantasy-football-2020,Explicit preseason evidence identifies Scott Turner for Washington Football Team; verify actual weekly continuity and any in-season change before play attribution.
2020-WAS-quarterbacks_coach-interval,2020,WAS,quarterbacks_coach,season_interval_verification_required,Ken Zampese,medium,open,https://basement.crucifyd.com/zone/seahawks/record-fact/NFL%20-%202020%20-%20Record%20%26%20Fact%20Book.pdf,"Preseason designation is sourced, but weekly tenure requires dated in-season or retrospective evidence."
2021-ARI-offensive_coordinator,2021,ARI,offensive_coordinator,missing_formal_role,NO_SEPARATELY_DESIGNATED_ROLE,medium,resolved,https://basement.crucifyd.com/zone/seahawks/record-fact/NFL%20-%202021%20-%20Record%20%26%20Fact%20Book.pdf,Independent audit resolved every regular-season week with source-backed person intervals and/or verified no-separately-designated-role evidence; see coaching_evidence_11b.csv and coaching_no_role_evidence_11b.csv.
2021-ARI-play_caller,2021,ARI,play_caller,explicit_play_caller_evidence_required,Kliff Kingsbury,high,open,https://fantasydata.com/all-32-nfl-coaching-schemes-for-the-2021-season,"Independent audit preserves this as partial, provisional, conflicting, or unresolved; it is not a fully verified play-caller cell."
2021-ARI-play_caller-season-interval,2021,ARI,play_caller,season_interval_verification_required,Kliff Kingsbury,high,open,https://fantasydata.com/all-32-nfl-coaching-schemes-for-the-2021-season,"Caller identity is explicit, but weekly continuity, shared duties, and any in-season transfer require dated evidence."
2021-ARI-quarterbacks_coach-interval,2021,ARI,quarterbacks_coach,season_interval_verification_required,Cam Turner,medium,open,https://basement.crucifyd.com/zone/seahawks/record-fact/NFL%20-%202021%20-%20Record%20%26%20Fact%20Book.pdf,"Preseason designation is sourced, but weekly tenure requires dated in-season or retrospective evidence."
2021-ATL-offensive_coordinator-interval,2021,ATL,offensive_coordinator,season_interval_verification_required,Dave Ragone,medium,open,https://basement.crucifyd.com/zone/seahawks/record-fact/NFL%20-%202021%20-%20Record%20%26%20Fact%20Book.pdf,"Preseason designation is sourced, but weekly tenure requires dated in-season or retrospective evidence."
2021-ATL-play_caller,2021,ATL,play_caller,explicit_play_caller_evidence_required,Arthur Smith,high,open,https://fantasydata.com/all-32-nfl-coaching-schemes-for-the-2021-season,"Independent audit preserves this as partial, provisional, conflicting, or unresolved; it is not a fully verified play-caller cell."
2021-ATL-play_caller-season-interval,2021,ATL,play_caller,season_interval_verification_required,Arthur Smith,high,open,https://fantasydata.com/all-32-nfl-coaching-schemes-for-the-2021-season,"Caller identity is explicit, but weekly continuity, shared duties, and any in-season transfer require dated evidence."
2021-ATL-quarterbacks_coach-interval,2021,ATL,quarterbacks_coach,season_interval_verification_required,Charles London,medium,open,https://basement.crucifyd.com/zone/seahawks/record-fact/NFL%20-%202021%20-%20Record%20%26%20Fact%20Book.pdf,"Preseason designation is sourced, but weekly tenure requires dated in-season or retrospective evidence."
2021-BAL-offensive_coordinator-interval,2021,BAL,offensive_coordinator,season_interval_verification_required,Greg Roman,medium,open,https://basement.crucifyd.com/zone/seahawks/record-fact/NFL%20-%202021%20-%20Record%20%26%20Fact%20Book.pdf,"Preseason designation is sourced, but weekly tenure requires dated in-season or retrospective evidence."
2021-BAL-play_caller,2021,BAL,play_caller,explicit_play_caller_evidence_required,Greg Roman,high,open,https://fantasydata.com/all-32-nfl-coaching-schemes-for-the-2021-season,"Independent audit preserves this as partial, provisional, conflicting, or unresolved; it is not a fully verified play-caller cell."
2021-BAL-play_caller-season-interval,2021,BAL,play_caller,season_interval_verification_required,Greg Roman,high,open,https://fantasydata.com/all-32-nfl-coaching-schemes-for-the-2021-season,"Caller identity is explicit, but weekly continuity, shared duties, and any in-season transfer require dated evidence."
2021-BAL-quarterbacks_coach-interval,2021,BAL,quarterbacks_coach,season_interval_verification_required,James Urban,medium,open,https://basement.crucifyd.com/zone/seahawks/record-fact/NFL%20-%202021%20-%20Record%20%26%20Fact%20Book.pdf,"Preseason designation is sourced, but weekly tenure requires dated in-season or retrospective evidence."
2021-BUF-offensive_coordinator-interval,2021,BUF,offensive_coordinator,season_interval_verification_required,Brian Daboll,medium,open,https://basement.crucifyd.com/zone/seahawks/record-fact/NFL%20-%202021%20-%20Record%20%26%20Fact%20Book.pdf,"Preseason designation is sourced, but weekly tenure requires dated in-season or retrospective evidence."
2021-BUF-play_caller,2021,BUF,play_caller,explicit_play_caller_evidence_required,Brian Daboll,high,open,https://fantasydata.com/all-32-nfl-coaching-schemes-for-the-2021-season,"Independent audit preserves this as partial, provisional, conflicting, or unresolved; it is not a fully verified play-caller cell."
2021-BUF-play_caller-season-interval,2021,BUF,play_caller,season_interval_verification_required,Brian Daboll,high,open,https://fantasydata.com/all-32-nfl-coaching-schemes-for-the-2021-season,"Caller identity is explicit, but weekly continuity, shared duties, and any in-season transfer require dated evidence."
2021-BUF-quarterbacks_coach,2021,BUF,quarterbacks_coach,missing_formal_role,Ken Dorsey,medium,resolved,https://www.buffalobills.com/news/7-things-to-know-about-the-bills-entering-2021-training-camp,Independent audit resolved every regular-season week with source-backed person intervals and/or verified no-separately-designated-role evidence; see coaching_evidence_11b.csv and coaching_no_role_evidence_11b.csv.
2021-CAR-offensive_coordinator-interval,2021,CAR,offensive_coordinator,season_interval_verification_required,Joe Brady,medium,open,https://basement.crucifyd.com/zone/seahawks/record-fact/NFL%20-%202021%20-%20Record%20%26%20Fact%20Book.pdf,"Preseason designation is sourced, but weekly tenure requires dated in-season or retrospective evidence."
2021-CAR-play_caller,2021,CAR,play_caller,explicit_play_caller_evidence_required,Joe Brady,high,open,https://fantasydata.com/all-32-nfl-coaching-schemes-for-the-2021-season,"Independent audit preserves this as partial, provisional, conflicting, or unresolved; it is not a fully verified play-caller cell."
2021-CAR-play_caller-season-interval,2021,CAR,play_caller,season_interval_verification_required,Joe Brady,high,open,https://fantasydata.com/all-32-nfl-coaching-schemes-for-the-2021-season,"Caller identity is explicit, but weekly continuity, shared duties, and any in-season transfer require dated evidence."
2021-CAR-quarterbacks_coach-interval,2021,CAR,quarterbacks_coach,season_interval_verification_required,Sean Ryan,medium,open,https://basement.crucifyd.com/zone/seahawks/record-fact/NFL%20-%202021%20-%20Record%20%26%20Fact%20Book.pdf,"Preseason designation is sourced, but weekly tenure requires dated in-season or retrospective evidence."
2021-CHI-offensive_coordinator-interval,2021,CHI,offensive_coordinator,season_interval_verification_required,Bill Lazor,medium,open,https://basement.crucifyd.com/zone/seahawks/record-fact/NFL%20-%202021%20-%20Record%20%26%20Fact%20Book.pdf,"Preseason designation is sourced, but weekly tenure requires dated in-season or retrospective evidence."
2021-CHI-play_caller,2021,CHI,play_caller,explicit_play_caller_evidence_required,Matt Nagy,high,open,https://fantasydata.com/all-32-nfl-coaching-schemes-for-the-2021-season,"Independent audit preserves this as partial, provisional, conflicting, or unresolved; it is not a fully verified play-caller cell."
2021-CHI-play_caller-season-interval,2021,CHI,play_caller,season_interval_verification_required,Matt Nagy,high,open,https://fantasydata.com/all-32-nfl-coaching-schemes-for-the-2021-season,"Caller identity is explicit, but weekly continuity, shared duties, and any in-season transfer require dated evidence."
2021-CHI-quarterbacks_coach,2021,CHI,quarterbacks_coach,missing_formal_role,John DeFilippo,medium,resolved,https://www.chicagobears.com/photos/2021-bears-coaching-staff,Independent audit resolved every regular-season week with source-backed person intervals and/or verified no-separately-designated-role evidence; see coaching_evidence_11b.csv and coaching_no_role_evidence_11b.csv.
2021-CIN-offensive_coordinator-interval,2021,CIN,offensive_coordinator,season_interval_verification_required,Brian Callahan,medium,open,https://basement.crucifyd.com/zone/seahawks/record-fact/NFL%20-%202021%20-%20Record%20%26%20Fact%20Book.pdf,"Preseason designation is sourced, but weekly tenure requires dated in-season or retrospective evidence."
2021-CIN-play_caller,2021,CIN,play_caller,explicit_play_caller_evidence_required,Zac Taylor,high,open,https://fantasydata.com/all-32-nfl-coaching-schemes-for-the-2021-season,"Independent audit preserves this as partial, provisional, conflicting, or unresolved; it is not a fully verified play-caller cell."
2021-CIN-play_caller-season-interval,2021,CIN,play_caller,season_interval_verification_required,Zac Taylor,high,open,https://fantasydata.com/all-32-nfl-coaching-schemes-for-the-2021-season,"Caller identity is explicit, but weekly continuity, shared duties, and any in-season transfer require dated evidence."
2021-CIN-quarterbacks_coach-interval,2021,CIN,quarterbacks_coach,season_interval_verification_required,Dan Pitcher,medium,open,https://basement.crucifyd.com/zone/seahawks/record-fact/NFL%20-%202021%20-%20Record%20%26%20Fact%20Book.pdf,"Preseason designation is sourced, but weekly tenure requires dated in-season or retrospective evidence."
2021-CLE-offensive_coordinator-interval,2021,CLE,offensive_coordinator,season_interval_verification_required,Alex Van Pelt,medium,open,https://basement.crucifyd.com/zone/seahawks/record-fact/NFL%20-%202021%20-%20Record%20%26%20Fact%20Book.pdf,"Preseason designation is sourced, but weekly tenure requires dated in-season or retrospective evidence."
2021-CLE-play_caller,2021,CLE,play_caller,explicit_play_caller_evidence_required,Kevin Stefanski,high,open,https://fantasydata.com/all-32-nfl-coaching-schemes-for-the-2021-season,"Independent audit preserves this as partial, provisional, conflicting, or unresolved; it is not a fully verified play-caller cell."
2021-CLE-play_caller-season-interval,2021,CLE,play_caller,season_interval_verification_required,Kevin Stefanski,high,open,https://fantasydata.com/all-32-nfl-coaching-schemes-for-the-2021-season,"Caller identity is explicit, but weekly continuity, shared duties, and any in-season transfer require dated evidence."
2021-CLE-quarterbacks_coach,2021,CLE,quarterbacks_coach,missing_formal_role,NO_SEPARATELY_DESIGNATED_ROLE,medium,resolved,https://www.clevelandbrowns.com/news/qbs-coach-drew-petzing-extremely-excited-to-elevate-browns-offense-with-deshaun-,Independent audit resolved every regular-season week with source-backed person intervals and/or verified no-separately-designated-role evidence; see coaching_evidence_11b.csv and coaching_no_role_evidence_11b.csv.
2021-DAL-offensive_coordinator-interval,2021,DAL,offensive_coordinator,season_interval_verification_required,Kellen Moore,medium,open,https://basement.crucifyd.com/zone/seahawks/record-fact/NFL%20-%202021%20-%20Record%20%26%20Fact%20Book.pdf,"Preseason designation is sourced, but weekly tenure requires dated in-season or retrospective evidence."
2021-DAL-play_caller,2021,DAL,play_caller,explicit_play_caller_evidence_required,Kellen Moore,high,open,https://fantasydata.com/all-32-nfl-coaching-schemes-for-the-2021-season,"Independent audit preserves this as partial, provisional, conflicting, or unresolved; it is not a fully verified play-caller cell."
2021-DAL-play_caller-season-interval,2021,DAL,play_caller,season_interval_verification_required,Kellen Moore,high,open,https://fantasydata.com/all-32-nfl-coaching-schemes-for-the-2021-season,"Caller identity is explicit, but weekly continuity, shared duties, and any in-season transfer require dated evidence."
2021-DAL-quarterbacks_coach-interval,2021,DAL,quarterbacks_coach,season_interval_verification_required,Doug Nussmeier,medium,open,https://basement.crucifyd.com/zone/seahawks/record-fact/NFL%20-%202021%20-%20Record%20%26%20Fact%20Book.pdf,"Preseason designation is sourced, but weekly tenure requires dated in-season or retrospective evidence."
2021-DEN-offensive_coordinator,2021,DEN,offensive_coordinator,missing_formal_role,Pat Shurmur,medium,resolved,https://media.denverbroncos.com/wp-content/uploads/2021/07/2021_denver_broncos_media_guide.pdf,Independent audit resolved every regular-season week with source-backed person intervals and/or verified no-separately-designated-role evidence; see coaching_evidence_11b.csv and coaching_no_role_evidence_11b.csv.
2021-DEN-play_caller,2021,DEN,play_caller,explicit_play_caller_evidence_required,Pat Shurmur,high,open,https://fantasydata.com/all-32-nfl-coaching-schemes-for-the-2021-season,"Independent audit preserves this as partial, provisional, conflicting, or unresolved; it is not a fully verified play-caller cell."
2021-DEN-play_caller-season-interval,2021,DEN,play_caller,season_interval_verification_required,Pat Shurmur,high,open,https://fantasydata.com/all-32-nfl-coaching-schemes-for-the-2021-season,"Caller identity is explicit, but weekly continuity, shared duties, and any in-season transfer require dated evidence."
2021-DEN-quarterbacks_coach-interval,2021,DEN,quarterbacks_coach,season_interval_verification_required,Mike Shula,medium,open,https://basement.crucifyd.com/zone/seahawks/record-fact/NFL%20-%202021%20-%20Record%20%26%20Fact%20Book.pdf,"Preseason designation is sourced, but weekly tenure requires dated in-season or retrospective evidence."
2021-DET-offensive_coordinator-interval,2021,DET,offensive_coordinator,season_interval_verification_required,Anthony Lynn,medium,open,https://basement.crucifyd.com/zone/seahawks/record-fact/NFL%20-%202021%20-%20Record%20%26%20Fact%20Book.pdf,"Preseason designation is sourced, but weekly tenure requires dated in-season or retrospective evidence."
2021-DET-play_caller,2021,DET,play_caller,explicit_play_caller_evidence_required,Anthony Lynn,high,open,https://fantasydata.com/all-32-nfl-coaching-schemes-for-the-2021-season,"Independent audit preserves this as partial, provisional, conflicting, or unresolved; it is not a fully verified play-caller cell."
2021-DET-play_caller-season-interval,2021,DET,play_caller,season_interval_verification_required,Anthony Lynn,high,open,https://fantasydata.com/all-32-nfl-coaching-schemes-for-the-2021-season,"Caller identity is explicit, but weekly continuity, shared duties, and any in-season transfer require dated evidence."
2021-DET-quarterbacks_coach-interval,2021,DET,quarterbacks_coach,season_interval_verification_required,Mark Brunell,medium,open,https://basement.crucifyd.com/zone/seahawks/record-fact/NFL%20-%202021%20-%20Record%20%26%20Fact%20Book.pdf,"Preseason designation is sourced, but weekly tenure requires dated in-season or retrospective evidence."
2021-GB-offensive_coordinator-interval,2021,GB,offensive_coordinator,season_interval_verification_required,Nathaniel Hackett,medium,open,https://basement.crucifyd.com/zone/seahawks/record-fact/NFL%20-%202021%20-%20Record%20%26%20Fact%20Book.pdf,"Preseason designation is sourced, but weekly tenure requires dated in-season or retrospective evidence."
2021-GB-play_caller,2021,GB,play_caller,explicit_play_caller_evidence_required,Matt LaFleur,high,open,https://fantasydata.com/all-32-nfl-coaching-schemes-for-the-2021-season,"Independent audit preserves this as partial, provisional, conflicting, or unresolved; it is not a fully verified play-caller cell."
2021-GB-play_caller-season-interval,2021,GB,play_caller,season_interval_verification_required,Matt LaFleur,high,open,https://fantasydata.com/all-32-nfl-coaching-schemes-for-the-2021-season,"Caller identity is explicit, but weekly continuity, shared duties, and any in-season transfer require dated evidence."
2021-GB-quarterbacks_coach-interval,2021,GB,quarterbacks_coach,season_interval_verification_required,Luke Getsy,medium,open,https://basement.crucifyd.com/zone/seahawks/record-fact/NFL%20-%202021%20-%20Record%20%26%20Fact%20Book.pdf,"Preseason designation is sourced, but weekly tenure requires dated in-season or retrospective evidence."
2021-HOU-offensive_coordinator,2021,HOU,offensive_coordinator,missing_formal_role,Tim Kelly,medium,resolved,https://www.houstontexans.com/news/reignition-2021-yearbook,Independent audit resolved every regular-season week with source-backed person intervals and/or verified no-separately-designated-role evidence; see coaching_evidence_11b.csv and coaching_no_role_evidence_11b.csv.
2021-HOU-play_caller,2021,HOU,play_caller,explicit_play_caller_evidence_required,Tim Kelly,high,open,https://fantasydata.com/all-32-nfl-coaching-schemes-for-the-2021-season,"Independent audit preserves this as partial, provisional, conflicting, or unresolved; it is not a fully verified play-caller cell."
2021-HOU-play_caller-season-interval,2021,HOU,play_caller,season_interval_verification_required,Tim Kelly,high,open,https://fantasydata.com/all-32-nfl-coaching-schemes-for-the-2021-season,"Caller identity is explicit, but weekly continuity, shared duties, and any in-season transfer require dated evidence."
2021-HOU-quarterbacks_coach,2021,HOU,quarterbacks_coach,missing_formal_role,Pep Hamilton,medium,resolved,https://www.houstontexans.com/news/13-things-to-know-about-qb-coach-pep-hamilton-daily-brew,Independent audit resolved every regular-season week with source-backed person intervals and/or verified no-separately-designated-role evidence; see coaching_evidence_11b.csv and coaching_no_role_evidence_11b.csv.
2021-IND-offensive_coordinator,2021,IND,offensive_coordinator,missing_formal_role,Marcus Brady,medium,resolved,https://www.colts.com/news/marcus-brady-offensive-coordinator-quarterback-coach-nick-sirianni-elevation,Independent audit resolved every regular-season week with source-backed person intervals and/or verified no-separately-designated-role evidence; see coaching_evidence_11b.csv and coaching_no_role_evidence_11b.csv.
2021-IND-play_caller,2021,IND,play_caller,explicit_play_caller_evidence_required,Frank Reich,high,open,https://fantasydata.com/all-32-nfl-coaching-schemes-for-the-2021-season,"Independent audit preserves this as partial, provisional, conflicting, or unresolved; it is not a fully verified play-caller cell."
2021-IND-play_caller-season-interval,2021,IND,play_caller,season_interval_verification_required,Frank Reich,high,open,https://fantasydata.com/all-32-nfl-coaching-schemes-for-the-2021-season,"Caller identity is explicit, but weekly continuity, shared duties, and any in-season transfer require dated evidence."
2021-IND-quarterbacks_coach,2021,IND,quarterbacks_coach,missing_formal_role,Scott Milanovich,medium,resolved,https://www.colts.com/news/coaching-staff-additions-kevin-mawae-scott-milanovich-scottie-montgomery-2021,Independent audit resolved every regular-season week with source-backed person intervals and/or verified no-separately-designated-role evidence; see coaching_evidence_11b.csv and coaching_no_role_evidence_11b.csv.
2021-JAX-offensive_coordinator-interval,2021,JAX,offensive_coordinator,season_interval_verification_required,Darrell Bevell,medium,open,https://basement.crucifyd.com/zone/seahawks/record-fact/NFL%20-%202021%20-%20Record%20%26%20Fact%20Book.pdf,"Preseason designation is sourced, but weekly tenure requires dated in-season or retrospective evidence."
2021-JAX-play_caller,2021,JAX,play_caller,explicit_play_caller_evidence_required,Darrell Bevell,high,open,https://fantasydata.com/all-32-nfl-coaching-schemes-for-the-2021-season,"Independent audit preserves this as partial, provisional, conflicting, or unresolved; it is not a fully verified play-caller cell."
2021-JAX-play_caller-season-interval,2021,JAX,play_caller,season_interval_verification_required,Darrell Bevell,high,open,https://fantasydata.com/all-32-nfl-coaching-schemes-for-the-2021-season,"Caller identity is explicit, but weekly continuity, shared duties, and any in-season transfer require dated evidence."
2021-JAX-quarterbacks_coach,2021,JAX,quarterbacks_coach,missing_formal_role,Brian Schottenheimer,medium,resolved,https://www.jaguars.com/news/resetting-the-roster-offense,Independent audit resolved every regular-season week with source-backed person intervals and/or verified no-separately-designated-role evidence; see coaching_evidence_11b.csv and coaching_no_role_evidence_11b.csv.
2021-KC-offensive_coordinator-interval,2021,KC,offensive_coordinator,season_interval_verification_required,Eric Bieniemy,medium,open,https://basement.crucifyd.com/zone/seahawks/record-fact/NFL%20-%202021%20-%20Record%20%26%20Fact%20Book.pdf,"Preseason designation is sourced, but weekly tenure requires dated in-season or retrospective evidence."
2021-KC-play_caller,2021,KC,play_caller,explicit_play_caller_evidence_required,Eric Bieniemy,high,open,https://fantasydata.com/all-32-nfl-coaching-schemes-for-the-2021-season,"Independent audit preserves this as partial, provisional, conflicting, or unresolved; it is not a fully verified play-caller cell."
2021-KC-play_caller-season-interval,2021,KC,play_caller,season_interval_verification_required,Eric Bieniemy,high,open,https://fantasydata.com/all-32-nfl-coaching-schemes-for-the-2021-season,"Caller identity is explicit, but weekly continuity, shared duties, and any in-season transfer require dated evidence."
2021-KC-quarterbacks_coach-interval,2021,KC,quarterbacks_coach,season_interval_verification_required,Mike Kafka,medium,open,https://basement.crucifyd.com/zone/seahawks/record-fact/NFL%20-%202021%20-%20Record%20%26%20Fact%20Book.pdf,"Preseason designation is sourced, but weekly tenure requires dated in-season or retrospective evidence."
2021-LA-offensive_coordinator,2021,LA,offensive_coordinator,missing_formal_role,Kevin O'Connell,medium,resolved,https://www.therams.com/news/rams-finalize-2021-coaching-staff,Independent audit resolved every regular-season week with source-backed person intervals and/or verified no-separately-designated-role evidence; see coaching_evidence_11b.csv and coaching_no_role_evidence_11b.csv.
2021-LA-play_caller,2021,LA,play_caller,explicit_play_caller_evidence_required,Sean McVay,high,open,https://fantasydata.com/all-32-nfl-coaching-schemes-for-the-2021-season,"Independent audit preserves this as partial, provisional, conflicting, or unresolved; it is not a fully verified play-caller cell."
2021-LA-play_caller-season-interval,2021,LA,play_caller,season_interval_verification_required,Sean McVay,high,open,https://fantasydata.com/all-32-nfl-coaching-schemes-for-the-2021-season,"Caller identity is explicit, but weekly continuity, shared duties, and any in-season transfer require dated evidence."
2021-LA-quarterbacks_coach,2021,LA,quarterbacks_coach,missing_formal_role,NO_SEPARATELY_DESIGNATED_ROLE,medium,resolved,https://www.therams.com/photos/first-look-rams-2021-coaching-staff,Independent audit resolved every regular-season week with source-backed person intervals and/or verified no-separately-designated-role evidence; see coaching_evidence_11b.csv and coaching_no_role_evidence_11b.csv.
2021-LAC-offensive_coordinator-interval,2021,LAC,offensive_coordinator,season_interval_verification_required,Joe Lombardi,medium,open,https://basement.crucifyd.com/zone/seahawks/record-fact/NFL%20-%202021%20-%20Record%20%26%20Fact%20Book.pdf,"Preseason designation is sourced, but weekly tenure requires dated in-season or retrospective evidence."
2021-LAC-play_caller,2021,LAC,play_caller,explicit_play_caller_evidence_required,Joe Lombardi,high,open,https://fantasydata.com/all-32-nfl-coaching-schemes-for-the-2021-season,"Independent audit preserves this as partial, provisional, conflicting, or unresolved; it is not a fully verified play-caller cell."
2021-LAC-play_caller-season-interval,2021,LAC,play_caller,season_interval_verification_required,Joe Lombardi,high,open,https://fantasydata.com/all-32-nfl-coaching-schemes-for-the-2021-season,"Caller identity is explicit, but weekly continuity, shared duties, and any in-season transfer require dated evidence."
2021-LAC-quarterbacks_coach,2021,LAC,quarterbacks_coach,missing_formal_role,Shane Day,medium,resolved,https://www.chargers.com/news/coaching-staff-2021%26c%3D13881458847645793737%26mkt%3Den-us,Independent audit resolved every regular-season week with source-backed person intervals and/or verified no-separately-designated-role evidence; see coaching_evidence_11b.csv and coaching_no_role_evidence_11b.csv.
2021-LV-offensive_coordinator-interval,2021,LV,offensive_coordinator,season_interval_verification_required,Greg Olson,medium,open,https://basement.crucifyd.com/zone/seahawks/record-fact/NFL%20-%202021%20-%20Record%20%26%20Fact%20Book.pdf,"Preseason designation is sourced, but weekly tenure requires dated in-season or retrospective evidence."
2021-LV-play_caller,2021,LV,play_caller,explicit_play_caller_evidence_required,Jon Gruden,high,open,https://fantasydata.com/all-32-nfl-coaching-schemes-for-the-2021-season,"Independent audit preserves this as partial, provisional, conflicting, or unresolved; it is not a fully verified play-caller cell."
2021-LV-play_caller-season-interval,2021,LV,play_caller,season_interval_verification_required,Jon Gruden,high,open,https://fantasydata.com/all-32-nfl-coaching-schemes-for-the-2021-season,"Caller identity is explicit, but weekly continuity, shared duties, and any in-season transfer require dated evidence."
2021-LV-quarterbacks_coach,2021,LV,quarterbacks_coach,missing_formal_role,NO_SEPARATELY_DESIGNATED_ROLE,medium,resolved,https://basement.crucifyd.com/zone/seahawks/record-fact/NFL%20-%202021%20-%20Record%20%26%20Fact%20Book.pdf,Independent audit resolved every regular-season week with source-backed person intervals and/or verified no-separately-designated-role evidence; see coaching_evidence_11b.csv and coaching_no_role_evidence_11b.csv.
2021-MIA-offensive_coordinator,2021,MIA,offensive_coordinator,missing_formal_role,Eric Studesville|George Godsey,medium,resolved,https://www.miamidolphins.com/news/miami-dolphins-announce-coaching-staff-changes,Independent audit resolved every regular-season week with source-backed person intervals and/or verified no-separately-designated-role evidence; see coaching_evidence_11b.csv and coaching_no_role_evidence_11b.csv.
2021-MIA-play_caller,2021,MIA,play_caller,explicit_play_caller_evidence_required,Eric Studesville|George Godsey,high,open,https://fantasydata.com/all-32-nfl-coaching-schemes-for-the-2021-season,"Independent audit preserves this as partial, provisional, conflicting, or unresolved; it is not a fully verified play-caller cell."
2021-MIA-play_caller-season-interval,2021,MIA,play_caller,season_interval_verification_required,George Godsey|Eric Studesville,high,open,https://fantasydata.com/all-32-nfl-coaching-schemes-for-the-2021-season,"Caller identity is explicit, but weekly continuity, shared duties, and any in-season transfer require dated evidence."
2021-MIA-quarterbacks_coach-interval,2021,MIA,quarterbacks_coach,season_interval_verification_required,Charlie Frye,medium,open,https://basement.crucifyd.com/zone/seahawks/record-fact/NFL%20-%202021%20-%20Record%20%26%20Fact%20Book.pdf,"Preseason designation is sourced, but weekly tenure requires dated in-season or retrospective evidence."
2021-MIN-offensive_coordinator-interval,2021,MIN,offensive_coordinator,season_interval_verification_required,Klint Kubiak,medium,open,https://basement.crucifyd.com/zone/seahawks/record-fact/NFL%20-%202021%20-%20Record%20%26%20Fact%20Book.pdf,"Preseason designation is sourced, but weekly tenure requires dated in-season or retrospective evidence."
2021-MIN-play_caller,2021,MIN,play_caller,explicit_play_caller_evidence_required,Klint Kubiak,high,open,https://fantasydata.com/all-32-nfl-coaching-schemes-for-the-2021-season,"Independent audit preserves this as partial, provisional, conflicting, or unresolved; it is not a fully verified play-caller cell."
2021-MIN-play_caller-season-interval,2021,MIN,play_caller,season_interval_verification_required,Klint Kubiak,high,open,https://fantasydata.com/all-32-nfl-coaching-schemes-for-the-2021-season,"Caller identity is explicit, but weekly continuity, shared duties, and any in-season transfer require dated evidence."
2021-MIN-quarterbacks_coach-interval,2021,MIN,quarterbacks_coach,season_interval_verification_required,Andrew Janocko,medium,open,https://basement.crucifyd.com/zone/seahawks/record-fact/NFL%20-%202021%20-%20Record%20%26%20Fact%20Book.pdf,"Preseason designation is sourced, but weekly tenure requires dated in-season or retrospective evidence."
2021-NE-offensive_coordinator-interval,2021,NE,offensive_coordinator,season_interval_verification_required,Josh McDaniels,medium,open,https://basement.crucifyd.com/zone/seahawks/record-fact/NFL%20-%202021%20-%20Record%20%26%20Fact%20Book.pdf,"Preseason designation is sourced, but weekly tenure requires dated in-season or retrospective evidence."
2021-NE-play_caller,2021,NE,play_caller,explicit_play_caller_evidence_required,Josh McDaniels,high,open,https://fantasydata.com/all-32-nfl-coaching-schemes-for-the-2021-season,"Independent audit preserves this as partial, provisional, conflicting, or unresolved; it is not a fully verified play-caller cell."
2021-NE-play_caller-season-interval,2021,NE,play_caller,season_interval_verification_required,Josh McDaniels,high,open,https://fantasydata.com/all-32-nfl-coaching-schemes-for-the-2021-season,"Caller identity is explicit, but weekly continuity, shared duties, and any in-season transfer require dated evidence."
2021-NE-quarterbacks_coach,2021,NE,quarterbacks_coach,missing_formal_role,Josh McDaniels,medium,resolved,https://www.patriots.com/news/assistant-coaches-jones-earned-patriots-qb-job,Independent audit resolved every regular-season week with source-backed person intervals and/or verified no-separately-designated-role evidence; see coaching_evidence_11b.csv and coaching_no_role_evidence_11b.csv.
2021-NO-offensive_coordinator,2021,NO,offensive_coordinator,missing_formal_role,Pete Carmichael,medium,resolved,https://www.neworleanssaints.com/news/meet-new-orleans-saints-pete-carmichael-offensive-coordinator,Independent audit resolved every regular-season week with source-backed person intervals and/or verified no-separately-designated-role evidence; see coaching_evidence_11b.csv and coaching_no_role_evidence_11b.csv.
2021-NO-play_caller,2021,NO,play_caller,explicit_play_caller_evidence_required,Sean Payton,high,open,https://fantasydata.com/all-32-nfl-coaching-schemes-for-the-2021-season,"Independent audit preserves this as partial, provisional, conflicting, or unresolved; it is not a fully verified play-caller cell."
2021-NO-play_caller-season-interval,2021,NO,play_caller,season_interval_verification_required,Sean Payton,high,open,https://fantasydata.com/all-32-nfl-coaching-schemes-for-the-2021-season,"Caller identity is explicit, but weekly continuity, shared duties, and any in-season transfer require dated evidence."
2021-NO-quarterbacks_coach-interval,2021,NO,quarterbacks_coach,season_interval_verification_required,Ronald Curry,medium,open,https://basement.crucifyd.com/zone/seahawks/record-fact/NFL%20-%202021%20-%20Record%20%26%20Fact%20Book.pdf,"Preseason designation is sourced, but weekly tenure requires dated in-season or retrospective evidence."
2021-NYG-offensive_coordinator-interval,2021,NYG,offensive_coordinator,season_interval_verification_required,Jason Garrett,medium,open,https://basement.crucifyd.com/zone/seahawks/record-fact/NFL%20-%202021%20-%20Record%20%26%20Fact%20Book.pdf,"Preseason designation is sourced, but weekly tenure requires dated in-season or retrospective evidence."
2021-NYG-play_caller,2021,NYG,play_caller,explicit_play_caller_evidence_required,Jason Garrett,high,open,https://fantasydata.com/all-32-nfl-coaching-schemes-for-the-2021-season,"Independent audit preserves this as partial, provisional, conflicting, or unresolved; it is not a fully verified play-caller cell."
2021-NYG-play_caller-season-interval,2021,NYG,play_caller,season_interval_verification_required,Jason Garrett,high,open,https://fantasydata.com/all-32-nfl-coaching-schemes-for-the-2021-season,"Caller identity is explicit, but weekly continuity, shared duties, and any in-season transfer require dated evidence."
2021-NYG-quarterbacks_coach-interval,2021,NYG,quarterbacks_coach,season_interval_verification_required,Jerry Schuplinski,medium,open,https://basement.crucifyd.com/zone/seahawks/record-fact/NFL%20-%202021%20-%20Record%20%26%20Fact%20Book.pdf,"Preseason designation is sourced, but weekly tenure requires dated in-season or retrospective evidence."
2021-NYJ-offensive_coordinator-interval,2021,NYJ,offensive_coordinator,season_interval_verification_required,Mike LaFleur,medium,open,https://basement.crucifyd.com/zone/seahawks/record-fact/NFL%20-%202021%20-%20Record%20%26%20Fact%20Book.pdf,"Preseason designation is sourced, but weekly tenure requires dated in-season or retrospective evidence."
2021-NYJ-play_caller,2021,NYJ,play_caller,explicit_play_caller_evidence_required,Mike LaFleur,high,open,https://fantasydata.com/all-32-nfl-coaching-schemes-for-the-2021-season,"Independent audit preserves this as partial, provisional, conflicting, or unresolved; it is not a fully verified play-caller cell."
2021-NYJ-play_caller-season-interval,2021,NYJ,play_caller,season_interval_verification_required,Mike LaFleur,high,open,https://fantasydata.com/all-32-nfl-coaching-schemes-for-the-2021-season,"Caller identity is explicit, but weekly continuity, shared duties, and any in-season transfer require dated evidence."
2021-NYJ-quarterbacks_coach-interval,2021,NYJ,quarterbacks_coach,season_interval_verification_required,Rob Calabrese,medium,open,https://basement.crucifyd.com/zone/seahawks/record-fact/NFL%20-%202021%20-%20Record%20%26%20Fact%20Book.pdf,"Preseason designation is sourced, but weekly tenure requires dated in-season or retrospective evidence."
2021-PHI-offensive_coordinator-interval,2021,PHI,offensive_coordinator,season_interval_verification_required,Shane Steichen,medium,open,https://basement.crucifyd.com/zone/seahawks/record-fact/NFL%20-%202021%20-%20Record%20%26%20Fact%20Book.pdf,"Preseason designation is sourced, but weekly tenure requires dated in-season or retrospective evidence."
2021-PHI-play_caller,2021,PHI,play_caller,explicit_play_caller_evidence_required,Nick Sirianni,high,open,https://fantasydata.com/all-32-nfl-coaching-schemes-for-the-2021-season,"Independent audit preserves this as partial, provisional, conflicting, or unresolved; it is not a fully verified play-caller cell."
2021-PHI-play_caller-season-interval,2021,PHI,play_caller,season_interval_verification_required,Nick Sirianni,high,open,https://fantasydata.com/all-32-nfl-coaching-schemes-for-the-2021-season,"Caller identity is explicit, but weekly continuity, shared duties, and any in-season transfer require dated evidence."
2021-PHI-quarterbacks_coach-interval,2021,PHI,quarterbacks_coach,season_interval_verification_required,Brian Johnson,medium,open,https://basement.crucifyd.com/zone/seahawks/record-fact/NFL%20-%202021%20-%20Record%20%26%20Fact%20Book.pdf,"Preseason designation is sourced, but weekly tenure requires dated in-season or retrospective evidence."
2021-PIT-offensive_coordinator-interval,2021,PIT,offensive_coordinator,season_interval_verification_required,Matt Canada,medium,open,https://basement.crucifyd.com/zone/seahawks/record-fact/NFL%20-%202021%20-%20Record%20%26%20Fact%20Book.pdf,"Preseason designation is sourced, but weekly tenure requires dated in-season or retrospective evidence."
2021-PIT-play_caller,2021,PIT,play_caller,explicit_play_caller_evidence_required,Matt Canada,high,open,https://fantasydata.com/all-32-nfl-coaching-schemes-for-the-2021-season,"Independent audit preserves this as partial, provisional, conflicting, or unresolved; it is not a fully verified play-caller cell."
2021-PIT-play_caller-season-interval,2021,PIT,play_caller,season_interval_verification_required,Matt Canada,high,open,https://fantasydata.com/all-32-nfl-coaching-schemes-for-the-2021-season,"Caller identity is explicit, but weekly continuity, shared duties, and any in-season transfer require dated evidence."
2021-PIT-quarterbacks_coach-interval,2021,PIT,quarterbacks_coach,season_interval_verification_required,Mike Sullivan,medium,open,https://basement.crucifyd.com/zone/seahawks/record-fact/NFL%20-%202021%20-%20Record%20%26%20Fact%20Book.pdf,"Preseason designation is sourced, but weekly tenure requires dated in-season or retrospective evidence."
2021-SEA-offensive_coordinator-interval,2021,SEA,offensive_coordinator,season_interval_verification_required,Shane Waldron,medium,open,https://basement.crucifyd.com/zone/seahawks/record-fact/NFL%20-%202021%20-%20Record%20%26%20Fact%20Book.pdf,"Preseason designation is sourced, but weekly tenure requires dated in-season or retrospective evidence."
2021-SEA-play_caller,2021,SEA,play_caller,explicit_play_caller_evidence_required,Shane Waldron,high,open,https://fantasydata.com/all-32-nfl-coaching-schemes-for-the-2021-season,"Independent audit preserves this as partial, provisional, conflicting, or unresolved; it is not a fully verified play-caller cell."
2021-SEA-play_caller-season-interval,2021,SEA,play_caller,season_interval_verification_required,Shane Waldron,high,open,https://fantasydata.com/all-32-nfl-coaching-schemes-for-the-2021-season,"Caller identity is explicit, but weekly continuity, shared duties, and any in-season transfer require dated evidence."
2021-SEA-quarterbacks_coach-interval,2021,SEA,quarterbacks_coach,season_interval_verification_required,Austin Davis,medium,open,https://basement.crucifyd.com/zone/seahawks/record-fact/NFL%20-%202021%20-%20Record%20%26%20Fact%20Book.pdf,"Preseason designation is sourced, but weekly tenure requires dated in-season or retrospective evidence."
2021-SF-offensive_coordinator,2021,SF,offensive_coordinator,missing_formal_role,Mike McDaniel,medium,resolved,https://www.49ers.com/team/coaches-roster/mike-mcdaniel,Independent audit resolved every regular-season week with source-backed person intervals and/or verified no-separately-designated-role evidence; see coaching_evidence_11b.csv and coaching_no_role_evidence_11b.csv.
2021-SF-play_caller,2021,SF,play_caller,explicit_play_caller_evidence_required,Kyle Shanahan,high,open,https://fantasydata.com/all-32-nfl-coaching-schemes-for-the-2021-season,"Independent audit preserves this as partial, provisional, conflicting, or unresolved; it is not a fully verified play-caller cell."
2021-SF-play_caller-season-interval,2021,SF,play_caller,season_interval_verification_required,Kyle Shanahan,high,open,https://fantasydata.com/all-32-nfl-coaching-schemes-for-the-2021-season,"Caller identity is explicit, but weekly continuity, shared duties, and any in-season transfer require dated evidence."
2021-SF-quarterbacks_coach-interval,2021,SF,quarterbacks_coach,season_interval_verification_required,Rich Scangarello,medium,open,https://basement.crucifyd.com/zone/seahawks/record-fact/NFL%20-%202021%20-%20Record%20%26%20Fact%20Book.pdf,"Preseason designation is sourced, but weekly tenure requires dated in-season or retrospective evidence."
2021-TB-offensive_coordinator-interval,2021,TB,offensive_coordinator,season_interval_verification_required,Byron Leftwich,medium,open,https://basement.crucifyd.com/zone/seahawks/record-fact/NFL%20-%202021%20-%20Record%20%26%20Fact%20Book.pdf,"Preseason designation is sourced, but weekly tenure requires dated in-season or retrospective evidence."
2021-TB-play_caller,2021,TB,play_caller,explicit_play_caller_evidence_required,Byron Leftwich,high,open,https://fantasydata.com/all-32-nfl-coaching-schemes-for-the-2021-season,"Independent audit preserves this as partial, provisional, conflicting, or unresolved; it is not a fully verified play-caller cell."
2021-TB-play_caller-season-interval,2021,TB,play_caller,season_interval_verification_required,Byron Leftwich,high,open,https://fantasydata.com/all-32-nfl-coaching-schemes-for-the-2021-season,"Caller identity is explicit, but weekly continuity, shared duties, and any in-season transfer require dated evidence."
2021-TB-quarterbacks_coach-interval,2021,TB,quarterbacks_coach,season_interval_verification_required,Clyde Christensen,medium,open,https://basement.crucifyd.com/zone/seahawks/record-fact/NFL%20-%202021%20-%20Record%20%26%20Fact%20Book.pdf,"Preseason designation is sourced, but weekly tenure requires dated in-season or retrospective evidence."
2021-TEN-offensive_coordinator-interval,2021,TEN,offensive_coordinator,season_interval_verification_required,Todd Downing,medium,open,https://basement.crucifyd.com/zone/seahawks/record-fact/NFL%20-%202021%20-%20Record%20%26%20Fact%20Book.pdf,"Preseason designation is sourced, but weekly tenure requires dated in-season or retrospective evidence."
2021-TEN-play_caller,2021,TEN,play_caller,explicit_play_caller_evidence_required,Todd Downing,high,open,https://fantasydata.com/all-32-nfl-coaching-schemes-for-the-2021-season,"Independent audit preserves this as partial, provisional, conflicting, or unresolved; it is not a fully verified play-caller cell."
2021-TEN-play_caller-season-interval,2021,TEN,play_caller,season_interval_verification_required,Todd Downing,high,open,https://fantasydata.com/all-32-nfl-coaching-schemes-for-the-2021-season,"Caller identity is explicit, but weekly continuity, shared duties, and any in-season transfer require dated evidence."
2021-TEN-quarterbacks_coach,2021,TEN,quarterbacks_coach,missing_formal_role,Pat O'Hara,medium,resolved,https://www.tennesseetitans.com/news/more-than-a-half-century-later-titans-qbs-coach-pat-o-hara-meets-his-birth-mothe,Independent audit resolved every regular-season week with source-backed person intervals and/or verified no-separately-designated-role evidence; see coaching_evidence_11b.csv and coaching_no_role_evidence_11b.csv.
2021-WAS-offensive_coordinator-interval,2021,WAS,offensive_coordinator,season_interval_verification_required,Scott Turner,medium,open,https://basement.crucifyd.com/zone/seahawks/record-fact/NFL%20-%202021%20-%20Record%20%26%20Fact%20Book.pdf,"Preseason designation is sourced, but weekly tenure requires dated in-season or retrospective evidence."
2021-WAS-play_caller,2021,WAS,play_caller,explicit_play_caller_evidence_required,Scott Turner,high,open,https://fantasydata.com/all-32-nfl-coaching-schemes-for-the-2021-season,"Independent audit preserves this as partial, provisional, conflicting, or unresolved; it is not a fully verified play-caller cell."
2021-WAS-play_caller-season-interval,2021,WAS,play_caller,season_interval_verification_required,Scott Turner,high,open,https://fantasydata.com/all-32-nfl-coaching-schemes-for-the-2021-season,"Caller identity is explicit, but weekly continuity, shared duties, and any in-season transfer require dated evidence."
2021-WAS-quarterbacks_coach-interval,2021,WAS,quarterbacks_coach,season_interval_verification_required,Ken Zampese,medium,open,https://basement.crucifyd.com/zone/seahawks/record-fact/NFL%20-%202021%20-%20Record%20%26%20Fact%20Book.pdf,"Preseason designation is sourced, but weekly tenure requires dated in-season or retrospective evidence."
2022-ARI-offensive_coordinator,2022,ARI,offensive_coordinator,missing_formal_role,NO_SEPARATELY_DESIGNATED_ROLE,medium,resolved,https://www.azcardinals.com/news/shawn-jefferson-promoted-to-associate-head-coach-cardinals-staff-moves,Independent audit resolved every regular-season week with source-backed person intervals and/or verified no-separately-designated-role evidence; see coaching_evidence_11b.csv and coaching_no_role_evidence_11b.csv.
2022-ARI-play_caller,2022,ARI,play_caller,explicit_play_caller_evidence_required,Kliff Kingsbury,high,open,https://g.espncdn.com/s/ffldraftkit/22/NFLDK2022_CS_ClayProjections2022.pdf,"Independent audit preserves this as partial, provisional, conflicting, or unresolved; it is not a fully verified play-caller cell."
2022-ARI-play_caller-season-interval,2022,ARI,play_caller,season_interval_verification_required,Kliff Kingsbury,high,open,https://g.espncdn.com/s/ffldraftkit/22/NFLDK2022_CS_ClayProjections2022.pdf,"Caller identity is explicit, but weekly continuity, shared duties, and any in-season transfer require dated evidence."
2022-ARI-quarterbacks_coach,2022,ARI,quarterbacks_coach,missing_formal_role,Cam Turner,medium,resolved,https://www.azcardinals.com/team/transactions/2022,Independent audit resolved every regular-season week with source-backed person intervals and/or verified no-separately-designated-role evidence; see coaching_evidence_11b.csv and coaching_no_role_evidence_11b.csv.
2022-ATL-offensive_coordinator-interval,2022,ATL,offensive_coordinator,season_interval_verification_required,Dave Ragone,medium,open,https://static.www.nfl.com/league/apps/league-site/media-guides/2022/2022_NFL_Record_and_Fact_Book.pdf,"Preseason designation is sourced, but weekly tenure requires dated in-season or retrospective evidence."
2022-ATL-play_caller,2022,ATL,play_caller,explicit_play_caller_evidence_required,Arthur Smith,high,open,https://g.espncdn.com/s/ffldraftkit/22/NFLDK2022_CS_ClayProjections2022.pdf,"Independent audit preserves this as partial, provisional, conflicting, or unresolved; it is not a fully verified play-caller cell."
2022-ATL-play_caller-season-interval,2022,ATL,play_caller,season_interval_verification_required,Arthur Smith,high,open,https://g.espncdn.com/s/ffldraftkit/22/NFLDK2022_CS_ClayProjections2022.pdf,"Caller identity is explicit, but weekly continuity, shared duties, and any in-season transfer require dated evidence."
2022-ATL-quarterbacks_coach,2022,ATL,quarterbacks_coach,missing_formal_role,Charles London,medium,resolved,https://www.atlantafalcons.com/news/report-charles-london-to-interview-for-dolphins-oc-job,Independent audit resolved every regular-season week with source-backed person intervals and/or verified no-separately-designated-role evidence; see coaching_evidence_11b.csv and coaching_no_role_evidence_11b.csv.
2022-BAL-offensive_coordinator-interval,2022,BAL,offensive_coordinator,season_interval_verification_required,Greg Roman,medium,open,https://static.www.nfl.com/league/apps/league-site/media-guides/2022/2022_NFL_Record_and_Fact_Book.pdf,"Preseason designation is sourced, but weekly tenure requires dated in-season or retrospective evidence."
2022-BAL-play_caller,2022,BAL,play_caller,explicit_play_caller_evidence_required,Greg Roman,high,open,https://g.espncdn.com/s/ffldraftkit/22/NFLDK2022_CS_ClayProjections2022.pdf,"Independent audit preserves this as partial, provisional, conflicting, or unresolved; it is not a fully verified play-caller cell."
2022-BAL-play_caller-season-interval,2022,BAL,play_caller,season_interval_verification_required,Greg Roman,high,open,https://g.espncdn.com/s/ffldraftkit/22/NFLDK2022_CS_ClayProjections2022.pdf,"Caller identity is explicit, but weekly continuity, shared duties, and any in-season transfer require dated evidence."
2022-BAL-quarterbacks_coach-interval,2022,BAL,quarterbacks_coach,season_interval_verification_required,James Urban,medium,open,https://static.www.nfl.com/league/apps/league-site/media-guides/2022/2022_NFL_Record_and_Fact_Book.pdf,"Preseason designation is sourced, but weekly tenure requires dated in-season or retrospective evidence."
2022-BUF-offensive_coordinator-interval,2022,BUF,offensive_coordinator,season_interval_verification_required,Ken Dorsey,medium,open,https://static.www.nfl.com/league/apps/league-site/media-guides/2022/2022_NFL_Record_and_Fact_Book.pdf,"Preseason designation is sourced, but weekly tenure requires dated in-season or retrospective evidence."
2022-BUF-play_caller,2022,BUF,play_caller,explicit_play_caller_evidence_required,Ken Dorsey,high,open,https://g.espncdn.com/s/ffldraftkit/22/NFLDK2022_CS_ClayProjections2022.pdf,"Independent audit preserves this as partial, provisional, conflicting, or unresolved; it is not a fully verified play-caller cell."
2022-BUF-play_caller-season-interval,2022,BUF,play_caller,season_interval_verification_required,Ken Dorsey,high,open,https://g.espncdn.com/s/ffldraftkit/22/NFLDK2022_CS_ClayProjections2022.pdf,"Caller identity is explicit, but weekly continuity, shared duties, and any in-season transfer require dated evidence."
2022-BUF-quarterbacks_coach-interval,2022,BUF,quarterbacks_coach,season_interval_verification_required,Joe Brady,medium,open,https://static.www.nfl.com/league/apps/league-site/media-guides/2022/2022_NFL_Record_and_Fact_Book.pdf,"Preseason designation is sourced, but weekly tenure requires dated in-season or retrospective evidence."
2022-CAR-offensive_coordinator-interval,2022,CAR,offensive_coordinator,season_interval_verification_required,Ben McAdoo,medium,open,https://static.www.nfl.com/league/apps/league-site/media-guides/2022/2022_NFL_Record_and_Fact_Book.pdf,"Preseason designation is sourced, but weekly tenure requires dated in-season or retrospective evidence."
2022-CAR-play_caller,2022,CAR,play_caller,explicit_play_caller_evidence_required,Ben McAdoo,high,open,https://g.espncdn.com/s/ffldraftkit/22/NFLDK2022_CS_ClayProjections2022.pdf,"Independent audit preserves this as partial, provisional, conflicting, or unresolved; it is not a fully verified play-caller cell."
2022-CAR-play_caller-season-interval,2022,CAR,play_caller,season_interval_verification_required,Ben McAdoo,high,open,https://g.espncdn.com/s/ffldraftkit/22/NFLDK2022_CS_ClayProjections2022.pdf,"Caller identity is explicit, but weekly continuity, shared duties, and any in-season transfer require dated evidence."
2022-CAR-quarterbacks_coach-interval,2022,CAR,quarterbacks_coach,season_interval_verification_required,Sean Ryan,medium,open,https://static.www.nfl.com/league/apps/league-site/media-guides/2022/2022_NFL_Record_and_Fact_Book.pdf,"Preseason designation is sourced, but weekly tenure requires dated in-season or retrospective evidence."
2022-CHI-offensive_coordinator-interval,2022,CHI,offensive_coordinator,season_interval_verification_required,Luke Getsy,medium,open,https://static.www.nfl.com/league/apps/league-site/media-guides/2022/2022_NFL_Record_and_Fact_Book.pdf,"Preseason designation is sourced, but weekly tenure requires dated in-season or retrospective evidence."
2022-CHI-play_caller,2022,CHI,play_caller,explicit_play_caller_evidence_required,Luke Getsy,high,open,https://g.espncdn.com/s/ffldraftkit/22/NFLDK2022_CS_ClayProjections2022.pdf,"Independent audit preserves this as partial, provisional, conflicting, or unresolved; it is not a fully verified play-caller cell."
2022-CHI-play_caller-season-interval,2022,CHI,play_caller,season_interval_verification_required,Luke Getsy,high,open,https://g.espncdn.com/s/ffldraftkit/22/NFLDK2022_CS_ClayProjections2022.pdf,"Caller identity is explicit, but weekly continuity, shared duties, and any in-season transfer require dated evidence."
2022-CHI-quarterbacks_coach-interval,2022,CHI,quarterbacks_coach,season_interval_verification_required,Andrew Janocko,medium,open,https://static.www.nfl.com/league/apps/league-site/media-guides/2022/2022_NFL_Record_and_Fact_Book.pdf,"Preseason designation is sourced, but weekly tenure requires dated in-season or retrospective evidence."
2022-CIN-offensive_coordinator-interval,2022,CIN,offensive_coordinator,season_interval_verification_required,Brian Callahan,medium,open,https://static.www.nfl.com/league/apps/league-site/media-guides/2022/2022_NFL_Record_and_Fact_Book.pdf,"Preseason designation is sourced, but weekly tenure requires dated in-season or retrospective evidence."
2022-CIN-play_caller,2022,CIN,play_caller,explicit_play_caller_evidence_required,Zac Taylor,high,open,https://g.espncdn.com/s/ffldraftkit/22/NFLDK2022_CS_ClayProjections2022.pdf,"Independent audit preserves this as partial, provisional, conflicting, or unresolved; it is not a fully verified play-caller cell."
2022-CIN-play_caller-season-interval,2022,CIN,play_caller,season_interval_verification_required,Zac Taylor,high,open,https://g.espncdn.com/s/ffldraftkit/22/NFLDK2022_CS_ClayProjections2022.pdf,"Caller identity is explicit, but weekly continuity, shared duties, and any in-season transfer require dated evidence."
2022-CIN-quarterbacks_coach-interval,2022,CIN,quarterbacks_coach,season_interval_verification_required,Dan Pitcher,medium,open,https://static.www.nfl.com/league/apps/league-site/media-guides/2022/2022_NFL_Record_and_Fact_Book.pdf,"Preseason designation is sourced, but weekly tenure requires dated in-season or retrospective evidence."
2022-CLE-offensive_coordinator-interval,2022,CLE,offensive_coordinator,season_interval_verification_required,Alex Van Pelt,medium,open,https://static.www.nfl.com/league/apps/league-site/media-guides/2022/2022_NFL_Record_and_Fact_Book.pdf,"Preseason designation is sourced, but weekly tenure requires dated in-season or retrospective evidence."
2022-CLE-play_caller,2022,CLE,play_caller,explicit_play_caller_evidence_required,Kevin Stefanski,high,open,https://g.espncdn.com/s/ffldraftkit/22/NFLDK2022_CS_ClayProjections2022.pdf,"Independent audit preserves this as partial, provisional, conflicting, or unresolved; it is not a fully verified play-caller cell."
2022-CLE-play_caller-season-interval,2022,CLE,play_caller,season_interval_verification_required,Kevin Stefanski,high,open,https://g.espncdn.com/s/ffldraftkit/22/NFLDK2022_CS_ClayProjections2022.pdf,"Caller identity is explicit, but weekly continuity, shared duties, and any in-season transfer require dated evidence."
2022-CLE-quarterbacks_coach-interval,2022,CLE,quarterbacks_coach,season_interval_verification_required,Drew Petzing,medium,open,https://static.www.nfl.com/league/apps/league-site/media-guides/2022/2022_NFL_Record_and_Fact_Book.pdf,"Preseason designation is sourced, but weekly tenure requires dated in-season or retrospective evidence."
2022-DAL-offensive_coordinator-interval,2022,DAL,offensive_coordinator,season_interval_verification_required,Kellen Moore,medium,open,https://static.www.nfl.com/league/apps/league-site/media-guides/2022/2022_NFL_Record_and_Fact_Book.pdf,"Preseason designation is sourced, but weekly tenure requires dated in-season or retrospective evidence."
2022-DAL-play_caller,2022,DAL,play_caller,explicit_play_caller_evidence_required,Kellen Moore,high,open,https://g.espncdn.com/s/ffldraftkit/22/NFLDK2022_CS_ClayProjections2022.pdf,"Independent audit preserves this as partial, provisional, conflicting, or unresolved; it is not a fully verified play-caller cell."
2022-DAL-play_caller-season-interval,2022,DAL,play_caller,season_interval_verification_required,Kellen Moore,high,open,https://g.espncdn.com/s/ffldraftkit/22/NFLDK2022_CS_ClayProjections2022.pdf,"Caller identity is explicit, but weekly continuity, shared duties, and any in-season transfer require dated evidence."
2022-DAL-quarterbacks_coach-interval,2022,DAL,quarterbacks_coach,season_interval_verification_required,Doug Nussmeier,medium,open,https://static.www.nfl.com/league/apps/league-site/media-guides/2022/2022_NFL_Record_and_Fact_Book.pdf,"Preseason designation is sourced, but weekly tenure requires dated in-season or retrospective evidence."
2022-DEN-offensive_coordinator-interval,2022,DEN,offensive_coordinator,season_interval_verification_required,Justin Outten,medium,open,https://static.www.nfl.com/league/apps/league-site/media-guides/2022/2022_NFL_Record_and_Fact_Book.pdf,"Preseason designation is sourced, but weekly tenure requires dated in-season or retrospective evidence."
2022-DEN-play_caller,2022,DEN,play_caller,explicit_play_caller_evidence_required,Nathaniel Hackett,high,open,https://g.espncdn.com/s/ffldraftkit/22/NFLDK2022_CS_ClayProjections2022.pdf,"Independent audit preserves this as partial, provisional, conflicting, or unresolved; it is not a fully verified play-caller cell."
2022-DEN-play_caller-season-interval,2022,DEN,play_caller,season_interval_verification_required,Nathaniel Hackett,high,open,https://g.espncdn.com/s/ffldraftkit/22/NFLDK2022_CS_ClayProjections2022.pdf,"Caller identity is explicit, but weekly continuity, shared duties, and any in-season transfer require dated evidence."
2022-DEN-quarterbacks_coach,2022,DEN,quarterbacks_coach,missing_formal_role,Klint Kubiak,medium,resolved,https://www.denverbroncos.com/news/broncos-name-justin-outten-as-offensive-coordinator-announce-additional-coaching,Independent audit resolved every regular-season week with source-backed person intervals and/or verified no-separately-designated-role evidence; see coaching_evidence_11b.csv and coaching_no_role_evidence_11b.csv.
2022-DET-offensive_coordinator-interval,2022,DET,offensive_coordinator,season_interval_verification_required,Ben Johnson,medium,open,https://static.www.nfl.com/league/apps/league-site/media-guides/2022/2022_NFL_Record_and_Fact_Book.pdf,"Preseason designation is sourced, but weekly tenure requires dated in-season or retrospective evidence."
2022-DET-play_caller,2022,DET,play_caller,explicit_play_caller_evidence_required,Dan Campbell,high,open,https://g.espncdn.com/s/ffldraftkit/22/NFLDK2022_CS_ClayProjections2022.pdf,"Independent audit preserves this as partial, provisional, conflicting, or unresolved; it is not a fully verified play-caller cell."
2022-DET-play_caller-season-interval,2022,DET,play_caller,season_interval_verification_required,Dan Campbell,high,open,https://g.espncdn.com/s/ffldraftkit/22/NFLDK2022_CS_ClayProjections2022.pdf,"Caller identity is explicit, but weekly continuity, shared duties, and any in-season transfer require dated evidence."
2022-DET-quarterbacks_coach-interval,2022,DET,quarterbacks_coach,season_interval_verification_required,Mark Brunell,medium,open,https://static.www.nfl.com/league/apps/league-site/media-guides/2022/2022_NFL_Record_and_Fact_Book.pdf,"Preseason designation is sourced, but weekly tenure requires dated in-season or retrospective evidence."
2022-GB-offensive_coordinator-interval,2022,GB,offensive_coordinator,season_interval_verification_required,Adam Stenavich,medium,open,https://static.www.nfl.com/league/apps/league-site/media-guides/2022/2022_NFL_Record_and_Fact_Book.pdf,"Preseason designation is sourced, but weekly tenure requires dated in-season or retrospective evidence."
2022-GB-play_caller,2022,GB,play_caller,explicit_play_caller_evidence_required,Matt LaFleur,high,open,https://g.espncdn.com/s/ffldraftkit/22/NFLDK2022_CS_ClayProjections2022.pdf,"Independent audit preserves this as partial, provisional, conflicting, or unresolved; it is not a fully verified play-caller cell."
2022-GB-play_caller-season-interval,2022,GB,play_caller,season_interval_verification_required,Matt LaFleur,high,open,https://g.espncdn.com/s/ffldraftkit/22/NFLDK2022_CS_ClayProjections2022.pdf,"Caller identity is explicit, but weekly continuity, shared duties, and any in-season transfer require dated evidence."
2022-GB-quarterbacks_coach-interval,2022,GB,quarterbacks_coach,season_interval_verification_required,Tom Clements,medium,open,https://static.www.nfl.com/league/apps/league-site/media-guides/2022/2022_NFL_Record_and_Fact_Book.pdf,"Preseason designation is sourced, but weekly tenure requires dated in-season or retrospective evidence."
2022-HOU-offensive_coordinator-interval,2022,HOU,offensive_coordinator,season_interval_verification_required,Pep Hamilton,medium,open,https://static.www.nfl.com/league/apps/league-site/media-guides/2022/2022_NFL_Record_and_Fact_Book.pdf,"Preseason designation is sourced, but weekly tenure requires dated in-season or retrospective evidence."
2022-HOU-play_caller,2022,HOU,play_caller,explicit_play_caller_evidence_required,Pep Hamilton,high,open,https://g.espncdn.com/s/ffldraftkit/22/NFLDK2022_CS_ClayProjections2022.pdf,"Independent audit preserves this as partial, provisional, conflicting, or unresolved; it is not a fully verified play-caller cell."
2022-HOU-play_caller-season-interval,2022,HOU,play_caller,season_interval_verification_required,Pep Hamilton,high,open,https://g.espncdn.com/s/ffldraftkit/22/NFLDK2022_CS_ClayProjections2022.pdf,"Caller identity is explicit, but weekly continuity, shared duties, and any in-season transfer require dated evidence."
2022-HOU-quarterbacks_coach,2022,HOU,quarterbacks_coach,missing_formal_role,Ted White,medium,resolved,https://www.houstontexans.com/news/houston-texans-announce-2022-coaching-staff,Independent audit resolved every regular-season week with source-backed person intervals and/or verified no-separately-designated-role evidence; see coaching_evidence_11b.csv and coaching_no_role_evidence_11b.csv.
2022-IND-offensive_coordinator-interval,2022,IND,offensive_coordinator,season_interval_verification_required,Marcus Brady,medium,open,https://static.www.nfl.com/league/apps/league-site/media-guides/2022/2022_NFL_Record_and_Fact_Book.pdf,"Preseason designation is sourced, but weekly tenure requires dated in-season or retrospective evidence."
2022-IND-play_caller,2022,IND,play_caller,explicit_play_caller_evidence_required,Frank Reich,high,open,https://g.espncdn.com/s/ffldraftkit/22/NFLDK2022_CS_ClayProjections2022.pdf,"Independent audit preserves this as partial, provisional, conflicting, or unresolved; it is not a fully verified play-caller cell."
2022-IND-play_caller-season-interval,2022,IND,play_caller,season_interval_verification_required,Frank Reich,high,open,https://g.espncdn.com/s/ffldraftkit/22/NFLDK2022_CS_ClayProjections2022.pdf,"Caller identity is explicit, but weekly continuity, shared duties, and any in-season transfer require dated evidence."
2022-IND-quarterbacks_coach-interval,2022,IND,quarterbacks_coach,season_interval_verification_required,Scott Milanovich,medium,open,https://static.www.nfl.com/league/apps/league-site/media-guides/2022/2022_NFL_Record_and_Fact_Book.pdf,"Preseason designation is sourced, but weekly tenure requires dated in-season or retrospective evidence."
2022-JAX-offensive_coordinator-interval,2022,JAX,offensive_coordinator,season_interval_verification_required,Press Taylor,medium,open,https://static.www.nfl.com/league/apps/league-site/media-guides/2022/2022_NFL_Record_and_Fact_Book.pdf,"Preseason designation is sourced, but weekly tenure requires dated in-season or retrospective evidence."
2022-JAX-play_caller,2022,JAX,play_caller,explicit_play_caller_evidence_required,Doug Pederson,high,open,https://g.espncdn.com/s/ffldraftkit/22/NFLDK2022_CS_ClayProjections2022.pdf,"Independent audit preserves this as partial, provisional, conflicting, or unresolved; it is not a fully verified play-caller cell."
2022-JAX-play_caller-season-interval,2022,JAX,play_caller,season_interval_verification_required,Doug Pederson,high,open,https://g.espncdn.com/s/ffldraftkit/22/NFLDK2022_CS_ClayProjections2022.pdf,"Caller identity is explicit, but weekly continuity, shared duties, and any in-season transfer require dated evidence."
2022-JAX-quarterbacks_coach,2022,JAX,quarterbacks_coach,missing_formal_role,Mike McCoy,medium,resolved,https://www.jaguars.com/news/jaguars-finalize-2022-coaching-staff,Independent audit resolved every regular-season week with source-backed person intervals and/or verified no-separately-designated-role evidence; see coaching_evidence_11b.csv and coaching_no_role_evidence_11b.csv.
2022-KC-offensive_coordinator-interval,2022,KC,offensive_coordinator,season_interval_verification_required,Eric Bieniemy,medium,open,https://static.www.nfl.com/league/apps/league-site/media-guides/2022/2022_NFL_Record_and_Fact_Book.pdf,"Preseason designation is sourced, but weekly tenure requires dated in-season or retrospective evidence."
2022-KC-play_caller,2022,KC,play_caller,explicit_play_caller_evidence_required,Andy Reid,high,open,https://g.espncdn.com/s/ffldraftkit/22/NFLDK2022_CS_ClayProjections2022.pdf,"Independent audit preserves this as partial, provisional, conflicting, or unresolved; it is not a fully verified play-caller cell."
2022-KC-play_caller-season-interval,2022,KC,play_caller,season_interval_verification_required,Andy Reid,high,open,https://g.espncdn.com/s/ffldraftkit/22/NFLDK2022_CS_ClayProjections2022.pdf,"Caller identity is explicit, but weekly continuity, shared duties, and any in-season transfer require dated evidence."
2022-KC-quarterbacks_coach,2022,KC,quarterbacks_coach,missing_formal_role,Matt Nagy,medium,resolved,https://www.chiefs.com/news/five-things-we-learned-from-head-coach-andy-reid-and-gm-brett-veach-at-the-2023-,Independent audit resolved every regular-season week with source-backed person intervals and/or verified no-separately-designated-role evidence; see coaching_evidence_11b.csv and coaching_no_role_evidence_11b.csv.
2022-LA-offensive_coordinator-interval,2022,LA,offensive_coordinator,season_interval_verification_required,Liam Coen,medium,open,https://static.www.nfl.com/league/apps/league-site/media-guides/2022/2022_NFL_Record_and_Fact_Book.pdf,"Preseason designation is sourced, but weekly tenure requires dated in-season or retrospective evidence."
2022-LA-play_caller,2022,LA,play_caller,explicit_play_caller_evidence_required,Sean McVay,high,open,https://g.espncdn.com/s/ffldraftkit/22/NFLDK2022_CS_ClayProjections2022.pdf,"Independent audit preserves this as partial, provisional, conflicting, or unresolved; it is not a fully verified play-caller cell."
2022-LA-play_caller-season-interval,2022,LA,play_caller,season_interval_verification_required,Sean McVay,high,open,https://g.espncdn.com/s/ffldraftkit/22/NFLDK2022_CS_ClayProjections2022.pdf,"Caller identity is explicit, but weekly continuity, shared duties, and any in-season transfer require dated evidence."
2022-LA-quarterbacks_coach,2022,LA,quarterbacks_coach,missing_formal_role,Zac Robinson,medium,resolved,https://www.therams.com/news/rams-finalize-2022-coaching-staff,Independent audit resolved every regular-season week with source-backed person intervals and/or verified no-separately-designated-role evidence; see coaching_evidence_11b.csv and coaching_no_role_evidence_11b.csv.
2022-LAC-offensive_coordinator-interval,2022,LAC,offensive_coordinator,season_interval_verification_required,Joe Lombardi,medium,open,https://static.www.nfl.com/league/apps/league-site/media-guides/2022/2022_NFL_Record_and_Fact_Book.pdf,"Preseason designation is sourced, but weekly tenure requires dated in-season or retrospective evidence."
2022-LAC-play_caller,2022,LAC,play_caller,explicit_play_caller_evidence_required,Joe Lombardi,high,open,https://g.espncdn.com/s/ffldraftkit/22/NFLDK2022_CS_ClayProjections2022.pdf,"Independent audit preserves this as partial, provisional, conflicting, or unresolved; it is not a fully verified play-caller cell."
2022-LAC-play_caller-season-interval,2022,LAC,play_caller,season_interval_verification_required,Joe Lombardi,high,open,https://g.espncdn.com/s/ffldraftkit/22/NFLDK2022_CS_ClayProjections2022.pdf,"Caller identity is explicit, but weekly continuity, shared duties, and any in-season transfer require dated evidence."
2022-LAC-quarterbacks_coach,2022,LAC,quarterbacks_coach,missing_formal_role,Shane Day,medium,resolved,https://www.chargers.com/news/chargers-joe-lombardi-shane-day-brandon-staley-coaching-changes,Independent audit resolved every regular-season week with source-backed person intervals and/or verified no-separately-designated-role evidence; see coaching_evidence_11b.csv and coaching_no_role_evidence_11b.csv.
2022-LV-offensive_coordinator-interval,2022,LV,offensive_coordinator,season_interval_verification_required,Mick Lombardi,medium,open,https://static.www.nfl.com/league/apps/league-site/media-guides/2022/2022_NFL_Record_and_Fact_Book.pdf,"Preseason designation is sourced, but weekly tenure requires dated in-season or retrospective evidence."
2022-LV-play_caller,2022,LV,play_caller,explicit_play_caller_evidence_required,Josh McDaniels,high,open,https://g.espncdn.com/s/ffldraftkit/22/NFLDK2022_CS_ClayProjections2022.pdf,"Independent audit preserves this as partial, provisional, conflicting, or unresolved; it is not a fully verified play-caller cell."
2022-LV-play_caller-season-interval,2022,LV,play_caller,season_interval_verification_required,Josh McDaniels,high,open,https://g.espncdn.com/s/ffldraftkit/22/NFLDK2022_CS_ClayProjections2022.pdf,"Caller identity is explicit, but weekly continuity, shared duties, and any in-season transfer require dated evidence."
2022-LV-quarterbacks_coach-interval,2022,LV,quarterbacks_coach,season_interval_verification_required,Bo Hardegree,medium,open,https://static.www.nfl.com/league/apps/league-site/media-guides/2022/2022_NFL_Record_and_Fact_Book.pdf,"Preseason designation is sourced, but weekly tenure requires dated in-season or retrospective evidence."
2022-MIA-offensive_coordinator-interval,2022,MIA,offensive_coordinator,season_interval_verification_required,Frank Smith,medium,open,https://static.www.nfl.com/league/apps/league-site/media-guides/2022/2022_NFL_Record_and_Fact_Book.pdf,"Preseason designation is sourced, but weekly tenure requires dated in-season or retrospective evidence."
2022-MIA-play_caller,2022,MIA,play_caller,explicit_play_caller_evidence_required,Mike McDaniel,high,open,https://g.espncdn.com/s/ffldraftkit/22/NFLDK2022_CS_ClayProjections2022.pdf,"Independent audit preserves this as partial, provisional, conflicting, or unresolved; it is not a fully verified play-caller cell."
2022-MIA-play_caller-season-interval,2022,MIA,play_caller,season_interval_verification_required,Mike McDaniel,high,open,https://g.espncdn.com/s/ffldraftkit/22/NFLDK2022_CS_ClayProjections2022.pdf,"Caller identity is explicit, but weekly continuity, shared duties, and any in-season transfer require dated evidence."
2022-MIA-quarterbacks_coach-interval,2022,MIA,quarterbacks_coach,season_interval_verification_required,Darrell Bevell,medium,open,https://static.www.nfl.com/league/apps/league-site/media-guides/2022/2022_NFL_Record_and_Fact_Book.pdf,"Preseason designation is sourced, but weekly tenure requires dated in-season or retrospective evidence."
2022-MIN-offensive_coordinator-interval,2022,MIN,offensive_coordinator,season_interval_verification_required,Wes Phillips,medium,open,https://static.www.nfl.com/league/apps/league-site/media-guides/2022/2022_NFL_Record_and_Fact_Book.pdf,"Preseason designation is sourced, but weekly tenure requires dated in-season or retrospective evidence."
2022-MIN-play_caller,2022,MIN,play_caller,explicit_play_caller_evidence_required,Kevin O'Connell,high,open,https://g.espncdn.com/s/ffldraftkit/22/NFLDK2022_CS_ClayProjections2022.pdf,"Independent audit preserves this as partial, provisional, conflicting, or unresolved; it is not a fully verified play-caller cell."
2022-MIN-play_caller-season-interval,2022,MIN,play_caller,season_interval_verification_required,Kevin O'Connell,high,open,https://g.espncdn.com/s/ffldraftkit/22/NFLDK2022_CS_ClayProjections2022.pdf,"Caller identity is explicit, but weekly continuity, shared duties, and any in-season transfer require dated evidence."
2022-MIN-quarterbacks_coach,2022,MIN,quarterbacks_coach,missing_formal_role,Chris O'Hara,medium,resolved,https://www.vikings.com/news/greg-manusky-2022-coaching-hires-finalized,Independent audit resolved every regular-season week with source-backed person intervals and/or verified no-separately-designated-role evidence; see coaching_evidence_11b.csv and coaching_no_role_evidence_11b.csv.
2022-NE-offensive_coordinator,2022,NE,offensive_coordinator,missing_formal_role,NO_SEPARATELY_DESIGNATED_ROLE,medium,resolved,https://www.patriots.com/news/patricia-judge-excited-to-be-back-coaching-for-patriots,Independent audit resolved every regular-season week with source-backed person intervals and/or verified no-separately-designated-role evidence; see coaching_evidence_11b.csv and coaching_no_role_evidence_11b.csv.
2022-NE-play_caller,2022,NE,play_caller,explicit_play_caller_evidence_required,Matt Patricia,high,open,https://g.espncdn.com/s/ffldraftkit/22/NFLDK2022_CS_ClayProjections2022.pdf,"Independent audit preserves this as partial, provisional, conflicting, or unresolved; it is not a fully verified play-caller cell."
2022-NE-play_caller-season-interval,2022,NE,play_caller,season_interval_verification_required,Matt Patricia,high,open,https://g.espncdn.com/s/ffldraftkit/22/NFLDK2022_CS_ClayProjections2022.pdf,"Caller identity is explicit, but weekly continuity, shared duties, and any in-season transfer require dated evidence."
2022-NE-quarterbacks_coach,2022,NE,quarterbacks_coach,missing_formal_role,Joe Judge,medium,resolved,https://www.patriots.com/news/patriots-assistant-coaches-praise-mac-jones-for-performance-vs-jets,Independent audit resolved every regular-season week with source-backed person intervals and/or verified no-separately-designated-role evidence; see coaching_evidence_11b.csv and coaching_no_role_evidence_11b.csv.
2022-NO-offensive_coordinator-interval,2022,NO,offensive_coordinator,season_interval_verification_required,Pete Carmichael,medium,open,https://static.www.nfl.com/league/apps/league-site/media-guides/2022/2022_NFL_Record_and_Fact_Book.pdf,"Preseason designation is sourced, but weekly tenure requires dated in-season or retrospective evidence."
2022-NO-play_caller,2022,NO,play_caller,explicit_play_caller_evidence_required,Pete Carmichael Jr,high,open,https://g.espncdn.com/s/ffldraftkit/22/NFLDK2022_CS_ClayProjections2022.pdf,"Independent audit preserves this as partial, provisional, conflicting, or unresolved; it is not a fully verified play-caller cell."
2022-NO-play_caller-season-interval,2022,NO,play_caller,season_interval_verification_required,Pete Carmichael Jr,high,open,https://g.espncdn.com/s/ffldraftkit/22/NFLDK2022_CS_ClayProjections2022.pdf,"Caller identity is explicit, but weekly continuity, shared duties, and any in-season transfer require dated evidence."
2022-NO-quarterbacks_coach,2022,NO,quarterbacks_coach,missing_formal_role,Ronald Curry,medium,resolved,https://www.neworleanssaints.com/news/meet-the-new-orleans-saints-coaches-ronald-curry,Independent audit resolved every regular-season week with source-backed person intervals and/or verified no-separately-designated-role evidence; see coaching_evidence_11b.csv and coaching_no_role_evidence_11b.csv.
2022-NYG-offensive_coordinator-interval,2022,NYG,offensive_coordinator,season_interval_verification_required,Mike Kafka,medium,open,https://static.www.nfl.com/league/apps/league-site/media-guides/2022/2022_NFL_Record_and_Fact_Book.pdf,"Preseason designation is sourced, but weekly tenure requires dated in-season or retrospective evidence."
2022-NYG-play_caller,2022,NYG,play_caller,explicit_play_caller_evidence_required,Mike Kafka,high,open,https://g.espncdn.com/s/ffldraftkit/22/NFLDK2022_CS_ClayProjections2022.pdf,"Independent audit preserves this as partial, provisional, conflicting, or unresolved; it is not a fully verified play-caller cell."
2022-NYG-play_caller-season-interval,2022,NYG,play_caller,season_interval_verification_required,Mike Kafka,high,open,https://g.espncdn.com/s/ffldraftkit/22/NFLDK2022_CS_ClayProjections2022.pdf,"Caller identity is explicit, but weekly continuity, shared duties, and any in-season transfer require dated evidence."
2022-NYG-quarterbacks_coach-interval,2022,NYG,quarterbacks_coach,season_interval_verification_required,Shea Tierney,medium,open,https://static.www.nfl.com/league/apps/league-site/media-guides/2022/2022_NFL_Record_and_Fact_Book.pdf,"Preseason designation is sourced, but weekly tenure requires dated in-season or retrospective evidence."
2022-NYJ-offensive_coordinator-interval,2022,NYJ,offensive_coordinator,season_interval_verification_required,Mike LaFleur,medium,open,https://static.www.nfl.com/league/apps/league-site/media-guides/2022/2022_NFL_Record_and_Fact_Book.pdf,"Preseason designation is sourced, but weekly tenure requires dated in-season or retrospective evidence."
2022-NYJ-play_caller,2022,NYJ,play_caller,explicit_play_caller_evidence_required,Mike LaFleur,high,open,https://g.espncdn.com/s/ffldraftkit/22/NFLDK2022_CS_ClayProjections2022.pdf,"Independent audit preserves this as partial, provisional, conflicting, or unresolved; it is not a fully verified play-caller cell."
2022-NYJ-play_caller-season-interval,2022,NYJ,play_caller,season_interval_verification_required,Mike LaFleur,high,open,https://g.espncdn.com/s/ffldraftkit/22/NFLDK2022_CS_ClayProjections2022.pdf,"Caller identity is explicit, but weekly continuity, shared duties, and any in-season transfer require dated evidence."
2022-NYJ-quarterbacks_coach,2022,NYJ,quarterbacks_coach,missing_formal_role,Rob Calabrese,medium,resolved,https://www.newyorkjets.com/news/jets-qb-coach-rob-calabrese-on-zach-wilson-he-s-a-different-guy,Independent audit resolved every regular-season week with source-backed person intervals and/or verified no-separately-designated-role evidence; see coaching_evidence_11b.csv and coaching_no_role_evidence_11b.csv.
2022-PHI-offensive_coordinator-interval,2022,PHI,offensive_coordinator,season_interval_verification_required,Shane Steichen,medium,open,https://static.www.nfl.com/league/apps/league-site/media-guides/2022/2022_NFL_Record_and_Fact_Book.pdf,"Preseason designation is sourced, but weekly tenure requires dated in-season or retrospective evidence."
2022-PHI-play_caller,2022,PHI,play_caller,explicit_play_caller_evidence_required,Shane Steichen,high,open,https://g.espncdn.com/s/ffldraftkit/22/NFLDK2022_CS_ClayProjections2022.pdf,"Independent audit preserves this as partial, provisional, conflicting, or unresolved; it is not a fully verified play-caller cell."
2022-PHI-play_caller-season-interval,2022,PHI,play_caller,season_interval_verification_required,Shane Steichen,high,open,https://g.espncdn.com/s/ffldraftkit/22/NFLDK2022_CS_ClayProjections2022.pdf,"Caller identity is explicit, but weekly continuity, shared duties, and any in-season transfer require dated evidence."
2022-PHI-quarterbacks_coach-interval,2022,PHI,quarterbacks_coach,season_interval_verification_required,Brian Johnson,medium,open,https://static.www.nfl.com/league/apps/league-site/media-guides/2022/2022_NFL_Record_and_Fact_Book.pdf,"Preseason designation is sourced, but weekly tenure requires dated in-season or retrospective evidence."
2022-PIT-offensive_coordinator-interval,2022,PIT,offensive_coordinator,season_interval_verification_required,Matt Canada,medium,open,https://static.www.nfl.com/league/apps/league-site/media-guides/2022/2022_NFL_Record_and_Fact_Book.pdf,"Preseason designation is sourced, but weekly tenure requires dated in-season or retrospective evidence."
2022-PIT-play_caller,2022,PIT,play_caller,explicit_play_caller_evidence_required,Matt Canada,high,open,https://g.espncdn.com/s/ffldraftkit/22/NFLDK2022_CS_ClayProjections2022.pdf,"Independent audit preserves this as partial, provisional, conflicting, or unresolved; it is not a fully verified play-caller cell."
2022-PIT-play_caller-season-interval,2022,PIT,play_caller,season_interval_verification_required,Matt Canada,high,open,https://g.espncdn.com/s/ffldraftkit/22/NFLDK2022_CS_ClayProjections2022.pdf,"Caller identity is explicit, but weekly continuity, shared duties, and any in-season transfer require dated evidence."
2022-PIT-quarterbacks_coach-interval,2022,PIT,quarterbacks_coach,season_interval_verification_required,Mike Sullivan,medium,open,https://static.www.nfl.com/league/apps/league-site/media-guides/2022/2022_NFL_Record_and_Fact_Book.pdf,"Preseason designation is sourced, but weekly tenure requires dated in-season or retrospective evidence."
2022-SEA-offensive_coordinator-interval,2022,SEA,offensive_coordinator,season_interval_verification_required,Shane Waldron,medium,open,https://static.www.nfl.com/league/apps/league-site/media-guides/2022/2022_NFL_Record_and_Fact_Book.pdf,"Preseason designation is sourced, but weekly tenure requires dated in-season or retrospective evidence."
2022-SEA-play_caller,2022,SEA,play_caller,explicit_play_caller_evidence_required,Shane Waldron,high,open,https://g.espncdn.com/s/ffldraftkit/22/NFLDK2022_CS_ClayProjections2022.pdf,"Independent audit preserves this as partial, provisional, conflicting, or unresolved; it is not a fully verified play-caller cell."
2022-SEA-play_caller-season-interval,2022,SEA,play_caller,season_interval_verification_required,Shane Waldron,high,open,https://g.espncdn.com/s/ffldraftkit/22/NFLDK2022_CS_ClayProjections2022.pdf,"Caller identity is explicit, but weekly continuity, shared duties, and any in-season transfer require dated evidence."
2022-SEA-quarterbacks_coach-interval,2022,SEA,quarterbacks_coach,season_interval_verification_required,Dave Canales,medium,open,https://static.www.nfl.com/league/apps/league-site/media-guides/2022/2022_NFL_Record_and_Fact_Book.pdf,"Preseason designation is sourced, but weekly tenure requires dated in-season or retrospective evidence."
2022-SF-offensive_coordinator,2022,SF,offensive_coordinator,missing_formal_role,NO_SEPARATELY_DESIGNATED_ROLE,medium,resolved,https://www.49ers.com/news/49ers-uk-2022-roster-breakdown-coaches-kyle-shanahan-demeco-ryans,Independent audit resolved every regular-season week with source-backed person intervals and/or verified no-separately-designated-role evidence; see coaching_evidence_11b.csv and coaching_no_role_evidence_11b.csv.
2022-SF-play_caller,2022,SF,play_caller,explicit_play_caller_evidence_required,Kyle Shanahan,high,open,https://g.espncdn.com/s/ffldraftkit/22/NFLDK2022_CS_ClayProjections2022.pdf,"Independent audit preserves this as partial, provisional, conflicting, or unresolved; it is not a fully verified play-caller cell."
2022-SF-play_caller-season-interval,2022,SF,play_caller,season_interval_verification_required,Kyle Shanahan,high,open,https://g.espncdn.com/s/ffldraftkit/22/NFLDK2022_CS_ClayProjections2022.pdf,"Caller identity is explicit, but weekly continuity, shared duties, and any in-season transfer require dated evidence."
2022-SF-quarterbacks_coach-interval,2022,SF,quarterbacks_coach,season_interval_verification_required,Brian Griese,medium,open,https://static.www.nfl.com/league/apps/league-site/media-guides/2022/2022_NFL_Record_and_Fact_Book.pdf,"Preseason designation is sourced, but weekly tenure requires dated in-season or retrospective evidence."
2022-TB-offensive_coordinator-interval,2022,TB,offensive_coordinator,season_interval_verification_required,Byron Leftwich,medium,open,https://static.www.nfl.com/league/apps/league-site/media-guides/2022/2022_NFL_Record_and_Fact_Book.pdf,"Preseason designation is sourced, but weekly tenure requires dated in-season or retrospective evidence."
2022-TB-play_caller,2022,TB,play_caller,explicit_play_caller_evidence_required,Byron Leftwich,high,open,https://g.espncdn.com/s/ffldraftkit/22/NFLDK2022_CS_ClayProjections2022.pdf,"Independent audit preserves this as partial, provisional, conflicting, or unresolved; it is not a fully verified play-caller cell."
2022-TB-play_caller-season-interval,2022,TB,play_caller,season_interval_verification_required,Byron Leftwich,high,open,https://g.espncdn.com/s/ffldraftkit/22/NFLDK2022_CS_ClayProjections2022.pdf,"Caller identity is explicit, but weekly continuity, shared duties, and any in-season transfer require dated evidence."
2022-TB-quarterbacks_coach-interval,2022,TB,quarterbacks_coach,season_interval_verification_required,Clyde Christensen,medium,open,https://static.www.nfl.com/league/apps/league-site/media-guides/2022/2022_NFL_Record_and_Fact_Book.pdf,"Preseason designation is sourced, but weekly tenure requires dated in-season or retrospective evidence."
2022-TEN-offensive_coordinator,2022,TEN,offensive_coordinator,missing_formal_role,Todd Downing,medium,resolved,https://www.tennesseetitans.com/news/2022-tennessee-titans-training-camp-preview,Independent audit resolved every regular-season week with source-backed person intervals and/or verified no-separately-designated-role evidence; see coaching_evidence_11b.csv and coaching_no_role_evidence_11b.csv.
2022-TEN-play_caller,2022,TEN,play_caller,explicit_play_caller_evidence_required,Todd Downing,high,open,https://g.espncdn.com/s/ffldraftkit/22/NFLDK2022_CS_ClayProjections2022.pdf,"Independent audit preserves this as partial, provisional, conflicting, or unresolved; it is not a fully verified play-caller cell."
2022-TEN-play_caller-season-interval,2022,TEN,play_caller,season_interval_verification_required,Todd Downing,high,open,https://g.espncdn.com/s/ffldraftkit/22/NFLDK2022_CS_ClayProjections2022.pdf,"Caller identity is explicit, but weekly continuity, shared duties, and any in-season transfer require dated evidence."
2022-TEN-quarterbacks_coach,2022,TEN,quarterbacks_coach,missing_formal_role,Pat O'Hara,medium,resolved,https://www.tennesseetitans.com/news/what-titans-hc-mike-vrabel-said-about-the-moves-on-his-coaching-staff,Independent audit resolved every regular-season week with source-backed person intervals and/or verified no-separately-designated-role evidence; see coaching_evidence_11b.csv and coaching_no_role_evidence_11b.csv.
2022-WAS-offensive_coordinator-interval,2022,WAS,offensive_coordinator,season_interval_verification_required,Scott Turner,medium,open,https://static.www.nfl.com/league/apps/league-site/media-guides/2022/2022_NFL_Record_and_Fact_Book.pdf,"Preseason designation is sourced, but weekly tenure requires dated in-season or retrospective evidence."
2022-WAS-play_caller,2022,WAS,play_caller,explicit_play_caller_evidence_required,Scott Turner,high,open,https://g.espncdn.com/s/ffldraftkit/22/NFLDK2022_CS_ClayProjections2022.pdf,"Independent audit preserves this as partial, provisional, conflicting, or unresolved; it is not a fully verified play-caller cell."
2022-WAS-play_caller-season-interval,2022,WAS,play_caller,season_interval_verification_required,Scott Turner,high,open,https://g.espncdn.com/s/ffldraftkit/22/NFLDK2022_CS_ClayProjections2022.pdf,"Caller identity is explicit, but weekly continuity, shared duties, and any in-season transfer require dated evidence."
2022-WAS-quarterbacks_coach-interval,2022,WAS,quarterbacks_coach,season_interval_verification_required,Ken Zampese,medium,open,https://static.www.nfl.com/league/apps/league-site/media-guides/2022/2022_NFL_Record_and_Fact_Book.pdf,"Preseason designation is sourced, but weekly tenure requires dated in-season or retrospective evidence."
2023-ARI-offensive_coordinator-interval,2023,ARI,offensive_coordinator,season_interval_verification_required,Drew Petzing,medium,open,https://basement.crucifyd.com/zone/seahawks/record-fact/NFL%20-%202023%20-%20Record%20%26%20Fact%20Book.pdf,"Preseason designation is sourced, but weekly tenure requires dated in-season or retrospective evidence."
2023-ARI-play_caller,2023,ARI,play_caller,explicit_play_caller_evidence_required,Drew Petzing,high,resolved,https://www.espn.com/nfl/story/_/id/38108724/key-intel-all-32-nfl-playcallers-including-mike-mccarthy,Explicit caller identity and dated weekly boundaries verified in Checkpoint Eleven-B.
2023-ARI-quarterbacks_coach,2023,ARI,quarterbacks_coach,missing_formal_role,Israel Woolfork,medium,resolved,https://www.azcardinals.com/photos/photos-new-coaches-introduction,Independent audit resolved every regular-season week with source-backed person intervals and/or verified no-separately-designated-role evidence; see coaching_evidence_11b.csv and coaching_no_role_evidence_11b.csv.
2023-ATL-offensive_coordinator-interval,2023,ATL,offensive_coordinator,season_interval_verification_required,Dave Ragone,medium,open,https://basement.crucifyd.com/zone/seahawks/record-fact/NFL%20-%202023%20-%20Record%20%26%20Fact%20Book.pdf,"Preseason designation is sourced, but weekly tenure requires dated in-season or retrospective evidence."
2023-ATL-play_caller,2023,ATL,play_caller,explicit_play_caller_evidence_required,Arthur Smith,high,resolved,https://www.espn.com/nfl/story/_/id/38108724/key-intel-all-32-nfl-playcallers-including-mike-mccarthy,Explicit caller identity and dated weekly boundaries verified in Checkpoint Eleven-B.
2023-ATL-quarterbacks_coach,2023,ATL,quarterbacks_coach,missing_formal_role,NO_SEPARATELY_DESIGNATED_ROLE,medium,resolved,https://www.atlantafalcons.com/news/bijan-robinson-desmond-ridder-nfl-draft-2024-arthur-smith-cardinals-kyler-murray,Independent audit resolved every regular-season week with source-backed person intervals and/or verified no-separately-designated-role evidence; see coaching_evidence_11b.csv and coaching_no_role_evidence_11b.csv.
2023-BAL-offensive_coordinator-interval,2023,BAL,offensive_coordinator,season_interval_verification_required,Todd Monken,medium,open,https://basement.crucifyd.com/zone/seahawks/record-fact/NFL%20-%202023%20-%20Record%20%26%20Fact%20Book.pdf,"Preseason designation is sourced, but weekly tenure requires dated in-season or retrospective evidence."
2023-BAL-play_caller,2023,BAL,play_caller,explicit_play_caller_evidence_required,Todd Monken,high,resolved,https://www.espn.com/nfl/story/_/id/38108724/key-intel-all-32-nfl-playcallers-including-mike-mccarthy,Explicit caller identity and dated weekly boundaries verified in Checkpoint Eleven-B.
2023-BAL-quarterbacks_coach-interval,2023,BAL,quarterbacks_coach,season_interval_verification_required,Tee Martin,medium,open,https://basement.crucifyd.com/zone/seahawks/record-fact/NFL%20-%202023%20-%20Record%20%26%20Fact%20Book.pdf,"Preseason designation is sourced, but weekly tenure requires dated in-season or retrospective evidence."
2023-BUF-offensive_coordinator-interval,2023,BUF,offensive_coordinator,season_interval_verification_required,Ken Dorsey,medium,open,https://basement.crucifyd.com/zone/seahawks/record-fact/NFL%20-%202023%20-%20Record%20%26%20Fact%20Book.pdf,"Preseason designation is sourced, but weekly tenure requires dated in-season or retrospective evidence."
2023-BUF-play_caller,2023,BUF,play_caller,explicit_play_caller_evidence_required,Ken Dorsey|Joe Brady,high,resolved,https://www.espn.com/nfl/story/_/id/38108724/key-intel-all-32-nfl-playcallers-including-mike-mccarthy,Explicit caller identity and dated weekly boundaries verified in Checkpoint Eleven-B.
2023-BUF-quarterbacks_coach-interval,2023,BUF,quarterbacks_coach,season_interval_verification_required,Joe Brady,medium,open,https://basement.crucifyd.com/zone/seahawks/record-fact/NFL%20-%202023%20-%20Record%20%26%20Fact%20Book.pdf,"Preseason designation is sourced, but weekly tenure requires dated in-season or retrospective evidence."
2023-CAR-offensive_coordinator,2023,CAR,offensive_coordinator,missing_formal_role,Thomas Brown,medium,resolved,https://www.panthers.com/news/panthers-agree-to-terms-with-thomas-brown-as-offensive-coordinator,Independent audit resolved every regular-season week with source-backed person intervals and/or verified no-separately-designated-role evidence; see coaching_evidence_11b.csv and coaching_no_role_evidence_11b.csv.
2023-CAR-play_caller,2023,CAR,play_caller,explicit_play_caller_evidence_required,Frank Reich|Thomas Brown,high,resolved,https://www.espn.com/nfl/story/_/id/38108724/key-intel-all-32-nfl-playcallers-including-mike-mccarthy,Explicit caller identity and dated weekly boundaries verified in Checkpoint Eleven-B.
2023-CAR-quarterbacks_coach-interval,2023,CAR,quarterbacks_coach,season_interval_verification_required,Josh McCown,medium,open,https://basement.crucifyd.com/zone/seahawks/record-fact/NFL%20-%202023%20-%20Record%20%26%20Fact%20Book.pdf,"Preseason designation is sourced, but weekly tenure requires dated in-season or retrospective evidence."
2023-CHI-offensive_coordinator-interval,2023,CHI,offensive_coordinator,season_interval_verification_required,Luke Getsy,medium,open,https://basement.crucifyd.com/zone/seahawks/record-fact/NFL%20-%202023%20-%20Record%20%26%20Fact%20Book.pdf,"Preseason designation is sourced, but weekly tenure requires dated in-season or retrospective evidence."
2023-CHI-play_caller,2023,CHI,play_caller,explicit_play_caller_evidence_required,Luke Getsy,high,resolved,https://www.espn.com/nfl/story/_/id/38108724/key-intel-all-32-nfl-playcallers-including-mike-mccarthy,Explicit caller identity and dated weekly boundaries verified in Checkpoint Eleven-B.
2023-CHI-quarterbacks_coach-interval,2023,CHI,quarterbacks_coach,season_interval_verification_required,Andrew Janocko,medium,open,https://basement.crucifyd.com/zone/seahawks/record-fact/NFL%20-%202023%20-%20Record%20%26%20Fact%20Book.pdf,"Preseason designation is sourced, but weekly tenure requires dated in-season or retrospective evidence."
2023-CIN-offensive_coordinator-interval,2023,CIN,offensive_coordinator,season_interval_verification_required,Brian Callahan,medium,open,https://basement.crucifyd.com/zone/seahawks/record-fact/NFL%20-%202023%20-%20Record%20%26%20Fact%20Book.pdf,"Preseason designation is sourced, but weekly tenure requires dated in-season or retrospective evidence."
2023-CIN-play_caller,2023,CIN,play_caller,explicit_play_caller_evidence_required,Zac Taylor,high,resolved,https://www.espn.com/nfl/story/_/id/38108724/key-intel-all-32-nfl-playcallers-including-mike-mccarthy,Explicit caller identity and dated weekly boundaries verified in Checkpoint Eleven-B.
2023-CIN-quarterbacks_coach-interval,2023,CIN,quarterbacks_coach,season_interval_verification_required,Dan Pitcher,medium,open,https://basement.crucifyd.com/zone/seahawks/record-fact/NFL%20-%202023%20-%20Record%20%26%20Fact%20Book.pdf,"Preseason designation is sourced, but weekly tenure requires dated in-season or retrospective evidence."
2023-CLE-offensive_coordinator-interval,2023,CLE,offensive_coordinator,season_interval_verification_required,Alex Van Pelt,medium,open,https://basement.crucifyd.com/zone/seahawks/record-fact/NFL%20-%202023%20-%20Record%20%26%20Fact%20Book.pdf,"Preseason designation is sourced, but weekly tenure requires dated in-season or retrospective evidence."
2023-CLE-play_caller,2023,CLE,play_caller,explicit_play_caller_evidence_required,Kevin Stefanski,high,resolved,https://www.espn.com/nfl/story/_/id/38108724/key-intel-all-32-nfl-playcallers-including-mike-mccarthy,Explicit caller identity and dated weekly boundaries verified in Checkpoint Eleven-B.
2023-CLE-quarterbacks_coach,2023,CLE,quarterbacks_coach,missing_formal_role,Ashton Grant,medium,resolved,https://www.clevelandbrowns.com/news/browns-announce-additions-changes-to-2023-coaching-staff,Independent audit resolved every regular-season week with source-backed person intervals and/or verified no-separately-designated-role evidence; see coaching_evidence_11b.csv and coaching_no_role_evidence_11b.csv.
2023-DAL-offensive_coordinator-interval,2023,DAL,offensive_coordinator,season_interval_verification_required,Brian Schottenheimer,medium,open,https://basement.crucifyd.com/zone/seahawks/record-fact/NFL%20-%202023%20-%20Record%20%26%20Fact%20Book.pdf,"Preseason designation is sourced, but weekly tenure requires dated in-season or retrospective evidence."
2023-DAL-play_caller,2023,DAL,play_caller,explicit_play_caller_evidence_required,Mike McCarthy,high,resolved,https://www.espn.com/nfl/story/_/id/38108724/key-intel-all-32-nfl-playcallers-including-mike-mccarthy,Explicit caller identity and dated weekly boundaries verified in Checkpoint Eleven-B.
2023-DAL-quarterbacks_coach-interval,2023,DAL,quarterbacks_coach,season_interval_verification_required,Scott Tolzien,medium,open,https://basement.crucifyd.com/zone/seahawks/record-fact/NFL%20-%202023%20-%20Record%20%26%20Fact%20Book.pdf,"Preseason designation is sourced, but weekly tenure requires dated in-season or retrospective evidence."
2023-DEN-offensive_coordinator-interval,2023,DEN,offensive_coordinator,season_interval_verification_required,Joe Lombardi,medium,open,https://basement.crucifyd.com/zone/seahawks/record-fact/NFL%20-%202023%20-%20Record%20%26%20Fact%20Book.pdf,"Preseason designation is sourced, but weekly tenure requires dated in-season or retrospective evidence."
2023-DEN-play_caller,2023,DEN,play_caller,explicit_play_caller_evidence_required,Sean Payton,high,resolved,https://www.espn.com/nfl/story/_/id/38108724/key-intel-all-32-nfl-playcallers-including-mike-mccarthy,Explicit caller identity and dated weekly boundaries verified in Checkpoint Eleven-B.
2023-DEN-quarterbacks_coach-interval,2023,DEN,quarterbacks_coach,season_interval_verification_required,Davis Webb,medium,open,https://basement.crucifyd.com/zone/seahawks/record-fact/NFL%20-%202023%20-%20Record%20%26%20Fact%20Book.pdf,"Preseason designation is sourced, but weekly tenure requires dated in-season or retrospective evidence."
2023-DET-offensive_coordinator-interval,2023,DET,offensive_coordinator,season_interval_verification_required,Ben Johnson,medium,open,https://basement.crucifyd.com/zone/seahawks/record-fact/NFL%20-%202023%20-%20Record%20%26%20Fact%20Book.pdf,"Preseason designation is sourced, but weekly tenure requires dated in-season or retrospective evidence."
2023-DET-play_caller,2023,DET,play_caller,explicit_play_caller_evidence_required,Ben Johnson,high,resolved,https://www.espn.com/nfl/story/_/id/38108724/key-intel-all-32-nfl-playcallers-including-mike-mccarthy,Explicit caller identity and dated weekly boundaries verified in Checkpoint Eleven-B.
2023-DET-quarterbacks_coach-interval,2023,DET,quarterbacks_coach,season_interval_verification_required,Mark Brunell,medium,open,https://basement.crucifyd.com/zone/seahawks/record-fact/NFL%20-%202023%20-%20Record%20%26%20Fact%20Book.pdf,"Preseason designation is sourced, but weekly tenure requires dated in-season or retrospective evidence."
2023-GB-offensive_coordinator-interval,2023,GB,offensive_coordinator,season_interval_verification_required,Adam Stenavich,medium,open,https://basement.crucifyd.com/zone/seahawks/record-fact/NFL%20-%202023%20-%20Record%20%26%20Fact%20Book.pdf,"Preseason designation is sourced, but weekly tenure requires dated in-season or retrospective evidence."
2023-GB-play_caller,2023,GB,play_caller,explicit_play_caller_evidence_required,Matt LaFleur,high,resolved,https://www.espn.com/nfl/story/_/id/38108724/key-intel-all-32-nfl-playcallers-including-mike-mccarthy,Explicit caller identity and dated weekly boundaries verified in Checkpoint Eleven-B.
2023-GB-quarterbacks_coach-interval,2023,GB,quarterbacks_coach,season_interval_verification_required,Tom Clements,medium,open,https://basement.crucifyd.com/zone/seahawks/record-fact/NFL%20-%202023%20-%20Record%20%26%20Fact%20Book.pdf,"Preseason designation is sourced, but weekly tenure requires dated in-season or retrospective evidence."
2023-HOU-offensive_coordinator-interval,2023,HOU,offensive_coordinator,season_interval_verification_required,Bobby Slowik,medium,open,https://basement.crucifyd.com/zone/seahawks/record-fact/NFL%20-%202023%20-%20Record%20%26%20Fact%20Book.pdf,"Preseason designation is sourced, but weekly tenure requires dated in-season or retrospective evidence."
2023-HOU-play_caller,2023,HOU,play_caller,explicit_play_caller_evidence_required,Bobby Slowik,high,resolved,https://www.espn.com/nfl/story/_/id/38108724/key-intel-all-32-nfl-playcallers-including-mike-mccarthy,Explicit caller identity and dated weekly boundaries verified in Checkpoint Eleven-B.
2023-HOU-quarterbacks_coach,2023,HOU,quarterbacks_coach,missing_formal_role,Jerrod Johnson,medium,resolved,https://www.houstontexans.com/news/houston-texans-announce-2023-coaching-staff,Independent audit resolved every regular-season week with source-backed person intervals and/or verified no-separately-designated-role evidence; see coaching_evidence_11b.csv and coaching_no_role_evidence_11b.csv.
2023-IND-offensive_coordinator,2023,IND,offensive_coordinator,missing_formal_role,Jim Bob Cooter,medium,resolved,https://www.colts.com/news/jim-bob-cooter-offensive-coordinator-detroit-lions-peyton-manning-2023,Independent audit resolved every regular-season week with source-backed person intervals and/or verified no-separately-designated-role evidence; see coaching_evidence_11b.csv and coaching_no_role_evidence_11b.csv.
2023-IND-play_caller,2023,IND,play_caller,explicit_play_caller_evidence_required,Shane Steichen,high,resolved,https://www.espn.com/nfl/story/_/id/38108724/key-intel-all-32-nfl-playcallers-including-mike-mccarthy,Explicit caller identity and dated weekly boundaries verified in Checkpoint Eleven-B.
2023-IND-quarterbacks_coach-interval,2023,IND,quarterbacks_coach,season_interval_verification_required,Cam Turner,medium,open,https://basement.crucifyd.com/zone/seahawks/record-fact/NFL%20-%202023%20-%20Record%20%26%20Fact%20Book.pdf,"Preseason designation is sourced, but weekly tenure requires dated in-season or retrospective evidence."
2023-JAX-offensive_coordinator-interval,2023,JAX,offensive_coordinator,season_interval_verification_required,Press Taylor,medium,open,https://basement.crucifyd.com/zone/seahawks/record-fact/NFL%20-%202023%20-%20Record%20%26%20Fact%20Book.pdf,"Preseason designation is sourced, but weekly tenure requires dated in-season or retrospective evidence."
2023-JAX-play_caller,2023,JAX,play_caller,explicit_play_caller_evidence_required,Press Taylor,high,resolved,https://www.espn.com/nfl/story/_/id/38108724/key-intel-all-32-nfl-playcallers-including-mike-mccarthy,Explicit caller identity and dated weekly boundaries verified in Checkpoint Eleven-B.
2023-JAX-quarterbacks_coach,2023,JAX,quarterbacks_coach,missing_formal_role,Mike McCoy,medium,resolved,https://www.jaguars.com/news/on-to-2023-jaguars-quarterbacks,Independent audit resolved every regular-season week with source-backed person intervals and/or verified no-separately-designated-role evidence; see coaching_evidence_11b.csv and coaching_no_role_evidence_11b.csv.
2023-KC-offensive_coordinator,2023,KC,offensive_coordinator,missing_formal_role,Matt Nagy,medium,resolved,https://www.chiefs.com/news/chiefs-announce-coaching-staff-changes,Independent audit resolved every regular-season week with source-backed person intervals and/or verified no-separately-designated-role evidence; see coaching_evidence_11b.csv and coaching_no_role_evidence_11b.csv.
2023-KC-play_caller,2023,KC,play_caller,explicit_play_caller_evidence_required,Andy Reid,high,resolved,https://www.espn.com/nfl/story/_/id/38108724/key-intel-all-32-nfl-playcallers-including-mike-mccarthy,Explicit caller identity and dated weekly boundaries verified in Checkpoint Eleven-B.
2023-KC-quarterbacks_coach,2023,KC,quarterbacks_coach,missing_formal_role,David Girardi,medium,resolved,https://www.chiefs.com/news/chiefs-announce-coaching-staff-changes,Independent audit resolved every regular-season week with source-backed person intervals and/or verified no-separately-designated-role evidence; see coaching_evidence_11b.csv and coaching_no_role_evidence_11b.csv.
2023-LA-offensive_coordinator-interval,2023,LA,offensive_coordinator,season_interval_verification_required,Mike LaFleur,medium,open,https://basement.crucifyd.com/zone/seahawks/record-fact/NFL%20-%202023%20-%20Record%20%26%20Fact%20Book.pdf,"Preseason designation is sourced, but weekly tenure requires dated in-season or retrospective evidence."
2023-LA-play_caller,2023,LA,play_caller,explicit_play_caller_evidence_required,Sean McVay,high,resolved,https://www.espn.com/nfl/story/_/id/38108724/key-intel-all-32-nfl-playcallers-including-mike-mccarthy,Explicit caller identity and dated weekly boundaries verified in Checkpoint Eleven-B.
2023-LA-quarterbacks_coach-interval,2023,LA,quarterbacks_coach,season_interval_verification_required,Zac Robinson,medium,open,https://basement.crucifyd.com/zone/seahawks/record-fact/NFL%20-%202023%20-%20Record%20%26%20Fact%20Book.pdf,"Preseason designation is sourced, but weekly tenure requires dated in-season or retrospective evidence."
2023-LAC-offensive_coordinator,2023,LAC,offensive_coordinator,missing_formal_role,Kellen Moore,medium,resolved,https://www.chargers.com/news/chargers-add-coaching-staff-jeff-howard-doug-nussmeier,Independent audit resolved every regular-season week with source-backed person intervals and/or verified no-separately-designated-role evidence; see coaching_evidence_11b.csv and coaching_no_role_evidence_11b.csv.
2023-LAC-play_caller,2023,LAC,play_caller,explicit_play_caller_evidence_required,Kellen Moore,high,resolved,https://www.espn.com/nfl/story/_/id/38108724/key-intel-all-32-nfl-playcallers-including-mike-mccarthy,Explicit caller identity and dated weekly boundaries verified in Checkpoint Eleven-B.
2023-LAC-quarterbacks_coach,2023,LAC,quarterbacks_coach,missing_formal_role,Doug Nussmeier,medium,resolved,https://www.chargers.com/news/chargers-add-coaching-staff-jeff-howard-doug-nussmeier,Independent audit resolved every regular-season week with source-backed person intervals and/or verified no-separately-designated-role evidence; see coaching_evidence_11b.csv and coaching_no_role_evidence_11b.csv.
2023-LV-offensive_coordinator-interval,2023,LV,offensive_coordinator,season_interval_verification_required,Mick Lombardi,medium,open,https://basement.crucifyd.com/zone/seahawks/record-fact/NFL%20-%202023%20-%20Record%20%26%20Fact%20Book.pdf,"Preseason designation is sourced, but weekly tenure requires dated in-season or retrospective evidence."
2023-LV-play_caller,2023,LV,play_caller,explicit_play_caller_evidence_required,Josh McDaniels|Bo Hardegree,high,resolved,https://www.espn.com/nfl/story/_/id/38108724/key-intel-all-32-nfl-playcallers-including-mike-mccarthy,Explicit caller identity and dated weekly boundaries verified in Checkpoint Eleven-B.
2023-LV-quarterbacks_coach-interval,2023,LV,quarterbacks_coach,season_interval_verification_required,Bo Hardegree,medium,open,https://basement.crucifyd.com/zone/seahawks/record-fact/NFL%20-%202023%20-%20Record%20%26%20Fact%20Book.pdf,"Preseason designation is sourced, but weekly tenure requires dated in-season or retrospective evidence."
2023-MIA-offensive_coordinator-interval,2023,MIA,offensive_coordinator,season_interval_verification_required,Frank Smith,medium,open,https://basement.crucifyd.com/zone/seahawks/record-fact/NFL%20-%202023%20-%20Record%20%26%20Fact%20Book.pdf,"Preseason designation is sourced, but weekly tenure requires dated in-season or retrospective evidence."
2023-MIA-play_caller,2023,MIA,play_caller,explicit_play_caller_evidence_required,Mike McDaniel,high,resolved,https://www.espn.com/nfl/story/_/id/38108724/key-intel-all-32-nfl-playcallers-including-mike-mccarthy,Explicit caller identity and dated weekly boundaries verified in Checkpoint Eleven-B.
2023-MIA-quarterbacks_coach-interval,2023,MIA,quarterbacks_coach,season_interval_verification_required,Darrell Bevell,medium,open,https://basement.crucifyd.com/zone/seahawks/record-fact/NFL%20-%202023%20-%20Record%20%26%20Fact%20Book.pdf,"Preseason designation is sourced, but weekly tenure requires dated in-season or retrospective evidence."
2023-MIN-offensive_coordinator-interval,2023,MIN,offensive_coordinator,season_interval_verification_required,Wes Phillips,medium,open,https://basement.crucifyd.com/zone/seahawks/record-fact/NFL%20-%202023%20-%20Record%20%26%20Fact%20Book.pdf,"Preseason designation is sourced, but weekly tenure requires dated in-season or retrospective evidence."
2023-MIN-play_caller,2023,MIN,play_caller,explicit_play_caller_evidence_required,Kevin O'Connell,high,resolved,https://www.espn.com/nfl/story/_/id/38108724/key-intel-all-32-nfl-playcallers-including-mike-mccarthy,Explicit caller identity and dated weekly boundaries verified in Checkpoint Eleven-B.
2023-MIN-quarterbacks_coach,2023,MIN,quarterbacks_coach,missing_formal_role,Chris O'Hara,medium,resolved,https://www.vikings.com/news/2023-coaching-staff,Independent audit resolved every regular-season week with source-backed person intervals and/or verified no-separately-designated-role evidence; see coaching_evidence_11b.csv and coaching_no_role_evidence_11b.csv.
2023-NE-offensive_coordinator,2023,NE,offensive_coordinator,missing_formal_role,Bill O'Brien,medium,resolved,https://www.patriots.com/news/patriots-hire-bill-o-brien-as-offensive-coordinator-quarterbacks-coach,Independent audit resolved every regular-season week with source-backed person intervals and/or verified no-separately-designated-role evidence; see coaching_evidence_11b.csv and coaching_no_role_evidence_11b.csv.
2023-NE-play_caller,2023,NE,play_caller,explicit_play_caller_evidence_required,Bill O'Brien,high,resolved,https://www.espn.com/nfl/story/_/id/38108724/key-intel-all-32-nfl-playcallers-including-mike-mccarthy,Explicit caller identity and dated weekly boundaries verified in Checkpoint Eleven-B.
2023-NE-quarterbacks_coach,2023,NE,quarterbacks_coach,missing_formal_role,Bill O'Brien,medium,resolved,https://www.patriots.com/news/patriots-hire-bill-o-brien-as-offensive-coordinator-quarterbacks-coach,Independent audit resolved every regular-season week with source-backed person intervals and/or verified no-separately-designated-role evidence; see coaching_evidence_11b.csv and coaching_no_role_evidence_11b.csv.
2023-NO-offensive_coordinator-interval,2023,NO,offensive_coordinator,season_interval_verification_required,Pete Carmichael,medium,open,https://basement.crucifyd.com/zone/seahawks/record-fact/NFL%20-%202023%20-%20Record%20%26%20Fact%20Book.pdf,"Preseason designation is sourced, but weekly tenure requires dated in-season or retrospective evidence."
2023-NO-play_caller,2023,NO,play_caller,explicit_play_caller_evidence_required,Pete Carmichael Jr,high,resolved,https://www.espn.com/nfl/story/_/id/38108724/key-intel-all-32-nfl-playcallers-including-mike-mccarthy,Explicit caller identity and dated weekly boundaries verified in Checkpoint Eleven-B.
2023-NO-quarterbacks_coach,2023,NO,quarterbacks_coach,missing_formal_role,Ronald Curry,medium,resolved,https://www.neworleanssaints.com/news/meet-the-new-orleans-saints-coaches-ronald-curry-x5145,Independent audit resolved every regular-season week with source-backed person intervals and/or verified no-separately-designated-role evidence; see coaching_evidence_11b.csv and coaching_no_role_evidence_11b.csv.
2023-NYG-offensive_coordinator-interval,2023,NYG,offensive_coordinator,season_interval_verification_required,Mike Kafka,medium,open,https://basement.crucifyd.com/zone/seahawks/record-fact/NFL%20-%202023%20-%20Record%20%26%20Fact%20Book.pdf,"Preseason designation is sourced, but weekly tenure requires dated in-season or retrospective evidence."
2023-NYG-play_caller,2023,NYG,play_caller,explicit_play_caller_evidence_required,Mike Kafka,high,resolved,https://www.espn.com/nfl/story/_/id/38108724/key-intel-all-32-nfl-playcallers-including-mike-mccarthy,Explicit caller identity and dated weekly boundaries verified in Checkpoint Eleven-B.
2023-NYG-quarterbacks_coach-interval,2023,NYG,quarterbacks_coach,season_interval_verification_required,Shea Tierney,medium,open,https://basement.crucifyd.com/zone/seahawks/record-fact/NFL%20-%202023%20-%20Record%20%26%20Fact%20Book.pdf,"Preseason designation is sourced, but weekly tenure requires dated in-season or retrospective evidence."
2023-NYJ-offensive_coordinator-interval,2023,NYJ,offensive_coordinator,season_interval_verification_required,Nathaniel Hackett,medium,open,https://basement.crucifyd.com/zone/seahawks/record-fact/NFL%20-%202023%20-%20Record%20%26%20Fact%20Book.pdf,"Preseason designation is sourced, but weekly tenure requires dated in-season or retrospective evidence."
2023-NYJ-play_caller,2023,NYJ,play_caller,explicit_play_caller_evidence_required,Nathaniel Hackett,high,resolved,https://www.espn.com/nfl/story/_/id/38108724/key-intel-all-32-nfl-playcallers-including-mike-mccarthy,Explicit caller identity and dated weekly boundaries verified in Checkpoint Eleven-B.
2023-NYJ-quarterbacks_coach,2023,NYJ,quarterbacks_coach,missing_formal_role,Rob Calabrese,medium,resolved,https://www.newyorkjets.com/news/todd-downing-will-be-the-main-voice-in-the-jets-qb-room,Independent audit resolved every regular-season week with source-backed person intervals and/or verified no-separately-designated-role evidence; see coaching_evidence_11b.csv and coaching_no_role_evidence_11b.csv.
2023-PHI-offensive_coordinator,2023,PHI,offensive_coordinator,missing_formal_role,Brian Johnson,medium,resolved,https://www.philadelphiaeagles.com/news/eagles-name-brian-johnson-offensive-coordinator,Independent audit resolved every regular-season week with source-backed person intervals and/or verified no-separately-designated-role evidence; see coaching_evidence_11b.csv and coaching_no_role_evidence_11b.csv.
2023-PHI-play_caller,2023,PHI,play_caller,explicit_play_caller_evidence_required,Brian Johnson,high,resolved,https://www.espn.com/nfl/story/_/id/38108724/key-intel-all-32-nfl-playcallers-including-mike-mccarthy,Explicit caller identity and dated weekly boundaries verified in Checkpoint Eleven-B.
2023-PHI-quarterbacks_coach-interval,2023,PHI,quarterbacks_coach,season_interval_verification_required,Alex Tanney,medium,open,https://basement.crucifyd.com/zone/seahawks/record-fact/NFL%20-%202023%20-%20Record%20%26%20Fact%20Book.pdf,"Preseason designation is sourced, but weekly tenure requires dated in-season or retrospective evidence."
2023-PIT-offensive_coordinator-interval,2023,PIT,offensive_coordinator,season_interval_verification_required,Matt Canada,medium,open,https://basement.crucifyd.com/zone/seahawks/record-fact/NFL%20-%202023%20-%20Record%20%26%20Fact%20Book.pdf,"Preseason designation is sourced, but weekly tenure requires dated in-season or retrospective evidence."
2023-PIT-play_caller,2023,PIT,play_caller,explicit_play_caller_evidence_required,Matt Canada|Mike Sullivan,high,resolved,https://www.espn.com/nfl/story/_/id/38108724/key-intel-all-32-nfl-playcallers-including-mike-mccarthy,Explicit caller identity and dated weekly boundaries verified in Checkpoint Eleven-B.
2023-PIT-quarterbacks_coach-interval,2023,PIT,quarterbacks_coach,season_interval_verification_required,Mike Sullivan,medium,open,https://basement.crucifyd.com/zone/seahawks/record-fact/NFL%20-%202023%20-%20Record%20%26%20Fact%20Book.pdf,"Preseason designation is sourced, but weekly tenure requires dated in-season or retrospective evidence."
2023-SEA-offensive_coordinator-interval,2023,SEA,offensive_coordinator,season_interval_verification_required,Shane Waldron,medium,open,https://basement.crucifyd.com/zone/seahawks/record-fact/NFL%20-%202023%20-%20Record%20%26%20Fact%20Book.pdf,"Preseason designation is sourced, but weekly tenure requires dated in-season or retrospective evidence."
2023-SEA-play_caller,2023,SEA,play_caller,explicit_play_caller_evidence_required,Shane Waldron,high,resolved,https://www.espn.com/nfl/story/_/id/38108724/key-intel-all-32-nfl-playcallers-including-mike-mccarthy,Explicit caller identity and dated weekly boundaries verified in Checkpoint Eleven-B.
2023-SEA-quarterbacks_coach-interval,2023,SEA,quarterbacks_coach,season_interval_verification_required,Greg Olson,medium,open,https://basement.crucifyd.com/zone/seahawks/record-fact/NFL%20-%202023%20-%20Record%20%26%20Fact%20Book.pdf,"Preseason designation is sourced, but weekly tenure requires dated in-season or retrospective evidence."
2023-SF-offensive_coordinator,2023,SF,offensive_coordinator,missing_formal_role,NO_SEPARATELY_DESIGNATED_ROLE,medium,resolved,https://www.49ers.com/news/john-lynch-kyle-shanahan-talk-offseason-coaching-changes,Independent audit resolved every regular-season week with source-backed person intervals and/or verified no-separately-designated-role evidence; see coaching_evidence_11b.csv and coaching_no_role_evidence_11b.csv.
2023-SF-play_caller,2023,SF,play_caller,explicit_play_caller_evidence_required,Kyle Shanahan,high,resolved,https://www.espn.com/nfl/story/_/id/38108724/key-intel-all-32-nfl-playcallers-including-mike-mccarthy,Explicit caller identity and dated weekly boundaries verified in Checkpoint Eleven-B.
2023-SF-quarterbacks_coach-interval,2023,SF,quarterbacks_coach,season_interval_verification_required,Brian Griese,medium,open,https://basement.crucifyd.com/zone/seahawks/record-fact/NFL%20-%202023%20-%20Record%20%26%20Fact%20Book.pdf,"Preseason designation is sourced, but weekly tenure requires dated in-season or retrospective evidence."
2023-TB-offensive_coordinator-interval,2023,TB,offensive_coordinator,season_interval_verification_required,Dave Canales,medium,open,https://basement.crucifyd.com/zone/seahawks/record-fact/NFL%20-%202023%20-%20Record%20%26%20Fact%20Book.pdf,"Preseason designation is sourced, but weekly tenure requires dated in-season or retrospective evidence."
2023-TB-play_caller,2023,TB,play_caller,explicit_play_caller_evidence_required,Dave Canales,high,resolved,https://www.espn.com/nfl/story/_/id/38108724/key-intel-all-32-nfl-playcallers-including-mike-mccarthy,Explicit caller identity and dated weekly boundaries verified in Checkpoint Eleven-B.
2023-TB-quarterbacks_coach,2023,TB,quarterbacks_coach,missing_formal_role,Thaddeus Lewis,medium,resolved,https://www.buccaneers.com/news/bucs-announce-2023-coaching-staff-additions-idzik-peete-edwards-lewis,Independent audit resolved every regular-season week with source-backed person intervals and/or verified no-separately-designated-role evidence; see coaching_evidence_11b.csv and coaching_no_role_evidence_11b.csv.
2023-TEN-offensive_coordinator-interval,2023,TEN,offensive_coordinator,season_interval_verification_required,Tim Kelly,medium,open,https://basement.crucifyd.com/zone/seahawks/record-fact/NFL%20-%202023%20-%20Record%20%26%20Fact%20Book.pdf,"Preseason designation is sourced, but weekly tenure requires dated in-season or retrospective evidence."
2023-TEN-play_caller,2023,TEN,play_caller,explicit_play_caller_evidence_required,Tim Kelly,high,resolved,https://www.espn.com/nfl/story/_/id/38108724/key-intel-all-32-nfl-playcallers-including-mike-mccarthy,Explicit caller identity and dated weekly boundaries verified in Checkpoint Eleven-B.
2023-TEN-quarterbacks_coach,2023,TEN,quarterbacks_coach,missing_formal_role,Charles London,medium,resolved,https://www.tennesseetitans.com/news/what-titans-hc-mike-vrabel-said-about-the-moves-on-his-coaching-staff,Independent audit resolved every regular-season week with source-backed person intervals and/or verified no-separately-designated-role evidence; see coaching_evidence_11b.csv and coaching_no_role_evidence_11b.csv.
2023-WAS-offensive_coordinator,2023,WAS,offensive_coordinator,missing_formal_role,Eric Bieniemy,medium,resolved,https://www.commanders.com/news/commanders-hire-eric-bieniemy-as-assistant-head-coach-offensive-coordinator,Independent audit resolved every regular-season week with source-backed person intervals and/or verified no-separately-designated-role evidence; see coaching_evidence_11b.csv and coaching_no_role_evidence_11b.csv.
2023-WAS-play_caller,2023,WAS,play_caller,explicit_play_caller_evidence_required,Eric Bieniemy,high,resolved,https://www.espn.com/nfl/story/_/id/38108724/key-intel-all-32-nfl-playcallers-including-mike-mccarthy,Explicit caller identity and dated weekly boundaries verified in Checkpoint Eleven-B.
2023-WAS-quarterbacks_coach,2023,WAS,quarterbacks_coach,missing_formal_role,Tavita Pritchard,medium,resolved,https://www.commanders.com/news/five-things-to-know-about-qb-coach-tavita-pritchard,Independent audit resolved every regular-season week with source-backed person intervals and/or verified no-separately-designated-role evidence; see coaching_evidence_11b.csv and coaching_no_role_evidence_11b.csv.
2024-ARI-offensive_coordinator-interval,2024,ARI,offensive_coordinator,season_interval_verification_required,Drew Petzing,medium,open,https://static.www.nfl.com/image/upload/league/apps/league-site/media-guides/2024/2024_Record_and_Fact_Book_incl_Supplemental.pdf,"Preseason designation is sourced, but weekly tenure requires dated in-season or retrospective evidence."
2024-ARI-play_caller,2024,ARI,play_caller,explicit_play_caller_evidence_required,Drew Petzing,high,resolved,https://www.espn.com/nfl/story/_/id/41018846/nfl-playcallers-32-teams-mike-mcdaniel-sean-mcvay-nathaniel-hackett,Explicit caller identity and dated weekly boundaries verified in Checkpoint Eleven-B.
2024-ARI-quarterbacks_coach,2024,ARI,quarterbacks_coach,missing_formal_role,Israel Woolfork,medium,resolved,https://www.azcardinals.com/news/cardinals-draft-primer-2024-quarterback,Independent audit resolved every regular-season week with source-backed person intervals and/or verified no-separately-designated-role evidence; see coaching_evidence_11b.csv and coaching_no_role_evidence_11b.csv.
2024-ATL-offensive_coordinator-interval,2024,ATL,offensive_coordinator,season_interval_verification_required,Zac Robinson,medium,open,https://static.www.nfl.com/image/upload/league/apps/league-site/media-guides/2024/2024_Record_and_Fact_Book_incl_Supplemental.pdf,"Preseason designation is sourced, but weekly tenure requires dated in-season or retrospective evidence."
2024-ATL-play_caller,2024,ATL,play_caller,explicit_play_caller_evidence_required,Zac Robinson,high,resolved,https://www.espn.com/nfl/story/_/id/41018846/nfl-playcallers-32-teams-mike-mcdaniel-sean-mcvay-nathaniel-hackett,Explicit caller identity and dated weekly boundaries verified in Checkpoint Eleven-B.
2024-ATL-quarterbacks_coach-interval,2024,ATL,quarterbacks_coach,season_interval_verification_required,T.J. Yates,medium,open,https://static.www.nfl.com/image/upload/league/apps/league-site/media-guides/2024/2024_Record_and_Fact_Book_incl_Supplemental.pdf,"Preseason designation is sourced, but weekly tenure requires dated in-season or retrospective evidence."
2024-BAL-offensive_coordinator-interval,2024,BAL,offensive_coordinator,season_interval_verification_required,Todd Monken,medium,open,https://static.www.nfl.com/image/upload/league/apps/league-site/media-guides/2024/2024_Record_and_Fact_Book_incl_Supplemental.pdf,"Preseason designation is sourced, but weekly tenure requires dated in-season or retrospective evidence."
2024-BAL-play_caller,2024,BAL,play_caller,explicit_play_caller_evidence_required,Todd Monken,high,resolved,https://www.espn.com/nfl/story/_/id/41018846/nfl-playcallers-32-teams-mike-mcdaniel-sean-mcvay-nathaniel-hackett,Explicit caller identity and dated weekly boundaries verified in Checkpoint Eleven-B.
2024-BAL-quarterbacks_coach-interval,2024,BAL,quarterbacks_coach,season_interval_verification_required,Tee Martin,medium,open,https://static.www.nfl.com/image/upload/league/apps/league-site/media-guides/2024/2024_Record_and_Fact_Book_incl_Supplemental.pdf,"Preseason designation is sourced, but weekly tenure requires dated in-season or retrospective evidence."
2024-BUF-offensive_coordinator-interval,2024,BUF,offensive_coordinator,season_interval_verification_required,Joe Brady,medium,open,https://static.www.nfl.com/image/upload/league/apps/league-site/media-guides/2024/2024_Record_and_Fact_Book_incl_Supplemental.pdf,"Preseason designation is sourced, but weekly tenure requires dated in-season or retrospective evidence."
2024-BUF-play_caller,2024,BUF,play_caller,explicit_play_caller_evidence_required,Joe Brady,high,resolved,https://www.espn.com/nfl/story/_/id/41018846/nfl-playcallers-32-teams-mike-mcdaniel-sean-mcvay-nathaniel-hackett,Explicit caller identity and dated weekly boundaries verified in Checkpoint Eleven-B.
2024-BUF-quarterbacks_coach-interval,2024,BUF,quarterbacks_coach,season_interval_verification_required,Ronald Curry,medium,open,https://static.www.nfl.com/image/upload/league/apps/league-site/media-guides/2024/2024_Record_and_Fact_Book_incl_Supplemental.pdf,"Preseason designation is sourced, but weekly tenure requires dated in-season or retrospective evidence."
2024-CAR-offensive_coordinator-interval,2024,CAR,offensive_coordinator,season_interval_verification_required,Brad Idzik,medium,open,https://static.www.nfl.com/image/upload/league/apps/league-site/media-guides/2024/2024_Record_and_Fact_Book_incl_Supplemental.pdf,"Preseason designation is sourced, but weekly tenure requires dated in-season or retrospective evidence."
2024-CAR-play_caller,2024,CAR,play_caller,explicit_play_caller_evidence_required,Dave Canales,high,resolved,https://www.espn.com/nfl/story/_/id/41018846/nfl-playcallers-32-teams-mike-mcdaniel-sean-mcvay-nathaniel-hackett,Explicit caller identity and dated weekly boundaries verified in Checkpoint Eleven-B.
2024-CAR-quarterbacks_coach-interval,2024,CAR,quarterbacks_coach,season_interval_verification_required,Will Harriger,medium,open,https://static.www.nfl.com/image/upload/league/apps/league-site/media-guides/2024/2024_Record_and_Fact_Book_incl_Supplemental.pdf,"Preseason designation is sourced, but weekly tenure requires dated in-season or retrospective evidence."
2024-CHI-offensive_coordinator-interval,2024,CHI,offensive_coordinator,season_interval_verification_required,Shane Waldron,medium,open,https://static.www.nfl.com/image/upload/league/apps/league-site/media-guides/2024/2024_Record_and_Fact_Book_incl_Supplemental.pdf,"Preseason designation is sourced, but weekly tenure requires dated in-season or retrospective evidence."
2024-CHI-play_caller,2024,CHI,play_caller,explicit_play_caller_evidence_required,Shane Waldron|Thomas Brown,high,resolved,https://www.espn.com/nfl/story/_/id/41018846/nfl-playcallers-32-teams-mike-mcdaniel-sean-mcvay-nathaniel-hackett,Explicit caller identity and dated weekly boundaries verified in Checkpoint Eleven-B.
2024-CHI-quarterbacks_coach-interval,2024,CHI,quarterbacks_coach,season_interval_verification_required,Kerry Joseph,medium,open,https://static.www.nfl.com/image/upload/league/apps/league-site/media-guides/2024/2024_Record_and_Fact_Book_incl_Supplemental.pdf,"Preseason designation is sourced, but weekly tenure requires dated in-season or retrospective evidence."
2024-CIN-offensive_coordinator-interval,2024,CIN,offensive_coordinator,season_interval_verification_required,Dan Pitcher,medium,open,https://static.www.nfl.com/image/upload/league/apps/league-site/media-guides/2024/2024_Record_and_Fact_Book_incl_Supplemental.pdf,"Preseason designation is sourced, but weekly tenure requires dated in-season or retrospective evidence."
2024-CIN-play_caller,2024,CIN,play_caller,explicit_play_caller_evidence_required,Zac Taylor,high,resolved,https://www.espn.com/nfl/story/_/id/41018846/nfl-playcallers-32-teams-mike-mcdaniel-sean-mcvay-nathaniel-hackett,Explicit caller identity and dated weekly boundaries verified in Checkpoint Eleven-B.
2024-CIN-quarterbacks_coach-interval,2024,CIN,quarterbacks_coach,season_interval_verification_required,Brad Kragthorpe,medium,open,https://static.www.nfl.com/image/upload/league/apps/league-site/media-guides/2024/2024_Record_and_Fact_Book_incl_Supplemental.pdf,"Preseason designation is sourced, but weekly tenure requires dated in-season or retrospective evidence."
2024-CLE-offensive_coordinator-interval,2024,CLE,offensive_coordinator,season_interval_verification_required,Ken Dorsey,medium,open,https://static.www.nfl.com/image/upload/league/apps/league-site/media-guides/2024/2024_Record_and_Fact_Book_incl_Supplemental.pdf,"Preseason designation is sourced, but weekly tenure requires dated in-season or retrospective evidence."
2024-CLE-play_caller,2024,CLE,play_caller,explicit_play_caller_evidence_required,Kevin Stefanski|Ken Dorsey,high,resolved,https://www.espn.com/nfl/story/_/id/41018846/nfl-playcallers-32-teams-mike-mcdaniel-sean-mcvay-nathaniel-hackett,Explicit caller identity and dated weekly boundaries verified in Checkpoint Eleven-B.
2024-CLE-quarterbacks_coach,2024,CLE,quarterbacks_coach,missing_formal_role,Ken Dorsey,medium,resolved,https://www.clevelandbrowns.com/news/ota-notebook-deshaun-watson-throws-elijah-moore-returns-and-other-practice-notes,Independent audit resolved every regular-season week with source-backed person intervals and/or verified no-separately-designated-role evidence; see coaching_evidence_11b.csv and coaching_no_role_evidence_11b.csv.
2024-DAL-offensive_coordinator-interval,2024,DAL,offensive_coordinator,season_interval_verification_required,Brian Schottenheimer,medium,open,https://static.www.nfl.com/image/upload/league/apps/league-site/media-guides/2024/2024_Record_and_Fact_Book_incl_Supplemental.pdf,"Preseason designation is sourced, but weekly tenure requires dated in-season or retrospective evidence."
2024-DAL-play_caller,2024,DAL,play_caller,explicit_play_caller_evidence_required,Mike McCarthy,high,resolved,https://www.espn.com/nfl/story/_/id/41018846/nfl-playcallers-32-teams-mike-mcdaniel-sean-mcvay-nathaniel-hackett,Explicit caller identity and dated weekly boundaries verified in Checkpoint Eleven-B.
2024-DAL-quarterbacks_coach-interval,2024,DAL,quarterbacks_coach,season_interval_verification_required,Scott Tolzien,medium,open,https://static.www.nfl.com/image/upload/league/apps/league-site/media-guides/2024/2024_Record_and_Fact_Book_incl_Supplemental.pdf,"Preseason designation is sourced, but weekly tenure requires dated in-season or retrospective evidence."
2024-DEN-offensive_coordinator-interval,2024,DEN,offensive_coordinator,season_interval_verification_required,Joe Lombardi,medium,open,https://static.www.nfl.com/image/upload/league/apps/league-site/media-guides/2024/2024_Record_and_Fact_Book_incl_Supplemental.pdf,"Preseason designation is sourced, but weekly tenure requires dated in-season or retrospective evidence."
2024-DEN-play_caller,2024,DEN,play_caller,explicit_play_caller_evidence_required,Sean Payton,high,resolved,https://www.espn.com/nfl/story/_/id/41018846/nfl-playcallers-32-teams-mike-mcdaniel-sean-mcvay-nathaniel-hackett,Explicit caller identity and dated weekly boundaries verified in Checkpoint Eleven-B.
2024-DEN-quarterbacks_coach-interval,2024,DEN,quarterbacks_coach,season_interval_verification_required,Davis Webb,medium,open,https://static.www.nfl.com/image/upload/league/apps/league-site/media-guides/2024/2024_Record_and_Fact_Book_incl_Supplemental.pdf,"Preseason designation is sourced, but weekly tenure requires dated in-season or retrospective evidence."
2024-DET-offensive_coordinator-interval,2024,DET,offensive_coordinator,season_interval_verification_required,Ben Johnson,medium,open,https://static.www.nfl.com/image/upload/league/apps/league-site/media-guides/2024/2024_Record_and_Fact_Book_incl_Supplemental.pdf,"Preseason designation is sourced, but weekly tenure requires dated in-season or retrospective evidence."
2024-DET-play_caller,2024,DET,play_caller,explicit_play_caller_evidence_required,Ben Johnson,high,resolved,https://www.espn.com/nfl/story/_/id/41018846/nfl-playcallers-32-teams-mike-mcdaniel-sean-mcvay-nathaniel-hackett,Explicit caller identity and dated weekly boundaries verified in Checkpoint Eleven-B.
2024-DET-quarterbacks_coach-interval,2024,DET,quarterbacks_coach,season_interval_verification_required,Mark Brunell,medium,open,https://static.www.nfl.com/image/upload/league/apps/league-site/media-guides/2024/2024_Record_and_Fact_Book_incl_Supplemental.pdf,"Preseason designation is sourced, but weekly tenure requires dated in-season or retrospective evidence."
2024-GB-offensive_coordinator-interval,2024,GB,offensive_coordinator,season_interval_verification_required,Adam Stenavich,medium,open,https://static.www.nfl.com/image/upload/league/apps/league-site/media-guides/2024/2024_Record_and_Fact_Book_incl_Supplemental.pdf,"Preseason designation is sourced, but weekly tenure requires dated in-season or retrospective evidence."
2024-GB-play_caller,2024,GB,play_caller,explicit_play_caller_evidence_required,Matt LaFleur,high,resolved,https://www.espn.com/nfl/story/_/id/41018846/nfl-playcallers-32-teams-mike-mcdaniel-sean-mcvay-nathaniel-hackett,Explicit caller identity and dated weekly boundaries verified in Checkpoint Eleven-B.
2024-GB-quarterbacks_coach-interval,2024,GB,quarterbacks_coach,season_interval_verification_required,Tom Clements,medium,open,https://static.www.nfl.com/image/upload/league/apps/league-site/media-guides/2024/2024_Record_and_Fact_Book_incl_Supplemental.pdf,"Preseason designation is sourced, but weekly tenure requires dated in-season or retrospective evidence."
2024-HOU-offensive_coordinator-interval,2024,HOU,offensive_coordinator,season_interval_verification_required,Bobby Slowik,medium,open,https://static.www.nfl.com/image/upload/league/apps/league-site/media-guides/2024/2024_Record_and_Fact_Book_incl_Supplemental.pdf,"Preseason designation is sourced, but weekly tenure requires dated in-season or retrospective evidence."
2024-HOU-play_caller,2024,HOU,play_caller,explicit_play_caller_evidence_required,Bobby Slowik,high,resolved,https://www.espn.com/nfl/story/_/id/41018846/nfl-playcallers-32-teams-mike-mcdaniel-sean-mcvay-nathaniel-hackett,Explicit caller identity and dated weekly boundaries verified in Checkpoint Eleven-B.
2024-HOU-quarterbacks_coach,2024,HOU,quarterbacks_coach,missing_formal_role,Jerrod Johnson,medium,resolved,https://www.houstontexans.com/news/houston-texans-announce-2024-coaching-staff,Independent audit resolved every regular-season week with source-backed person intervals and/or verified no-separately-designated-role evidence; see coaching_evidence_11b.csv and coaching_no_role_evidence_11b.csv.
2024-IND-offensive_coordinator,2024,IND,offensive_coordinator,missing_formal_role,Jim Bob Cooter,medium,resolved,https://www.colts.com/news/2024-coaching-staff-alex-tanney-pass-game-coordinator-charlie-patridge-defensive-line,Independent audit resolved every regular-season week with source-backed person intervals and/or verified no-separately-designated-role evidence; see coaching_evidence_11b.csv and coaching_no_role_evidence_11b.csv.
2024-IND-play_caller,2024,IND,play_caller,explicit_play_caller_evidence_required,Shane Steichen,high,resolved,https://www.espn.com/nfl/story/_/id/41018846/nfl-playcallers-32-teams-mike-mcdaniel-sean-mcvay-nathaniel-hackett,Explicit caller identity and dated weekly boundaries verified in Checkpoint Eleven-B.
2024-IND-quarterbacks_coach-interval,2024,IND,quarterbacks_coach,season_interval_verification_required,Cam Turner,medium,open,https://static.www.nfl.com/image/upload/league/apps/league-site/media-guides/2024/2024_Record_and_Fact_Book_incl_Supplemental.pdf,"Preseason designation is sourced, but weekly tenure requires dated in-season or retrospective evidence."
2024-JAX-offensive_coordinator-interval,2024,JAX,offensive_coordinator,season_interval_verification_required,Press Taylor,medium,open,https://static.www.nfl.com/image/upload/league/apps/league-site/media-guides/2024/2024_Record_and_Fact_Book_incl_Supplemental.pdf,"Preseason designation is sourced, but weekly tenure requires dated in-season or retrospective evidence."
2024-JAX-play_caller,2024,JAX,play_caller,explicit_play_caller_evidence_required,Press Taylor,high,resolved,https://www.espn.com/nfl/story/_/id/41018846/nfl-playcallers-32-teams-mike-mcdaniel-sean-mcvay-nathaniel-hackett,Explicit caller identity and dated weekly boundaries verified in Checkpoint Eleven-B.
2024-JAX-quarterbacks_coach,2024,JAX,quarterbacks_coach,missing_formal_role,Mike McCoy,medium,resolved,https://www.jaguars.com/video/offense-coaches-address-the-media-at-otas-press-conference-jacksonville-jaguars,Independent audit resolved every regular-season week with source-backed person intervals and/or verified no-separately-designated-role evidence; see coaching_evidence_11b.csv and coaching_no_role_evidence_11b.csv.
2024-KC-offensive_coordinator,2024,KC,offensive_coordinator,missing_formal_role,Matt Nagy,medium,resolved,https://www.chiefs.com/news/five-observations-from-thursday-s-practice-chiefs-training-camp-8-1,Independent audit resolved every regular-season week with source-backed person intervals and/or verified no-separately-designated-role evidence; see coaching_evidence_11b.csv and coaching_no_role_evidence_11b.csv.
2024-KC-play_caller,2024,KC,play_caller,explicit_play_caller_evidence_required,Andy Reid,high,resolved,https://www.espn.com/nfl/story/_/id/41018846/nfl-playcallers-32-teams-mike-mcdaniel-sean-mcvay-nathaniel-hackett,Explicit caller identity and dated weekly boundaries verified in Checkpoint Eleven-B.
2024-KC-quarterbacks_coach-interval,2024,KC,quarterbacks_coach,season_interval_verification_required,David Girardi,medium,open,https://static.www.nfl.com/image/upload/league/apps/league-site/media-guides/2024/2024_Record_and_Fact_Book_incl_Supplemental.pdf,"Preseason designation is sourced, but weekly tenure requires dated in-season or retrospective evidence."
2024-LA-offensive_coordinator-interval,2024,LA,offensive_coordinator,season_interval_verification_required,Mike LaFleur,medium,open,https://static.www.nfl.com/image/upload/league/apps/league-site/media-guides/2024/2024_Record_and_Fact_Book_incl_Supplemental.pdf,"Preseason designation is sourced, but weekly tenure requires dated in-season or retrospective evidence."
2024-LA-play_caller,2024,LA,play_caller,explicit_play_caller_evidence_required,Sean McVay,high,resolved,https://www.espn.com/nfl/story/_/id/41018846/nfl-playcallers-32-teams-mike-mcdaniel-sean-mcvay-nathaniel-hackett,Explicit caller identity and dated weekly boundaries verified in Checkpoint Eleven-B.
2024-LA-quarterbacks_coach-interval,2024,LA,quarterbacks_coach,season_interval_verification_required,Dave Ragone,medium,open,https://static.www.nfl.com/image/upload/league/apps/league-site/media-guides/2024/2024_Record_and_Fact_Book_incl_Supplemental.pdf,"Preseason designation is sourced, but weekly tenure requires dated in-season or retrospective evidence."
2024-LAC-offensive_coordinator-interval,2024,LAC,offensive_coordinator,season_interval_verification_required,Greg Roman,medium,open,https://static.www.nfl.com/image/upload/league/apps/league-site/media-guides/2024/2024_Record_and_Fact_Book_incl_Supplemental.pdf,"Preseason designation is sourced, but weekly tenure requires dated in-season or retrospective evidence."
2024-LAC-play_caller,2024,LAC,play_caller,explicit_play_caller_evidence_required,Greg Roman,high,resolved,https://www.espn.com/nfl/story/_/id/41018846/nfl-playcallers-32-teams-mike-mcdaniel-sean-mcvay-nathaniel-hackett,Explicit caller identity and dated weekly boundaries verified in Checkpoint Eleven-B.
2024-LAC-quarterbacks_coach-interval,2024,LAC,quarterbacks_coach,season_interval_verification_required,Shane Day,medium,open,https://static.www.nfl.com/image/upload/league/apps/league-site/media-guides/2024/2024_Record_and_Fact_Book_incl_Supplemental.pdf,"Preseason designation is sourced, but weekly tenure requires dated in-season or retrospective evidence."
2024-LV-offensive_coordinator,2024,LV,offensive_coordinator,missing_formal_role,Luke Getsy|Scott Turner,medium,resolved,https://www.raiders.com/news/raiders-announce-coaching-staff-changes-scott-turner-joe-philbin-norv-turner,Independent audit resolved every regular-season week with source-backed person intervals and/or verified no-separately-designated-role evidence; see coaching_evidence_11b.csv and coaching_no_role_evidence_11b.csv.
2024-LV-play_caller,2024,LV,play_caller,explicit_play_caller_evidence_required,Luke Getsy|Scott Turner,high,resolved,https://www.espn.com/nfl/story/_/id/41018846/nfl-playcallers-32-teams-mike-mcdaniel-sean-mcvay-nathaniel-hackett,Explicit caller identity and dated weekly boundaries verified in Checkpoint Eleven-B.
2024-LV-quarterbacks_coach-interval,2024,LV,quarterbacks_coach,season_interval_verification_required,Rich Scangarello,medium,open,https://static.www.nfl.com/image/upload/league/apps/league-site/media-guides/2024/2024_Record_and_Fact_Book_incl_Supplemental.pdf,"Preseason designation is sourced, but weekly tenure requires dated in-season or retrospective evidence."
2024-MIA-offensive_coordinator-interval,2024,MIA,offensive_coordinator,season_interval_verification_required,Frank Smith,medium,open,https://static.www.nfl.com/image/upload/league/apps/league-site/media-guides/2024/2024_Record_and_Fact_Book_incl_Supplemental.pdf,"Preseason designation is sourced, but weekly tenure requires dated in-season or retrospective evidence."
2024-MIA-play_caller,2024,MIA,play_caller,explicit_play_caller_evidence_required,Mike McDaniel,high,resolved,https://www.espn.com/nfl/story/_/id/41018846/nfl-playcallers-32-teams-mike-mcdaniel-sean-mcvay-nathaniel-hackett,Explicit caller identity and dated weekly boundaries verified in Checkpoint Eleven-B.
2024-MIA-quarterbacks_coach-interval,2024,MIA,quarterbacks_coach,season_interval_verification_required,Darrell Bevell,medium,open,https://static.www.nfl.com/image/upload/league/apps/league-site/media-guides/2024/2024_Record_and_Fact_Book_incl_Supplemental.pdf,"Preseason designation is sourced, but weekly tenure requires dated in-season or retrospective evidence."
2024-MIN-offensive_coordinator-interval,2024,MIN,offensive_coordinator,season_interval_verification_required,Wes Phillips,medium,open,https://static.www.nfl.com/image/upload/league/apps/league-site/media-guides/2024/2024_Record_and_Fact_Book_incl_Supplemental.pdf,"Preseason designation is sourced, but weekly tenure requires dated in-season or retrospective evidence."
2024-MIN-play_caller,2024,MIN,play_caller,explicit_play_caller_evidence_required,Kevin O'Connell,high,resolved,https://www.espn.com/nfl/story/_/id/41018846/nfl-playcallers-32-teams-mike-mcdaniel-sean-mcvay-nathaniel-hackett,Explicit caller identity and dated weekly boundaries verified in Checkpoint Eleven-B.
2024-MIN-quarterbacks_coach-interval,2024,MIN,quarterbacks_coach,season_interval_verification_required,Josh McCown,medium,open,https://static.www.nfl.com/image/upload/league/apps/league-site/media-guides/2024/2024_Record_and_Fact_Book_incl_Supplemental.pdf,"Preseason designation is sourced, but weekly tenure requires dated in-season or retrospective evidence."
2024-NE-offensive_coordinator-interval,2024,NE,offensive_coordinator,season_interval_verification_required,Alex Van Pelt,medium,open,https://static.www.nfl.com/image/upload/league/apps/league-site/media-guides/2024/2024_Record_and_Fact_Book_incl_Supplemental.pdf,"Preseason designation is sourced, but weekly tenure requires dated in-season or retrospective evidence."
2024-NE-play_caller,2024,NE,play_caller,explicit_play_caller_evidence_required,Alex Van Pelt,high,resolved,https://www.espn.com/nfl/story/_/id/41018846/nfl-playcallers-32-teams-mike-mcdaniel-sean-mcvay-nathaniel-hackett,Explicit caller identity and dated weekly boundaries verified in Checkpoint Eleven-B.
2024-NE-quarterbacks_coach,2024,NE,quarterbacks_coach,missing_formal_role,T.C. McCartney,medium,resolved,https://www.patriots.com/news/patriots-notebook-qb-coach-highlights-drake-maye-s-developmental-strides,Independent audit resolved every regular-season week with source-backed person intervals and/or verified no-separately-designated-role evidence; see coaching_evidence_11b.csv and coaching_no_role_evidence_11b.csv.
2024-NO-offensive_coordinator-interval,2024,NO,offensive_coordinator,season_interval_verification_required,Klint Kubiak,medium,open,https://static.www.nfl.com/image/upload/league/apps/league-site/media-guides/2024/2024_Record_and_Fact_Book_incl_Supplemental.pdf,"Preseason designation is sourced, but weekly tenure requires dated in-season or retrospective evidence."
2024-NO-play_caller,2024,NO,play_caller,explicit_play_caller_evidence_required,Klint Kubiak,high,resolved,https://www.espn.com/nfl/story/_/id/41018846/nfl-playcallers-32-teams-mike-mcdaniel-sean-mcvay-nathaniel-hackett,Explicit caller identity and dated weekly boundaries verified in Checkpoint Eleven-B.
2024-NO-quarterbacks_coach-interval,2024,NO,quarterbacks_coach,season_interval_verification_required,Andrew Janocko,medium,open,https://static.www.nfl.com/image/upload/league/apps/league-site/media-guides/2024/2024_Record_and_Fact_Book_incl_Supplemental.pdf,"Preseason designation is sourced, but weekly tenure requires dated in-season or retrospective evidence."
2024-NYG-offensive_coordinator,2024,NYG,offensive_coordinator,missing_formal_role,Mike Kafka,medium,resolved,https://www.giants.com/news/mike-kafka-assistant-head-coach-jerome-henderson-shea-tierney-brian-daboll-staff,Independent audit resolved every regular-season week with source-backed person intervals and/or verified no-separately-designated-role evidence; see coaching_evidence_11b.csv and coaching_no_role_evidence_11b.csv.
2024-NYG-play_caller,2024,NYG,play_caller,explicit_play_caller_evidence_required,Brian Daboll,high,resolved,https://www.espn.com/nfl/story/_/id/41018846/nfl-playcallers-32-teams-mike-mcdaniel-sean-mcvay-nathaniel-hackett,Explicit caller identity and dated weekly boundaries verified in Checkpoint Eleven-B.
2024-NYG-quarterbacks_coach,2024,NYG,quarterbacks_coach,missing_formal_role,Shea Tierney,medium,resolved,https://www.giants.com/news/mike-kafka-assistant-head-coach-jerome-henderson-shea-tierney-brian-daboll-staff,Independent audit resolved every regular-season week with source-backed person intervals and/or verified no-separately-designated-role evidence; see coaching_evidence_11b.csv and coaching_no_role_evidence_11b.csv.
2024-NYJ-offensive_coordinator-interval,2024,NYJ,offensive_coordinator,season_interval_verification_required,Nathaniel Hackett,medium,open,https://static.www.nfl.com/image/upload/league/apps/league-site/media-guides/2024/2024_Record_and_Fact_Book_incl_Supplemental.pdf,"Preseason designation is sourced, but weekly tenure requires dated in-season or retrospective evidence."
2024-NYJ-play_caller,2024,NYJ,play_caller,explicit_play_caller_evidence_required,Nathaniel Hackett|Todd Downing,high,resolved,https://www.espn.com/nfl/story/_/id/41018846/nfl-playcallers-32-teams-mike-mcdaniel-sean-mcvay-nathaniel-hackett,Explicit caller identity and dated weekly boundaries verified in Checkpoint Eleven-B.
2024-NYJ-quarterbacks_coach,2024,NYJ,quarterbacks_coach,missing_formal_role,Todd Downing,medium,resolved,https://www.newyorkjets.com/news/todd-downing-jets-play-caller-right-mindset,Independent audit resolved every regular-season week with source-backed person intervals and/or verified no-separately-designated-role evidence; see coaching_evidence_11b.csv and coaching_no_role_evidence_11b.csv.
2024-PHI-offensive_coordinator,2024,PHI,offensive_coordinator,missing_formal_role,Kellen Moore,medium,resolved,https://www.philadelphiaeagles.com/news/eagles-announce-2024-coaching-staff-vic-fangio-kellen-moore,Independent audit resolved every regular-season week with source-backed person intervals and/or verified no-separately-designated-role evidence; see coaching_evidence_11b.csv and coaching_no_role_evidence_11b.csv.
2024-PHI-play_caller,2024,PHI,play_caller,explicit_play_caller_evidence_required,Kellen Moore,high,resolved,https://www.espn.com/nfl/story/_/id/41018846/nfl-playcallers-32-teams-mike-mcdaniel-sean-mcvay-nathaniel-hackett,Explicit caller identity and dated weekly boundaries verified in Checkpoint Eleven-B.
2024-PHI-quarterbacks_coach-interval,2024,PHI,quarterbacks_coach,season_interval_verification_required,Doug Nussmeier,medium,open,https://static.www.nfl.com/image/upload/league/apps/league-site/media-guides/2024/2024_Record_and_Fact_Book_incl_Supplemental.pdf,"Preseason designation is sourced, but weekly tenure requires dated in-season or retrospective evidence."
2024-PIT-offensive_coordinator-interval,2024,PIT,offensive_coordinator,season_interval_verification_required,Arthur Smith,medium,open,https://static.www.nfl.com/image/upload/league/apps/league-site/media-guides/2024/2024_Record_and_Fact_Book_incl_Supplemental.pdf,"Preseason designation is sourced, but weekly tenure requires dated in-season or retrospective evidence."
2024-PIT-play_caller,2024,PIT,play_caller,explicit_play_caller_evidence_required,Arthur Smith,high,resolved,https://www.espn.com/nfl/story/_/id/41018846/nfl-playcallers-32-teams-mike-mcdaniel-sean-mcvay-nathaniel-hackett,Explicit caller identity and dated weekly boundaries verified in Checkpoint Eleven-B.
2024-PIT-quarterbacks_coach-interval,2024,PIT,quarterbacks_coach,season_interval_verification_required,Tom Arth,medium,open,https://static.www.nfl.com/image/upload/league/apps/league-site/media-guides/2024/2024_Record_and_Fact_Book_incl_Supplemental.pdf,"Preseason designation is sourced, but weekly tenure requires dated in-season or retrospective evidence."
2024-SEA-offensive_coordinator-interval,2024,SEA,offensive_coordinator,season_interval_verification_required,Ryan Grubb,medium,open,https://static.www.nfl.com/image/upload/league/apps/league-site/media-guides/2024/2024_Record_and_Fact_Book_incl_Supplemental.pdf,"Preseason designation is sourced, but weekly tenure requires dated in-season or retrospective evidence."
2024-SEA-play_caller,2024,SEA,play_caller,explicit_play_caller_evidence_required,Ryan Grubb,high,resolved,https://www.espn.com/nfl/story/_/id/41018846/nfl-playcallers-32-teams-mike-mcdaniel-sean-mcvay-nathaniel-hackett,Explicit caller identity and dated weekly boundaries verified in Checkpoint Eleven-B.
2024-SEA-quarterbacks_coach-interval,2024,SEA,quarterbacks_coach,season_interval_verification_required,Charles London,medium,open,https://static.www.nfl.com/image/upload/league/apps/league-site/media-guides/2024/2024_Record_and_Fact_Book_incl_Supplemental.pdf,"Preseason designation is sourced, but weekly tenure requires dated in-season or retrospective evidence."
2024-SF-offensive_coordinator,2024,SF,offensive_coordinator,missing_formal_role,NO_SEPARATELY_DESIGNATED_ROLE,medium,resolved,https://www.49ers.com/news/john-lynch-kyle-shanahan-talk-offseason-coaching-changes,Independent audit resolved every regular-season week with source-backed person intervals and/or verified no-separately-designated-role evidence; see coaching_evidence_11b.csv and coaching_no_role_evidence_11b.csv.
2024-SF-play_caller,2024,SF,play_caller,explicit_play_caller_evidence_required,Kyle Shanahan,high,resolved,https://www.espn.com/nfl/story/_/id/41018846/nfl-playcallers-32-teams-mike-mcdaniel-sean-mcvay-nathaniel-hackett,Explicit caller identity and dated weekly boundaries verified in Checkpoint Eleven-B.
2024-SF-quarterbacks_coach-interval,2024,SF,quarterbacks_coach,season_interval_verification_required,Brian Griese,medium,open,https://static.www.nfl.com/image/upload/league/apps/league-site/media-guides/2024/2024_Record_and_Fact_Book_incl_Supplemental.pdf,"Preseason designation is sourced, but weekly tenure requires dated in-season or retrospective evidence."
2024-TB-offensive_coordinator-interval,2024,TB,offensive_coordinator,season_interval_verification_required,Liam Coen,medium,open,https://static.www.nfl.com/image/upload/league/apps/league-site/media-guides/2024/2024_Record_and_Fact_Book_incl_Supplemental.pdf,"Preseason designation is sourced, but weekly tenure requires dated in-season or retrospective evidence."
2024-TB-play_caller,2024,TB,play_caller,explicit_play_caller_evidence_required,Liam Coen,high,resolved,https://www.espn.com/nfl/story/_/id/41018846/nfl-playcallers-32-teams-mike-mcdaniel-sean-mcvay-nathaniel-hackett,Explicit caller identity and dated weekly boundaries verified in Checkpoint Eleven-B.
2024-TB-quarterbacks_coach-interval,2024,TB,quarterbacks_coach,season_interval_verification_required,Thaddeus Lewis,medium,open,https://static.www.nfl.com/image/upload/league/apps/league-site/media-guides/2024/2024_Record_and_Fact_Book_incl_Supplemental.pdf,"Preseason designation is sourced, but weekly tenure requires dated in-season or retrospective evidence."
2024-TEN-offensive_coordinator-interval,2024,TEN,offensive_coordinator,season_interval_verification_required,Nick Holz,medium,open,https://static.www.nfl.com/image/upload/league/apps/league-site/media-guides/2024/2024_Record_and_Fact_Book_incl_Supplemental.pdf,"Preseason designation is sourced, but weekly tenure requires dated in-season or retrospective evidence."
2024-TEN-play_caller,2024,TEN,play_caller,explicit_play_caller_evidence_required,Brian Callahan,high,resolved,https://www.espn.com/nfl/story/_/id/41018846/nfl-playcallers-32-teams-mike-mcdaniel-sean-mcvay-nathaniel-hackett,Explicit caller identity and dated weekly boundaries verified in Checkpoint Eleven-B.
2024-TEN-quarterbacks_coach-interval,2024,TEN,quarterbacks_coach,season_interval_verification_required,Bo Hardegree,medium,open,https://static.www.nfl.com/image/upload/league/apps/league-site/media-guides/2024/2024_Record_and_Fact_Book_incl_Supplemental.pdf,"Preseason designation is sourced, but weekly tenure requires dated in-season or retrospective evidence."
2024-WAS-offensive_coordinator-interval,2024,WAS,offensive_coordinator,season_interval_verification_required,Kliff Kingsbury,medium,open,https://static.www.nfl.com/image/upload/league/apps/league-site/media-guides/2024/2024_Record_and_Fact_Book_incl_Supplemental.pdf,"Preseason designation is sourced, but weekly tenure requires dated in-season or retrospective evidence."
2024-WAS-play_caller,2024,WAS,play_caller,explicit_play_caller_evidence_required,Kliff Kingsbury,high,resolved,https://www.espn.com/nfl/story/_/id/41018846/nfl-playcallers-32-teams-mike-mcdaniel-sean-mcvay-nathaniel-hackett,Explicit caller identity and dated weekly boundaries verified in Checkpoint Eleven-B.
2024-WAS-quarterbacks_coach-interval,2024,WAS,quarterbacks_coach,season_interval_verification_required,Tavita Pritchard,medium,open,https://static.www.nfl.com/image/upload/league/apps/league-site/media-guides/2024/2024_Record_and_Fact_Book_incl_Supplemental.pdf,"Preseason designation is sourced, but weekly tenure requires dated in-season or retrospective evidence."
2025-ARI-offensive_coordinator,2025,ARI,offensive_coordinator,missing_formal_role,Drew Petzing,medium,resolved,https://www.azcardinals.com/news/cardinals-offense-can-sense-benefits-of-continuity-during-otas,Independent audit resolved every regular-season week with source-backed person intervals and/or verified no-separately-designated-role evidence; see coaching_evidence_11b.csv and coaching_no_role_evidence_11b.csv.
2025-ARI-play_caller,2025,ARI,play_caller,explicit_play_caller_evidence_required,Drew Petzing,high,resolved,https://www.espn.com/nfl/story/_/id/46137832/nfl-playcallers-32-teams-mike-mcdaniel-sean-mcvay-brian-schottenheimer,Explicit caller identity and dated weekly boundaries verified in Checkpoint Eleven-B.
2025-ARI-quarterbacks_coach-interval,2025,ARI,quarterbacks_coach,season_interval_verification_required,Israel Woolfork,medium,open,https://static.clubs.nfl.com/image/upload/patriots/fvc6qgwyqlztq1muztpi.pdf,"Preseason designation is sourced, but weekly tenure requires dated in-season or retrospective evidence."
2025-ATL-offensive_coordinator,2025,ATL,offensive_coordinator,missing_formal_role,Zac Robinson,medium,resolved,https://www.atlantafalcons.com/news/zac-robinson-evolving-falcons-offense-michael-penix-jr,Independent audit resolved every regular-season week with source-backed person intervals and/or verified no-separately-designated-role evidence; see coaching_evidence_11b.csv and coaching_no_role_evidence_11b.csv.
2025-ATL-play_caller,2025,ATL,play_caller,explicit_play_caller_evidence_required,Zac Robinson,high,resolved,https://www.espn.com/nfl/story/_/id/46137832/nfl-playcallers-32-teams-mike-mcdaniel-sean-mcvay-brian-schottenheimer,Explicit caller identity and dated weekly boundaries verified in Checkpoint Eleven-B.
2025-ATL-quarterbacks_coach-interval,2025,ATL,quarterbacks_coach,season_interval_verification_required,D.J. Williams,medium,open,https://static.clubs.nfl.com/image/upload/patriots/fvc6qgwyqlztq1muztpi.pdf,"Preseason designation is sourced, but weekly tenure requires dated in-season or retrospective evidence."
2025-BAL-offensive_coordinator-interval,2025,BAL,offensive_coordinator,season_interval_verification_required,Todd Monken,medium,open,https://static.clubs.nfl.com/image/upload/patriots/fvc6qgwyqlztq1muztpi.pdf,"Preseason designation is sourced, but weekly tenure requires dated in-season or retrospective evidence."
2025-BAL-play_caller,2025,BAL,play_caller,explicit_play_caller_evidence_required,Todd Monken,high,resolved,https://www.espn.com/nfl/story/_/id/46137832/nfl-playcallers-32-teams-mike-mcdaniel-sean-mcvay-brian-schottenheimer,Explicit caller identity and dated weekly boundaries verified in Checkpoint Eleven-B.
2025-BAL-quarterbacks_coach-interval,2025,BAL,quarterbacks_coach,season_interval_verification_required,Tee Martin,medium,open,https://static.clubs.nfl.com/image/upload/patriots/fvc6qgwyqlztq1muztpi.pdf,"Preseason designation is sourced, but weekly tenure requires dated in-season or retrospective evidence."
2025-BUF-offensive_coordinator-interval,2025,BUF,offensive_coordinator,season_interval_verification_required,Joe Brady,medium,open,https://static.clubs.nfl.com/image/upload/patriots/fvc6qgwyqlztq1muztpi.pdf,"Preseason designation is sourced, but weekly tenure requires dated in-season or retrospective evidence."
2025-BUF-play_caller,2025,BUF,play_caller,explicit_play_caller_evidence_required,Joe Brady,high,resolved,https://www.espn.com/nfl/story/_/id/46137832/nfl-playcallers-32-teams-mike-mcdaniel-sean-mcvay-brian-schottenheimer,Explicit caller identity and dated weekly boundaries verified in Checkpoint Eleven-B.
2025-BUF-quarterbacks_coach-interval,2025,BUF,quarterbacks_coach,season_interval_verification_required,Ronald Curry,medium,open,https://static.clubs.nfl.com/image/upload/patriots/fvc6qgwyqlztq1muztpi.pdf,"Preseason designation is sourced, but weekly tenure requires dated in-season or retrospective evidence."
2025-CAR-offensive_coordinator,2025,CAR,offensive_coordinator,missing_formal_role,Brad Idzik,medium,resolved,https://www.panthers.com/news/panthers-announce-staff-additions-coaching-staff,Independent audit resolved every regular-season week with source-backed person intervals and/or verified no-separately-designated-role evidence; see coaching_evidence_11b.csv and coaching_no_role_evidence_11b.csv.
2025-CAR-play_caller,2025,CAR,play_caller,explicit_play_caller_evidence_required,Dave Canales,high,resolved,https://www.espn.com/nfl/story/_/id/46137832/nfl-playcallers-32-teams-mike-mcdaniel-sean-mcvay-brian-schottenheimer,Explicit caller identity and dated weekly boundaries verified in Checkpoint Eleven-B.
2025-CAR-quarterbacks_coach-interval,2025,CAR,quarterbacks_coach,season_interval_verification_required,Will Harriger,medium,open,https://static.clubs.nfl.com/image/upload/patriots/fvc6qgwyqlztq1muztpi.pdf,"Preseason designation is sourced, but weekly tenure requires dated in-season or retrospective evidence."
2025-CHI-offensive_coordinator-interval,2025,CHI,offensive_coordinator,season_interval_verification_required,Declan Doyle,medium,open,https://static.clubs.nfl.com/image/upload/patriots/fvc6qgwyqlztq1muztpi.pdf,"Preseason designation is sourced, but weekly tenure requires dated in-season or retrospective evidence."
2025-CHI-play_caller,2025,CHI,play_caller,explicit_play_caller_evidence_required,Ben Johnson,high,resolved,https://www.espn.com/nfl/story/_/id/46137832/nfl-playcallers-32-teams-mike-mcdaniel-sean-mcvay-brian-schottenheimer,Explicit caller identity and dated weekly boundaries verified in Checkpoint Eleven-B.
2025-CHI-quarterbacks_coach-interval,2025,CHI,quarterbacks_coach,season_interval_verification_required,J.T. Barrett,medium,open,https://static.clubs.nfl.com/image/upload/patriots/fvc6qgwyqlztq1muztpi.pdf,"Preseason designation is sourced, but weekly tenure requires dated in-season or retrospective evidence."
2025-CIN-offensive_coordinator,2025,CIN,offensive_coordinator,missing_formal_role,Dan Pitcher,medium,resolved,https://www.bengals.com/news/bengals-finalize-2025-coaching-staff,Independent audit resolved every regular-season week with source-backed person intervals and/or verified no-separately-designated-role evidence; see coaching_evidence_11b.csv and coaching_no_role_evidence_11b.csv.
2025-CIN-play_caller,2025,CIN,play_caller,explicit_play_caller_evidence_required,Zac Taylor,high,resolved,https://www.espn.com/nfl/story/_/id/46137832/nfl-playcallers-32-teams-mike-mcdaniel-sean-mcvay-brian-schottenheimer,Explicit caller identity and dated weekly boundaries verified in Checkpoint Eleven-B.
2025-CIN-quarterbacks_coach-interval,2025,CIN,quarterbacks_coach,season_interval_verification_required,Brad Kragthorpe,medium,open,https://static.clubs.nfl.com/image/upload/patriots/fvc6qgwyqlztq1muztpi.pdf,"Preseason designation is sourced, but weekly tenure requires dated in-season or retrospective evidence."
2025-CLE-offensive_coordinator-interval,2025,CLE,offensive_coordinator,season_interval_verification_required,Tommy Rees,medium,open,https://static.clubs.nfl.com/image/upload/patriots/fvc6qgwyqlztq1muztpi.pdf,"Preseason designation is sourced, but weekly tenure requires dated in-season or retrospective evidence."
2025-CLE-play_caller,2025,CLE,play_caller,explicit_play_caller_evidence_required,Kevin Stefanski|Tommy Rees,high,resolved,https://www.espn.com/nfl/story/_/id/46137832/nfl-playcallers-32-teams-mike-mcdaniel-sean-mcvay-brian-schottenheimer,Explicit caller identity and dated weekly boundaries verified in Checkpoint Eleven-B.
2025-CLE-quarterbacks_coach-interval,2025,CLE,quarterbacks_coach,season_interval_verification_required,Bill Musgrave,medium,open,https://static.clubs.nfl.com/image/upload/patriots/fvc6qgwyqlztq1muztpi.pdf,"Preseason designation is sourced, but weekly tenure requires dated in-season or retrospective evidence."
2025-DAL-offensive_coordinator-interval,2025,DAL,offensive_coordinator,season_interval_verification_required,Klayton Adams,medium,open,https://static.clubs.nfl.com/image/upload/patriots/fvc6qgwyqlztq1muztpi.pdf,"Preseason designation is sourced, but weekly tenure requires dated in-season or retrospective evidence."
2025-DAL-play_caller,2025,DAL,play_caller,explicit_play_caller_evidence_required,Brian Schottenheimer,high,resolved,https://www.espn.com/nfl/story/_/id/46137832/nfl-playcallers-32-teams-mike-mcdaniel-sean-mcvay-brian-schottenheimer,Explicit caller identity and dated weekly boundaries verified in Checkpoint Eleven-B.
2025-DAL-quarterbacks_coach-interval,2025,DAL,quarterbacks_coach,season_interval_verification_required,Steve Shimko,medium,open,https://static.clubs.nfl.com/image/upload/patriots/fvc6qgwyqlztq1muztpi.pdf,"Preseason designation is sourced, but weekly tenure requires dated in-season or retrospective evidence."
2025-DEN-offensive_coordinator-interval,2025,DEN,offensive_coordinator,season_interval_verification_required,Joe Lombardi,medium,open,https://static.clubs.nfl.com/image/upload/patriots/fvc6qgwyqlztq1muztpi.pdf,"Preseason designation is sourced, but weekly tenure requires dated in-season or retrospective evidence."
2025-DEN-play_caller,2025,DEN,play_caller,explicit_play_caller_evidence_required,Sean Payton,high,resolved,https://www.espn.com/nfl/story/_/id/46137832/nfl-playcallers-32-teams-mike-mcdaniel-sean-mcvay-brian-schottenheimer,Explicit caller identity and dated weekly boundaries verified in Checkpoint Eleven-B.
2025-DEN-quarterbacks_coach,2025,DEN,quarterbacks_coach,missing_formal_role,Davis Webb,medium,resolved,https://www.denverbroncos.com/news/broncos-announce-updates-to-2025-coaching-staff,Independent audit resolved every regular-season week with source-backed person intervals and/or verified no-separately-designated-role evidence; see coaching_evidence_11b.csv and coaching_no_role_evidence_11b.csv.
2025-DET-offensive_coordinator-interval,2025,DET,offensive_coordinator,season_interval_verification_required,John Morton,medium,open,https://static.clubs.nfl.com/image/upload/patriots/fvc6qgwyqlztq1muztpi.pdf,"Preseason designation is sourced, but weekly tenure requires dated in-season or retrospective evidence."
2025-DET-play_caller,2025,DET,play_caller,explicit_play_caller_evidence_required,John Morton|Dan Campbell,high,resolved,https://www.espn.com/nfl/story/_/id/46137832/nfl-playcallers-32-teams-mike-mcdaniel-sean-mcvay-brian-schottenheimer,Explicit caller identity and dated weekly boundaries verified in Checkpoint Eleven-B.
2025-DET-quarterbacks_coach-interval,2025,DET,quarterbacks_coach,season_interval_verification_required,Mark Brunell,medium,open,https://static.clubs.nfl.com/image/upload/patriots/fvc6qgwyqlztq1muztpi.pdf,"Preseason designation is sourced, but weekly tenure requires dated in-season or retrospective evidence."
2025-GB-offensive_coordinator-interval,2025,GB,offensive_coordinator,season_interval_verification_required,Adam Stenavich,medium,open,https://static.clubs.nfl.com/image/upload/patriots/fvc6qgwyqlztq1muztpi.pdf,"Preseason designation is sourced, but weekly tenure requires dated in-season or retrospective evidence."
2025-GB-play_caller,2025,GB,play_caller,explicit_play_caller_evidence_required,Matt LaFleur,high,resolved,https://www.espn.com/nfl/story/_/id/46137832/nfl-playcallers-32-teams-mike-mcdaniel-sean-mcvay-brian-schottenheimer,Explicit caller identity and dated weekly boundaries verified in Checkpoint Eleven-B.
2025-GB-quarterbacks_coach-interval,2025,GB,quarterbacks_coach,season_interval_verification_required,Sean Mannion,medium,open,https://static.clubs.nfl.com/image/upload/patriots/fvc6qgwyqlztq1muztpi.pdf,"Preseason designation is sourced, but weekly tenure requires dated in-season or retrospective evidence."
2025-HOU-offensive_coordinator-interval,2025,HOU,offensive_coordinator,season_interval_verification_required,Nick Caley,medium,open,https://static.clubs.nfl.com/image/upload/patriots/fvc6qgwyqlztq1muztpi.pdf,"Preseason designation is sourced, but weekly tenure requires dated in-season or retrospective evidence."
2025-HOU-play_caller,2025,HOU,play_caller,explicit_play_caller_evidence_required,Nick Caley,high,resolved,https://www.espn.com/nfl/story/_/id/46137832/nfl-playcallers-32-teams-mike-mcdaniel-sean-mcvay-brian-schottenheimer,Explicit caller identity and dated weekly boundaries verified in Checkpoint Eleven-B.
2025-HOU-quarterbacks_coach,2025,HOU,quarterbacks_coach,missing_formal_role,Jerrod Johnson,medium,resolved,https://www.houstontexans.com/news/houston-texans-announce-2025-coaching-staff,Independent audit resolved every regular-season week with source-backed person intervals and/or verified no-separately-designated-role evidence; see coaching_evidence_11b.csv and coaching_no_role_evidence_11b.csv.
2025-IND-offensive_coordinator-interval,2025,IND,offensive_coordinator,season_interval_verification_required,Jim Bob Cooter,medium,open,https://static.clubs.nfl.com/image/upload/patriots/fvc6qgwyqlztq1muztpi.pdf,"Preseason designation is sourced, but weekly tenure requires dated in-season or retrospective evidence."
2025-IND-play_caller,2025,IND,play_caller,explicit_play_caller_evidence_required,Shane Steichen,high,resolved,https://www.espn.com/nfl/story/_/id/46137832/nfl-playcallers-32-teams-mike-mcdaniel-sean-mcvay-brian-schottenheimer,Explicit caller identity and dated weekly boundaries verified in Checkpoint Eleven-B.
2025-IND-quarterbacks_coach-interval,2025,IND,quarterbacks_coach,season_interval_verification_required,Cam Turner,medium,open,https://static.clubs.nfl.com/image/upload/patriots/fvc6qgwyqlztq1muztpi.pdf,"Preseason designation is sourced, but weekly tenure requires dated in-season or retrospective evidence."
2025-JAX-offensive_coordinator,2025,JAX,offensive_coordinator,missing_formal_role,Grant Udinski,medium,resolved,https://www.jaguars.com/news/jaguars-add-to-2025-coaching-staff,Independent audit resolved every regular-season week with source-backed person intervals and/or verified no-separately-designated-role evidence; see coaching_evidence_11b.csv and coaching_no_role_evidence_11b.csv.
2025-JAX-play_caller,2025,JAX,play_caller,explicit_play_caller_evidence_required,Liam Coen,high,resolved,https://www.espn.com/nfl/story/_/id/46137832/nfl-playcallers-32-teams-mike-mcdaniel-sean-mcvay-brian-schottenheimer,Explicit caller identity and dated weekly boundaries verified in Checkpoint Eleven-B.
2025-JAX-quarterbacks_coach-interval,2025,JAX,quarterbacks_coach,season_interval_verification_required,Spencer Whipple,medium,open,https://static.clubs.nfl.com/image/upload/patriots/fvc6qgwyqlztq1muztpi.pdf,"Preseason designation is sourced, but weekly tenure requires dated in-season or retrospective evidence."
2025-KC-offensive_coordinator-interval,2025,KC,offensive_coordinator,season_interval_verification_required,Matt Nagy,medium,open,https://static.clubs.nfl.com/image/upload/patriots/fvc6qgwyqlztq1muztpi.pdf,"Preseason designation is sourced, but weekly tenure requires dated in-season or retrospective evidence."
2025-KC-play_caller,2025,KC,play_caller,explicit_play_caller_evidence_required,Andy Reid,high,resolved,https://www.espn.com/nfl/story/_/id/46137832/nfl-playcallers-32-teams-mike-mcdaniel-sean-mcvay-brian-schottenheimer,Explicit caller identity and dated weekly boundaries verified in Checkpoint Eleven-B.
2025-KC-quarterbacks_coach-interval,2025,KC,quarterbacks_coach,season_interval_verification_required,David Girardi,medium,open,https://static.clubs.nfl.com/image/upload/patriots/fvc6qgwyqlztq1muztpi.pdf,"Preseason designation is sourced, but weekly tenure requires dated in-season or retrospective evidence."
2025-LA-offensive_coordinator-interval,2025,LA,offensive_coordinator,season_interval_verification_required,Mike LaFleur,medium,open,https://static.clubs.nfl.com/image/upload/patriots/fvc6qgwyqlztq1muztpi.pdf,"Preseason designation is sourced, but weekly tenure requires dated in-season or retrospective evidence."
2025-LA-play_caller,2025,LA,play_caller,explicit_play_caller_evidence_required,Sean McVay,high,resolved,https://www.espn.com/nfl/story/_/id/46137832/nfl-playcallers-32-teams-mike-mcdaniel-sean-mcvay-brian-schottenheimer,Explicit caller identity and dated weekly boundaries verified in Checkpoint Eleven-B.
2025-LA-quarterbacks_coach-interval,2025,LA,quarterbacks_coach,season_interval_verification_required,Dave Ragone,medium,open,https://static.clubs.nfl.com/image/upload/patriots/fvc6qgwyqlztq1muztpi.pdf,"Preseason designation is sourced, but weekly tenure requires dated in-season or retrospective evidence."
2025-LAC-offensive_coordinator-interval,2025,LAC,offensive_coordinator,season_interval_verification_required,Greg Roman,medium,open,https://static.clubs.nfl.com/image/upload/patriots/fvc6qgwyqlztq1muztpi.pdf,"Preseason designation is sourced, but weekly tenure requires dated in-season or retrospective evidence."
2025-LAC-play_caller,2025,LAC,play_caller,explicit_play_caller_evidence_required,Greg Roman,high,resolved,https://www.espn.com/nfl/story/_/id/46137832/nfl-playcallers-32-teams-mike-mcdaniel-sean-mcvay-brian-schottenheimer,Explicit caller identity and dated weekly boundaries verified in Checkpoint Eleven-B.
2025-LAC-quarterbacks_coach-interval,2025,LAC,quarterbacks_coach,season_interval_verification_required,Shane Day,medium,open,https://static.clubs.nfl.com/image/upload/patriots/fvc6qgwyqlztq1muztpi.pdf,"Preseason designation is sourced, but weekly tenure requires dated in-season or retrospective evidence."
2025-LV-offensive_coordinator-interval,2025,LV,offensive_coordinator,season_interval_verification_required,Chip Kelly,medium,open,https://static.clubs.nfl.com/image/upload/patriots/fvc6qgwyqlztq1muztpi.pdf,"Preseason designation is sourced, but weekly tenure requires dated in-season or retrospective evidence."
2025-LV-play_caller,2025,LV,play_caller,explicit_play_caller_evidence_required,Chip Kelly|Greg Olson,high,resolved,https://www.espn.com/nfl/story/_/id/46137832/nfl-playcallers-32-teams-mike-mcdaniel-sean-mcvay-brian-schottenheimer,Explicit caller identity and dated weekly boundaries verified in Checkpoint Eleven-B.
2025-LV-quarterbacks_coach-interval,2025,LV,quarterbacks_coach,season_interval_verification_required,Greg Olson,medium,open,https://static.clubs.nfl.com/image/upload/patriots/fvc6qgwyqlztq1muztpi.pdf,"Preseason designation is sourced, but weekly tenure requires dated in-season or retrospective evidence."
2025-MIA-offensive_coordinator-interval,2025,MIA,offensive_coordinator,season_interval_verification_required,Frank Smith,medium,open,https://static.clubs.nfl.com/image/upload/patriots/fvc6qgwyqlztq1muztpi.pdf,"Preseason designation is sourced, but weekly tenure requires dated in-season or retrospective evidence."
2025-MIA-play_caller,2025,MIA,play_caller,explicit_play_caller_evidence_required,Mike McDaniel,high,resolved,https://www.espn.com/nfl/story/_/id/46137832/nfl-playcallers-32-teams-mike-mcdaniel-sean-mcvay-brian-schottenheimer,Explicit caller identity and dated weekly boundaries verified in Checkpoint Eleven-B.
2025-MIA-quarterbacks_coach-interval,2025,MIA,quarterbacks_coach,season_interval_verification_required,Darrell Bevell,medium,open,https://static.clubs.nfl.com/image/upload/patriots/fvc6qgwyqlztq1muztpi.pdf,"Preseason designation is sourced, but weekly tenure requires dated in-season or retrospective evidence."
2025-MIN-offensive_coordinator-interval,2025,MIN,offensive_coordinator,season_interval_verification_required,Wes Phillips,medium,open,https://static.clubs.nfl.com/image/upload/patriots/fvc6qgwyqlztq1muztpi.pdf,"Preseason designation is sourced, but weekly tenure requires dated in-season or retrospective evidence."
2025-MIN-play_caller,2025,MIN,play_caller,explicit_play_caller_evidence_required,Kevin O'Connell,high,resolved,https://www.espn.com/nfl/story/_/id/46137832/nfl-playcallers-32-teams-mike-mcdaniel-sean-mcvay-brian-schottenheimer,Explicit caller identity and dated weekly boundaries verified in Checkpoint Eleven-B.
2025-MIN-quarterbacks_coach,2025,MIN,quarterbacks_coach,missing_formal_role,Josh McCown,medium,resolved,https://www.vikings.com/news/2025-coaching-staff,Independent audit resolved every regular-season week with source-backed person intervals and/or verified no-separately-designated-role evidence; see coaching_evidence_11b.csv and coaching_no_role_evidence_11b.csv.
2025-NE-offensive_coordinator-interval,2025,NE,offensive_coordinator,season_interval_verification_required,Josh McDaniels,medium,open,https://static.clubs.nfl.com/image/upload/patriots/fvc6qgwyqlztq1muztpi.pdf,"Preseason designation is sourced, but weekly tenure requires dated in-season or retrospective evidence."
2025-NE-play_caller,2025,NE,play_caller,explicit_play_caller_evidence_required,Josh McDaniels,high,resolved,https://www.espn.com/nfl/story/_/id/46137832/nfl-playcallers-32-teams-mike-mcdaniel-sean-mcvay-brian-schottenheimer,Explicit caller identity and dated weekly boundaries verified in Checkpoint Eleven-B.
2025-NE-quarterbacks_coach-interval,2025,NE,quarterbacks_coach,season_interval_verification_required,Ashton Grant,medium,open,https://static.clubs.nfl.com/image/upload/patriots/fvc6qgwyqlztq1muztpi.pdf,"Preseason designation is sourced, but weekly tenure requires dated in-season or retrospective evidence."
2025-NO-offensive_coordinator-interval,2025,NO,offensive_coordinator,season_interval_verification_required,Doug Nussmeier,medium,open,https://static.clubs.nfl.com/image/upload/patriots/fvc6qgwyqlztq1muztpi.pdf,"Preseason designation is sourced, but weekly tenure requires dated in-season or retrospective evidence."
2025-NO-play_caller,2025,NO,play_caller,explicit_play_caller_evidence_required,Kellen Moore,high,resolved,https://www.espn.com/nfl/story/_/id/46137832/nfl-playcallers-32-teams-mike-mcdaniel-sean-mcvay-brian-schottenheimer,Explicit caller identity and dated weekly boundaries verified in Checkpoint Eleven-B.
2025-NO-quarterbacks_coach-interval,2025,NO,quarterbacks_coach,season_interval_verification_required,Scott Tolzien,medium,open,https://static.clubs.nfl.com/image/upload/patriots/fvc6qgwyqlztq1muztpi.pdf,"Preseason designation is sourced, but weekly tenure requires dated in-season or retrospective evidence."
2025-NYG-offensive_coordinator,2025,NYG,offensive_coordinator,missing_formal_role,Mike Kafka|Tim Kelly,medium,resolved,https://www.giants.com/news/te-coach-tim-kelly-to-serve-as-giants-new-oc-mike-kafka-to-continue-calling-plays,Independent audit resolved every regular-season week with source-backed person intervals and/or verified no-separately-designated-role evidence; see coaching_evidence_11b.csv and coaching_no_role_evidence_11b.csv.
2025-NYG-play_caller,2025,NYG,play_caller,explicit_play_caller_evidence_required,Mike Kafka,high,resolved,https://www.espn.com/nfl/story/_/id/46137832/nfl-playcallers-32-teams-mike-mcdaniel-sean-mcvay-brian-schottenheimer,Explicit caller identity and dated weekly boundaries verified in Checkpoint Eleven-B.
2025-NYG-quarterbacks_coach,2025,NYG,quarterbacks_coach,missing_formal_role,Shea Tierney,medium,resolved,https://www.giants.com/photos/photos-brian-daboll-s-2025-coaching-staff,Independent audit resolved every regular-season week with source-backed person intervals and/or verified no-separately-designated-role evidence; see coaching_evidence_11b.csv and coaching_no_role_evidence_11b.csv.
2025-NYJ-offensive_coordinator-interval,2025,NYJ,offensive_coordinator,season_interval_verification_required,Tanner Engstrand,medium,open,https://static.clubs.nfl.com/image/upload/patriots/fvc6qgwyqlztq1muztpi.pdf,"Preseason designation is sourced, but weekly tenure requires dated in-season or retrospective evidence."
2025-NYJ-play_caller,2025,NYJ,play_caller,explicit_play_caller_evidence_required,Tanner Engstrand,high,resolved,https://www.espn.com/nfl/story/_/id/46137832/nfl-playcallers-32-teams-mike-mcdaniel-sean-mcvay-brian-schottenheimer,Explicit caller identity and dated weekly boundaries verified in Checkpoint Eleven-B.
2025-NYJ-quarterbacks_coach-interval,2025,NYJ,quarterbacks_coach,season_interval_verification_required,Charles London,medium,open,https://static.clubs.nfl.com/image/upload/patriots/fvc6qgwyqlztq1muztpi.pdf,"Preseason designation is sourced, but weekly tenure requires dated in-season or retrospective evidence."
2025-PHI-offensive_coordinator-interval,2025,PHI,offensive_coordinator,season_interval_verification_required,Kevin Patullo,medium,open,https://static.clubs.nfl.com/image/upload/patriots/fvc6qgwyqlztq1muztpi.pdf,"Preseason designation is sourced, but weekly tenure requires dated in-season or retrospective evidence."
2025-PHI-play_caller,2025,PHI,play_caller,explicit_play_caller_evidence_required,Kevin Patullo,high,resolved,https://www.espn.com/nfl/story/_/id/46137832/nfl-playcallers-32-teams-mike-mcdaniel-sean-mcvay-brian-schottenheimer,Explicit caller identity and dated weekly boundaries verified in Checkpoint Eleven-B.
2025-PHI-quarterbacks_coach-interval,2025,PHI,quarterbacks_coach,season_interval_verification_required,Scot Loeffler,medium,open,https://static.clubs.nfl.com/image/upload/patriots/fvc6qgwyqlztq1muztpi.pdf,"Preseason designation is sourced, but weekly tenure requires dated in-season or retrospective evidence."
2025-PIT-offensive_coordinator-interval,2025,PIT,offensive_coordinator,season_interval_verification_required,Arthur Smith,medium,open,https://static.clubs.nfl.com/image/upload/patriots/fvc6qgwyqlztq1muztpi.pdf,"Preseason designation is sourced, but weekly tenure requires dated in-season or retrospective evidence."
2025-PIT-play_caller,2025,PIT,play_caller,explicit_play_caller_evidence_required,Arthur Smith,high,resolved,https://www.espn.com/nfl/story/_/id/46137832/nfl-playcallers-32-teams-mike-mcdaniel-sean-mcvay-brian-schottenheimer,Explicit caller identity and dated weekly boundaries verified in Checkpoint Eleven-B.
2025-PIT-quarterbacks_coach-interval,2025,PIT,quarterbacks_coach,season_interval_verification_required,Tom Arth,medium,open,https://static.clubs.nfl.com/image/upload/patriots/fvc6qgwyqlztq1muztpi.pdf,"Preseason designation is sourced, but weekly tenure requires dated in-season or retrospective evidence."
2025-SEA-offensive_coordinator-interval,2025,SEA,offensive_coordinator,season_interval_verification_required,Klint Kubiak,medium,open,https://static.clubs.nfl.com/image/upload/patriots/fvc6qgwyqlztq1muztpi.pdf,"Preseason designation is sourced, but weekly tenure requires dated in-season or retrospective evidence."
2025-SEA-play_caller,2025,SEA,play_caller,explicit_play_caller_evidence_required,Klint Kubiak,high,resolved,https://www.espn.com/nfl/story/_/id/46137832/nfl-playcallers-32-teams-mike-mcdaniel-sean-mcvay-brian-schottenheimer,Explicit caller identity and dated weekly boundaries verified in Checkpoint Eleven-B.
2025-SEA-quarterbacks_coach,2025,SEA,quarterbacks_coach,missing_formal_role,Andrew Janocko,medium,resolved,https://www.seahawks.com/news/mike-macdonald-hopes-new-offensive-coaches-give-seahawks-alignment-on-each-side-of-the-ball,Independent audit resolved every regular-season week with source-backed person intervals and/or verified no-separately-designated-role evidence; see coaching_evidence_11b.csv and coaching_no_role_evidence_11b.csv.
2025-SF-offensive_coordinator-interval,2025,SF,offensive_coordinator,season_interval_verification_required,Klay Kubiak,medium,open,https://static.clubs.nfl.com/image/upload/patriots/fvc6qgwyqlztq1muztpi.pdf,"Preseason designation is sourced, but weekly tenure requires dated in-season or retrospective evidence."
2025-SF-play_caller,2025,SF,play_caller,explicit_play_caller_evidence_required,Kyle Shanahan,high,resolved,https://www.espn.com/nfl/story/_/id/46137832/nfl-playcallers-32-teams-mike-mcdaniel-sean-mcvay-brian-schottenheimer,Explicit caller identity and dated weekly boundaries verified in Checkpoint Eleven-B.
2025-SF-quarterbacks_coach-interval,2025,SF,quarterbacks_coach,season_interval_verification_required,Mick Lombardi,medium,open,https://static.clubs.nfl.com/image/upload/patriots/fvc6qgwyqlztq1muztpi.pdf,"Preseason designation is sourced, but weekly tenure requires dated in-season or retrospective evidence."
2025-TB-offensive_coordinator-interval,2025,TB,offensive_coordinator,season_interval_verification_required,Josh Grizzard,medium,open,https://static.clubs.nfl.com/image/upload/patriots/fvc6qgwyqlztq1muztpi.pdf,"Preseason designation is sourced, but weekly tenure requires dated in-season or retrospective evidence."
2025-TB-play_caller,2025,TB,play_caller,explicit_play_caller_evidence_required,Josh Grizzard,high,resolved,https://www.espn.com/nfl/story/_/id/46137832/nfl-playcallers-32-teams-mike-mcdaniel-sean-mcvay-brian-schottenheimer,Explicit caller identity and dated weekly boundaries verified in Checkpoint Eleven-B.
2025-TB-quarterbacks_coach,2025,TB,quarterbacks_coach,missing_formal_role,Thaddeus Lewis,medium,resolved,https://www.buccaneers.com/news/2025-game-preview-buccaneers-bills-week-11,Independent audit resolved every regular-season week with source-backed person intervals and/or verified no-separately-designated-role evidence; see coaching_evidence_11b.csv and coaching_no_role_evidence_11b.csv.
2025-TEN-offensive_coordinator-interval,2025,TEN,offensive_coordinator,season_interval_verification_required,Nick Holz,medium,open,https://static.clubs.nfl.com/image/upload/patriots/fvc6qgwyqlztq1muztpi.pdf,"Preseason designation is sourced, but weekly tenure requires dated in-season or retrospective evidence."
2025-TEN-play_caller,2025,TEN,play_caller,explicit_play_caller_evidence_required,Brian Callahan|Bo Hardegree,high,resolved,https://www.espn.com/nfl/story/_/id/46137832/nfl-playcallers-32-teams-mike-mcdaniel-sean-mcvay-brian-schottenheimer,Explicit caller identity and dated weekly boundaries verified in Checkpoint Eleven-B.
2025-TEN-quarterbacks_coach-interval,2025,TEN,quarterbacks_coach,season_interval_verification_required,Bo Hardegree,medium,open,https://static.clubs.nfl.com/image/upload/patriots/fvc6qgwyqlztq1muztpi.pdf,"Preseason designation is sourced, but weekly tenure requires dated in-season or retrospective evidence."
2025-WAS-offensive_coordinator-interval,2025,WAS,offensive_coordinator,season_interval_verification_required,Kliff Kingsbury,medium,open,https://static.clubs.nfl.com/image/upload/patriots/fvc6qgwyqlztq1muztpi.pdf,"Preseason designation is sourced, but weekly tenure requires dated in-season or retrospective evidence."
2025-WAS-play_caller,2025,WAS,play_caller,explicit_play_caller_evidence_required,Kliff Kingsbury,high,resolved,https://www.espn.com/nfl/story/_/id/46137832/nfl-playcallers-32-teams-mike-mcdaniel-sean-mcvay-brian-schottenheimer,Explicit caller identity and dated weekly boundaries verified in Checkpoint Eleven-B.
2025-WAS-quarterbacks_coach-interval,2025,WAS,quarterbacks_coach,season_interval_verification_required,Tavita Pritchard,medium,open,https://static.clubs.nfl.com/image/upload/patriots/fvc6qgwyqlztq1muztpi.pdf,"Preseason designation is sourced, but weekly tenure requires dated in-season or retrospective evidence."
