assignment_key,source_url,source_title,source_type,source_accessed_at,evidence_locator,evidence_note
2010-ARI-head_coach-01-17-ken-whisenhunt,https://github.com/nflverse/nflverse-data/releases/download/pbp/play_by_play_2010.parquet,nflverse play-by-play 2010,official_release,2026-08-27,"regular-season team games, weeks 1-17",Observed head coach on each included regular-season game; interval is first through last observed game week.
2010-ARI-quarterbacks_coach-01-17-chris-miller,https://nyc3.digitaloceanspaces.com/sportsarchive-documents/prod/60e8d5ec49e0c/494499963-2010-NFL-Record-Fact-Book.pdf,2010 NFL Record & Fact Book,official_book_mirror,2026-08-27,PDF page 139 (staff page; assistant listing may continue on following pages),"Formal preseason staff title: quarterbacks. Weeks encode the season designation, not independently observed weekly tenure; does not establish play-calling duty."
2010-ATL-head_coach-01-17-mike-smith,https://github.com/nflverse/nflverse-data/releases/download/pbp/play_by_play_2010.parquet,nflverse play-by-play 2010,official_release,2026-08-27,"regular-season team games, weeks 1-17",Observed head coach on each included regular-season game; interval is first through last observed game week.
2010-ATL-offensive_coordinator-01-17-mike-mularkey,https://nyc3.digitaloceanspaces.com/sportsarchive-documents/prod/60e8d5ec49e0c/494499963-2010-NFL-Record-Fact-Book.pdf,2010 NFL Record & Fact Book,official_book_mirror,2026-08-27,PDF page 145 (staff page; assistant listing may continue on following pages),"Formal preseason staff title: offensive coordinator. Weeks encode the season designation, not independently observed weekly tenure; does not establish play-calling duty."
2010-BAL-head_coach-01-17-john-harbaugh,https://github.com/nflverse/nflverse-data/releases/download/pbp/play_by_play_2010.parquet,nflverse play-by-play 2010,official_release,2026-08-27,"regular-season team games, weeks 1-17",Observed head coach on each included regular-season game; interval is first through last observed game week.
2010-BAL-offensive_coordinator-01-17-cam-cameron,https://nyc3.digitaloceanspaces.com/sportsarchive-documents/prod/60e8d5ec49e0c/494499963-2010-NFL-Record-Fact-Book.pdf,2010 NFL Record & Fact Book,official_book_mirror,2026-08-27,PDF page 42 (staff page; assistant listing may continue on following pages),"Formal preseason staff title: offensive coordinator. Weeks encode the season designation, not independently observed weekly tenure; does not establish play-calling duty."
2010-BAL-quarterbacks_coach-01-17-jim-zorn,https://nyc3.digitaloceanspaces.com/sportsarchive-documents/prod/60e8d5ec49e0c/494499963-2010-NFL-Record-Fact-Book.pdf,2010 NFL Record & Fact Book,official_book_mirror,2026-08-27,PDF page 42 (staff page; assistant listing may continue on following pages),"Formal preseason staff title: quarterbacks. Weeks encode the season designation, not independently observed weekly tenure; does not establish play-calling duty."
2010-BUF-head_coach-01-17-chan-gailey,https://github.com/nflverse/nflverse-data/releases/download/pbp/play_by_play_2010.parquet,nflverse play-by-play 2010,official_release,2026-08-27,"regular-season team games, weeks 1-17",Observed head coach on each included regular-season game; interval is first through last observed game week.
2010-BUF-quarterbacks_coach-01-17-george-cortez,https://nyc3.digitaloceanspaces.com/sportsarchive-documents/prod/60e8d5ec49e0c/494499963-2010-NFL-Record-Fact-Book.pdf,2010 NFL Record & Fact Book,official_book_mirror,2026-08-27,PDF page 48 (staff page; assistant listing may continue on following pages),"Formal preseason staff title: quarterbacks. Weeks encode the season designation, not independently observed weekly tenure; does not establish play-calling duty."
2010-CAR-head_coach-01-17-john-fox,https://github.com/nflverse/nflverse-data/releases/download/pbp/play_by_play_2010.parquet,nflverse play-by-play 2010,official_release,2026-08-27,"regular-season team games, weeks 1-17",Observed head coach on each included regular-season game; interval is first through last observed game week.
2010-CAR-offensive_coordinator-01-17-jeff-davidson,https://nyc3.digitaloceanspaces.com/sportsarchive-documents/prod/60e8d5ec49e0c/494499963-2010-NFL-Record-Fact-Book.pdf,2010 NFL Record & Fact Book,official_book_mirror,2026-08-27,PDF page 151 (staff page; assistant listing may continue on following pages),"Formal preseason staff title: offensive coordinator. Weeks encode the season designation, not independently observed weekly tenure; does not establish play-calling duty."
2010-CAR-quarterbacks_coach-01-17-rip-scherer,https://nyc3.digitaloceanspaces.com/sportsarchive-documents/prod/60e8d5ec49e0c/494499963-2010-NFL-Record-Fact-Book.pdf,2010 NFL Record & Fact Book,official_book_mirror,2026-08-27,PDF page 151 (staff page; assistant listing may continue on following pages),"Formal preseason staff title: quarterbacks. Weeks encode the season designation, not independently observed weekly tenure; does not establish play-calling duty."
2010-CHI-head_coach-01-17-lovie-smith,https://github.com/nflverse/nflverse-data/releases/download/pbp/play_by_play_2010.parquet,nflverse play-by-play 2010,official_release,2026-08-27,"regular-season team games, weeks 1-17",Observed head coach on each included regular-season game; interval is first through last observed game week.
2010-CHI-offensive_coordinator-01-17-mike-martz,https://nyc3.digitaloceanspaces.com/sportsarchive-documents/prod/60e8d5ec49e0c/494499963-2010-NFL-Record-Fact-Book.pdf,2010 NFL Record & Fact Book,official_book_mirror,2026-08-27,PDF page 157 (staff page; assistant listing may continue on following pages),"Formal preseason staff title: offensive coordinator. Weeks encode the season designation, not independently observed weekly tenure; does not establish play-calling duty."
2010-CHI-quarterbacks_coach-01-17-shane-day,https://nyc3.digitaloceanspaces.com/sportsarchive-documents/prod/60e8d5ec49e0c/494499963-2010-NFL-Record-Fact-Book.pdf,2010 NFL Record & Fact Book,official_book_mirror,2026-08-27,PDF page 157 (staff page; assistant listing may continue on following pages),"Formal preseason staff title: quarterbacks. Weeks encode the season designation, not independently observed weekly tenure; does not establish play-calling duty."
2010-CIN-head_coach-01-17-marvin-lewis,https://github.com/nflverse/nflverse-data/releases/download/pbp/play_by_play_2010.parquet,nflverse play-by-play 2010,official_release,2026-08-27,"regular-season team games, weeks 1-17",Observed head coach on each included regular-season game; interval is first through last observed game week.
2010-CIN-offensive_coordinator-01-17-bob-bratkowski,https://nyc3.digitaloceanspaces.com/sportsarchive-documents/prod/60e8d5ec49e0c/494499963-2010-NFL-Record-Fact-Book.pdf,2010 NFL Record & Fact Book,official_book_mirror,2026-08-27,PDF page 54 (staff page; assistant listing may continue on following pages),"Formal preseason staff title: offensive coordinator. Weeks encode the season designation, not independently observed weekly tenure; does not establish play-calling duty."
2010-CIN-quarterbacks_coach-01-17-ken-zampese,https://nyc3.digitaloceanspaces.com/sportsarchive-documents/prod/60e8d5ec49e0c/494499963-2010-NFL-Record-Fact-Book.pdf,2010 NFL Record & Fact Book,official_book_mirror,2026-08-27,PDF page 54 (staff page; assistant listing may continue on following pages),"Formal preseason staff title: quarterbacks. Weeks encode the season designation, not independently observed weekly tenure; does not establish play-calling duty."
2010-CLE-head_coach-01-17-eric-mangini,https://github.com/nflverse/nflverse-data/releases/download/pbp/play_by_play_2010.parquet,nflverse play-by-play 2010,official_release,2026-08-27,"regular-season team games, weeks 1-17",Observed head coach on each included regular-season game; interval is first through last observed game week.
2010-CLE-offensive_coordinator-01-17-brian-daboll,https://nyc3.digitaloceanspaces.com/sportsarchive-documents/prod/60e8d5ec49e0c/494499963-2010-NFL-Record-Fact-Book.pdf,2010 NFL Record & Fact Book,official_book_mirror,2026-08-27,PDF page 60 (staff page; assistant listing may continue on following pages),"Formal preseason staff title: offensive coordinator. Weeks encode the season designation, not independently observed weekly tenure; does not establish play-calling duty."
2010-CLE-quarterbacks_coach-01-17-carl-smith,https://nyc3.digitaloceanspaces.com/sportsarchive-documents/prod/60e8d5ec49e0c/494499963-2010-NFL-Record-Fact-Book.pdf,2010 NFL Record & Fact Book,official_book_mirror,2026-08-27,PDF page 60 (staff page; assistant listing may continue on following pages),"Formal preseason staff title: quarterbacks. Weeks encode the season designation, not independently observed weekly tenure; does not establish play-calling duty."
2010-DAL-head_coach-01-09-wade-phillips,https://github.com/nflverse/nflverse-data/releases/download/pbp/play_by_play_2010.parquet,nflverse play-by-play 2010,official_release,2026-08-27,"regular-season team games, weeks 1-9",Observed head coach on each included regular-season game; interval is first through last observed game week.
2010-DAL-head_coach-10-17-jason-garrett,https://github.com/nflverse/nflverse-data/releases/download/pbp/play_by_play_2010.parquet,nflverse play-by-play 2010,official_release,2026-08-27,"regular-season team games, weeks 10-17",Observed head coach on each included regular-season game; interval is first through last observed game week.
2010-DAL-quarterbacks_coach-01-17-wade-wilson,https://nyc3.digitaloceanspaces.com/sportsarchive-documents/prod/60e8d5ec49e0c/494499963-2010-NFL-Record-Fact-Book.pdf,2010 NFL Record & Fact Book,official_book_mirror,2026-08-27,PDF page 163 (staff page; assistant listing may continue on following pages),"Formal preseason staff title: quarterbacks. Weeks encode the season designation, not independently observed weekly tenure; does not establish play-calling duty."
2010-DEN-head_coach-01-13-josh-mcdaniels,https://github.com/nflverse/nflverse-data/releases/download/pbp/play_by_play_2010.parquet,nflverse play-by-play 2010,official_release,2026-08-27,"regular-season team games, weeks 1-13",Observed head coach on each included regular-season game; interval is first through last observed game week.
2010-DEN-head_coach-14-17-eric-studesville,https://github.com/nflverse/nflverse-data/releases/download/pbp/play_by_play_2010.parquet,nflverse play-by-play 2010,official_release,2026-08-27,"regular-season team games, weeks 14-17",Observed head coach on each included regular-season game; interval is first through last observed game week.
2010-DEN-offensive_coordinator-01-17-mike-mccoy,https://nyc3.digitaloceanspaces.com/sportsarchive-documents/prod/60e8d5ec49e0c/494499963-2010-NFL-Record-Fact-Book.pdf,2010 NFL Record & Fact Book,official_book_mirror,2026-08-27,PDF page 66 (staff page; assistant listing may continue on following pages),"Formal preseason staff title: offensive coordinator. Weeks encode the season designation, not independently observed weekly tenure; does not establish play-calling duty."
2010-DEN-quarterbacks_coach-01-17-ben-mcdaniels,https://nyc3.digitaloceanspaces.com/sportsarchive-documents/prod/60e8d5ec49e0c/494499963-2010-NFL-Record-Fact-Book.pdf,2010 NFL Record & Fact Book,official_book_mirror,2026-08-27,PDF page 66 (staff page; assistant listing may continue on following pages),"Formal preseason staff title: quarterbacks. Weeks encode the season designation, not independently observed weekly tenure; does not establish play-calling duty."
2010-DET-head_coach-01-17-jim-schwartz,https://github.com/nflverse/nflverse-data/releases/download/pbp/play_by_play_2010.parquet,nflverse play-by-play 2010,official_release,2026-08-27,"regular-season team games, weeks 1-17",Observed head coach on each included regular-season game; interval is first through last observed game week.
2010-DET-offensive_coordinator-01-17-scott-linehan,https://nyc3.digitaloceanspaces.com/sportsarchive-documents/prod/60e8d5ec49e0c/494499963-2010-NFL-Record-Fact-Book.pdf,2010 NFL Record & Fact Book,official_book_mirror,2026-08-27,PDF page 169 (staff page; assistant listing may continue on following pages),"Formal preseason staff title: offensive coordinator. Weeks encode the season designation, not independently observed weekly tenure; does not establish play-calling duty."
2010-GB-head_coach-01-17-mike-mccarthy,https://github.com/nflverse/nflverse-data/releases/download/pbp/play_by_play_2010.parquet,nflverse play-by-play 2010,official_release,2026-08-27,"regular-season team games, weeks 1-17",Observed head coach on each included regular-season game; interval is first through last observed game week.
2010-GB-offensive_coordinator-01-17-joe-philbin,https://nyc3.digitaloceanspaces.com/sportsarchive-documents/prod/60e8d5ec49e0c/494499963-2010-NFL-Record-Fact-Book.pdf,2010 NFL Record & Fact Book,official_book_mirror,2026-08-27,PDF page 175 (staff page; assistant listing may continue on following pages),"Formal preseason staff title: offensive coordinator. Weeks encode the season designation, not independently observed weekly tenure; does not establish play-calling duty."
2010-GB-quarterbacks_coach-01-17-tom-clements,https://nyc3.digitaloceanspaces.com/sportsarchive-documents/prod/60e8d5ec49e0c/494499963-2010-NFL-Record-Fact-Book.pdf,2010 NFL Record & Fact Book,official_book_mirror,2026-08-27,PDF page 175 (staff page; assistant listing may continue on following pages),"Formal preseason staff title: quarterbacks. Weeks encode the season designation, not independently observed weekly tenure; does not establish play-calling duty."
2010-HOU-head_coach-01-17-gary-kubiak,https://github.com/nflverse/nflverse-data/releases/download/pbp/play_by_play_2010.parquet,nflverse play-by-play 2010,official_release,2026-08-27,"regular-season team games, weeks 1-17",Observed head coach on each included regular-season game; interval is first through last observed game week.
2010-HOU-offensive_coordinator-01-17-rick-dennison,https://nyc3.digitaloceanspaces.com/sportsarchive-documents/prod/60e8d5ec49e0c/494499963-2010-NFL-Record-Fact-Book.pdf,2010 NFL Record & Fact Book,official_book_mirror,2026-08-27,PDF page 72 (staff page; assistant listing may continue on following pages),"Formal preseason staff title: offensive coordinator. Weeks encode the season designation, not independently observed weekly tenure; does not establish play-calling duty."
2010-HOU-quarterbacks_coach-01-17-greg-knapp,https://nyc3.digitaloceanspaces.com/sportsarchive-documents/prod/60e8d5ec49e0c/494499963-2010-NFL-Record-Fact-Book.pdf,2010 NFL Record & Fact Book,official_book_mirror,2026-08-27,PDF page 72 (staff page; assistant listing may continue on following pages),"Formal preseason staff title: quarterbacks. Weeks encode the season designation, not independently observed weekly tenure; does not establish play-calling duty."
2010-IND-head_coach-01-17-jim-caldwell,https://github.com/nflverse/nflverse-data/releases/download/pbp/play_by_play_2010.parquet,nflverse play-by-play 2010,official_release,2026-08-27,"regular-season team games, weeks 1-17",Observed head coach on each included regular-season game; interval is first through last observed game week.
2010-IND-offensive_coordinator-01-17-clyde-christensen,https://nyc3.digitaloceanspaces.com/sportsarchive-documents/prod/60e8d5ec49e0c/494499963-2010-NFL-Record-Fact-Book.pdf,2010 NFL Record & Fact Book,official_book_mirror,2026-08-27,PDF page 78 (staff page; assistant listing may continue on following pages),"Formal preseason staff title: offensive coordinator. Weeks encode the season designation, not independently observed weekly tenure; does not establish play-calling duty."
2010-IND-quarterbacks_coach-01-17-frank-reich,https://nyc3.digitaloceanspaces.com/sportsarchive-documents/prod/60e8d5ec49e0c/494499963-2010-NFL-Record-Fact-Book.pdf,2010 NFL Record & Fact Book,official_book_mirror,2026-08-27,PDF page 78 (staff page; assistant listing may continue on following pages),"Formal preseason staff title: quarterbacks. Weeks encode the season designation, not independently observed weekly tenure; does not establish play-calling duty."
2010-JAX-head_coach-01-17-jack-del-rio,https://github.com/nflverse/nflverse-data/releases/download/pbp/play_by_play_2010.parquet,nflverse play-by-play 2010,official_release,2026-08-27,"regular-season team games, weeks 1-17",Observed head coach on each included regular-season game; interval is first through last observed game week.
2010-JAX-offensive_coordinator-01-17-dirk-koetter,https://nyc3.digitaloceanspaces.com/sportsarchive-documents/prod/60e8d5ec49e0c/494499963-2010-NFL-Record-Fact-Book.pdf,2010 NFL Record & Fact Book,official_book_mirror,2026-08-27,PDF page 84 (staff page; assistant listing may continue on following pages),"Formal preseason staff title: offensive coordinator. Weeks encode the season designation, not independently observed weekly tenure; does not establish play-calling duty."
2010-JAX-quarterbacks_coach-01-17-mike-shula,https://nyc3.digitaloceanspaces.com/sportsarchive-documents/prod/60e8d5ec49e0c/494499963-2010-NFL-Record-Fact-Book.pdf,2010 NFL Record & Fact Book,official_book_mirror,2026-08-27,PDF page 84 (staff page; assistant listing may continue on following pages),"Formal preseason staff title: quarterbacks. Weeks encode the season designation, not independently observed weekly tenure; does not establish play-calling duty."
2010-KC-head_coach-01-17-todd-haley,https://github.com/nflverse/nflverse-data/releases/download/pbp/play_by_play_2010.parquet,nflverse play-by-play 2010,official_release,2026-08-27,"regular-season team games, weeks 1-17",Observed head coach on each included regular-season game; interval is first through last observed game week.
2010-KC-offensive_coordinator-01-17-charlie-weis,https://nyc3.digitaloceanspaces.com/sportsarchive-documents/prod/60e8d5ec49e0c/494499963-2010-NFL-Record-Fact-Book.pdf,2010 NFL Record & Fact Book,official_book_mirror,2026-08-27,PDF page 90 (staff page; assistant listing may continue on following pages),"Formal preseason staff title: offensive coordinator. Weeks encode the season designation, not independently observed weekly tenure; does not establish play-calling duty."
2010-LA-head_coach-01-17-steve-spagnuolo,https://github.com/nflverse/nflverse-data/releases/download/pbp/play_by_play_2010.parquet,nflverse play-by-play 2010,official_release,2026-08-27,"regular-season team games, weeks 1-17",Observed head coach on each included regular-season game; interval is first through last observed game week.
2010-LA-offensive_coordinator-01-17-pat-shurmur,https://nyc3.digitaloceanspaces.com/sportsarchive-documents/prod/60e8d5ec49e0c/494499963-2010-NFL-Record-Fact-Book.pdf,2010 NFL Record & Fact Book,official_book_mirror,2026-08-27,PDF page 205 (staff page; assistant listing may continue on following pages),"Formal preseason staff title: offensive coordinator. Weeks encode the season designation, not independently observed weekly tenure; does not establish play-calling duty."
2010-LAC-head_coach-01-17-norv-turner,https://github.com/nflverse/nflverse-data/releases/download/pbp/play_by_play_2010.parquet,nflverse play-by-play 2010,official_release,2026-08-27,"regular-season team games, weeks 1-17",Observed head coach on each included regular-season game; interval is first through last observed game week.
2010-LAC-quarterbacks_coach-01-17-john-ramsdell,https://nyc3.digitaloceanspaces.com/sportsarchive-documents/prod/60e8d5ec49e0c/494499963-2010-NFL-Record-Fact-Book.pdf,2010 NFL Record & Fact Book,official_book_mirror,2026-08-27,PDF page 126 (staff page; assistant listing may continue on following pages),"Formal preseason staff title: quarterbacks. Weeks encode the season designation, not independently observed weekly tenure; does not establish play-calling duty."
2010-LV-head_coach-01-17-tom-cable,https://github.com/nflverse/nflverse-data/releases/download/pbp/play_by_play_2010.parquet,nflverse play-by-play 2010,official_release,2026-08-27,"regular-season team games, weeks 1-17",Observed head coach on each included regular-season game; interval is first through last observed game week.
2010-LV-offensive_coordinator-01-17-hue-jackson,https://nyc3.digitaloceanspaces.com/sportsarchive-documents/prod/60e8d5ec49e0c/494499963-2010-NFL-Record-Fact-Book.pdf,2010 NFL Record & Fact Book,official_book_mirror,2026-08-27,PDF page 114 (staff page; assistant listing may continue on following pages),"Formal preseason staff title: offensive coordinator. Weeks encode the season designation, not independently observed weekly tenure; does not establish play-calling duty."
2010-LV-quarterbacks_coach-01-17-paul-hackett,https://nyc3.digitaloceanspaces.com/sportsarchive-documents/prod/60e8d5ec49e0c/494499963-2010-NFL-Record-Fact-Book.pdf,2010 NFL Record & Fact Book,official_book_mirror,2026-08-27,PDF page 114 (staff page; assistant listing may continue on following pages),"Formal preseason staff title: quarterbacks. Weeks encode the season designation, not independently observed weekly tenure; does not establish play-calling duty."
2010-MIA-head_coach-01-17-tony-sparano,https://github.com/nflverse/nflverse-data/releases/download/pbp/play_by_play_2010.parquet,nflverse play-by-play 2010,official_release,2026-08-27,"regular-season team games, weeks 1-17",Observed head coach on each included regular-season game; interval is first through last observed game week.
2010-MIA-offensive_coordinator-01-17-dan-henning,https://nyc3.digitaloceanspaces.com/sportsarchive-documents/prod/60e8d5ec49e0c/494499963-2010-NFL-Record-Fact-Book.pdf,2010 NFL Record & Fact Book,official_book_mirror,2026-08-27,PDF page 96 (staff page; assistant listing may continue on following pages),"Formal preseason staff title: offensive coordinator. Weeks encode the season designation, not independently observed weekly tenure; does not establish play-calling duty."
2010-MIA-quarterbacks_coach-01-17-david-lee,https://nyc3.digitaloceanspaces.com/sportsarchive-documents/prod/60e8d5ec49e0c/494499963-2010-NFL-Record-Fact-Book.pdf,2010 NFL Record & Fact Book,official_book_mirror,2026-08-27,PDF page 96 (staff page; assistant listing may continue on following pages),"Formal preseason staff title: quarterbacks. Weeks encode the season designation, not independently observed weekly tenure; does not establish play-calling duty."
2010-MIN-head_coach-01-11-brad-childress,https://github.com/nflverse/nflverse-data/releases/download/pbp/play_by_play_2010.parquet,nflverse play-by-play 2010,official_release,2026-08-27,"regular-season team games, weeks 1-11",Observed head coach on each included regular-season game; interval is first through last observed game week.
2010-MIN-head_coach-12-17-leslie-frazier,https://github.com/nflverse/nflverse-data/releases/download/pbp/play_by_play_2010.parquet,nflverse play-by-play 2010,official_release,2026-08-27,"regular-season team games, weeks 12-17",Observed head coach on each included regular-season game; interval is first through last observed game week.
2010-MIN-offensive_coordinator-01-17-darrell-bevell,https://nyc3.digitaloceanspaces.com/sportsarchive-documents/prod/60e8d5ec49e0c/494499963-2010-NFL-Record-Fact-Book.pdf,2010 NFL Record & Fact Book,official_book_mirror,2026-08-27,PDF page 181 (staff page; assistant listing may continue on following pages),"Formal preseason staff title: offensive coordinator. Weeks encode the season designation, not independently observed weekly tenure; does not establish play-calling duty."
2010-MIN-quarterbacks_coach-01-17-kevin-rogers,https://nyc3.digitaloceanspaces.com/sportsarchive-documents/prod/60e8d5ec49e0c/494499963-2010-NFL-Record-Fact-Book.pdf,2010 NFL Record & Fact Book,official_book_mirror,2026-08-27,PDF page 181 (staff page; assistant listing may continue on following pages),"Formal preseason staff title: quarterbacks. Weeks encode the season designation, not independently observed weekly tenure; does not establish play-calling duty."
2010-NE-head_coach-01-17-bill-belichick,https://github.com/nflverse/nflverse-data/releases/download/pbp/play_by_play_2010.parquet,nflverse play-by-play 2010,official_release,2026-08-27,"regular-season team games, weeks 1-17",Observed head coach on each included regular-season game; interval is first through last observed game week.
2010-NO-head_coach-01-17-sean-payton,https://github.com/nflverse/nflverse-data/releases/download/pbp/play_by_play_2010.parquet,nflverse play-by-play 2010,official_release,2026-08-27,"regular-season team games, weeks 1-17",Observed head coach on each included regular-season game; interval is first through last observed game week.
2010-NO-quarterbacks_coach-01-17-joe-lombardi,https://nyc3.digitaloceanspaces.com/sportsarchive-documents/prod/60e8d5ec49e0c/494499963-2010-NFL-Record-Fact-Book.pdf,2010 NFL Record & Fact Book,official_book_mirror,2026-08-27,PDF page 187 (staff page; assistant listing may continue on following pages),"Formal preseason staff title: quarterbacks. Weeks encode the season designation, not independently observed weekly tenure; does not establish play-calling duty."
2010-NYG-head_coach-01-17-tom-coughlin,https://github.com/nflverse/nflverse-data/releases/download/pbp/play_by_play_2010.parquet,nflverse play-by-play 2010,official_release,2026-08-27,"regular-season team games, weeks 1-17",Observed head coach on each included regular-season game; interval is first through last observed game week.
2010-NYG-offensive_coordinator-01-17-kevin-gilbride,https://nyc3.digitaloceanspaces.com/sportsarchive-documents/prod/60e8d5ec49e0c/494499963-2010-NFL-Record-Fact-Book.pdf,2010 NFL Record & Fact Book,official_book_mirror,2026-08-27,PDF page 193 (staff page; assistant listing may continue on following pages),"Formal preseason staff title: offensive coordinator. Weeks encode the season designation, not independently observed weekly tenure; does not establish play-calling duty."
2010-NYG-quarterbacks_coach-01-17-mike-sullivan,https://nyc3.digitaloceanspaces.com/sportsarchive-documents/prod/60e8d5ec49e0c/494499963-2010-NFL-Record-Fact-Book.pdf,2010 NFL Record & Fact Book,official_book_mirror,2026-08-27,PDF page 193 (staff page; assistant listing may continue on following pages),"Formal preseason staff title: quarterbacks. Weeks encode the season designation, not independently observed weekly tenure; does not establish play-calling duty."
2010-NYJ-head_coach-01-17-rex-ryan,https://github.com/nflverse/nflverse-data/releases/download/pbp/play_by_play_2010.parquet,nflverse play-by-play 2010,official_release,2026-08-27,"regular-season team games, weeks 1-17",Observed head coach on each included regular-season game; interval is first through last observed game week.
2010-NYJ-quarterbacks_coach-01-17-matt-cavanaugh,https://nyc3.digitaloceanspaces.com/sportsarchive-documents/prod/60e8d5ec49e0c/494499963-2010-NFL-Record-Fact-Book.pdf,2010 NFL Record & Fact Book,official_book_mirror,2026-08-27,PDF page 108 (staff page; assistant listing may continue on following pages),"Formal preseason staff title: quarterbacks. Weeks encode the season designation, not independently observed weekly tenure; does not establish play-calling duty."
2010-PHI-head_coach-01-17-andy-reid,https://github.com/nflverse/nflverse-data/releases/download/pbp/play_by_play_2010.parquet,nflverse play-by-play 2010,official_release,2026-08-27,"regular-season team games, weeks 1-17",Observed head coach on each included regular-season game; interval is first through last observed game week.
2010-PHI-quarterbacks_coach-01-17-james-urban,https://nyc3.digitaloceanspaces.com/sportsarchive-documents/prod/60e8d5ec49e0c/494499963-2010-NFL-Record-Fact-Book.pdf,2010 NFL Record & Fact Book,official_book_mirror,2026-08-27,PDF page 199 (staff page; assistant listing may continue on following pages),"Formal preseason staff title: quarterbacks. Weeks encode the season designation, not independently observed weekly tenure; does not establish play-calling duty."
2010-PIT-head_coach-01-17-mike-tomlin,https://github.com/nflverse/nflverse-data/releases/download/pbp/play_by_play_2010.parquet,nflverse play-by-play 2010,official_release,2026-08-27,"regular-season team games, weeks 1-17",Observed head coach on each included regular-season game; interval is first through last observed game week.
2010-PIT-offensive_coordinator-01-17-bruce-arians,https://nyc3.digitaloceanspaces.com/sportsarchive-documents/prod/60e8d5ec49e0c/494499963-2010-NFL-Record-Fact-Book.pdf,2010 NFL Record & Fact Book,official_book_mirror,2026-08-27,PDF page 120 (staff page; assistant listing may continue on following pages),"Formal preseason staff title: offensive coordinator. Weeks encode the season designation, not independently observed weekly tenure; does not establish play-calling duty."
2010-PIT-quarterbacks_coach-01-17-randy-fichtner,https://nyc3.digitaloceanspaces.com/sportsarchive-documents/prod/60e8d5ec49e0c/494499963-2010-NFL-Record-Fact-Book.pdf,2010 NFL Record & Fact Book,official_book_mirror,2026-08-27,PDF page 120 (staff page; assistant listing may continue on following pages),"Formal preseason staff title: quarterbacks. Weeks encode the season designation, not independently observed weekly tenure; does not establish play-calling duty."
2010-SEA-head_coach-01-17-pete-carroll,https://github.com/nflverse/nflverse-data/releases/download/pbp/play_by_play_2010.parquet,nflverse play-by-play 2010,official_release,2026-08-27,"regular-season team games, weeks 1-17",Observed head coach on each included regular-season game; interval is first through last observed game week.
2010-SEA-offensive_coordinator-01-17-jeremy-bates,https://nyc3.digitaloceanspaces.com/sportsarchive-documents/prod/60e8d5ec49e0c/494499963-2010-NFL-Record-Fact-Book.pdf,2010 NFL Record & Fact Book,official_book_mirror,2026-08-27,PDF page 217 (staff page; assistant listing may continue on following pages),"Formal preseason staff title: offensive coordinator. Weeks encode the season designation, not independently observed weekly tenure; does not establish play-calling duty."
2010-SEA-quarterbacks_coach-01-17-jedd-fisch,https://nyc3.digitaloceanspaces.com/sportsarchive-documents/prod/60e8d5ec49e0c/494499963-2010-NFL-Record-Fact-Book.pdf,2010 NFL Record & Fact Book,official_book_mirror,2026-08-27,PDF page 217 (staff page; assistant listing may continue on following pages),"Formal preseason staff title: quarterbacks. Weeks encode the season designation, not independently observed weekly tenure; does not establish play-calling duty."
2010-SF-head_coach-01-16-mike-singletary,https://github.com/nflverse/nflverse-data/releases/download/pbp/play_by_play_2010.parquet,nflverse play-by-play 2010,official_release,2026-08-27,"regular-season team games, weeks 1-16",Observed head coach on each included regular-season game; interval is first through last observed game week.
2010-SF-head_coach-17-17-jim-tomsula,https://github.com/nflverse/nflverse-data/releases/download/pbp/play_by_play_2010.parquet,nflverse play-by-play 2010,official_release,2026-08-27,"regular-season team games, weeks 17-17",Observed head coach on each included regular-season game; interval is first through last observed game week.
2010-SF-offensive_coordinator-01-17-jimmy-raye,https://nyc3.digitaloceanspaces.com/sportsarchive-documents/prod/60e8d5ec49e0c/494499963-2010-NFL-Record-Fact-Book.pdf,2010 NFL Record & Fact Book,official_book_mirror,2026-08-27,PDF page 211 (staff page; assistant listing may continue on following pages),"Formal preseason staff title: offensive coordinator. Weeks encode the season designation, not independently observed weekly tenure; does not establish play-calling duty."
2010-SF-quarterbacks_coach-01-17-mike-johnson,https://nyc3.digitaloceanspaces.com/sportsarchive-documents/prod/60e8d5ec49e0c/494499963-2010-NFL-Record-Fact-Book.pdf,2010 NFL Record & Fact Book,official_book_mirror,2026-08-27,PDF page 211 (staff page; assistant listing may continue on following pages),"Formal preseason staff title: quarterbacks. Weeks encode the season designation, not independently observed weekly tenure; does not establish play-calling duty."
2010-TB-head_coach-01-17-raheem-morris,https://github.com/nflverse/nflverse-data/releases/download/pbp/play_by_play_2010.parquet,nflverse play-by-play 2010,official_release,2026-08-27,"regular-season team games, weeks 1-17",Observed head coach on each included regular-season game; interval is first through last observed game week.
2010-TB-offensive_coordinator-01-17-greg-olson,https://nyc3.digitaloceanspaces.com/sportsarchive-documents/prod/60e8d5ec49e0c/494499963-2010-NFL-Record-Fact-Book.pdf,2010 NFL Record & Fact Book,official_book_mirror,2026-08-27,PDF page 223 (staff page; assistant listing may continue on following pages),"Formal preseason staff title: offensive coordinator. Weeks encode the season designation, not independently observed weekly tenure; does not establish play-calling duty."
2010-TB-quarterbacks_coach-01-17-alex-van-pelt,https://nyc3.digitaloceanspaces.com/sportsarchive-documents/prod/60e8d5ec49e0c/494499963-2010-NFL-Record-Fact-Book.pdf,2010 NFL Record & Fact Book,official_book_mirror,2026-08-27,PDF page 223 (staff page; assistant listing may continue on following pages),"Formal preseason staff title: quarterbacks. Weeks encode the season designation, not independently observed weekly tenure; does not establish play-calling duty."
2010-TEN-head_coach-01-17-jeff-fisher,https://github.com/nflverse/nflverse-data/releases/download/pbp/play_by_play_2010.parquet,nflverse play-by-play 2010,official_release,2026-08-27,"regular-season team games, weeks 1-17",Observed head coach on each included regular-season game; interval is first through last observed game week.
2010-TEN-quarterbacks_coach-01-17-craig-johnson,https://nyc3.digitaloceanspaces.com/sportsarchive-documents/prod/60e8d5ec49e0c/494499963-2010-NFL-Record-Fact-Book.pdf,2010 NFL Record & Fact Book,official_book_mirror,2026-08-27,PDF page 132 (staff page; assistant listing may continue on following pages),"Formal preseason staff title: quarterbacks. Weeks encode the season designation, not independently observed weekly tenure; does not establish play-calling duty."
2010-WAS-head_coach-01-17-mike-shanahan,https://github.com/nflverse/nflverse-data/releases/download/pbp/play_by_play_2010.parquet,nflverse play-by-play 2010,official_release,2026-08-27,"regular-season team games, weeks 1-17",Observed head coach on each included regular-season game; interval is first through last observed game week.
2010-WAS-offensive_coordinator-01-17-kyle-shanahan,https://nyc3.digitaloceanspaces.com/sportsarchive-documents/prod/60e8d5ec49e0c/494499963-2010-NFL-Record-Fact-Book.pdf,2010 NFL Record & Fact Book,official_book_mirror,2026-08-27,PDF page 229 (staff page; assistant listing may continue on following pages),"Formal preseason staff title: offensive coordinator. Weeks encode the season designation, not independently observed weekly tenure; does not establish play-calling duty."
2010-WAS-quarterbacks_coach-01-17-matt-lafleur,https://nyc3.digitaloceanspaces.com/sportsarchive-documents/prod/60e8d5ec49e0c/494499963-2010-NFL-Record-Fact-Book.pdf,2010 NFL Record & Fact Book,official_book_mirror,2026-08-27,PDF page 229 (staff page; assistant listing may continue on following pages),"Formal preseason staff title: quarterbacks. Weeks encode the season designation, not independently observed weekly tenure; does not establish play-calling duty."
2011-ARI-head_coach-01-17-ken-whisenhunt,https://github.com/nflverse/nflverse-data/releases/download/pbp/play_by_play_2011.parquet,nflverse play-by-play 2011,official_release,2026-08-27,"regular-season team games, weeks 1-17",Observed head coach on each included regular-season game; interval is first through last observed game week.
2011-ARI-offensive_coordinator-01-17-mike-miller,https://basement.crucifyd.com/zone/seahawks/record-fact/NFL%20-%202011%20-%20Record%20%26%20Fact%20Book.pdf,2011 NFL Record & Fact Book,official_book_mirror,2026-08-27,PDF page 139 (staff page; assistant listing may continue on following pages),"Formal preseason staff title: offensive coordinator. Weeks encode the season designation, not independently observed weekly tenure; does not establish play-calling duty."
2011-ARI-quarterbacks_coach-01-17-chris-miller,https://basement.crucifyd.com/zone/seahawks/record-fact/NFL%20-%202011%20-%20Record%20%26%20Fact%20Book.pdf,2011 NFL Record & Fact Book,official_book_mirror,2026-08-27,PDF page 139 (staff page; assistant listing may continue on following pages),"Formal preseason staff title: quarterbacks. Weeks encode the season designation, not independently observed weekly tenure; does not establish play-calling duty."
2011-ATL-head_coach-01-17-mike-smith,https://github.com/nflverse/nflverse-data/releases/download/pbp/play_by_play_2011.parquet,nflverse play-by-play 2011,official_release,2026-08-27,"regular-season team games, weeks 1-17",Observed head coach on each included regular-season game; interval is first through last observed game week.
2011-ATL-offensive_coordinator-01-17-mike-mularkey,https://basement.crucifyd.com/zone/seahawks/record-fact/NFL%20-%202011%20-%20Record%20%26%20Fact%20Book.pdf,2011 NFL Record & Fact Book,official_book_mirror,2026-08-27,PDF page 145 (staff page; assistant listing may continue on following pages),"Formal preseason staff title: offensive coordinator. Weeks encode the season designation, not independently observed weekly tenure; does not establish play-calling duty."
2011-ATL-quarterbacks_coach-01-17-bob-bratkowski,https://basement.crucifyd.com/zone/seahawks/record-fact/NFL%20-%202011%20-%20Record%20%26%20Fact%20Book.pdf,2011 NFL Record & Fact Book,official_book_mirror,2026-08-27,PDF page 145 (staff page; assistant listing may continue on following pages),"Formal preseason staff title: quarterbacks. Weeks encode the season designation, not independently observed weekly tenure; does not establish play-calling duty."
2011-BAL-head_coach-01-17-john-harbaugh,https://github.com/nflverse/nflverse-data/releases/download/pbp/play_by_play_2011.parquet,nflverse play-by-play 2011,official_release,2026-08-27,"regular-season team games, weeks 1-17",Observed head coach on each included regular-season game; interval is first through last observed game week.
2011-BAL-offensive_coordinator-01-17-cam-cameron,https://basement.crucifyd.com/zone/seahawks/record-fact/NFL%20-%202011%20-%20Record%20%26%20Fact%20Book.pdf,2011 NFL Record & Fact Book,official_book_mirror,2026-08-27,PDF page 41 (staff page; assistant listing may continue on following pages),"Formal preseason staff title: offensive coordinator. Weeks encode the season designation, not independently observed weekly tenure; does not establish play-calling duty."
2011-BUF-head_coach-01-17-chan-gailey,https://github.com/nflverse/nflverse-data/releases/download/pbp/play_by_play_2011.parquet,nflverse play-by-play 2011,official_release,2026-08-27,"regular-season team games, weeks 1-17",Observed head coach on each included regular-season game; interval is first through last observed game week.
2011-BUF-quarterbacks_coach-01-17-george-cortez,https://basement.crucifyd.com/zone/seahawks/record-fact/NFL%20-%202011%20-%20Record%20%26%20Fact%20Book.pdf,2011 NFL Record & Fact Book,official_book_mirror,2026-08-27,PDF page 47 (staff page; assistant listing may continue on following pages),"Formal preseason staff title: quarterbacks. Weeks encode the season designation, not independently observed weekly tenure; does not establish play-calling duty."
2011-CAR-head_coach-01-17-ron-rivera,https://github.com/nflverse/nflverse-data/releases/download/pbp/play_by_play_2011.parquet,nflverse play-by-play 2011,official_release,2026-08-27,"regular-season team games, weeks 1-17",Observed head coach on each included regular-season game; interval is first through last observed game week.
2011-CAR-offensive_coordinator-01-17-rob-chudzinski,https://basement.crucifyd.com/zone/seahawks/record-fact/NFL%20-%202011%20-%20Record%20%26%20Fact%20Book.pdf,2011 NFL Record & Fact Book,official_book_mirror,2026-08-27,PDF page 151 (staff page; assistant listing may continue on following pages),"Formal preseason staff title: offensive coordinator. Weeks encode the season designation, not independently observed weekly tenure; does not establish play-calling duty."
2011-CAR-quarterbacks_coach-01-17-mike-shula,https://basement.crucifyd.com/zone/seahawks/record-fact/NFL%20-%202011%20-%20Record%20%26%20Fact%20Book.pdf,2011 NFL Record & Fact Book,official_book_mirror,2026-08-27,PDF page 151 (staff page; assistant listing may continue on following pages),"Formal preseason staff title: quarterbacks. Weeks encode the season designation, not independently observed weekly tenure; does not establish play-calling duty."
2011-CHI-head_coach-01-17-lovie-smith,https://github.com/nflverse/nflverse-data/releases/download/pbp/play_by_play_2011.parquet,nflverse play-by-play 2011,official_release,2026-08-27,"regular-season team games, weeks 1-17",Observed head coach on each included regular-season game; interval is first through last observed game week.
2011-CHI-offensive_coordinator-01-17-mike-martz,https://basement.crucifyd.com/zone/seahawks/record-fact/NFL%20-%202011%20-%20Record%20%26%20Fact%20Book.pdf,2011 NFL Record & Fact Book,official_book_mirror,2026-08-27,PDF page 157 (staff page; assistant listing may continue on following pages),"Formal preseason staff title: offensive coordinator. Weeks encode the season designation, not independently observed weekly tenure; does not establish play-calling duty."
2011-CHI-quarterbacks_coach-01-17-shane-day,https://basement.crucifyd.com/zone/seahawks/record-fact/NFL%20-%202011%20-%20Record%20%26%20Fact%20Book.pdf,2011 NFL Record & Fact Book,official_book_mirror,2026-08-27,PDF page 157 (staff page; assistant listing may continue on following pages),"Formal preseason staff title: quarterbacks. Weeks encode the season designation, not independently observed weekly tenure; does not establish play-calling duty."
2011-CIN-head_coach-01-17-marvin-lewis,https://github.com/nflverse/nflverse-data/releases/download/pbp/play_by_play_2011.parquet,nflverse play-by-play 2011,official_release,2026-08-27,"regular-season team games, weeks 1-17",Observed head coach on each included regular-season game; interval is first through last observed game week.
2011-CIN-offensive_coordinator-01-17-jay-gruden,https://basement.crucifyd.com/zone/seahawks/record-fact/NFL%20-%202011%20-%20Record%20%26%20Fact%20Book.pdf,2011 NFL Record & Fact Book,official_book_mirror,2026-08-27,PDF page 53 (staff page; assistant listing may continue on following pages),"Formal preseason staff title: offensive coordinator. Weeks encode the season designation, not independently observed weekly tenure; does not establish play-calling duty."
2011-CIN-quarterbacks_coach-01-17-ken-zampese,https://basement.crucifyd.com/zone/seahawks/record-fact/NFL%20-%202011%20-%20Record%20%26%20Fact%20Book.pdf,2011 NFL Record & Fact Book,official_book_mirror,2026-08-27,PDF page 53 (staff page; assistant listing may continue on following pages),"Formal preseason staff title: quarterbacks. Weeks encode the season designation, not independently observed weekly tenure; does not establish play-calling duty."
2011-CLE-head_coach-01-17-pat-shurmur,https://github.com/nflverse/nflverse-data/releases/download/pbp/play_by_play_2011.parquet,nflverse play-by-play 2011,official_release,2026-08-27,"regular-season team games, weeks 1-17",Observed head coach on each included regular-season game; interval is first through last observed game week.
2011-CLE-quarterbacks_coach-01-17-mark-whipple,https://basement.crucifyd.com/zone/seahawks/record-fact/NFL%20-%202011%20-%20Record%20%26%20Fact%20Book.pdf,2011 NFL Record & Fact Book,official_book_mirror,2026-08-27,PDF page 59 (staff page; assistant listing may continue on following pages),"Formal preseason staff title: quarterbacks. Weeks encode the season designation, not independently observed weekly tenure; does not establish play-calling duty."
2011-DAL-head_coach-01-17-jason-garrett,https://github.com/nflverse/nflverse-data/releases/download/pbp/play_by_play_2011.parquet,nflverse play-by-play 2011,official_release,2026-08-27,"regular-season team games, weeks 1-17",Observed head coach on each included regular-season game; interval is first through last observed game week.
2011-DAL-quarterbacks_coach-01-17-wade-wilson,https://basement.crucifyd.com/zone/seahawks/record-fact/NFL%20-%202011%20-%20Record%20%26%20Fact%20Book.pdf,2011 NFL Record & Fact Book,official_book_mirror,2026-08-27,PDF page 163 (staff page; assistant listing may continue on following pages),"Formal preseason staff title: quarterbacks. Weeks encode the season designation, not independently observed weekly tenure; does not establish play-calling duty."
2011-DEN-head_coach-01-17-john-fox,https://github.com/nflverse/nflverse-data/releases/download/pbp/play_by_play_2011.parquet,nflverse play-by-play 2011,official_release,2026-08-27,"regular-season team games, weeks 1-17",Observed head coach on each included regular-season game; interval is first through last observed game week.
2011-DEN-offensive_coordinator-01-17-mike-mccoy,https://basement.crucifyd.com/zone/seahawks/record-fact/NFL%20-%202011%20-%20Record%20%26%20Fact%20Book.pdf,2011 NFL Record & Fact Book,official_book_mirror,2026-08-27,PDF page 65 (staff page; assistant listing may continue on following pages),"Formal preseason staff title: offensive coordinator. Weeks encode the season designation, not independently observed weekly tenure; does not establish play-calling duty."
2011-DEN-quarterbacks_coach-01-17-adam-gase,https://basement.crucifyd.com/zone/seahawks/record-fact/NFL%20-%202011%20-%20Record%20%26%20Fact%20Book.pdf,2011 NFL Record & Fact Book,official_book_mirror,2026-08-27,PDF page 65 (staff page; assistant listing may continue on following pages),"Formal preseason staff title: quarterbacks. Weeks encode the season designation, not independently observed weekly tenure; does not establish play-calling duty."
2011-DET-head_coach-01-17-jim-schwartz,https://github.com/nflverse/nflverse-data/releases/download/pbp/play_by_play_2011.parquet,nflverse play-by-play 2011,official_release,2026-08-27,"regular-season team games, weeks 1-17",Observed head coach on each included regular-season game; interval is first through last observed game week.
2011-DET-offensive_coordinator-01-17-scott-linehan,https://basement.crucifyd.com/zone/seahawks/record-fact/NFL%20-%202011%20-%20Record%20%26%20Fact%20Book.pdf,2011 NFL Record & Fact Book,official_book_mirror,2026-08-27,PDF page 169 (staff page; assistant listing may continue on following pages),"Formal preseason staff title: offensive coordinator. Weeks encode the season designation, not independently observed weekly tenure; does not establish play-calling duty."
2011-GB-head_coach-01-17-mike-mccarthy,https://github.com/nflverse/nflverse-data/releases/download/pbp/play_by_play_2011.parquet,nflverse play-by-play 2011,official_release,2026-08-27,"regular-season team games, weeks 1-17",Observed head coach on each included regular-season game; interval is first through last observed game week.
2011-GB-offensive_coordinator-01-17-joe-philbin,https://basement.crucifyd.com/zone/seahawks/record-fact/NFL%20-%202011%20-%20Record%20%26%20Fact%20Book.pdf,2011 NFL Record & Fact Book,official_book_mirror,2026-08-27,PDF page 175 (staff page; assistant listing may continue on following pages),"Formal preseason staff title: offensive coordinator. Weeks encode the season designation, not independently observed weekly tenure; does not establish play-calling duty."
2011-GB-quarterbacks_coach-01-17-tom-clements,https://basement.crucifyd.com/zone/seahawks/record-fact/NFL%20-%202011%20-%20Record%20%26%20Fact%20Book.pdf,2011 NFL Record & Fact Book,official_book_mirror,2026-08-27,PDF page 175 (staff page; assistant listing may continue on following pages),"Formal preseason staff title: quarterbacks. Weeks encode the season designation, not independently observed weekly tenure; does not establish play-calling duty."
2011-HOU-head_coach-01-17-gary-kubiak,https://github.com/nflverse/nflverse-data/releases/download/pbp/play_by_play_2011.parquet,nflverse play-by-play 2011,official_release,2026-08-27,"regular-season team games, weeks 1-17",Observed head coach on each included regular-season game; interval is first through last observed game week.
2011-HOU-offensive_coordinator-01-17-rick-dennison,https://basement.crucifyd.com/zone/seahawks/record-fact/NFL%20-%202011%20-%20Record%20%26%20Fact%20Book.pdf,2011 NFL Record & Fact Book,official_book_mirror,2026-08-27,PDF page 71 (staff page; assistant listing may continue on following pages),"Formal preseason staff title: offensive coordinator. Weeks encode the season designation, not independently observed weekly tenure; does not establish play-calling duty."
2011-HOU-quarterbacks_coach-01-17-greg-knapp,https://basement.crucifyd.com/zone/seahawks/record-fact/NFL%20-%202011%20-%20Record%20%26%20Fact%20Book.pdf,2011 NFL Record & Fact Book,official_book_mirror,2026-08-27,PDF page 71 (staff page; assistant listing may continue on following pages),"Formal preseason staff title: quarterbacks. Weeks encode the season designation, not independently observed weekly tenure; does not establish play-calling duty."
2011-IND-head_coach-01-17-jim-caldwell,https://github.com/nflverse/nflverse-data/releases/download/pbp/play_by_play_2011.parquet,nflverse play-by-play 2011,official_release,2026-08-27,"regular-season team games, weeks 1-17",Observed head coach on each included regular-season game; interval is first through last observed game week.
2011-IND-offensive_coordinator-01-17-clyde-christensen,https://basement.crucifyd.com/zone/seahawks/record-fact/NFL%20-%202011%20-%20Record%20%26%20Fact%20Book.pdf,2011 NFL Record & Fact Book,official_book_mirror,2026-08-27,PDF page 77 (staff page; assistant listing may continue on following pages),"Formal preseason staff title: offensive coordinator. Weeks encode the season designation, not independently observed weekly tenure; does not establish play-calling duty."
2011-IND-quarterbacks_coach-01-17-ron-turner,https://basement.crucifyd.com/zone/seahawks/record-fact/NFL%20-%202011%20-%20Record%20%26%20Fact%20Book.pdf,2011 NFL Record & Fact Book,official_book_mirror,2026-08-27,PDF page 77 (staff page; assistant listing may continue on following pages),"Formal preseason staff title: quarterbacks. Weeks encode the season designation, not independently observed weekly tenure; does not establish play-calling duty."
2011-JAX-head_coach-01-12-jack-del-rio,https://github.com/nflverse/nflverse-data/releases/download/pbp/play_by_play_2011.parquet,nflverse play-by-play 2011,official_release,2026-08-27,"regular-season team games, weeks 1-12",Observed head coach on each included regular-season game; interval is first through last observed game week.
2011-JAX-head_coach-13-17-mel-tucker,https://github.com/nflverse/nflverse-data/releases/download/pbp/play_by_play_2011.parquet,nflverse play-by-play 2011,official_release,2026-08-27,"regular-season team games, weeks 13-17",Observed head coach on each included regular-season game; interval is first through last observed game week.
2011-JAX-offensive_coordinator-01-17-dirk-koetter,https://basement.crucifyd.com/zone/seahawks/record-fact/NFL%20-%202011%20-%20Record%20%26%20Fact%20Book.pdf,2011 NFL Record & Fact Book,official_book_mirror,2026-08-27,PDF page 83 (staff page; assistant listing may continue on following pages),"Formal preseason staff title: offensive coordinator. Weeks encode the season designation, not independently observed weekly tenure; does not establish play-calling duty."
2011-KC-head_coach-01-14-todd-haley,https://github.com/nflverse/nflverse-data/releases/download/pbp/play_by_play_2011.parquet,nflverse play-by-play 2011,official_release,2026-08-27,"regular-season team games, weeks 1-14",Observed head coach on each included regular-season game; interval is first through last observed game week.
2011-KC-head_coach-15-17-romeo-crennel,https://github.com/nflverse/nflverse-data/releases/download/pbp/play_by_play_2011.parquet,nflverse play-by-play 2011,official_release,2026-08-27,"regular-season team games, weeks 15-17",Observed head coach on each included regular-season game; interval is first through last observed game week.
2011-KC-offensive_coordinator-01-17-bill-muir,https://basement.crucifyd.com/zone/seahawks/record-fact/NFL%20-%202011%20-%20Record%20%26%20Fact%20Book.pdf,2011 NFL Record & Fact Book,official_book_mirror,2026-08-27,PDF page 89 (staff page; assistant listing may continue on following pages),"Formal preseason staff title: offensive coordinator/offensive. Weeks encode the season designation, not independently observed weekly tenure; does not establish play-calling duty."
2011-KC-quarterbacks_coach-01-17-jim-zorn,https://basement.crucifyd.com/zone/seahawks/record-fact/NFL%20-%202011%20-%20Record%20%26%20Fact%20Book.pdf,2011 NFL Record & Fact Book,official_book_mirror,2026-08-27,PDF page 89 (staff page; assistant listing may continue on following pages),"Formal preseason staff title: quarterbacks. Weeks encode the season designation, not independently observed weekly tenure; does not establish play-calling duty."
2011-LA-head_coach-01-17-steve-spagnuolo,https://github.com/nflverse/nflverse-data/releases/download/pbp/play_by_play_2011.parquet,nflverse play-by-play 2011,official_release,2026-08-27,"regular-season team games, weeks 1-17",Observed head coach on each included regular-season game; interval is first through last observed game week.
2011-LA-offensive_coordinator-01-17-josh-mcdaniels,https://basement.crucifyd.com/zone/seahawks/record-fact/NFL%20-%202011%20-%20Record%20%26%20Fact%20Book.pdf,2011 NFL Record & Fact Book,official_book_mirror,2026-08-27,PDF page 205 (staff page; assistant listing may continue on following pages),"Formal preseason staff title: offensive coordinator. Weeks encode the season designation, not independently observed weekly tenure; does not establish play-calling duty."
2011-LAC-head_coach-01-17-norv-turner,https://github.com/nflverse/nflverse-data/releases/download/pbp/play_by_play_2011.parquet,nflverse play-by-play 2011,official_release,2026-08-27,"regular-season team games, weeks 1-17",Observed head coach on each included regular-season game; interval is first through last observed game week.
2011-LAC-quarterbacks_coach-01-17-john-ramsdell,https://basement.crucifyd.com/zone/seahawks/record-fact/NFL%20-%202011%20-%20Record%20%26%20Fact%20Book.pdf,2011 NFL Record & Fact Book,official_book_mirror,2026-08-27,PDF page 125 (staff page; assistant listing may continue on following pages),"Formal preseason staff title: quarterbacks. Weeks encode the season designation, not independently observed weekly tenure; does not establish play-calling duty."
2011-LV-head_coach-01-17-hue-jackson,https://github.com/nflverse/nflverse-data/releases/download/pbp/play_by_play_2011.parquet,nflverse play-by-play 2011,official_release,2026-08-27,"regular-season team games, weeks 1-17",Observed head coach on each included regular-season game; interval is first through last observed game week.
2011-LV-offensive_coordinator-01-17-al-saunders,https://basement.crucifyd.com/zone/seahawks/record-fact/NFL%20-%202011%20-%20Record%20%26%20Fact%20Book.pdf,2011 NFL Record & Fact Book,official_book_mirror,2026-08-27,PDF page 113 (staff page; assistant listing may continue on following pages),"Formal preseason staff title: offensive coordinator. Weeks encode the season designation, not independently observed weekly tenure; does not establish play-calling duty."
2011-MIA-head_coach-01-14-tony-sparano,https://github.com/nflverse/nflverse-data/releases/download/pbp/play_by_play_2011.parquet,nflverse play-by-play 2011,official_release,2026-08-27,"regular-season team games, weeks 1-14",Observed head coach on each included regular-season game; interval is first through last observed game week.
2011-MIA-head_coach-15-17-todd-bowles,https://github.com/nflverse/nflverse-data/releases/download/pbp/play_by_play_2011.parquet,nflverse play-by-play 2011,official_release,2026-08-27,"regular-season team games, weeks 15-17",Observed head coach on each included regular-season game; interval is first through last observed game week.
2011-MIA-offensive_coordinator-01-17-brian-daboll,https://basement.crucifyd.com/zone/seahawks/record-fact/NFL%20-%202011%20-%20Record%20%26%20Fact%20Book.pdf,2011 NFL Record & Fact Book,official_book_mirror,2026-08-27,PDF page 95 (staff page; assistant listing may continue on following pages),"Formal preseason staff title: offensive coordinator. Weeks encode the season designation, not independently observed weekly tenure; does not establish play-calling duty."
2011-MIA-quarterbacks_coach-01-17-karl-dorrell,https://basement.crucifyd.com/zone/seahawks/record-fact/NFL%20-%202011%20-%20Record%20%26%20Fact%20Book.pdf,2011 NFL Record & Fact Book,official_book_mirror,2026-08-27,PDF page 95 (staff page; assistant listing may continue on following pages),"Formal preseason staff title: quarterbacks. Weeks encode the season designation, not independently observed weekly tenure; does not establish play-calling duty."
2011-MIN-head_coach-01-17-leslie-frazier,https://github.com/nflverse/nflverse-data/releases/download/pbp/play_by_play_2011.parquet,nflverse play-by-play 2011,official_release,2026-08-27,"regular-season team games, weeks 1-17",Observed head coach on each included regular-season game; interval is first through last observed game week.
2011-MIN-offensive_coordinator-01-17-bill-musgrave,https://basement.crucifyd.com/zone/seahawks/record-fact/NFL%20-%202011%20-%20Record%20%26%20Fact%20Book.pdf,2011 NFL Record & Fact Book,official_book_mirror,2026-08-27,PDF page 181 (staff page; assistant listing may continue on following pages),"Formal preseason staff title: offensive coordinator. Weeks encode the season designation, not independently observed weekly tenure; does not establish play-calling duty."
2011-MIN-quarterbacks_coach-01-17-craig-johnson,https://basement.crucifyd.com/zone/seahawks/record-fact/NFL%20-%202011%20-%20Record%20%26%20Fact%20Book.pdf,2011 NFL Record & Fact Book,official_book_mirror,2026-08-27,PDF page 181 (staff page; assistant listing may continue on following pages),"Formal preseason staff title: quarterbacks. Weeks encode the season designation, not independently observed weekly tenure; does not establish play-calling duty."
2011-NE-head_coach-01-17-bill-belichick,https://github.com/nflverse/nflverse-data/releases/download/pbp/play_by_play_2011.parquet,nflverse play-by-play 2011,official_release,2026-08-27,"regular-season team games, weeks 1-17",Observed head coach on each included regular-season game; interval is first through last observed game week.
2011-NO-head_coach-01-17-sean-payton,https://github.com/nflverse/nflverse-data/releases/download/pbp/play_by_play_2011.parquet,nflverse play-by-play 2011,official_release,2026-08-27,"regular-season team games, weeks 1-17",Observed head coach on each included regular-season game; interval is first through last observed game week.
2011-NO-quarterbacks_coach-01-17-joe-lombardi,https://basement.crucifyd.com/zone/seahawks/record-fact/NFL%20-%202011%20-%20Record%20%26%20Fact%20Book.pdf,2011 NFL Record & Fact Book,official_book_mirror,2026-08-27,PDF page 187 (staff page; assistant listing may continue on following pages),"Formal preseason staff title: quarterbacks. Weeks encode the season designation, not independently observed weekly tenure; does not establish play-calling duty."
2011-NYG-head_coach-01-17-tom-coughlin,https://github.com/nflverse/nflverse-data/releases/download/pbp/play_by_play_2011.parquet,nflverse play-by-play 2011,official_release,2026-08-27,"regular-season team games, weeks 1-17",Observed head coach on each included regular-season game; interval is first through last observed game week.
2011-NYG-offensive_coordinator-01-17-kevin-gilbride,https://basement.crucifyd.com/zone/seahawks/record-fact/NFL%20-%202011%20-%20Record%20%26%20Fact%20Book.pdf,2011 NFL Record & Fact Book,official_book_mirror,2026-08-27,PDF page 193 (staff page; assistant listing may continue on following pages),"Formal preseason staff title: offensive coordinator. Weeks encode the season designation, not independently observed weekly tenure; does not establish play-calling duty."
2011-NYG-quarterbacks_coach-01-17-mike-sullivan,https://basement.crucifyd.com/zone/seahawks/record-fact/NFL%20-%202011%20-%20Record%20%26%20Fact%20Book.pdf,2011 NFL Record & Fact Book,official_book_mirror,2026-08-27,PDF page 193 (staff page; assistant listing may continue on following pages),"Formal preseason staff title: quarterbacks. Weeks encode the season designation, not independently observed weekly tenure; does not establish play-calling duty."
2011-NYJ-head_coach-01-17-rex-ryan,https://github.com/nflverse/nflverse-data/releases/download/pbp/play_by_play_2011.parquet,nflverse play-by-play 2011,official_release,2026-08-27,"regular-season team games, weeks 1-17",Observed head coach on each included regular-season game; interval is first through last observed game week.
2011-NYJ-quarterbacks_coach-01-17-matt-cavanaugh,https://basement.crucifyd.com/zone/seahawks/record-fact/NFL%20-%202011%20-%20Record%20%26%20Fact%20Book.pdf,2011 NFL Record & Fact Book,official_book_mirror,2026-08-27,PDF page 107 (staff page; assistant listing may continue on following pages),"Formal preseason staff title: quarterbacks. Weeks encode the season designation, not independently observed weekly tenure; does not establish play-calling duty."
2011-PHI-head_coach-01-17-andy-reid,https://github.com/nflverse/nflverse-data/releases/download/pbp/play_by_play_2011.parquet,nflverse play-by-play 2011,official_release,2026-08-27,"regular-season team games, weeks 1-17",Observed head coach on each included regular-season game; interval is first through last observed game week.
2011-PHI-quarterbacks_coach-01-17-doug-pederson,https://basement.crucifyd.com/zone/seahawks/record-fact/NFL%20-%202011%20-%20Record%20%26%20Fact%20Book.pdf,2011 NFL Record & Fact Book,official_book_mirror,2026-08-27,PDF page 199 (staff page; assistant listing may continue on following pages),"Formal preseason staff title: quarterbacks. Weeks encode the season designation, not independently observed weekly tenure; does not establish play-calling duty."
2011-PIT-head_coach-01-17-mike-tomlin,https://github.com/nflverse/nflverse-data/releases/download/pbp/play_by_play_2011.parquet,nflverse play-by-play 2011,official_release,2026-08-27,"regular-season team games, weeks 1-17",Observed head coach on each included regular-season game; interval is first through last observed game week.
2011-PIT-offensive_coordinator-01-17-bruce-arians,https://basement.crucifyd.com/zone/seahawks/record-fact/NFL%20-%202011%20-%20Record%20%26%20Fact%20Book.pdf,2011 NFL Record & Fact Book,official_book_mirror,2026-08-27,PDF page 119 (staff page; assistant listing may continue on following pages),"Formal preseason staff title: offensive coordinator. Weeks encode the season designation, not independently observed weekly tenure; does not establish play-calling duty."
2011-PIT-quarterbacks_coach-01-17-randy-fichtner,https://basement.crucifyd.com/zone/seahawks/record-fact/NFL%20-%202011%20-%20Record%20%26%20Fact%20Book.pdf,2011 NFL Record & Fact Book,official_book_mirror,2026-08-27,PDF page 119 (staff page; assistant listing may continue on following pages),"Formal preseason staff title: quarterbacks. Weeks encode the season designation, not independently observed weekly tenure; does not establish play-calling duty."
2011-SEA-head_coach-01-17-pete-carroll,https://github.com/nflverse/nflverse-data/releases/download/pbp/play_by_play_2011.parquet,nflverse play-by-play 2011,official_release,2026-08-27,"regular-season team games, weeks 1-17",Observed head coach on each included regular-season game; interval is first through last observed game week.
2011-SEA-offensive_coordinator-01-17-darrell-bevell,https://basement.crucifyd.com/zone/seahawks/record-fact/NFL%20-%202011%20-%20Record%20%26%20Fact%20Book.pdf,2011 NFL Record & Fact Book,official_book_mirror,2026-08-27,PDF page 217 (staff page; assistant listing may continue on following pages),"Formal preseason staff title: offensive coordinator. Weeks encode the season designation, not independently observed weekly tenure; does not establish play-calling duty."
2011-SEA-quarterbacks_coach-01-17-carl-smith,https://basement.crucifyd.com/zone/seahawks/record-fact/NFL%20-%202011%20-%20Record%20%26%20Fact%20Book.pdf,2011 NFL Record & Fact Book,official_book_mirror,2026-08-27,PDF page 217 (staff page; assistant listing may continue on following pages),"Formal preseason staff title: quarterbacks. Weeks encode the season designation, not independently observed weekly tenure; does not establish play-calling duty."
2011-SF-head_coach-01-17-jim-harbaugh,https://github.com/nflverse/nflverse-data/releases/download/pbp/play_by_play_2011.parquet,nflverse play-by-play 2011,official_release,2026-08-27,"regular-season team games, weeks 1-17",Observed head coach on each included regular-season game; interval is first through last observed game week.
2011-SF-offensive_coordinator-01-17-greg-roman,https://basement.crucifyd.com/zone/seahawks/record-fact/NFL%20-%202011%20-%20Record%20%26%20Fact%20Book.pdf,2011 NFL Record & Fact Book,official_book_mirror,2026-08-27,PDF page 211 (staff page; assistant listing may continue on following pages),"Formal preseason staff title: offensive coordinator. Weeks encode the season designation, not independently observed weekly tenure; does not establish play-calling duty."
2011-SF-quarterbacks_coach-01-17-geep-chryst,https://basement.crucifyd.com/zone/seahawks/record-fact/NFL%20-%202011%20-%20Record%20%26%20Fact%20Book.pdf,2011 NFL Record & Fact Book,official_book_mirror,2026-08-27,PDF page 211 (staff page; assistant listing may continue on following pages),"Formal preseason staff title: quarterbacks. Weeks encode the season designation, not independently observed weekly tenure; does not establish play-calling duty."
2011-TB-head_coach-01-17-raheem-morris,https://github.com/nflverse/nflverse-data/releases/download/pbp/play_by_play_2011.parquet,nflverse play-by-play 2011,official_release,2026-08-27,"regular-season team games, weeks 1-17",Observed head coach on each included regular-season game; interval is first through last observed game week.
2011-TB-offensive_coordinator-01-17-greg-olson,https://basement.crucifyd.com/zone/seahawks/record-fact/NFL%20-%202011%20-%20Record%20%26%20Fact%20Book.pdf,2011 NFL Record & Fact Book,official_book_mirror,2026-08-27,PDF page 223 (staff page; assistant listing may continue on following pages),"Formal preseason staff title: offensive coordinator. Weeks encode the season designation, not independently observed weekly tenure; does not establish play-calling duty."
2011-TB-quarterbacks_coach-01-17-alex-van-pelt,https://basement.crucifyd.com/zone/seahawks/record-fact/NFL%20-%202011%20-%20Record%20%26%20Fact%20Book.pdf,2011 NFL Record & Fact Book,official_book_mirror,2026-08-27,PDF page 223 (staff page; assistant listing may continue on following pages),"Formal preseason staff title: quarterbacks. Weeks encode the season designation, not independently observed weekly tenure; does not establish play-calling duty."
2011-TEN-head_coach-01-17-mike-munchak,https://github.com/nflverse/nflverse-data/releases/download/pbp/play_by_play_2011.parquet,nflverse play-by-play 2011,official_release,2026-08-27,"regular-season team games, weeks 1-17",Observed head coach on each included regular-season game; interval is first through last observed game week.
2011-TEN-offensive_coordinator-01-17-chris-palmer,https://basement.crucifyd.com/zone/seahawks/record-fact/NFL%20-%202011%20-%20Record%20%26%20Fact%20Book.pdf,2011 NFL Record & Fact Book,official_book_mirror,2026-08-27,PDF page 131 (staff page; assistant listing may continue on following pages),"Formal preseason staff title: offensive coordinator. Weeks encode the season designation, not independently observed weekly tenure; does not establish play-calling duty."
2011-TEN-quarterbacks_coach-01-17-dowell-loggains,https://basement.crucifyd.com/zone/seahawks/record-fact/NFL%20-%202011%20-%20Record%20%26%20Fact%20Book.pdf,2011 NFL Record & Fact Book,official_book_mirror,2026-08-27,PDF page 131 (staff page; assistant listing may continue on following pages),"Formal preseason staff title: quarterbacks/passing. Weeks encode the season designation, not independently observed weekly tenure; does not establish play-calling duty."
2011-WAS-head_coach-01-17-mike-shanahan,https://github.com/nflverse/nflverse-data/releases/download/pbp/play_by_play_2011.parquet,nflverse play-by-play 2011,official_release,2026-08-27,"regular-season team games, weeks 1-17",Observed head coach on each included regular-season game; interval is first through last observed game week.
2011-WAS-offensive_coordinator-01-17-kyle-shanahan,https://basement.crucifyd.com/zone/seahawks/record-fact/NFL%20-%202011%20-%20Record%20%26%20Fact%20Book.pdf,2011 NFL Record & Fact Book,official_book_mirror,2026-08-27,PDF page 229 (staff page; assistant listing may continue on following pages),"Formal preseason staff title: offensive coordinator. Weeks encode the season designation, not independently observed weekly tenure; does not establish play-calling duty."
2011-WAS-quarterbacks_coach-01-17-matt-lafleur,https://basement.crucifyd.com/zone/seahawks/record-fact/NFL%20-%202011%20-%20Record%20%26%20Fact%20Book.pdf,2011 NFL Record & Fact Book,official_book_mirror,2026-08-27,PDF page 229 (staff page; assistant listing may continue on following pages),"Formal preseason staff title: quarterbacks. Weeks encode the season designation, not independently observed weekly tenure; does not establish play-calling duty."
2012-ARI-head_coach-01-17-ken-whisenhunt,https://github.com/nflverse/nflverse-data/releases/download/pbp/play_by_play_2012.parquet,nflverse play-by-play 2012,official_release,2026-08-27,"regular-season team games, weeks 1-17",Observed head coach on each included regular-season game; interval is first through last observed game week.
2012-ARI-offensive_coordinator-01-17-mike-miller,https://basement.crucifyd.com/zone/seahawks/record-fact/NFL%20-%202012%20-%20Record%20%26%20Fact%20Book.pdf,2012 NFL Record & Fact Book,official_book_mirror,2026-08-27,PDF page 143 (staff page; assistant listing may continue on following pages),"Formal preseason staff title: offensive coordinator. Weeks encode the season designation, not independently observed weekly tenure; does not establish play-calling duty."
2012-ARI-quarterbacks_coach-01-17-john-mcnulty,https://basement.crucifyd.com/zone/seahawks/record-fact/NFL%20-%202012%20-%20Record%20%26%20Fact%20Book.pdf,2012 NFL Record & Fact Book,official_book_mirror,2026-08-27,PDF page 143 (staff page; assistant listing may continue on following pages),"Formal preseason staff title: quarterbacks. Weeks encode the season designation, not independently observed weekly tenure; does not establish play-calling duty."
2012-ATL-head_coach-01-17-mike-smith,https://github.com/nflverse/nflverse-data/releases/download/pbp/play_by_play_2012.parquet,nflverse play-by-play 2012,official_release,2026-08-27,"regular-season team games, weeks 1-17",Observed head coach on each included regular-season game; interval is first through last observed game week.
2012-ATL-offensive_coordinator-01-17-dirk-koetter,https://basement.crucifyd.com/zone/seahawks/record-fact/NFL%20-%202012%20-%20Record%20%26%20Fact%20Book.pdf,2012 NFL Record & Fact Book,official_book_mirror,2026-08-27,PDF page 149 (staff page; assistant listing may continue on following pages),"Formal preseason staff title: offensive coordinator. Weeks encode the season designation, not independently observed weekly tenure; does not establish play-calling duty."
2012-ATL-quarterbacks_coach-01-17-glenn-thomas,https://basement.crucifyd.com/zone/seahawks/record-fact/NFL%20-%202012%20-%20Record%20%26%20Fact%20Book.pdf,2012 NFL Record & Fact Book,official_book_mirror,2026-08-27,PDF page 149 (staff page; assistant listing may continue on following pages),"Formal preseason staff title: quarterbacks. Weeks encode the season designation, not independently observed weekly tenure; does not establish play-calling duty."
2012-BAL-head_coach-01-17-john-harbaugh,https://github.com/nflverse/nflverse-data/releases/download/pbp/play_by_play_2012.parquet,nflverse play-by-play 2012,official_release,2026-08-27,"regular-season team games, weeks 1-17",Observed head coach on each included regular-season game; interval is first through last observed game week.
2012-BAL-offensive_coordinator-01-14-cam-cameron,https://www.nfl.com/news/cam-cameron-fired-by-ravens-jim-caldwell-new-oc-0ap1000000108760,Ravens fire Cam Cameron; Jim Caldwell named offensive coordinator,official_release,2026-08-27,Change reported after Week 14,Dated league report verifies the in-season offensive-coordinator change.
2012-BAL-offensive_coordinator-15-17-jim-caldwell,https://www.nfl.com/news/cam-cameron-fired-by-ravens-jim-caldwell-new-oc-0ap1000000108760,Ravens fire Cam Cameron; Jim Caldwell named offensive coordinator,official_release,2026-08-27,Replacement effective Week 15,Dated league report verifies the replacement without a temporary designation.
2012-BAL-quarterbacks_coach-01-17-jim-caldwell,https://basement.crucifyd.com/zone/seahawks/record-fact/NFL%20-%202012%20-%20Record%20%26%20Fact%20Book.pdf,2012 NFL Record & Fact Book,official_book_mirror,2026-08-27,PDF page 45 (staff page; assistant listing may continue on following pages),"Formal preseason staff title: quarterbacks. Weeks encode the season designation, not independently observed weekly tenure; does not establish play-calling duty."
2012-BUF-head_coach-01-17-chan-gailey,https://github.com/nflverse/nflverse-data/releases/download/pbp/play_by_play_2012.parquet,nflverse play-by-play 2012,official_release,2026-08-27,"regular-season team games, weeks 1-17",Observed head coach on each included regular-season game; interval is first through last observed game week.
2012-BUF-quarterbacks_coach-01-17-david-lee,https://basement.crucifyd.com/zone/seahawks/record-fact/NFL%20-%202012%20-%20Record%20%26%20Fact%20Book.pdf,2012 NFL Record & Fact Book,official_book_mirror,2026-08-27,PDF page 51 (staff page; assistant listing may continue on following pages),"Formal preseason staff title: quarterbacks. Weeks encode the season designation, not independently observed weekly tenure; does not establish play-calling duty."
2012-CAR-head_coach-01-17-ron-rivera,https://github.com/nflverse/nflverse-data/releases/download/pbp/play_by_play_2012.parquet,nflverse play-by-play 2012,official_release,2026-08-27,"regular-season team games, weeks 1-17",Observed head coach on each included regular-season game; interval is first through last observed game week.
2012-CAR-offensive_coordinator-01-17-rob-chudzinski,https://basement.crucifyd.com/zone/seahawks/record-fact/NFL%20-%202012%20-%20Record%20%26%20Fact%20Book.pdf,2012 NFL Record & Fact Book,official_book_mirror,2026-08-27,PDF page 155 (staff page; assistant listing may continue on following pages),"Formal preseason staff title: offensive coordinator. Weeks encode the season designation, not independently observed weekly tenure; does not establish play-calling duty."
2012-CAR-quarterbacks_coach-01-17-mike-shula,https://basement.crucifyd.com/zone/seahawks/record-fact/NFL%20-%202012%20-%20Record%20%26%20Fact%20Book.pdf,2012 NFL Record & Fact Book,official_book_mirror,2026-08-27,PDF page 155 (staff page; assistant listing may continue on following pages),"Formal preseason staff title: quarterbacks. Weeks encode the season designation, not independently observed weekly tenure; does not establish play-calling duty."
2012-CHI-head_coach-01-17-lovie-smith,https://github.com/nflverse/nflverse-data/releases/download/pbp/play_by_play_2012.parquet,nflverse play-by-play 2012,official_release,2026-08-27,"regular-season team games, weeks 1-17",Observed head coach on each included regular-season game; interval is first through last observed game week.
2012-CHI-offensive_coordinator-01-17-mike-tice,https://basement.crucifyd.com/zone/seahawks/record-fact/NFL%20-%202012%20-%20Record%20%26%20Fact%20Book.pdf,2012 NFL Record & Fact Book,official_book_mirror,2026-08-27,PDF page 161 (staff page; assistant listing may continue on following pages),"Formal preseason staff title: offensive coordinator. Weeks encode the season designation, not independently observed weekly tenure; does not establish play-calling duty."
2012-CHI-quarterbacks_coach-01-17-jeremy-bates,https://basement.crucifyd.com/zone/seahawks/record-fact/NFL%20-%202012%20-%20Record%20%26%20Fact%20Book.pdf,2012 NFL Record & Fact Book,official_book_mirror,2026-08-27,PDF page 161 (staff page; assistant listing may continue on following pages),"Formal preseason staff title: quarterbacks. Weeks encode the season designation, not independently observed weekly tenure; does not establish play-calling duty."
2012-CIN-head_coach-01-17-marvin-lewis,https://github.com/nflverse/nflverse-data/releases/download/pbp/play_by_play_2012.parquet,nflverse play-by-play 2012,official_release,2026-08-27,"regular-season team games, weeks 1-17",Observed head coach on each included regular-season game; interval is first through last observed game week.
2012-CIN-offensive_coordinator-01-17-jay-gruden,https://basement.crucifyd.com/zone/seahawks/record-fact/NFL%20-%202012%20-%20Record%20%26%20Fact%20Book.pdf,2012 NFL Record & Fact Book,official_book_mirror,2026-08-27,PDF page 57 (staff page; assistant listing may continue on following pages),"Formal preseason staff title: offensive coordinator. Weeks encode the season designation, not independently observed weekly tenure; does not establish play-calling duty."
2012-CIN-quarterbacks_coach-01-17-ken-zampese,https://basement.crucifyd.com/zone/seahawks/record-fact/NFL%20-%202012%20-%20Record%20%26%20Fact%20Book.pdf,2012 NFL Record & Fact Book,official_book_mirror,2026-08-27,PDF page 57 (staff page; assistant listing may continue on following pages),"Formal preseason staff title: quarterbacks. Weeks encode the season designation, not independently observed weekly tenure; does not establish play-calling duty."
2012-CLE-head_coach-01-17-pat-shurmur,https://github.com/nflverse/nflverse-data/releases/download/pbp/play_by_play_2012.parquet,nflverse play-by-play 2012,official_release,2026-08-27,"regular-season team games, weeks 1-17",Observed head coach on each included regular-season game; interval is first through last observed game week.
2012-CLE-offensive_coordinator-01-17-brad-childress,https://basement.crucifyd.com/zone/seahawks/record-fact/NFL%20-%202012%20-%20Record%20%26%20Fact%20Book.pdf,2012 NFL Record & Fact Book,official_book_mirror,2026-08-27,PDF page 63 (staff page; assistant listing may continue on following pages),"Formal preseason staff title: offensive coordinator. Weeks encode the season designation, not independently observed weekly tenure; does not establish play-calling duty."
2012-CLE-quarterbacks_coach-01-17-mark-whipple,https://basement.crucifyd.com/zone/seahawks/record-fact/NFL%20-%202012%20-%20Record%20%26%20Fact%20Book.pdf,2012 NFL Record & Fact Book,official_book_mirror,2026-08-27,PDF page 63 (staff page; assistant listing may continue on following pages),"Formal preseason staff title: quarterbacks. Weeks encode the season designation, not independently observed weekly tenure; does not establish play-calling duty."
2012-DAL-head_coach-01-17-jason-garrett,https://github.com/nflverse/nflverse-data/releases/download/pbp/play_by_play_2012.parquet,nflverse play-by-play 2012,official_release,2026-08-27,"regular-season team games, weeks 1-17",Observed head coach on each included regular-season game; interval is first through last observed game week.
2012-DAL-quarterbacks_coach-01-17-wade-wilson,https://basement.crucifyd.com/zone/seahawks/record-fact/NFL%20-%202012%20-%20Record%20%26%20Fact%20Book.pdf,2012 NFL Record & Fact Book,official_book_mirror,2026-08-27,PDF page 167 (staff page; assistant listing may continue on following pages),"Formal preseason staff title: quarterbacks. Weeks encode the season designation, not independently observed weekly tenure; does not establish play-calling duty."
2012-DEN-head_coach-01-17-john-fox,https://github.com/nflverse/nflverse-data/releases/download/pbp/play_by_play_2012.parquet,nflverse play-by-play 2012,official_release,2026-08-27,"regular-season team games, weeks 1-17",Observed head coach on each included regular-season game; interval is first through last observed game week.
2012-DEN-offensive_coordinator-01-17-mike-mccoy,https://basement.crucifyd.com/zone/seahawks/record-fact/NFL%20-%202012%20-%20Record%20%26%20Fact%20Book.pdf,2012 NFL Record & Fact Book,official_book_mirror,2026-08-27,PDF page 69 (staff page; assistant listing may continue on following pages),"Formal preseason staff title: offensive coordinator. Weeks encode the season designation, not independently observed weekly tenure; does not establish play-calling duty."
2012-DEN-quarterbacks_coach-01-17-adam-gase,https://basement.crucifyd.com/zone/seahawks/record-fact/NFL%20-%202012%20-%20Record%20%26%20Fact%20Book.pdf,2012 NFL Record & Fact Book,official_book_mirror,2026-08-27,PDF page 69 (staff page; assistant listing may continue on following pages),"Formal preseason staff title: quarterbacks. Weeks encode the season designation, not independently observed weekly tenure; does not establish play-calling duty."
2012-DET-head_coach-01-17-jim-schwartz,https://github.com/nflverse/nflverse-data/releases/download/pbp/play_by_play_2012.parquet,nflverse play-by-play 2012,official_release,2026-08-27,"regular-season team games, weeks 1-17",Observed head coach on each included regular-season game; interval is first through last observed game week.
2012-DET-offensive_coordinator-01-17-scott-linehan,https://basement.crucifyd.com/zone/seahawks/record-fact/NFL%20-%202012%20-%20Record%20%26%20Fact%20Book.pdf,2012 NFL Record & Fact Book,official_book_mirror,2026-08-27,PDF page 173 (staff page; assistant listing may continue on following pages),"Formal preseason staff title: offensive coordinator. Weeks encode the season designation, not independently observed weekly tenure; does not establish play-calling duty."
2012-GB-head_coach-01-17-mike-mccarthy,https://github.com/nflverse/nflverse-data/releases/download/pbp/play_by_play_2012.parquet,nflverse play-by-play 2012,official_release,2026-08-27,"regular-season team games, weeks 1-17",Observed head coach on each included regular-season game; interval is first through last observed game week.
2012-GB-offensive_coordinator-01-17-tom-clements,https://basement.crucifyd.com/zone/seahawks/record-fact/NFL%20-%202012%20-%20Record%20%26%20Fact%20Book.pdf,2012 NFL Record & Fact Book,official_book_mirror,2026-08-27,PDF page 179 (staff page; assistant listing may continue on following pages),"Formal preseason staff title: offensive coordinator. Weeks encode the season designation, not independently observed weekly tenure; does not establish play-calling duty."
2012-GB-quarterbacks_coach-01-17-ben-mcadoo,https://basement.crucifyd.com/zone/seahawks/record-fact/NFL%20-%202012%20-%20Record%20%26%20Fact%20Book.pdf,2012 NFL Record & Fact Book,official_book_mirror,2026-08-27,PDF page 179 (staff page; assistant listing may continue on following pages),"Formal preseason staff title: quarterbacks. Weeks encode the season designation, not independently observed weekly tenure; does not establish play-calling duty."
2012-HOU-head_coach-01-17-gary-kubiak,https://github.com/nflverse/nflverse-data/releases/download/pbp/play_by_play_2012.parquet,nflverse play-by-play 2012,official_release,2026-08-27,"regular-season team games, weeks 1-17",Observed head coach on each included regular-season game; interval is first through last observed game week.
2012-HOU-offensive_coordinator-01-17-rick-dennison,https://basement.crucifyd.com/zone/seahawks/record-fact/NFL%20-%202012%20-%20Record%20%26%20Fact%20Book.pdf,2012 NFL Record & Fact Book,official_book_mirror,2026-08-27,PDF page 75 (staff page; assistant listing may continue on following pages),"Formal preseason staff title: offensive coordinator. Weeks encode the season designation, not independently observed weekly tenure; does not establish play-calling duty."
2012-HOU-quarterbacks_coach-01-17-karl-dorrell,https://basement.crucifyd.com/zone/seahawks/record-fact/NFL%20-%202012%20-%20Record%20%26%20Fact%20Book.pdf,2012 NFL Record & Fact Book,official_book_mirror,2026-08-27,PDF page 75 (staff page; assistant listing may continue on following pages),"Formal preseason staff title: quarterbacks. Weeks encode the season designation, not independently observed weekly tenure; does not establish play-calling duty."
2012-IND-head_coach-01-17-chuck-pagano,https://github.com/nflverse/nflverse-data/releases/download/pbp/play_by_play_2012.parquet,nflverse play-by-play 2012,official_release,2026-08-27,"regular-season team games, weeks 1-17",Observed head coach on each included regular-season game; interval is first through last observed game week.
2012-IND-offensive_coordinator-01-17-bruce-arians,https://basement.crucifyd.com/zone/seahawks/record-fact/NFL%20-%202012%20-%20Record%20%26%20Fact%20Book.pdf,2012 NFL Record & Fact Book,official_book_mirror,2026-08-27,PDF page 81 (staff page; assistant listing may continue on following pages),"Formal preseason staff title: offensive coordinator. Weeks encode the season designation, not independently observed weekly tenure; does not establish play-calling duty."
2012-IND-quarterbacks_coach-01-17-clyde-christensen,https://basement.crucifyd.com/zone/seahawks/record-fact/NFL%20-%202012%20-%20Record%20%26%20Fact%20Book.pdf,2012 NFL Record & Fact Book,official_book_mirror,2026-08-27,PDF page 81 (staff page; assistant listing may continue on following pages),"Formal preseason staff title: quarterbacks. Weeks encode the season designation, not independently observed weekly tenure; does not establish play-calling duty."
2012-JAX-head_coach-01-17-mike-mularkey,https://github.com/nflverse/nflverse-data/releases/download/pbp/play_by_play_2012.parquet,nflverse play-by-play 2012,official_release,2026-08-27,"regular-season team games, weeks 1-17",Observed head coach on each included regular-season game; interval is first through last observed game week.
2012-JAX-offensive_coordinator-01-17-bob-bratkowski,https://basement.crucifyd.com/zone/seahawks/record-fact/NFL%20-%202012%20-%20Record%20%26%20Fact%20Book.pdf,2012 NFL Record & Fact Book,official_book_mirror,2026-08-27,PDF page 87 (staff page; assistant listing may continue on following pages),"Formal preseason staff title: offensive coordinator. Weeks encode the season designation, not independently observed weekly tenure; does not establish play-calling duty."
2012-KC-head_coach-01-17-romeo-crennel,https://github.com/nflverse/nflverse-data/releases/download/pbp/play_by_play_2012.parquet,nflverse play-by-play 2012,official_release,2026-08-27,"regular-season team games, weeks 1-17",Observed head coach on each included regular-season game; interval is first through last observed game week.
2012-KC-offensive_coordinator-01-17-brian-daboll,https://basement.crucifyd.com/zone/seahawks/record-fact/NFL%20-%202012%20-%20Record%20%26%20Fact%20Book.pdf,2012 NFL Record & Fact Book,official_book_mirror,2026-08-27,PDF page 93 (staff page; assistant listing may continue on following pages),"Formal preseason staff title: offensive coordinator. Weeks encode the season designation, not independently observed weekly tenure; does not establish play-calling duty."
2012-KC-quarterbacks_coach-01-17-jim-zorn,https://basement.crucifyd.com/zone/seahawks/record-fact/NFL%20-%202012%20-%20Record%20%26%20Fact%20Book.pdf,2012 NFL Record & Fact Book,official_book_mirror,2026-08-27,PDF page 93 (staff page; assistant listing may continue on following pages),"Formal preseason staff title: quarterbacks. Weeks encode the season designation, not independently observed weekly tenure; does not establish play-calling duty."
2012-LA-head_coach-01-17-jeff-fisher,https://github.com/nflverse/nflverse-data/releases/download/pbp/play_by_play_2012.parquet,nflverse play-by-play 2012,official_release,2026-08-27,"regular-season team games, weeks 1-17",Observed head coach on each included regular-season game; interval is first through last observed game week.
2012-LA-quarterbacks_coach-01-17-frank-cignetti-jr,https://basement.crucifyd.com/zone/seahawks/record-fact/NFL%20-%202012%20-%20Record%20%26%20Fact%20Book.pdf,2012 NFL Record & Fact Book,official_book_mirror,2026-08-27,PDF page 209 (staff page; assistant listing may continue on following pages),"Formal preseason staff title: quarterbacks. Weeks encode the season designation, not independently observed weekly tenure; does not establish play-calling duty."
2012-LAC-head_coach-01-17-norv-turner,https://github.com/nflverse/nflverse-data/releases/download/pbp/play_by_play_2012.parquet,nflverse play-by-play 2012,official_release,2026-08-27,"regular-season team games, weeks 1-17",Observed head coach on each included regular-season game; interval is first through last observed game week.
2012-LAC-quarterbacks_coach-01-17-john-ramsdell,https://basement.crucifyd.com/zone/seahawks/record-fact/NFL%20-%202012%20-%20Record%20%26%20Fact%20Book.pdf,2012 NFL Record & Fact Book,official_book_mirror,2026-08-27,PDF page 129 (staff page; assistant listing may continue on following pages),"Formal preseason staff title: quarterbacks. Weeks encode the season designation, not independently observed weekly tenure; does not establish play-calling duty."
2012-LV-head_coach-01-17-dennis-allen,https://github.com/nflverse/nflverse-data/releases/download/pbp/play_by_play_2012.parquet,nflverse play-by-play 2012,official_release,2026-08-27,"regular-season team games, weeks 1-17",Observed head coach on each included regular-season game; interval is first through last observed game week.
2012-LV-offensive_coordinator-01-17-greg-knapp,https://basement.crucifyd.com/zone/seahawks/record-fact/NFL%20-%202012%20-%20Record%20%26%20Fact%20Book.pdf,2012 NFL Record & Fact Book,official_book_mirror,2026-08-27,PDF page 117 (staff page; assistant listing may continue on following pages),"Formal preseason staff title: offensive coordinator. Weeks encode the season designation, not independently observed weekly tenure; does not establish play-calling duty."
2012-LV-quarterbacks_coach-01-17-john-defilippo,https://basement.crucifyd.com/zone/seahawks/record-fact/NFL%20-%202012%20-%20Record%20%26%20Fact%20Book.pdf,2012 NFL Record & Fact Book,official_book_mirror,2026-08-27,PDF page 117 (staff page; assistant listing may continue on following pages),"Formal preseason staff title: quarterbacks. Weeks encode the season designation, not independently observed weekly tenure; does not establish play-calling duty."
2012-MIA-head_coach-01-17-joe-philbin,https://github.com/nflverse/nflverse-data/releases/download/pbp/play_by_play_2012.parquet,nflverse play-by-play 2012,official_release,2026-08-27,"regular-season team games, weeks 1-17",Observed head coach on each included regular-season game; interval is first through last observed game week.
2012-MIA-offensive_coordinator-01-17-mike-sherman,https://basement.crucifyd.com/zone/seahawks/record-fact/NFL%20-%202012%20-%20Record%20%26%20Fact%20Book.pdf,2012 NFL Record & Fact Book,official_book_mirror,2026-08-27,PDF page 99 (staff page; assistant listing may continue on following pages),"Formal preseason staff title: offensive coordinator. Weeks encode the season designation, not independently observed weekly tenure; does not establish play-calling duty."
2012-MIN-head_coach-01-17-leslie-frazier,https://github.com/nflverse/nflverse-data/releases/download/pbp/play_by_play_2012.parquet,nflverse play-by-play 2012,official_release,2026-08-27,"regular-season team games, weeks 1-17",Observed head coach on each included regular-season game; interval is first through last observed game week.
2012-MIN-offensive_coordinator-01-17-bill-musgrave,https://basement.crucifyd.com/zone/seahawks/record-fact/NFL%20-%202012%20-%20Record%20%26%20Fact%20Book.pdf,2012 NFL Record & Fact Book,official_book_mirror,2026-08-27,PDF page 185 (staff page; assistant listing may continue on following pages),"Formal preseason staff title: offensive coordinator. Weeks encode the season designation, not independently observed weekly tenure; does not establish play-calling duty."
2012-MIN-quarterbacks_coach-01-17-craig-johnson,https://basement.crucifyd.com/zone/seahawks/record-fact/NFL%20-%202012%20-%20Record%20%26%20Fact%20Book.pdf,2012 NFL Record & Fact Book,official_book_mirror,2026-08-27,PDF page 185 (staff page; assistant listing may continue on following pages),"Formal preseason staff title: quarterbacks. Weeks encode the season designation, not independently observed weekly tenure; does not establish play-calling duty."
2012-NE-head_coach-01-17-bill-belichick,https://github.com/nflverse/nflverse-data/releases/download/pbp/play_by_play_2012.parquet,nflverse play-by-play 2012,official_release,2026-08-27,"regular-season team games, weeks 1-17",Observed head coach on each included regular-season game; interval is first through last observed game week.
2012-NO-head_coach-01-07-aaron-kromer,https://github.com/nflverse/nflverse-data/releases/download/pbp/play_by_play_2012.parquet,nflverse play-by-play 2012,official_release,2026-08-27,"regular-season team games, weeks 1-7",Observed head coach on each included regular-season game; interval is first through last observed game week.
2012-NO-head_coach-08-17-joe-vitt,https://github.com/nflverse/nflverse-data/releases/download/pbp/play_by_play_2012.parquet,nflverse play-by-play 2012,official_release,2026-08-27,"regular-season team games, weeks 8-17",Observed head coach on each included regular-season game; interval is first through last observed game week.
2012-NO-offensive_coordinator-01-17-pete-carmichael,https://basement.crucifyd.com/zone/seahawks/record-fact/NFL%20-%202012%20-%20Record%20%26%20Fact%20Book.pdf,2012 NFL Record & Fact Book,official_book_mirror,2026-08-27,PDF page 191 (staff page; assistant listing may continue on following pages),"Formal preseason staff title: offensive coordinator. Weeks encode the season designation, not independently observed weekly tenure; does not establish play-calling duty."
2012-NO-quarterbacks_coach-01-17-joe-lombardi,https://basement.crucifyd.com/zone/seahawks/record-fact/NFL%20-%202012%20-%20Record%20%26%20Fact%20Book.pdf,2012 NFL Record & Fact Book,official_book_mirror,2026-08-27,PDF page 191 (staff page; assistant listing may continue on following pages),"Formal preseason staff title: quarterbacks. Weeks encode the season designation, not independently observed weekly tenure; does not establish play-calling duty."
2012-NYG-head_coach-01-17-tom-coughlin,https://github.com/nflverse/nflverse-data/releases/download/pbp/play_by_play_2012.parquet,nflverse play-by-play 2012,official_release,2026-08-27,"regular-season team games, weeks 1-17",Observed head coach on each included regular-season game; interval is first through last observed game week.
2012-NYG-offensive_coordinator-01-17-kevin-gilbride,https://basement.crucifyd.com/zone/seahawks/record-fact/NFL%20-%202012%20-%20Record%20%26%20Fact%20Book.pdf,2012 NFL Record & Fact Book,official_book_mirror,2026-08-27,PDF page 197 (staff page; assistant listing may continue on following pages),"Formal preseason staff title: offensive coordinator. Weeks encode the season designation, not independently observed weekly tenure; does not establish play-calling duty."
2012-NYG-quarterbacks_coach-01-17-sean-ryan,https://basement.crucifyd.com/zone/seahawks/record-fact/NFL%20-%202012%20-%20Record%20%26%20Fact%20Book.pdf,2012 NFL Record & Fact Book,official_book_mirror,2026-08-27,PDF page 197 (staff page; assistant listing may continue on following pages),"Formal preseason staff title: quarterbacks. Weeks encode the season designation, not independently observed weekly tenure; does not establish play-calling duty."
2012-NYJ-head_coach-01-17-rex-ryan,https://github.com/nflverse/nflverse-data/releases/download/pbp/play_by_play_2012.parquet,nflverse play-by-play 2012,official_release,2026-08-27,"regular-season team games, weeks 1-17",Observed head coach on each included regular-season game; interval is first through last observed game week.
2012-NYJ-offensive_coordinator-01-17-tony-sparano,https://basement.crucifyd.com/zone/seahawks/record-fact/NFL%20-%202012%20-%20Record%20%26%20Fact%20Book.pdf,2012 NFL Record & Fact Book,official_book_mirror,2026-08-27,PDF page 111 (staff page; assistant listing may continue on following pages),"Formal preseason staff title: offensive coordinator. Weeks encode the season designation, not independently observed weekly tenure; does not establish play-calling duty."
2012-NYJ-quarterbacks_coach-01-17-matt-cavanaugh,https://basement.crucifyd.com/zone/seahawks/record-fact/NFL%20-%202012%20-%20Record%20%26%20Fact%20Book.pdf,2012 NFL Record & Fact Book,official_book_mirror,2026-08-27,PDF page 111 (staff page; assistant listing may continue on following pages),"Formal preseason staff title: quarterbacks. Weeks encode the season designation, not independently observed weekly tenure; does not establish play-calling duty."
2012-PHI-head_coach-01-17-andy-reid,https://github.com/nflverse/nflverse-data/releases/download/pbp/play_by_play_2012.parquet,nflverse play-by-play 2012,official_release,2026-08-27,"regular-season team games, weeks 1-17",Observed head coach on each included regular-season game; interval is first through last observed game week.
2012-PHI-quarterbacks_coach-01-17-doug-pederson,https://basement.crucifyd.com/zone/seahawks/record-fact/NFL%20-%202012%20-%20Record%20%26%20Fact%20Book.pdf,2012 NFL Record & Fact Book,official_book_mirror,2026-08-27,PDF page 203 (staff page; assistant listing may continue on following pages),"Formal preseason staff title: quarterbacks. Weeks encode the season designation, not independently observed weekly tenure; does not establish play-calling duty."
2012-PIT-head_coach-01-17-mike-tomlin,https://github.com/nflverse/nflverse-data/releases/download/pbp/play_by_play_2012.parquet,nflverse play-by-play 2012,official_release,2026-08-27,"regular-season team games, weeks 1-17",Observed head coach on each included regular-season game; interval is first through last observed game week.
2012-PIT-offensive_coordinator-01-17-todd-haley,https://basement.crucifyd.com/zone/seahawks/record-fact/NFL%20-%202012%20-%20Record%20%26%20Fact%20Book.pdf,2012 NFL Record & Fact Book,official_book_mirror,2026-08-27,PDF page 123 (staff page; assistant listing may continue on following pages),"Formal preseason staff title: offensive coordinator. Weeks encode the season designation, not independently observed weekly tenure; does not establish play-calling duty."
2012-PIT-quarterbacks_coach-01-17-randy-fichtner,https://basement.crucifyd.com/zone/seahawks/record-fact/NFL%20-%202012%20-%20Record%20%26%20Fact%20Book.pdf,2012 NFL Record & Fact Book,official_book_mirror,2026-08-27,PDF page 123 (staff page; assistant listing may continue on following pages),"Formal preseason staff title: quarterbacks. Weeks encode the season designation, not independently observed weekly tenure; does not establish play-calling duty."
2012-SEA-head_coach-01-17-pete-carroll,https://github.com/nflverse/nflverse-data/releases/download/pbp/play_by_play_2012.parquet,nflverse play-by-play 2012,official_release,2026-08-27,"regular-season team games, weeks 1-17",Observed head coach on each included regular-season game; interval is first through last observed game week.
2012-SEA-offensive_coordinator-01-17-darrell-bevell,https://basement.crucifyd.com/zone/seahawks/record-fact/NFL%20-%202012%20-%20Record%20%26%20Fact%20Book.pdf,2012 NFL Record & Fact Book,official_book_mirror,2026-08-27,PDF page 221 (staff page; assistant listing may continue on following pages),"Formal preseason staff title: offensive coordinator. Weeks encode the season designation, not independently observed weekly tenure; does not establish play-calling duty."
2012-SEA-quarterbacks_coach-01-17-carl-smith,https://basement.crucifyd.com/zone/seahawks/record-fact/NFL%20-%202012%20-%20Record%20%26%20Fact%20Book.pdf,2012 NFL Record & Fact Book,official_book_mirror,2026-08-27,PDF page 221 (staff page; assistant listing may continue on following pages),"Formal preseason staff title: quarterbacks. Weeks encode the season designation, not independently observed weekly tenure; does not establish play-calling duty."
2012-SF-head_coach-01-17-jim-harbaugh,https://github.com/nflverse/nflverse-data/releases/download/pbp/play_by_play_2012.parquet,nflverse play-by-play 2012,official_release,2026-08-27,"regular-season team games, weeks 1-17",Observed head coach on each included regular-season game; interval is first through last observed game week.
2012-SF-offensive_coordinator-01-17-greg-roman,https://basement.crucifyd.com/zone/seahawks/record-fact/NFL%20-%202012%20-%20Record%20%26%20Fact%20Book.pdf,2012 NFL Record & Fact Book,official_book_mirror,2026-08-27,PDF page 215 (staff page; assistant listing may continue on following pages),"Formal preseason staff title: offensive coordinator. Weeks encode the season designation, not independently observed weekly tenure; does not establish play-calling duty."
2012-SF-quarterbacks_coach-01-17-geep-chryst,https://basement.crucifyd.com/zone/seahawks/record-fact/NFL%20-%202012%20-%20Record%20%26%20Fact%20Book.pdf,2012 NFL Record & Fact Book,official_book_mirror,2026-08-27,PDF page 215 (staff page; assistant listing may continue on following pages),"Formal preseason staff title: quarterbacks. Weeks encode the season designation, not independently observed weekly tenure; does not establish play-calling duty."
2012-TB-head_coach-01-17-greg-schiano,https://github.com/nflverse/nflverse-data/releases/download/pbp/play_by_play_2012.parquet,nflverse play-by-play 2012,official_release,2026-08-27,"regular-season team games, weeks 1-17",Observed head coach on each included regular-season game; interval is first through last observed game week.
2012-TB-offensive_coordinator-01-17-mike-sullivan,https://basement.crucifyd.com/zone/seahawks/record-fact/NFL%20-%202012%20-%20Record%20%26%20Fact%20Book.pdf,2012 NFL Record & Fact Book,official_book_mirror,2026-08-27,PDF page 227 (staff page; assistant listing may continue on following pages),"Formal preseason staff title: offensive coordinator. Weeks encode the season designation, not independently observed weekly tenure; does not establish play-calling duty."
2012-TB-quarterbacks_coach-01-17-ron-turner,https://basement.crucifyd.com/zone/seahawks/record-fact/NFL%20-%202012%20-%20Record%20%26%20Fact%20Book.pdf,2012 NFL Record & Fact Book,official_book_mirror,2026-08-27,PDF page 227 (staff page; assistant listing may continue on following pages),"Formal preseason staff title: quarterbacks. Weeks encode the season designation, not independently observed weekly tenure; does not establish play-calling duty."
2012-TEN-head_coach-01-17-mike-munchak,https://github.com/nflverse/nflverse-data/releases/download/pbp/play_by_play_2012.parquet,nflverse play-by-play 2012,official_release,2026-08-27,"regular-season team games, weeks 1-17",Observed head coach on each included regular-season game; interval is first through last observed game week.
2012-TEN-offensive_coordinator-01-12-chris-palmer,https://www.nfl.com/news/chris-palmer-fired-as-tennessee-titans-o-coordinator-0ap1000000101599,Titans fire Chris Palmer; Dowell Loggains named replacement,official_release,2026-08-27,Change reported after Week 12,Dated league report verifies the in-season offensive-coordinator change.
2012-TEN-offensive_coordinator-13-17-dowell-loggains,https://www.nfl.com/news/chris-palmer-fired-as-tennessee-titans-o-coordinator-0ap1000000101599,Titans fire Chris Palmer; Dowell Loggains named replacement,official_release,2026-08-27,Replacement effective Week 13,Dated league report verifies the in-season offensive-coordinator change.
2012-TEN-play_caller-13-17-dowell-loggains,https://www.nfl.com/news/tennessee-titans-hire-tom-moore-to-assist-offensive-coaches-0ap1000000102925,Titans identify Dowell Loggains as new play caller,official_release,2026-08-27,Dated report; weeks 13-17,Dated league report explicitly identifies Dowell Loggains as the offensive play caller for this interval.
2012-TEN-quarterbacks_coach-01-17-dowell-loggains,https://basement.crucifyd.com/zone/seahawks/record-fact/NFL%20-%202012%20-%20Record%20%26%20Fact%20Book.pdf,2012 NFL Record & Fact Book,official_book_mirror,2026-08-27,PDF page 135 (staff page; assistant listing may continue on following pages),"Formal preseason staff title: quarterbacks/passing. Weeks encode the season designation, not independently observed weekly tenure; does not establish play-calling duty."
2012-WAS-head_coach-01-17-mike-shanahan,https://github.com/nflverse/nflverse-data/releases/download/pbp/play_by_play_2012.parquet,nflverse play-by-play 2012,official_release,2026-08-27,"regular-season team games, weeks 1-17",Observed head coach on each included regular-season game; interval is first through last observed game week.
2012-WAS-offensive_coordinator-01-17-kyle-shanahan,https://basement.crucifyd.com/zone/seahawks/record-fact/NFL%20-%202012%20-%20Record%20%26%20Fact%20Book.pdf,2012 NFL Record & Fact Book,official_book_mirror,2026-08-27,PDF page 233 (staff page; assistant listing may continue on following pages),"Formal preseason staff title: offensive coordinator. Weeks encode the season designation, not independently observed weekly tenure; does not establish play-calling duty."
2012-WAS-quarterbacks_coach-01-17-matt-lafleur,https://basement.crucifyd.com/zone/seahawks/record-fact/NFL%20-%202012%20-%20Record%20%26%20Fact%20Book.pdf,2012 NFL Record & Fact Book,official_book_mirror,2026-08-27,PDF page 233 (staff page; assistant listing may continue on following pages),"Formal preseason staff title: quarterbacks. Weeks encode the season designation, not independently observed weekly tenure; does not establish play-calling duty."
2013-ARI-head_coach-01-17-bruce-arians,https://github.com/nflverse/nflverse-data/releases/download/pbp/play_by_play_2013.parquet,nflverse play-by-play 2013,official_release,2026-08-27,"regular-season team games, weeks 1-17",Observed head coach on each included regular-season game; interval is first through last observed game week.
2013-ARI-offensive_coordinator-01-17-harold-goodwin,https://basement.crucifyd.com/zone/seahawks/record-fact/NFL%20-%202013%20-%20Record%20%26%20Fact%20Book.pdf,2013 NFL Record & Fact Book,official_book_mirror,2026-08-27,PDF page 143 (staff page; assistant listing may continue on following pages),"Formal preseason staff title: offensive coordinator. Weeks encode the season designation, not independently observed weekly tenure; does not establish play-calling duty."
2013-ARI-quarterbacks_coach-01-17-freddie-kitchens,https://basement.crucifyd.com/zone/seahawks/record-fact/NFL%20-%202013%20-%20Record%20%26%20Fact%20Book.pdf,2013 NFL Record & Fact Book,official_book_mirror,2026-08-27,PDF page 143 (staff page; assistant listing may continue on following pages),"Formal preseason staff title: quarterbacks. Weeks encode the season designation, not independently observed weekly tenure; does not establish play-calling duty."
2013-ATL-head_coach-01-17-mike-smith,https://github.com/nflverse/nflverse-data/releases/download/pbp/play_by_play_2013.parquet,nflverse play-by-play 2013,official_release,2026-08-27,"regular-season team games, weeks 1-17",Observed head coach on each included regular-season game; interval is first through last observed game week.
2013-ATL-offensive_coordinator-01-17-dirk-koetter,https://basement.crucifyd.com/zone/seahawks/record-fact/NFL%20-%202013%20-%20Record%20%26%20Fact%20Book.pdf,2013 NFL Record & Fact Book,official_book_mirror,2026-08-27,PDF page 149 (staff page; assistant listing may continue on following pages),"Formal preseason staff title: offensive coordinator. Weeks encode the season designation, not independently observed weekly tenure; does not establish play-calling duty."
2013-ATL-quarterbacks_coach-01-17-glenn-thomas,https://basement.crucifyd.com/zone/seahawks/record-fact/NFL%20-%202013%20-%20Record%20%26%20Fact%20Book.pdf,2013 NFL Record & Fact Book,official_book_mirror,2026-08-27,PDF page 149 (staff page; assistant listing may continue on following pages),"Formal preseason staff title: quarterbacks. Weeks encode the season designation, not independently observed weekly tenure; does not establish play-calling duty."
2013-BAL-head_coach-01-17-john-harbaugh,https://github.com/nflverse/nflverse-data/releases/download/pbp/play_by_play_2013.parquet,nflverse play-by-play 2013,official_release,2026-08-27,"regular-season team games, weeks 1-17",Observed head coach on each included regular-season game; interval is first through last observed game week.
2013-BAL-offensive_coordinator-01-17-jim-caldwell,https://basement.crucifyd.com/zone/seahawks/record-fact/NFL%20-%202013%20-%20Record%20%26%20Fact%20Book.pdf,2013 NFL Record & Fact Book,official_book_mirror,2026-08-27,PDF page 45 (staff page; assistant listing may continue on following pages),"Formal preseason staff title: offensive coordinator. Weeks encode the season designation, not independently observed weekly tenure; does not establish play-calling duty."
2013-BUF-head_coach-01-17-doug-marrone,https://github.com/nflverse/nflverse-data/releases/download/pbp/play_by_play_2013.parquet,nflverse play-by-play 2013,official_release,2026-08-27,"regular-season team games, weeks 1-17",Observed head coach on each included regular-season game; interval is first through last observed game week.
2013-CAR-head_coach-01-17-ron-rivera,https://github.com/nflverse/nflverse-data/releases/download/pbp/play_by_play_2013.parquet,nflverse play-by-play 2013,official_release,2026-08-27,"regular-season team games, weeks 1-17",Observed head coach on each included regular-season game; interval is first through last observed game week.
2013-CAR-offensive_coordinator-01-17-mike-shula,https://basement.crucifyd.com/zone/seahawks/record-fact/NFL%20-%202013%20-%20Record%20%26%20Fact%20Book.pdf,2013 NFL Record & Fact Book,official_book_mirror,2026-08-27,PDF page 155 (staff page; assistant listing may continue on following pages),"Formal preseason staff title: offensive coordinator. Weeks encode the season designation, not independently observed weekly tenure; does not establish play-calling duty."
2013-CAR-quarterbacks_coach-01-17-ken-dorsey,https://basement.crucifyd.com/zone/seahawks/record-fact/NFL%20-%202013%20-%20Record%20%26%20Fact%20Book.pdf,2013 NFL Record & Fact Book,official_book_mirror,2026-08-27,PDF page 155 (staff page; assistant listing may continue on following pages),"Formal preseason staff title: quarterbacks. Weeks encode the season designation, not independently observed weekly tenure; does not establish play-calling duty."
2013-CHI-head_coach-01-17-marc-trestman,https://github.com/nflverse/nflverse-data/releases/download/pbp/play_by_play_2013.parquet,nflverse play-by-play 2013,official_release,2026-08-27,"regular-season team games, weeks 1-17",Observed head coach on each included regular-season game; interval is first through last observed game week.
2013-CHI-quarterbacks_coach-01-17-matt-cavanaugh,https://basement.crucifyd.com/zone/seahawks/record-fact/NFL%20-%202013%20-%20Record%20%26%20Fact%20Book.pdf,2013 NFL Record & Fact Book,official_book_mirror,2026-08-27,PDF page 161 (staff page; assistant listing may continue on following pages),"Formal preseason staff title: quarterbacks. Weeks encode the season designation, not independently observed weekly tenure; does not establish play-calling duty."
2013-CIN-head_coach-01-17-marvin-lewis,https://github.com/nflverse/nflverse-data/releases/download/pbp/play_by_play_2013.parquet,nflverse play-by-play 2013,official_release,2026-08-27,"regular-season team games, weeks 1-17",Observed head coach on each included regular-season game; interval is first through last observed game week.
2013-CIN-offensive_coordinator-01-17-jay-gruden,https://basement.crucifyd.com/zone/seahawks/record-fact/NFL%20-%202013%20-%20Record%20%26%20Fact%20Book.pdf,2013 NFL Record & Fact Book,official_book_mirror,2026-08-27,PDF page 57 (staff page; assistant listing may continue on following pages),"Formal preseason staff title: offensive coordinator. Weeks encode the season designation, not independently observed weekly tenure; does not establish play-calling duty."
2013-CIN-quarterbacks_coach-01-17-ken-zampese,https://basement.crucifyd.com/zone/seahawks/record-fact/NFL%20-%202013%20-%20Record%20%26%20Fact%20Book.pdf,2013 NFL Record & Fact Book,official_book_mirror,2026-08-27,PDF page 57 (staff page; assistant listing may continue on following pages),"Formal preseason staff title: quarterbacks. Weeks encode the season designation, not independently observed weekly tenure; does not establish play-calling duty."
2013-CLE-head_coach-01-17-rob-chudzinski,https://github.com/nflverse/nflverse-data/releases/download/pbp/play_by_play_2013.parquet,nflverse play-by-play 2013,official_release,2026-08-27,"regular-season team games, weeks 1-17",Observed head coach on each included regular-season game; interval is first through last observed game week.
2013-CLE-offensive_coordinator-01-17-norv-turner,https://basement.crucifyd.com/zone/seahawks/record-fact/NFL%20-%202013%20-%20Record%20%26%20Fact%20Book.pdf,2013 NFL Record & Fact Book,official_book_mirror,2026-08-27,PDF page 63 (staff page; assistant listing may continue on following pages),"Formal preseason staff title: offensive coordinator. Weeks encode the season designation, not independently observed weekly tenure; does not establish play-calling duty."
2013-DAL-head_coach-01-17-jason-garrett,https://github.com/nflverse/nflverse-data/releases/download/pbp/play_by_play_2013.parquet,nflverse play-by-play 2013,official_release,2026-08-27,"regular-season team games, weeks 1-17",Observed head coach on each included regular-season game; interval is first through last observed game week.
2013-DAL-quarterbacks_coach-01-17-wade-wilson,https://basement.crucifyd.com/zone/seahawks/record-fact/NFL%20-%202013%20-%20Record%20%26%20Fact%20Book.pdf,2013 NFL Record & Fact Book,official_book_mirror,2026-08-27,PDF page 167 (staff page; assistant listing may continue on following pages),"Formal preseason staff title: quarterbacks. Weeks encode the season designation, not independently observed weekly tenure; does not establish play-calling duty."
2013-DEN-head_coach-01-17-john-fox,https://github.com/nflverse/nflverse-data/releases/download/pbp/play_by_play_2013.parquet,nflverse play-by-play 2013,official_release,2026-08-27,"regular-season team games, weeks 1-17",Observed head coach on each included regular-season game; interval is first through last observed game week.
2013-DEN-offensive_coordinator-01-17-adam-gase,https://basement.crucifyd.com/zone/seahawks/record-fact/NFL%20-%202013%20-%20Record%20%26%20Fact%20Book.pdf,2013 NFL Record & Fact Book,official_book_mirror,2026-08-27,PDF page 69 (staff page; assistant listing may continue on following pages),"Formal preseason staff title: offensive coordinator. Weeks encode the season designation, not independently observed weekly tenure; does not establish play-calling duty."
2013-DEN-quarterbacks_coach-01-17-greg-knapp,https://basement.crucifyd.com/zone/seahawks/record-fact/NFL%20-%202013%20-%20Record%20%26%20Fact%20Book.pdf,2013 NFL Record & Fact Book,official_book_mirror,2026-08-27,PDF page 69 (staff page; assistant listing may continue on following pages),"Formal preseason staff title: quarterbacks. Weeks encode the season designation, not independently observed weekly tenure; does not establish play-calling duty."
2013-DET-head_coach-01-17-jim-schwartz,https://github.com/nflverse/nflverse-data/releases/download/pbp/play_by_play_2013.parquet,nflverse play-by-play 2013,official_release,2026-08-27,"regular-season team games, weeks 1-17",Observed head coach on each included regular-season game; interval is first through last observed game week.
2013-DET-offensive_coordinator-01-17-scott-linehan,https://basement.crucifyd.com/zone/seahawks/record-fact/NFL%20-%202013%20-%20Record%20%26%20Fact%20Book.pdf,2013 NFL Record & Fact Book,official_book_mirror,2026-08-27,PDF page 173 (staff page; assistant listing may continue on following pages),"Formal preseason staff title: offensive coordinator. Weeks encode the season designation, not independently observed weekly tenure; does not establish play-calling duty."
2013-DET-quarterbacks_coach-01-17-todd-downing,https://basement.crucifyd.com/zone/seahawks/record-fact/NFL%20-%202013%20-%20Record%20%26%20Fact%20Book.pdf,2013 NFL Record & Fact Book,official_book_mirror,2026-08-27,PDF page 173 (staff page; assistant listing may continue on following pages),"Formal preseason staff title: quarterbacks. Weeks encode the season designation, not independently observed weekly tenure; does not establish play-calling duty."
2013-GB-head_coach-01-17-mike-mccarthy,https://github.com/nflverse/nflverse-data/releases/download/pbp/play_by_play_2013.parquet,nflverse play-by-play 2013,official_release,2026-08-27,"regular-season team games, weeks 1-17",Observed head coach on each included regular-season game; interval is first through last observed game week.
2013-GB-offensive_coordinator-01-17-tom-clements,https://basement.crucifyd.com/zone/seahawks/record-fact/NFL%20-%202013%20-%20Record%20%26%20Fact%20Book.pdf,2013 NFL Record & Fact Book,official_book_mirror,2026-08-27,PDF page 179 (staff page; assistant listing may continue on following pages),"Formal preseason staff title: offensive coordinator. Weeks encode the season designation, not independently observed weekly tenure; does not establish play-calling duty."
2013-GB-quarterbacks_coach-01-17-ben-mcadoo,https://basement.crucifyd.com/zone/seahawks/record-fact/NFL%20-%202013%20-%20Record%20%26%20Fact%20Book.pdf,2013 NFL Record & Fact Book,official_book_mirror,2026-08-27,PDF page 179 (staff page; assistant listing may continue on following pages),"Formal preseason staff title: quarterbacks. Weeks encode the season designation, not independently observed weekly tenure; does not establish play-calling duty."
2013-HOU-head_coach-01-14-gary-kubiak,https://github.com/nflverse/nflverse-data/releases/download/pbp/play_by_play_2013.parquet,nflverse play-by-play 2013,official_release,2026-08-27,"regular-season team games, weeks 1-14",Observed head coach on each included regular-season game; interval is first through last observed game week.
2013-HOU-head_coach-15-17-wade-phillips,https://github.com/nflverse/nflverse-data/releases/download/pbp/play_by_play_2013.parquet,nflverse play-by-play 2013,official_release,2026-08-27,"regular-season team games, weeks 15-17",Observed head coach on each included regular-season game; interval is first through last observed game week.
2013-HOU-offensive_coordinator-01-17-rick-dennison,https://basement.crucifyd.com/zone/seahawks/record-fact/NFL%20-%202013%20-%20Record%20%26%20Fact%20Book.pdf,2013 NFL Record & Fact Book,official_book_mirror,2026-08-27,PDF page 75 (staff page; assistant listing may continue on following pages),"Formal preseason staff title: offensive coordinator. Weeks encode the season designation, not independently observed weekly tenure; does not establish play-calling duty."
2013-HOU-quarterbacks_coach-01-17-karl-dorrell,https://basement.crucifyd.com/zone/seahawks/record-fact/NFL%20-%202013%20-%20Record%20%26%20Fact%20Book.pdf,2013 NFL Record & Fact Book,official_book_mirror,2026-08-27,PDF page 75 (staff page; assistant listing may continue on following pages),"Formal preseason staff title: quarterbacks. Weeks encode the season designation, not independently observed weekly tenure; does not establish play-calling duty."
2013-IND-head_coach-01-17-chuck-pagano,https://github.com/nflverse/nflverse-data/releases/download/pbp/play_by_play_2013.parquet,nflverse play-by-play 2013,official_release,2026-08-27,"regular-season team games, weeks 1-17",Observed head coach on each included regular-season game; interval is first through last observed game week.
2013-IND-offensive_coordinator-01-17-pep-hamilton,https://basement.crucifyd.com/zone/seahawks/record-fact/NFL%20-%202013%20-%20Record%20%26%20Fact%20Book.pdf,2013 NFL Record & Fact Book,official_book_mirror,2026-08-27,PDF page 81 (staff page; assistant listing may continue on following pages),"Formal preseason staff title: offensive coordinator. Weeks encode the season designation, not independently observed weekly tenure; does not establish play-calling duty."
2013-IND-quarterbacks_coach-01-17-clyde-christensen,https://basement.crucifyd.com/zone/seahawks/record-fact/NFL%20-%202013%20-%20Record%20%26%20Fact%20Book.pdf,2013 NFL Record & Fact Book,official_book_mirror,2026-08-27,PDF page 81 (staff page; assistant listing may continue on following pages),"Formal preseason staff title: quarterbacks. Weeks encode the season designation, not independently observed weekly tenure; does not establish play-calling duty."
2013-JAX-head_coach-01-17-gus-bradley,https://github.com/nflverse/nflverse-data/releases/download/pbp/play_by_play_2013.parquet,nflverse play-by-play 2013,official_release,2026-08-27,"regular-season team games, weeks 1-17",Observed head coach on each included regular-season game; interval is first through last observed game week.
2013-JAX-offensive_coordinator-01-17-jedd-fisch,https://basement.crucifyd.com/zone/seahawks/record-fact/NFL%20-%202013%20-%20Record%20%26%20Fact%20Book.pdf,2013 NFL Record & Fact Book,official_book_mirror,2026-08-27,PDF page 87 (staff page; assistant listing may continue on following pages),"Formal preseason staff title: offensive coordinator. Weeks encode the season designation, not independently observed weekly tenure; does not establish play-calling duty."
2013-JAX-quarterbacks_coach-01-17-frank-scelfo,https://basement.crucifyd.com/zone/seahawks/record-fact/NFL%20-%202013%20-%20Record%20%26%20Fact%20Book.pdf,2013 NFL Record & Fact Book,official_book_mirror,2026-08-27,PDF page 87 (staff page; assistant listing may continue on following pages),"Formal preseason staff title: quarterbacks. Weeks encode the season designation, not independently observed weekly tenure; does not establish play-calling duty."
2013-KC-head_coach-01-17-andy-reid,https://github.com/nflverse/nflverse-data/releases/download/pbp/play_by_play_2013.parquet,nflverse play-by-play 2013,official_release,2026-08-27,"regular-season team games, weeks 1-17",Observed head coach on each included regular-season game; interval is first through last observed game week.
2013-KC-offensive_coordinator-01-17-doug-pederson,https://basement.crucifyd.com/zone/seahawks/record-fact/NFL%20-%202013%20-%20Record%20%26%20Fact%20Book.pdf,2013 NFL Record & Fact Book,official_book_mirror,2026-08-27,PDF page 93 (staff page; assistant listing may continue on following pages),"Formal preseason staff title: offensive coordinator. Weeks encode the season designation, not independently observed weekly tenure; does not establish play-calling duty."
2013-KC-quarterbacks_coach-01-17-matt-nagy,https://basement.crucifyd.com/zone/seahawks/record-fact/NFL%20-%202013%20-%20Record%20%26%20Fact%20Book.pdf,2013 NFL Record & Fact Book,official_book_mirror,2026-08-27,PDF page 93 (staff page; assistant listing may continue on following pages),"Formal preseason staff title: quarterbacks. Weeks encode the season designation, not independently observed weekly tenure; does not establish play-calling duty."
2013-LA-head_coach-01-17-jeff-fisher,https://github.com/nflverse/nflverse-data/releases/download/pbp/play_by_play_2013.parquet,nflverse play-by-play 2013,official_release,2026-08-27,"regular-season team games, weeks 1-17",Observed head coach on each included regular-season game; interval is first through last observed game week.
2013-LA-offensive_coordinator-01-17-brian-schottenheimer,https://basement.crucifyd.com/zone/seahawks/record-fact/NFL%20-%202013%20-%20Record%20%26%20Fact%20Book.pdf,2013 NFL Record & Fact Book,official_book_mirror,2026-08-27,PDF page 209 (staff page; assistant listing may continue on following pages),"Formal preseason staff title: offensive coordinator. Weeks encode the season designation, not independently observed weekly tenure; does not establish play-calling duty."
2013-LA-quarterbacks_coach-01-17-frank-cignetti-jr,https://basement.crucifyd.com/zone/seahawks/record-fact/NFL%20-%202013%20-%20Record%20%26%20Fact%20Book.pdf,2013 NFL Record & Fact Book,official_book_mirror,2026-08-27,PDF page 209 (staff page; assistant listing may continue on following pages),"Formal preseason staff title: quarterbacks. Weeks encode the season designation, not independently observed weekly tenure; does not establish play-calling duty."
2013-LAC-head_coach-01-17-mike-mccoy,https://github.com/nflverse/nflverse-data/releases/download/pbp/play_by_play_2013.parquet,nflverse play-by-play 2013,official_release,2026-08-27,"regular-season team games, weeks 1-17",Observed head coach on each included regular-season game; interval is first through last observed game week.
2013-LAC-offensive_coordinator-01-17-ken-whisenhunt,https://basement.crucifyd.com/zone/seahawks/record-fact/NFL%20-%202013%20-%20Record%20%26%20Fact%20Book.pdf,2013 NFL Record & Fact Book,official_book_mirror,2026-08-27,PDF page 129 (staff page; assistant listing may continue on following pages),"Formal preseason staff title: offensive coordinator. Weeks encode the season designation, not independently observed weekly tenure; does not establish play-calling duty."
2013-LAC-quarterbacks_coach-01-17-frank-reich,https://basement.crucifyd.com/zone/seahawks/record-fact/NFL%20-%202013%20-%20Record%20%26%20Fact%20Book.pdf,2013 NFL Record & Fact Book,official_book_mirror,2026-08-27,PDF page 129 (staff page; assistant listing may continue on following pages),"Formal preseason staff title: quarterbacks. Weeks encode the season designation, not independently observed weekly tenure; does not establish play-calling duty."
2013-LV-head_coach-01-17-dennis-allen,https://github.com/nflverse/nflverse-data/releases/download/pbp/play_by_play_2013.parquet,nflverse play-by-play 2013,official_release,2026-08-27,"regular-season team games, weeks 1-17",Observed head coach on each included regular-season game; interval is first through last observed game week.
2013-LV-offensive_coordinator-01-17-greg-olson,https://basement.crucifyd.com/zone/seahawks/record-fact/NFL%20-%202013%20-%20Record%20%26%20Fact%20Book.pdf,2013 NFL Record & Fact Book,official_book_mirror,2026-08-27,PDF page 117 (staff page; assistant listing may continue on following pages),"Formal preseason staff title: offensive coordinator. Weeks encode the season designation, not independently observed weekly tenure; does not establish play-calling duty."
2013-LV-quarterbacks_coach-01-17-john-defilippo,https://basement.crucifyd.com/zone/seahawks/record-fact/NFL%20-%202013%20-%20Record%20%26%20Fact%20Book.pdf,2013 NFL Record & Fact Book,official_book_mirror,2026-08-27,PDF page 117 (staff page; assistant listing may continue on following pages),"Formal preseason staff title: quarterbacks. Weeks encode the season designation, not independently observed weekly tenure; does not establish play-calling duty."
2013-MIA-head_coach-01-17-joe-philbin,https://github.com/nflverse/nflverse-data/releases/download/pbp/play_by_play_2013.parquet,nflverse play-by-play 2013,official_release,2026-08-27,"regular-season team games, weeks 1-17",Observed head coach on each included regular-season game; interval is first through last observed game week.
2013-MIA-offensive_coordinator-01-17-mike-sherman,https://basement.crucifyd.com/zone/seahawks/record-fact/NFL%20-%202013%20-%20Record%20%26%20Fact%20Book.pdf,2013 NFL Record & Fact Book,official_book_mirror,2026-08-27,PDF page 99 (staff page; assistant listing may continue on following pages),"Formal preseason staff title: offensive coordinator. Weeks encode the season designation, not independently observed weekly tenure; does not establish play-calling duty."
2013-MIA-quarterbacks_coach-01-17-zac-taylor,https://basement.crucifyd.com/zone/seahawks/record-fact/NFL%20-%202013%20-%20Record%20%26%20Fact%20Book.pdf,2013 NFL Record & Fact Book,official_book_mirror,2026-08-27,PDF page 99 (staff page; assistant listing may continue on following pages),"Formal preseason staff title: quarterbacks. Weeks encode the season designation, not independently observed weekly tenure; does not establish play-calling duty."
2013-MIN-head_coach-01-17-leslie-frazier,https://github.com/nflverse/nflverse-data/releases/download/pbp/play_by_play_2013.parquet,nflverse play-by-play 2013,official_release,2026-08-27,"regular-season team games, weeks 1-17",Observed head coach on each included regular-season game; interval is first through last observed game week.
2013-MIN-offensive_coordinator-01-17-bill-musgrave,https://basement.crucifyd.com/zone/seahawks/record-fact/NFL%20-%202013%20-%20Record%20%26%20Fact%20Book.pdf,2013 NFL Record & Fact Book,official_book_mirror,2026-08-27,PDF page 185 (staff page; assistant listing may continue on following pages),"Formal preseason staff title: offensive coordinator. Weeks encode the season designation, not independently observed weekly tenure; does not establish play-calling duty."
2013-MIN-quarterbacks_coach-01-17-craig-johnson,https://basement.crucifyd.com/zone/seahawks/record-fact/NFL%20-%202013%20-%20Record%20%26%20Fact%20Book.pdf,2013 NFL Record & Fact Book,official_book_mirror,2026-08-27,PDF page 185 (staff page; assistant listing may continue on following pages),"Formal preseason staff title: quarterbacks. Weeks encode the season designation, not independently observed weekly tenure; does not establish play-calling duty."
2013-NE-head_coach-01-17-bill-belichick,https://github.com/nflverse/nflverse-data/releases/download/pbp/play_by_play_2013.parquet,nflverse play-by-play 2013,official_release,2026-08-27,"regular-season team games, weeks 1-17",Observed head coach on each included regular-season game; interval is first through last observed game week.
2013-NO-head_coach-01-17-sean-payton,https://github.com/nflverse/nflverse-data/releases/download/pbp/play_by_play_2013.parquet,nflverse play-by-play 2013,official_release,2026-08-27,"regular-season team games, weeks 1-17",Observed head coach on each included regular-season game; interval is first through last observed game week.
2013-NO-offensive_coordinator-01-17-pete-carmichael,https://basement.crucifyd.com/zone/seahawks/record-fact/NFL%20-%202013%20-%20Record%20%26%20Fact%20Book.pdf,2013 NFL Record & Fact Book,official_book_mirror,2026-08-27,PDF page 191 (staff page; assistant listing may continue on following pages),"Formal preseason staff title: offensive coordinator. Weeks encode the season designation, not independently observed weekly tenure; does not establish play-calling duty."
2013-NO-quarterbacks_coach-01-17-joe-lombardi,https://basement.crucifyd.com/zone/seahawks/record-fact/NFL%20-%202013%20-%20Record%20%26%20Fact%20Book.pdf,2013 NFL Record & Fact Book,official_book_mirror,2026-08-27,PDF page 191 (staff page; assistant listing may continue on following pages),"Formal preseason staff title: quarterbacks. Weeks encode the season designation, not independently observed weekly tenure; does not establish play-calling duty."
2013-NYG-head_coach-01-17-tom-coughlin,https://github.com/nflverse/nflverse-data/releases/download/pbp/play_by_play_2013.parquet,nflverse play-by-play 2013,official_release,2026-08-27,"regular-season team games, weeks 1-17",Observed head coach on each included regular-season game; interval is first through last observed game week.
2013-NYG-offensive_coordinator-01-17-kevin-gilbride,https://basement.crucifyd.com/zone/seahawks/record-fact/NFL%20-%202013%20-%20Record%20%26%20Fact%20Book.pdf,2013 NFL Record & Fact Book,official_book_mirror,2026-08-27,PDF page 197 (staff page; assistant listing may continue on following pages),"Formal preseason staff title: offensive coordinator. Weeks encode the season designation, not independently observed weekly tenure; does not establish play-calling duty."
2013-NYG-quarterbacks_coach-01-17-sean-ryan,https://basement.crucifyd.com/zone/seahawks/record-fact/NFL%20-%202013%20-%20Record%20%26%20Fact%20Book.pdf,2013 NFL Record & Fact Book,official_book_mirror,2026-08-27,PDF page 197 (staff page; assistant listing may continue on following pages),"Formal preseason staff title: quarterbacks. Weeks encode the season designation, not independently observed weekly tenure; does not establish play-calling duty."
2013-NYJ-head_coach-01-17-rex-ryan,https://github.com/nflverse/nflverse-data/releases/download/pbp/play_by_play_2013.parquet,nflverse play-by-play 2013,official_release,2026-08-27,"regular-season team games, weeks 1-17",Observed head coach on each included regular-season game; interval is first through last observed game week.
2013-NYJ-quarterbacks_coach-01-17-david-lee,https://basement.crucifyd.com/zone/seahawks/record-fact/NFL%20-%202013%20-%20Record%20%26%20Fact%20Book.pdf,2013 NFL Record & Fact Book,official_book_mirror,2026-08-27,PDF page 111 (staff page; assistant listing may continue on following pages),"Formal preseason staff title: quarterbacks. Weeks encode the season designation, not independently observed weekly tenure; does not establish play-calling duty."
2013-PHI-head_coach-01-17-chip-kelly,https://github.com/nflverse/nflverse-data/releases/download/pbp/play_by_play_2013.parquet,nflverse play-by-play 2013,official_release,2026-08-27,"regular-season team games, weeks 1-17",Observed head coach on each included regular-season game; interval is first through last observed game week.
2013-PHI-offensive_coordinator-01-17-pat-shurmur,https://basement.crucifyd.com/zone/seahawks/record-fact/NFL%20-%202013%20-%20Record%20%26%20Fact%20Book.pdf,2013 NFL Record & Fact Book,official_book_mirror,2026-08-27,PDF page 203 (staff page; assistant listing may continue on following pages),"Formal preseason staff title: offensive coordinator. Weeks encode the season designation, not independently observed weekly tenure; does not establish play-calling duty."
2013-PHI-quarterbacks_coach-01-17-bill-lazor,https://basement.crucifyd.com/zone/seahawks/record-fact/NFL%20-%202013%20-%20Record%20%26%20Fact%20Book.pdf,2013 NFL Record & Fact Book,official_book_mirror,2026-08-27,PDF page 203 (staff page; assistant listing may continue on following pages),"Formal preseason staff title: quarterbacks. Weeks encode the season designation, not independently observed weekly tenure; does not establish play-calling duty."
2013-PIT-head_coach-01-17-mike-tomlin,https://github.com/nflverse/nflverse-data/releases/download/pbp/play_by_play_2013.parquet,nflverse play-by-play 2013,official_release,2026-08-27,"regular-season team games, weeks 1-17",Observed head coach on each included regular-season game; interval is first through last observed game week.
2013-PIT-offensive_coordinator-01-17-todd-haley,https://basement.crucifyd.com/zone/seahawks/record-fact/NFL%20-%202013%20-%20Record%20%26%20Fact%20Book.pdf,2013 NFL Record & Fact Book,official_book_mirror,2026-08-27,PDF page 123 (staff page; assistant listing may continue on following pages),"Formal preseason staff title: offensive coordinator. Weeks encode the season designation, not independently observed weekly tenure; does not establish play-calling duty."
2013-PIT-quarterbacks_coach-01-17-randy-fichtner,https://basement.crucifyd.com/zone/seahawks/record-fact/NFL%20-%202013%20-%20Record%20%26%20Fact%20Book.pdf,2013 NFL Record & Fact Book,official_book_mirror,2026-08-27,PDF page 123 (staff page; assistant listing may continue on following pages),"Formal preseason staff title: quarterbacks. Weeks encode the season designation, not independently observed weekly tenure; does not establish play-calling duty."
2013-SEA-head_coach-01-17-pete-carroll,https://github.com/nflverse/nflverse-data/releases/download/pbp/play_by_play_2013.parquet,nflverse play-by-play 2013,official_release,2026-08-27,"regular-season team games, weeks 1-17",Observed head coach on each included regular-season game; interval is first through last observed game week.
2013-SEA-offensive_coordinator-01-17-darrell-bevell,https://basement.crucifyd.com/zone/seahawks/record-fact/NFL%20-%202013%20-%20Record%20%26%20Fact%20Book.pdf,2013 NFL Record & Fact Book,official_book_mirror,2026-08-27,PDF page 221 (staff page; assistant listing may continue on following pages),"Formal preseason staff title: offensive coordinator. Weeks encode the season designation, not independently observed weekly tenure; does not establish play-calling duty."
2013-SEA-quarterbacks_coach-01-17-carl-smith,https://basement.crucifyd.com/zone/seahawks/record-fact/NFL%20-%202013%20-%20Record%20%26%20Fact%20Book.pdf,2013 NFL Record & Fact Book,official_book_mirror,2026-08-27,PDF page 221 (staff page; assistant listing may continue on following pages),"Formal preseason staff title: quarterbacks. Weeks encode the season designation, not independently observed weekly tenure; does not establish play-calling duty."
2013-SF-head_coach-01-17-jim-harbaugh,https://github.com/nflverse/nflverse-data/releases/download/pbp/play_by_play_2013.parquet,nflverse play-by-play 2013,official_release,2026-08-27,"regular-season team games, weeks 1-17",Observed head coach on each included regular-season game; interval is first through last observed game week.
2013-SF-offensive_coordinator-01-17-greg-roman,https://basement.crucifyd.com/zone/seahawks/record-fact/NFL%20-%202013%20-%20Record%20%26%20Fact%20Book.pdf,2013 NFL Record & Fact Book,official_book_mirror,2026-08-27,PDF page 215 (staff page; assistant listing may continue on following pages),"Formal preseason staff title: offensive coordinator. Weeks encode the season designation, not independently observed weekly tenure; does not establish play-calling duty."
2013-SF-quarterbacks_coach-01-17-geep-chryst,https://basement.crucifyd.com/zone/seahawks/record-fact/NFL%20-%202013%20-%20Record%20%26%20Fact%20Book.pdf,2013 NFL Record & Fact Book,official_book_mirror,2026-08-27,PDF page 215 (staff page; assistant listing may continue on following pages),"Formal preseason staff title: quarterbacks. Weeks encode the season designation, not independently observed weekly tenure; does not establish play-calling duty."
2013-TB-head_coach-01-17-greg-schiano,https://github.com/nflverse/nflverse-data/releases/download/pbp/play_by_play_2013.parquet,nflverse play-by-play 2013,official_release,2026-08-27,"regular-season team games, weeks 1-17",Observed head coach on each included regular-season game; interval is first through last observed game week.
2013-TB-offensive_coordinator-01-17-mike-sullivan,https://basement.crucifyd.com/zone/seahawks/record-fact/NFL%20-%202013%20-%20Record%20%26%20Fact%20Book.pdf,2013 NFL Record & Fact Book,official_book_mirror,2026-08-27,PDF page 227 (staff page; assistant listing may continue on following pages),"Formal preseason staff title: offensive coordinator. Weeks encode the season designation, not independently observed weekly tenure; does not establish play-calling duty."
2013-TB-quarterbacks_coach-01-17-john-mcnulty,https://basement.crucifyd.com/zone/seahawks/record-fact/NFL%20-%202013%20-%20Record%20%26%20Fact%20Book.pdf,2013 NFL Record & Fact Book,official_book_mirror,2026-08-27,PDF page 227 (staff page; assistant listing may continue on following pages),"Formal preseason staff title: quarterbacks. Weeks encode the season designation, not independently observed weekly tenure; does not establish play-calling duty."
2013-TEN-head_coach-01-17-mike-munchak,https://github.com/nflverse/nflverse-data/releases/download/pbp/play_by_play_2013.parquet,nflverse play-by-play 2013,official_release,2026-08-27,"regular-season team games, weeks 1-17",Observed head coach on each included regular-season game; interval is first through last observed game week.
2013-TEN-offensive_coordinator-01-17-dowell-loggains,https://basement.crucifyd.com/zone/seahawks/record-fact/NFL%20-%202013%20-%20Record%20%26%20Fact%20Book.pdf,2013 NFL Record & Fact Book,official_book_mirror,2026-08-27,PDF page 135 (staff page; assistant listing may continue on following pages),"Formal preseason staff title: offensive coordinator. Weeks encode the season designation, not independently observed weekly tenure; does not establish play-calling duty."
2013-TEN-quarterbacks_coach-01-17-dave-ragone,https://basement.crucifyd.com/zone/seahawks/record-fact/NFL%20-%202013%20-%20Record%20%26%20Fact%20Book.pdf,2013 NFL Record & Fact Book,official_book_mirror,2026-08-27,PDF page 135 (staff page; assistant listing may continue on following pages),"Formal preseason staff title: quarterbacks. Weeks encode the season designation, not independently observed weekly tenure; does not establish play-calling duty."
2013-WAS-head_coach-01-17-mike-shanahan,https://github.com/nflverse/nflverse-data/releases/download/pbp/play_by_play_2013.parquet,nflverse play-by-play 2013,official_release,2026-08-27,"regular-season team games, weeks 1-17",Observed head coach on each included regular-season game; interval is first through last observed game week.
2013-WAS-offensive_coordinator-01-17-kyle-shanahan,https://basement.crucifyd.com/zone/seahawks/record-fact/NFL%20-%202013%20-%20Record%20%26%20Fact%20Book.pdf,2013 NFL Record & Fact Book,official_book_mirror,2026-08-27,PDF page 233 (staff page; assistant listing may continue on following pages),"Formal preseason staff title: offensive coordinator. Weeks encode the season designation, not independently observed weekly tenure; does not establish play-calling duty."
2013-WAS-quarterbacks_coach-01-17-matt-lafleur,https://basement.crucifyd.com/zone/seahawks/record-fact/NFL%20-%202013%20-%20Record%20%26%20Fact%20Book.pdf,2013 NFL Record & Fact Book,official_book_mirror,2026-08-27,PDF page 233 (staff page; assistant listing may continue on following pages),"Formal preseason staff title: quarterbacks. Weeks encode the season designation, not independently observed weekly tenure; does not establish play-calling duty."
2014-ARI-head_coach-01-17-bruce-arians,https://github.com/nflverse/nflverse-data/releases/download/pbp/play_by_play_2014.parquet,nflverse play-by-play 2014,official_release,2026-08-27,"regular-season team games, weeks 1-17",Observed head coach on each included regular-season game; interval is first through last observed game week.
2014-ARI-offensive_coordinator-01-17-harold-goodwin,https://basement.crucifyd.com/zone/seahawks/record-fact/NFL%20-%202014%20-%20Record%20%26%20Fact%20Book.pdf,2014 NFL Record & Fact Book,official_book_mirror,2026-08-27,PDF page 143 (staff page; assistant listing may continue on following pages),"Formal preseason staff title: offensive coordinator. Weeks encode the season designation, not independently observed weekly tenure; does not establish play-calling duty."
2014-ARI-quarterbacks_coach-01-17-freddie-kitchens,https://basement.crucifyd.com/zone/seahawks/record-fact/NFL%20-%202014%20-%20Record%20%26%20Fact%20Book.pdf,2014 NFL Record & Fact Book,official_book_mirror,2026-08-27,PDF page 143 (staff page; assistant listing may continue on following pages),"Formal preseason staff title: quarterbacks. Weeks encode the season designation, not independently observed weekly tenure; does not establish play-calling duty."
2014-ATL-head_coach-01-17-mike-smith,https://github.com/nflverse/nflverse-data/releases/download/pbp/play_by_play_2014.parquet,nflverse play-by-play 2014,official_release,2026-08-27,"regular-season team games, weeks 1-17",Observed head coach on each included regular-season game; interval is first through last observed game week.
2014-ATL-offensive_coordinator-01-17-dirk-koetter,https://basement.crucifyd.com/zone/seahawks/record-fact/NFL%20-%202014%20-%20Record%20%26%20Fact%20Book.pdf,2014 NFL Record & Fact Book,official_book_mirror,2026-08-27,PDF page 149 (staff page; assistant listing may continue on following pages),"Formal preseason staff title: offensive coordinator. Weeks encode the season designation, not independently observed weekly tenure; does not establish play-calling duty."
2014-ATL-quarterbacks_coach-01-17-glenn-thomas,https://basement.crucifyd.com/zone/seahawks/record-fact/NFL%20-%202014%20-%20Record%20%26%20Fact%20Book.pdf,2014 NFL Record & Fact Book,official_book_mirror,2026-08-27,PDF page 149 (staff page; assistant listing may continue on following pages),"Formal preseason staff title: quarterbacks. Weeks encode the season designation, not independently observed weekly tenure; does not establish play-calling duty."
2014-BAL-head_coach-01-17-john-harbaugh,https://github.com/nflverse/nflverse-data/releases/download/pbp/play_by_play_2014.parquet,nflverse play-by-play 2014,official_release,2026-08-27,"regular-season team games, weeks 1-17",Observed head coach on each included regular-season game; interval is first through last observed game week.
2014-BAL-offensive_coordinator-01-17-gary-kubiak,https://basement.crucifyd.com/zone/seahawks/record-fact/NFL%20-%202014%20-%20Record%20%26%20Fact%20Book.pdf,2014 NFL Record & Fact Book,official_book_mirror,2026-08-27,PDF page 45 (staff page; assistant listing may continue on following pages),"Formal preseason staff title: offensive coordinator. Weeks encode the season designation, not independently observed weekly tenure; does not establish play-calling duty."
2014-BAL-quarterbacks_coach-01-17-rick-dennison,https://basement.crucifyd.com/zone/seahawks/record-fact/NFL%20-%202014%20-%20Record%20%26%20Fact%20Book.pdf,2014 NFL Record & Fact Book,official_book_mirror,2026-08-27,PDF page 45 (staff page; assistant listing may continue on following pages),"Formal preseason staff title: quarterbacks. Weeks encode the season designation, not independently observed weekly tenure; does not establish play-calling duty."
2014-BUF-head_coach-01-17-doug-marrone,https://github.com/nflverse/nflverse-data/releases/download/pbp/play_by_play_2014.parquet,nflverse play-by-play 2014,official_release,2026-08-27,"regular-season team games, weeks 1-17",Observed head coach on each included regular-season game; interval is first through last observed game week.
2014-BUF-offensive_coordinator-01-17-nathaniel-hackett,https://basement.crucifyd.com/zone/seahawks/record-fact/NFL%20-%202014%20-%20Record%20%26%20Fact%20Book.pdf,2014 NFL Record & Fact Book,official_book_mirror,2026-08-27,PDF page 51 (staff page; assistant listing may continue on following pages),"Formal preseason staff title: offensive coordinator. Weeks encode the season designation, not independently observed weekly tenure; does not establish play-calling duty."
2014-BUF-quarterbacks_coach-01-17-todd-downing,https://basement.crucifyd.com/zone/seahawks/record-fact/NFL%20-%202014%20-%20Record%20%26%20Fact%20Book.pdf,2014 NFL Record & Fact Book,official_book_mirror,2026-08-27,PDF page 51 (staff page; assistant listing may continue on following pages),"Formal preseason staff title: quarterbacks. Weeks encode the season designation, not independently observed weekly tenure; does not establish play-calling duty."
2014-CAR-head_coach-01-17-ron-rivera,https://github.com/nflverse/nflverse-data/releases/download/pbp/play_by_play_2014.parquet,nflverse play-by-play 2014,official_release,2026-08-27,"regular-season team games, weeks 1-17",Observed head coach on each included regular-season game; interval is first through last observed game week.
2014-CAR-offensive_coordinator-01-17-mike-shula,https://basement.crucifyd.com/zone/seahawks/record-fact/NFL%20-%202014%20-%20Record%20%26%20Fact%20Book.pdf,2014 NFL Record & Fact Book,official_book_mirror,2026-08-27,PDF page 155 (staff page; assistant listing may continue on following pages),"Formal preseason staff title: offensive coordinator. Weeks encode the season designation, not independently observed weekly tenure; does not establish play-calling duty."
2014-CAR-quarterbacks_coach-01-17-ken-dorsey,https://basement.crucifyd.com/zone/seahawks/record-fact/NFL%20-%202014%20-%20Record%20%26%20Fact%20Book.pdf,2014 NFL Record & Fact Book,official_book_mirror,2026-08-27,PDF page 155 (staff page; assistant listing may continue on following pages),"Formal preseason staff title: quarterbacks. Weeks encode the season designation, not independently observed weekly tenure; does not establish play-calling duty."
2014-CHI-head_coach-01-17-marc-trestman,https://github.com/nflverse/nflverse-data/releases/download/pbp/play_by_play_2014.parquet,nflverse play-by-play 2014,official_release,2026-08-27,"regular-season team games, weeks 1-17",Observed head coach on each included regular-season game; interval is first through last observed game week.
2014-CHI-offensive_coordinator-01-17-aaron-kromer,https://basement.crucifyd.com/zone/seahawks/record-fact/NFL%20-%202014%20-%20Record%20%26%20Fact%20Book.pdf,2014 NFL Record & Fact Book,official_book_mirror,2026-08-27,PDF page 161 (staff page; assistant listing may continue on following pages),"Formal preseason staff title: offensive coordinator. Weeks encode the season designation, not independently observed weekly tenure; does not establish play-calling duty."
2014-CHI-quarterbacks_coach-01-17-matt-cavanaugh,https://basement.crucifyd.com/zone/seahawks/record-fact/NFL%20-%202014%20-%20Record%20%26%20Fact%20Book.pdf,2014 NFL Record & Fact Book,official_book_mirror,2026-08-27,PDF page 161 (staff page; assistant listing may continue on following pages),"Formal preseason staff title: quarterbacks. Weeks encode the season designation, not independently observed weekly tenure; does not establish play-calling duty."
2014-CIN-head_coach-01-17-marvin-lewis,https://github.com/nflverse/nflverse-data/releases/download/pbp/play_by_play_2014.parquet,nflverse play-by-play 2014,official_release,2026-08-27,"regular-season team games, weeks 1-17",Observed head coach on each included regular-season game; interval is first through last observed game week.
2014-CIN-offensive_coordinator-01-17-hue-jackson,https://basement.crucifyd.com/zone/seahawks/record-fact/NFL%20-%202014%20-%20Record%20%26%20Fact%20Book.pdf,2014 NFL Record & Fact Book,official_book_mirror,2026-08-27,PDF page 57 (staff page; assistant listing may continue on following pages),"Formal preseason staff title: offensive coordinator. Weeks encode the season designation, not independently observed weekly tenure; does not establish play-calling duty."
2014-CIN-quarterbacks_coach-01-17-ken-zampese,https://basement.crucifyd.com/zone/seahawks/record-fact/NFL%20-%202014%20-%20Record%20%26%20Fact%20Book.pdf,2014 NFL Record & Fact Book,official_book_mirror,2026-08-27,PDF page 57 (staff page; assistant listing may continue on following pages),"Formal preseason staff title: quarterbacks. Weeks encode the season designation, not independently observed weekly tenure; does not establish play-calling duty."
2014-CLE-head_coach-01-17-mike-pettine,https://github.com/nflverse/nflverse-data/releases/download/pbp/play_by_play_2014.parquet,nflverse play-by-play 2014,official_release,2026-08-27,"regular-season team games, weeks 1-17",Observed head coach on each included regular-season game; interval is first through last observed game week.
2014-CLE-offensive_coordinator-01-17-kyle-shanahan,https://basement.crucifyd.com/zone/seahawks/record-fact/NFL%20-%202014%20-%20Record%20%26%20Fact%20Book.pdf,2014 NFL Record & Fact Book,official_book_mirror,2026-08-27,PDF page 63 (staff page; assistant listing may continue on following pages),"Formal preseason staff title: offensive coordinator. Weeks encode the season designation, not independently observed weekly tenure; does not establish play-calling duty."
2014-CLE-quarterbacks_coach-01-17-dowell-loggains,https://basement.crucifyd.com/zone/seahawks/record-fact/NFL%20-%202014%20-%20Record%20%26%20Fact%20Book.pdf,2014 NFL Record & Fact Book,official_book_mirror,2026-08-27,PDF page 63 (staff page; assistant listing may continue on following pages),"Formal preseason staff title: quarterbacks. Weeks encode the season designation, not independently observed weekly tenure; does not establish play-calling duty."
2014-DAL-head_coach-01-17-jason-garrett,https://github.com/nflverse/nflverse-data/releases/download/pbp/play_by_play_2014.parquet,nflverse play-by-play 2014,official_release,2026-08-27,"regular-season team games, weeks 1-17",Observed head coach on each included regular-season game; interval is first through last observed game week.
2014-DAL-offensive_coordinator-01-17-bill-callahan,https://basement.crucifyd.com/zone/seahawks/record-fact/NFL%20-%202014%20-%20Record%20%26%20Fact%20Book.pdf,2014 NFL Record & Fact Book,official_book_mirror,2026-08-27,PDF page 167 (staff page; assistant listing may continue on following pages),"Formal preseason staff title: offensive coordinator/offensive. Weeks encode the season designation, not independently observed weekly tenure; does not establish play-calling duty."
2014-DAL-quarterbacks_coach-01-17-wade-wilson,https://basement.crucifyd.com/zone/seahawks/record-fact/NFL%20-%202014%20-%20Record%20%26%20Fact%20Book.pdf,2014 NFL Record & Fact Book,official_book_mirror,2026-08-27,PDF page 167 (staff page; assistant listing may continue on following pages),"Formal preseason staff title: quarterbacks. Weeks encode the season designation, not independently observed weekly tenure; does not establish play-calling duty."
2014-DEN-head_coach-01-17-john-fox,https://github.com/nflverse/nflverse-data/releases/download/pbp/play_by_play_2014.parquet,nflverse play-by-play 2014,official_release,2026-08-27,"regular-season team games, weeks 1-17",Observed head coach on each included regular-season game; interval is first through last observed game week.
2014-DEN-offensive_coordinator-01-17-adam-gase,https://basement.crucifyd.com/zone/seahawks/record-fact/NFL%20-%202014%20-%20Record%20%26%20Fact%20Book.pdf,2014 NFL Record & Fact Book,official_book_mirror,2026-08-27,PDF page 69 (staff page; assistant listing may continue on following pages),"Formal preseason staff title: offensive coordinator. Weeks encode the season designation, not independently observed weekly tenure; does not establish play-calling duty."
2014-DEN-quarterbacks_coach-01-17-greg-knapp,https://basement.crucifyd.com/zone/seahawks/record-fact/NFL%20-%202014%20-%20Record%20%26%20Fact%20Book.pdf,2014 NFL Record & Fact Book,official_book_mirror,2026-08-27,PDF page 69 (staff page; assistant listing may continue on following pages),"Formal preseason staff title: quarterbacks. Weeks encode the season designation, not independently observed weekly tenure; does not establish play-calling duty."
2014-DET-head_coach-01-17-jim-caldwell,https://github.com/nflverse/nflverse-data/releases/download/pbp/play_by_play_2014.parquet,nflverse play-by-play 2014,official_release,2026-08-27,"regular-season team games, weeks 1-17",Observed head coach on each included regular-season game; interval is first through last observed game week.
2014-DET-offensive_coordinator-01-17-joe-lombardi,https://basement.crucifyd.com/zone/seahawks/record-fact/NFL%20-%202014%20-%20Record%20%26%20Fact%20Book.pdf,2014 NFL Record & Fact Book,official_book_mirror,2026-08-27,PDF page 173 (staff page; assistant listing may continue on following pages),"Formal preseason staff title: offensive coordinator. Weeks encode the season designation, not independently observed weekly tenure; does not establish play-calling duty."
2014-GB-head_coach-01-17-mike-mccarthy,https://github.com/nflverse/nflverse-data/releases/download/pbp/play_by_play_2014.parquet,nflverse play-by-play 2014,official_release,2026-08-27,"regular-season team games, weeks 1-17",Observed head coach on each included regular-season game; interval is first through last observed game week.
2014-GB-offensive_coordinator-01-17-tom-clements,https://basement.crucifyd.com/zone/seahawks/record-fact/NFL%20-%202014%20-%20Record%20%26%20Fact%20Book.pdf,2014 NFL Record & Fact Book,official_book_mirror,2026-08-27,PDF page 179 (staff page; assistant listing may continue on following pages),"Formal preseason staff title: offensive coordinator. Weeks encode the season designation, not independently observed weekly tenure; does not establish play-calling duty."
2014-GB-quarterbacks_coach-01-17-alex-van-pelt,https://basement.crucifyd.com/zone/seahawks/record-fact/NFL%20-%202014%20-%20Record%20%26%20Fact%20Book.pdf,2014 NFL Record & Fact Book,official_book_mirror,2026-08-27,PDF page 179 (staff page; assistant listing may continue on following pages),"Formal preseason staff title: quarterbacks. Weeks encode the season designation, not independently observed weekly tenure; does not establish play-calling duty."
2014-HOU-head_coach-01-17-bill-o-brien,https://github.com/nflverse/nflverse-data/releases/download/pbp/play_by_play_2014.parquet,nflverse play-by-play 2014,official_release,2026-08-27,"regular-season team games, weeks 1-17",Observed head coach on each included regular-season game; interval is first through last observed game week.
2014-HOU-quarterbacks_coach-01-17-george-godsey,https://basement.crucifyd.com/zone/seahawks/record-fact/NFL%20-%202014%20-%20Record%20%26%20Fact%20Book.pdf,2014 NFL Record & Fact Book,official_book_mirror,2026-08-27,PDF page 75 (staff page; assistant listing may continue on following pages),"Formal preseason staff title: quarterbacks. Weeks encode the season designation, not independently observed weekly tenure; does not establish play-calling duty."
2014-IND-head_coach-01-17-chuck-pagano,https://github.com/nflverse/nflverse-data/releases/download/pbp/play_by_play_2014.parquet,nflverse play-by-play 2014,official_release,2026-08-27,"regular-season team games, weeks 1-17",Observed head coach on each included regular-season game; interval is first through last observed game week.
2014-IND-offensive_coordinator-01-17-pep-hamilton,https://basement.crucifyd.com/zone/seahawks/record-fact/NFL%20-%202014%20-%20Record%20%26%20Fact%20Book.pdf,2014 NFL Record & Fact Book,official_book_mirror,2026-08-27,PDF page 81 (staff page; assistant listing may continue on following pages),"Formal preseason staff title: offensive coordinator. Weeks encode the season designation, not independently observed weekly tenure; does not establish play-calling duty."
2014-IND-quarterbacks_coach-01-17-clyde-christensen,https://basement.crucifyd.com/zone/seahawks/record-fact/NFL%20-%202014%20-%20Record%20%26%20Fact%20Book.pdf,2014 NFL Record & Fact Book,official_book_mirror,2026-08-27,PDF page 81 (staff page; assistant listing may continue on following pages),"Formal preseason staff title: quarterbacks. Weeks encode the season designation, not independently observed weekly tenure; does not establish play-calling duty."
2014-JAX-head_coach-01-17-gus-bradley,https://github.com/nflverse/nflverse-data/releases/download/pbp/play_by_play_2014.parquet,nflverse play-by-play 2014,official_release,2026-08-27,"regular-season team games, weeks 1-17",Observed head coach on each included regular-season game; interval is first through last observed game week.
2014-JAX-offensive_coordinator-01-17-jedd-fisch,https://basement.crucifyd.com/zone/seahawks/record-fact/NFL%20-%202014%20-%20Record%20%26%20Fact%20Book.pdf,2014 NFL Record & Fact Book,official_book_mirror,2026-08-27,PDF page 87 (staff page; assistant listing may continue on following pages),"Formal preseason staff title: offensive coordinator. Weeks encode the season designation, not independently observed weekly tenure; does not establish play-calling duty."
2014-JAX-quarterbacks_coach-01-17-frank-scelfo,https://basement.crucifyd.com/zone/seahawks/record-fact/NFL%20-%202014%20-%20Record%20%26%20Fact%20Book.pdf,2014 NFL Record & Fact Book,official_book_mirror,2026-08-27,PDF page 87 (staff page; assistant listing may continue on following pages),"Formal preseason staff title: quarterbacks. Weeks encode the season designation, not independently observed weekly tenure; does not establish play-calling duty."
2014-KC-head_coach-01-17-andy-reid,https://github.com/nflverse/nflverse-data/releases/download/pbp/play_by_play_2014.parquet,nflverse play-by-play 2014,official_release,2026-08-27,"regular-season team games, weeks 1-17",Observed head coach on each included regular-season game; interval is first through last observed game week.
2014-KC-offensive_coordinator-01-17-doug-pederson,https://basement.crucifyd.com/zone/seahawks/record-fact/NFL%20-%202014%20-%20Record%20%26%20Fact%20Book.pdf,2014 NFL Record & Fact Book,official_book_mirror,2026-08-27,PDF page 93 (staff page; assistant listing may continue on following pages),"Formal preseason staff title: offensive coordinator. Weeks encode the season designation, not independently observed weekly tenure; does not establish play-calling duty."
2014-KC-quarterbacks_coach-01-17-matt-nagy,https://basement.crucifyd.com/zone/seahawks/record-fact/NFL%20-%202014%20-%20Record%20%26%20Fact%20Book.pdf,2014 NFL Record & Fact Book,official_book_mirror,2026-08-27,PDF page 93 (staff page; assistant listing may continue on following pages),"Formal preseason staff title: quarterbacks. Weeks encode the season designation, not independently observed weekly tenure; does not establish play-calling duty."
2014-LA-head_coach-01-17-jeff-fisher,https://github.com/nflverse/nflverse-data/releases/download/pbp/play_by_play_2014.parquet,nflverse play-by-play 2014,official_release,2026-08-27,"regular-season team games, weeks 1-17",Observed head coach on each included regular-season game; interval is first through last observed game week.
2014-LA-offensive_coordinator-01-17-brian-schottenheimer,https://basement.crucifyd.com/zone/seahawks/record-fact/NFL%20-%202014%20-%20Record%20%26%20Fact%20Book.pdf,2014 NFL Record & Fact Book,official_book_mirror,2026-08-27,PDF page 209 (staff page; assistant listing may continue on following pages),"Formal preseason staff title: offensive coordinator. Weeks encode the season designation, not independently observed weekly tenure; does not establish play-calling duty."
2014-LA-quarterbacks_coach-01-17-frank-cignetti-jr,https://basement.crucifyd.com/zone/seahawks/record-fact/NFL%20-%202014%20-%20Record%20%26%20Fact%20Book.pdf,2014 NFL Record & Fact Book,official_book_mirror,2026-08-27,PDF page 209 (staff page; assistant listing may continue on following pages),"Formal preseason staff title: quarterbacks. Weeks encode the season designation, not independently observed weekly tenure; does not establish play-calling duty."
2014-LAC-head_coach-01-17-mike-mccoy,https://github.com/nflverse/nflverse-data/releases/download/pbp/play_by_play_2014.parquet,nflverse play-by-play 2014,official_release,2026-08-27,"regular-season team games, weeks 1-17",Observed head coach on each included regular-season game; interval is first through last observed game week.
2014-LAC-offensive_coordinator-01-17-frank-reich,https://basement.crucifyd.com/zone/seahawks/record-fact/NFL%20-%202014%20-%20Record%20%26%20Fact%20Book.pdf,2014 NFL Record & Fact Book,official_book_mirror,2026-08-27,PDF page 129 (staff page; assistant listing may continue on following pages),"Formal preseason staff title: offensive coordinator. Weeks encode the season designation, not independently observed weekly tenure; does not establish play-calling duty."
2014-LAC-quarterbacks_coach-01-17-nick-sirianni,https://basement.crucifyd.com/zone/seahawks/record-fact/NFL%20-%202014%20-%20Record%20%26%20Fact%20Book.pdf,2014 NFL Record & Fact Book,official_book_mirror,2026-08-27,PDF page 129 (staff page; assistant listing may continue on following pages),"Formal preseason staff title: quarterbacks. Weeks encode the season designation, not independently observed weekly tenure; does not establish play-calling duty."
2014-LV-head_coach-01-04-dennis-allen,https://github.com/nflverse/nflverse-data/releases/download/pbp/play_by_play_2014.parquet,nflverse play-by-play 2014,official_release,2026-08-27,"regular-season team games, weeks 1-4",Observed head coach on each included regular-season game; interval is first through last observed game week.
2014-LV-head_coach-06-17-tony-sparano,https://github.com/nflverse/nflverse-data/releases/download/pbp/play_by_play_2014.parquet,nflverse play-by-play 2014,official_release,2026-08-27,"regular-season team games, weeks 6-17",Observed head coach on each included regular-season game; interval is first through last observed game week.
2014-LV-offensive_coordinator-01-17-greg-olson,https://basement.crucifyd.com/zone/seahawks/record-fact/NFL%20-%202014%20-%20Record%20%26%20Fact%20Book.pdf,2014 NFL Record & Fact Book,official_book_mirror,2026-08-27,PDF page 117 (staff page; assistant listing may continue on following pages),"Formal preseason staff title: offensive coordinator. Weeks encode the season designation, not independently observed weekly tenure; does not establish play-calling duty."
2014-LV-quarterbacks_coach-01-17-john-defilippo,https://basement.crucifyd.com/zone/seahawks/record-fact/NFL%20-%202014%20-%20Record%20%26%20Fact%20Book.pdf,2014 NFL Record & Fact Book,official_book_mirror,2026-08-27,PDF page 117 (staff page; assistant listing may continue on following pages),"Formal preseason staff title: quarterbacks. Weeks encode the season designation, not independently observed weekly tenure; does not establish play-calling duty."
2014-MIA-head_coach-01-17-joe-philbin,https://github.com/nflverse/nflverse-data/releases/download/pbp/play_by_play_2014.parquet,nflverse play-by-play 2014,official_release,2026-08-27,"regular-season team games, weeks 1-17",Observed head coach on each included regular-season game; interval is first through last observed game week.
2014-MIA-offensive_coordinator-01-17-bill-lazor,https://basement.crucifyd.com/zone/seahawks/record-fact/NFL%20-%202014%20-%20Record%20%26%20Fact%20Book.pdf,2014 NFL Record & Fact Book,official_book_mirror,2026-08-27,PDF page 99 (staff page; assistant listing may continue on following pages),"Formal preseason staff title: offensive coordinator. Weeks encode the season designation, not independently observed weekly tenure; does not establish play-calling duty."
2014-MIA-quarterbacks_coach-01-17-zac-taylor,https://basement.crucifyd.com/zone/seahawks/record-fact/NFL%20-%202014%20-%20Record%20%26%20Fact%20Book.pdf,2014 NFL Record & Fact Book,official_book_mirror,2026-08-27,PDF page 99 (staff page; assistant listing may continue on following pages),"Formal preseason staff title: quarterbacks. Weeks encode the season designation, not independently observed weekly tenure; does not establish play-calling duty."
2014-MIN-head_coach-01-17-mike-zimmer,https://github.com/nflverse/nflverse-data/releases/download/pbp/play_by_play_2014.parquet,nflverse play-by-play 2014,official_release,2026-08-27,"regular-season team games, weeks 1-17",Observed head coach on each included regular-season game; interval is first through last observed game week.
2014-MIN-offensive_coordinator-01-17-norv-turner,https://basement.crucifyd.com/zone/seahawks/record-fact/NFL%20-%202014%20-%20Record%20%26%20Fact%20Book.pdf,2014 NFL Record & Fact Book,official_book_mirror,2026-08-27,PDF page 185 (staff page; assistant listing may continue on following pages),"Formal preseason staff title: offensive coordinator. Weeks encode the season designation, not independently observed weekly tenure; does not establish play-calling duty."
2014-MIN-quarterbacks_coach-01-17-scott-turner,https://basement.crucifyd.com/zone/seahawks/record-fact/NFL%20-%202014%20-%20Record%20%26%20Fact%20Book.pdf,2014 NFL Record & Fact Book,official_book_mirror,2026-08-27,PDF page 185 (staff page; assistant listing may continue on following pages),"Formal preseason staff title: quarterbacks. Weeks encode the season designation, not independently observed weekly tenure; does not establish play-calling duty."
2014-NE-head_coach-01-17-bill-belichick,https://github.com/nflverse/nflverse-data/releases/download/pbp/play_by_play_2014.parquet,nflverse play-by-play 2014,official_release,2026-08-27,"regular-season team games, weeks 1-17",Observed head coach on each included regular-season game; interval is first through last observed game week.
2014-NO-head_coach-01-17-sean-payton,https://github.com/nflverse/nflverse-data/releases/download/pbp/play_by_play_2014.parquet,nflverse play-by-play 2014,official_release,2026-08-27,"regular-season team games, weeks 1-17",Observed head coach on each included regular-season game; interval is first through last observed game week.
2014-NO-offensive_coordinator-01-17-pete-carmichael,https://basement.crucifyd.com/zone/seahawks/record-fact/NFL%20-%202014%20-%20Record%20%26%20Fact%20Book.pdf,2014 NFL Record & Fact Book,official_book_mirror,2026-08-27,PDF page 191 (staff page; assistant listing may continue on following pages),"Formal preseason staff title: offensive coordinator. Weeks encode the season designation, not independently observed weekly tenure; does not establish play-calling duty."
2014-NO-quarterbacks_coach-01-17-mike-neu,https://basement.crucifyd.com/zone/seahawks/record-fact/NFL%20-%202014%20-%20Record%20%26%20Fact%20Book.pdf,2014 NFL Record & Fact Book,official_book_mirror,2026-08-27,PDF page 191 (staff page; assistant listing may continue on following pages),"Formal preseason staff title: quarterbacks. Weeks encode the season designation, not independently observed weekly tenure; does not establish play-calling duty."
2014-NYG-head_coach-01-17-tom-coughlin,https://github.com/nflverse/nflverse-data/releases/download/pbp/play_by_play_2014.parquet,nflverse play-by-play 2014,official_release,2026-08-27,"regular-season team games, weeks 1-17",Observed head coach on each included regular-season game; interval is first through last observed game week.
2014-NYG-offensive_coordinator-01-17-ben-mcadoo,https://basement.crucifyd.com/zone/seahawks/record-fact/NFL%20-%202014%20-%20Record%20%26%20Fact%20Book.pdf,2014 NFL Record & Fact Book,official_book_mirror,2026-08-27,PDF page 197 (staff page; assistant listing may continue on following pages),"Formal preseason staff title: offensive coordinator. Weeks encode the season designation, not independently observed weekly tenure; does not establish play-calling duty."
2014-NYG-quarterbacks_coach-01-17-danny-langsdorf,https://basement.crucifyd.com/zone/seahawks/record-fact/NFL%20-%202014%20-%20Record%20%26%20Fact%20Book.pdf,2014 NFL Record & Fact Book,official_book_mirror,2026-08-27,PDF page 197 (staff page; assistant listing may continue on following pages),"Formal preseason staff title: quarterbacks. Weeks encode the season designation, not independently observed weekly tenure; does not establish play-calling duty."
2014-NYJ-head_coach-01-17-rex-ryan,https://github.com/nflverse/nflverse-data/releases/download/pbp/play_by_play_2014.parquet,nflverse play-by-play 2014,official_release,2026-08-27,"regular-season team games, weeks 1-17",Observed head coach on each included regular-season game; interval is first through last observed game week.
2014-NYJ-offensive_coordinator-01-17-marty-mornhinweg,https://basement.crucifyd.com/zone/seahawks/record-fact/NFL%20-%202014%20-%20Record%20%26%20Fact%20Book.pdf,2014 NFL Record & Fact Book,official_book_mirror,2026-08-27,PDF page 111 (staff page; assistant listing may continue on following pages),"Formal preseason staff title: offensive coordinator. Weeks encode the season designation, not independently observed weekly tenure; does not establish play-calling duty."
2014-NYJ-quarterbacks_coach-01-17-david-lee,https://basement.crucifyd.com/zone/seahawks/record-fact/NFL%20-%202014%20-%20Record%20%26%20Fact%20Book.pdf,2014 NFL Record & Fact Book,official_book_mirror,2026-08-27,PDF page 111 (staff page; assistant listing may continue on following pages),"Formal preseason staff title: quarterbacks. Weeks encode the season designation, not independently observed weekly tenure; does not establish play-calling duty."
2014-PHI-head_coach-01-17-chip-kelly,https://github.com/nflverse/nflverse-data/releases/download/pbp/play_by_play_2014.parquet,nflverse play-by-play 2014,official_release,2026-08-27,"regular-season team games, weeks 1-17",Observed head coach on each included regular-season game; interval is first through last observed game week.
2014-PHI-offensive_coordinator-01-17-pat-shurmur,https://basement.crucifyd.com/zone/seahawks/record-fact/NFL%20-%202014%20-%20Record%20%26%20Fact%20Book.pdf,2014 NFL Record & Fact Book,official_book_mirror,2026-08-27,PDF page 203 (staff page; assistant listing may continue on following pages),"Formal preseason staff title: offensive coordinator. Weeks encode the season designation, not independently observed weekly tenure; does not establish play-calling duty."
2014-PHI-quarterbacks_coach-01-17-bill-musgrave,https://basement.crucifyd.com/zone/seahawks/record-fact/NFL%20-%202014%20-%20Record%20%26%20Fact%20Book.pdf,2014 NFL Record & Fact Book,official_book_mirror,2026-08-27,PDF page 203 (staff page; assistant listing may continue on following pages),"Formal preseason staff title: quarterbacks. Weeks encode the season designation, not independently observed weekly tenure; does not establish play-calling duty."
2014-PIT-head_coach-01-17-mike-tomlin,https://github.com/nflverse/nflverse-data/releases/download/pbp/play_by_play_2014.parquet,nflverse play-by-play 2014,official_release,2026-08-27,"regular-season team games, weeks 1-17",Observed head coach on each included regular-season game; interval is first through last observed game week.
2014-PIT-offensive_coordinator-01-17-todd-haley,https://basement.crucifyd.com/zone/seahawks/record-fact/NFL%20-%202014%20-%20Record%20%26%20Fact%20Book.pdf,2014 NFL Record & Fact Book,official_book_mirror,2026-08-27,PDF page 123 (staff page; assistant listing may continue on following pages),"Formal preseason staff title: offensive coordinator. Weeks encode the season designation, not independently observed weekly tenure; does not establish play-calling duty."
2014-PIT-quarterbacks_coach-01-17-randy-fichtner,https://basement.crucifyd.com/zone/seahawks/record-fact/NFL%20-%202014%20-%20Record%20%26%20Fact%20Book.pdf,2014 NFL Record & Fact Book,official_book_mirror,2026-08-27,PDF page 123 (staff page; assistant listing may continue on following pages),"Formal preseason staff title: quarterbacks. Weeks encode the season designation, not independently observed weekly tenure; does not establish play-calling duty."
2014-SEA-head_coach-01-17-pete-carroll,https://github.com/nflverse/nflverse-data/releases/download/pbp/play_by_play_2014.parquet,nflverse play-by-play 2014,official_release,2026-08-27,"regular-season team games, weeks 1-17",Observed head coach on each included regular-season game; interval is first through last observed game week.
2014-SEA-offensive_coordinator-01-17-darrell-bevell,https://basement.crucifyd.com/zone/seahawks/record-fact/NFL%20-%202014%20-%20Record%20%26%20Fact%20Book.pdf,2014 NFL Record & Fact Book,official_book_mirror,2026-08-27,PDF page 221 (staff page; assistant listing may continue on following pages),"Formal preseason staff title: offensive coordinator. Weeks encode the season designation, not independently observed weekly tenure; does not establish play-calling duty."
2014-SF-head_coach-01-17-jim-harbaugh,https://github.com/nflverse/nflverse-data/releases/download/pbp/play_by_play_2014.parquet,nflverse play-by-play 2014,official_release,2026-08-27,"regular-season team games, weeks 1-17",Observed head coach on each included regular-season game; interval is first through last observed game week.
2014-TB-head_coach-01-17-lovie-smith,https://github.com/nflverse/nflverse-data/releases/download/pbp/play_by_play_2014.parquet,nflverse play-by-play 2014,official_release,2026-08-27,"regular-season team games, weeks 1-17",Observed head coach on each included regular-season game; interval is first through last observed game week.
2014-TB-offensive_coordinator-01-17-jeff-tedford,https://basement.crucifyd.com/zone/seahawks/record-fact/NFL%20-%202014%20-%20Record%20%26%20Fact%20Book.pdf,2014 NFL Record & Fact Book,official_book_mirror,2026-08-27,PDF page 227 (staff page; assistant listing may continue on following pages),"Formal preseason staff title: offensive coordinator. Weeks encode the season designation, not independently observed weekly tenure; does not establish play-calling duty."
2014-TB-quarterbacks_coach-01-17-marcus-arroyo,https://basement.crucifyd.com/zone/seahawks/record-fact/NFL%20-%202014%20-%20Record%20%26%20Fact%20Book.pdf,2014 NFL Record & Fact Book,official_book_mirror,2026-08-27,PDF page 227 (staff page; assistant listing may continue on following pages),"Formal preseason staff title: quarterbacks. Weeks encode the season designation, not independently observed weekly tenure; does not establish play-calling duty."
2014-TEN-head_coach-01-17-ken-whisenhunt,https://github.com/nflverse/nflverse-data/releases/download/pbp/play_by_play_2014.parquet,nflverse play-by-play 2014,official_release,2026-08-27,"regular-season team games, weeks 1-17",Observed head coach on each included regular-season game; interval is first through last observed game week.
2014-TEN-offensive_coordinator-01-17-jason-michael,https://basement.crucifyd.com/zone/seahawks/record-fact/NFL%20-%202014%20-%20Record%20%26%20Fact%20Book.pdf,2014 NFL Record & Fact Book,official_book_mirror,2026-08-27,PDF page 135 (staff page; assistant listing may continue on following pages),"Formal preseason staff title: offensive coordinator. Weeks encode the season designation, not independently observed weekly tenure; does not establish play-calling duty."
2014-TEN-quarterbacks_coach-01-17-john-mcnulty,https://basement.crucifyd.com/zone/seahawks/record-fact/NFL%20-%202014%20-%20Record%20%26%20Fact%20Book.pdf,2014 NFL Record & Fact Book,official_book_mirror,2026-08-27,PDF page 135 (staff page; assistant listing may continue on following pages),"Formal preseason staff title: quarterbacks. Weeks encode the season designation, not independently observed weekly tenure; does not establish play-calling duty."
2014-WAS-head_coach-01-17-jay-gruden,https://github.com/nflverse/nflverse-data/releases/download/pbp/play_by_play_2014.parquet,nflverse play-by-play 2014,official_release,2026-08-27,"regular-season team games, weeks 1-17",Observed head coach on each included regular-season game; interval is first through last observed game week.
2014-WAS-offensive_coordinator-01-17-sean-mcvay,https://basement.crucifyd.com/zone/seahawks/record-fact/NFL%20-%202014%20-%20Record%20%26%20Fact%20Book.pdf,2014 NFL Record & Fact Book,official_book_mirror,2026-08-27,PDF page 233 (staff page; assistant listing may continue on following pages),"Formal preseason staff title: offensive coordinator. Weeks encode the season designation, not independently observed weekly tenure; does not establish play-calling duty."
2015-ARI-head_coach-01-17-bruce-arians,https://github.com/nflverse/nflverse-data/releases/download/pbp/play_by_play_2015.parquet,nflverse play-by-play 2015,official_release,2026-08-27,"regular-season team games, weeks 1-17",Observed head coach on each included regular-season game; interval is first through last observed game week.
2015-ARI-offensive_coordinator-01-17-harold-goodwin,https://basement.crucifyd.com/zone/seahawks/record-fact/NFL%20-%202015%20-%20Record%20%26%20Fact%20Book.pdf,2015 NFL Record & Fact Book,official_book_mirror,2026-08-27,PDF page 143 (staff page; assistant listing may continue on following pages),"Formal preseason staff title: offensive coordinator. Weeks encode the season designation, not independently observed weekly tenure; does not establish play-calling duty."
2015-ARI-quarterbacks_coach-01-17-freddie-kitchens,https://basement.crucifyd.com/zone/seahawks/record-fact/NFL%20-%202015%20-%20Record%20%26%20Fact%20Book.pdf,2015 NFL Record & Fact Book,official_book_mirror,2026-08-27,PDF page 143 (staff page; assistant listing may continue on following pages),"Formal preseason staff title: quarterbacks. Weeks encode the season designation, not independently observed weekly tenure; does not establish play-calling duty."
2015-ATL-head_coach-01-17-dan-quinn,https://github.com/nflverse/nflverse-data/releases/download/pbp/play_by_play_2015.parquet,nflverse play-by-play 2015,official_release,2026-08-27,"regular-season team games, weeks 1-17",Observed head coach on each included regular-season game; interval is first through last observed game week.
2015-ATL-offensive_coordinator-01-17-kyle-shanahan,https://basement.crucifyd.com/zone/seahawks/record-fact/NFL%20-%202015%20-%20Record%20%26%20Fact%20Book.pdf,2015 NFL Record & Fact Book,official_book_mirror,2026-08-27,PDF page 149 (staff page; assistant listing may continue on following pages),"Formal preseason staff title: offensive coordinator. Weeks encode the season designation, not independently observed weekly tenure; does not establish play-calling duty."
2015-ATL-quarterbacks_coach-01-17-matt-lafleur,https://basement.crucifyd.com/zone/seahawks/record-fact/NFL%20-%202015%20-%20Record%20%26%20Fact%20Book.pdf,2015 NFL Record & Fact Book,official_book_mirror,2026-08-27,PDF page 149 (staff page; assistant listing may continue on following pages),"Formal preseason staff title: quarterbacks. Weeks encode the season designation, not independently observed weekly tenure; does not establish play-calling duty."
2015-BAL-head_coach-01-17-john-harbaugh,https://github.com/nflverse/nflverse-data/releases/download/pbp/play_by_play_2015.parquet,nflverse play-by-play 2015,official_release,2026-08-27,"regular-season team games, weeks 1-17",Observed head coach on each included regular-season game; interval is first through last observed game week.
2015-BAL-offensive_coordinator-01-17-marc-trestman,https://basement.crucifyd.com/zone/seahawks/record-fact/NFL%20-%202015%20-%20Record%20%26%20Fact%20Book.pdf,2015 NFL Record & Fact Book,official_book_mirror,2026-08-27,PDF page 45 (staff page; assistant listing may continue on following pages),"Formal preseason staff title: offensive coordinator. Weeks encode the season designation, not independently observed weekly tenure; does not establish play-calling duty."
2015-BAL-quarterbacks_coach-01-17-marty-mornhinweg,https://basement.crucifyd.com/zone/seahawks/record-fact/NFL%20-%202015%20-%20Record%20%26%20Fact%20Book.pdf,2015 NFL Record & Fact Book,official_book_mirror,2026-08-27,PDF page 45 (staff page; assistant listing may continue on following pages),"Formal preseason staff title: quarterbacks. Weeks encode the season designation, not independently observed weekly tenure; does not establish play-calling duty."
2015-BUF-head_coach-01-17-rex-ryan,https://github.com/nflverse/nflverse-data/releases/download/pbp/play_by_play_2015.parquet,nflverse play-by-play 2015,official_release,2026-08-27,"regular-season team games, weeks 1-17",Observed head coach on each included regular-season game; interval is first through last observed game week.
2015-BUF-offensive_coordinator-01-17-greg-roman,https://basement.crucifyd.com/zone/seahawks/record-fact/NFL%20-%202015%20-%20Record%20%26%20Fact%20Book.pdf,2015 NFL Record & Fact Book,official_book_mirror,2026-08-27,PDF page 51 (staff page; assistant listing may continue on following pages),"Formal preseason staff title: offensive coordinator. Weeks encode the season designation, not independently observed weekly tenure; does not establish play-calling duty."
2015-CAR-head_coach-01-17-ron-rivera,https://github.com/nflverse/nflverse-data/releases/download/pbp/play_by_play_2015.parquet,nflverse play-by-play 2015,official_release,2026-08-27,"regular-season team games, weeks 1-17",Observed head coach on each included regular-season game; interval is first through last observed game week.
2015-CAR-offensive_coordinator-01-17-mike-shula,https://basement.crucifyd.com/zone/seahawks/record-fact/NFL%20-%202015%20-%20Record%20%26%20Fact%20Book.pdf,2015 NFL Record & Fact Book,official_book_mirror,2026-08-27,PDF page 155 (staff page; assistant listing may continue on following pages),"Formal preseason staff title: offensive coordinator. Weeks encode the season designation, not independently observed weekly tenure; does not establish play-calling duty."
2015-CHI-head_coach-01-17-john-fox,https://github.com/nflverse/nflverse-data/releases/download/pbp/play_by_play_2015.parquet,nflverse play-by-play 2015,official_release,2026-08-27,"regular-season team games, weeks 1-17",Observed head coach on each included regular-season game; interval is first through last observed game week.
2015-CHI-offensive_coordinator-01-17-adam-gase,https://basement.crucifyd.com/zone/seahawks/record-fact/NFL%20-%202015%20-%20Record%20%26%20Fact%20Book.pdf,2015 NFL Record & Fact Book,official_book_mirror,2026-08-27,PDF page 161 (staff page; assistant listing may continue on following pages),"Formal preseason staff title: offensive coordinator. Weeks encode the season designation, not independently observed weekly tenure; does not establish play-calling duty."
2015-CHI-quarterbacks_coach-01-17-dowell-loggains,https://basement.crucifyd.com/zone/seahawks/record-fact/NFL%20-%202015%20-%20Record%20%26%20Fact%20Book.pdf,2015 NFL Record & Fact Book,official_book_mirror,2026-08-27,PDF page 161 (staff page; assistant listing may continue on following pages),"Formal preseason staff title: quarterbacks. Weeks encode the season designation, not independently observed weekly tenure; does not establish play-calling duty."
2015-CIN-head_coach-01-17-marvin-lewis,https://github.com/nflverse/nflverse-data/releases/download/pbp/play_by_play_2015.parquet,nflverse play-by-play 2015,official_release,2026-08-27,"regular-season team games, weeks 1-17",Observed head coach on each included regular-season game; interval is first through last observed game week.
2015-CIN-offensive_coordinator-01-17-hue-jackson,https://basement.crucifyd.com/zone/seahawks/record-fact/NFL%20-%202015%20-%20Record%20%26%20Fact%20Book.pdf,2015 NFL Record & Fact Book,official_book_mirror,2026-08-27,PDF page 57 (staff page; assistant listing may continue on following pages),"Formal preseason staff title: offensive coordinator. Weeks encode the season designation, not independently observed weekly tenure; does not establish play-calling duty."
2015-CIN-quarterbacks_coach-01-17-ken-zampese,https://basement.crucifyd.com/zone/seahawks/record-fact/NFL%20-%202015%20-%20Record%20%26%20Fact%20Book.pdf,2015 NFL Record & Fact Book,official_book_mirror,2026-08-27,PDF page 57 (staff page; assistant listing may continue on following pages),"Formal preseason staff title: quarterbacks. Weeks encode the season designation, not independently observed weekly tenure; does not establish play-calling duty."
2015-CLE-head_coach-01-17-mike-pettine,https://github.com/nflverse/nflverse-data/releases/download/pbp/play_by_play_2015.parquet,nflverse play-by-play 2015,official_release,2026-08-27,"regular-season team games, weeks 1-17",Observed head coach on each included regular-season game; interval is first through last observed game week.
2015-CLE-offensive_coordinator-01-17-john-defilippo,https://basement.crucifyd.com/zone/seahawks/record-fact/NFL%20-%202015%20-%20Record%20%26%20Fact%20Book.pdf,2015 NFL Record & Fact Book,official_book_mirror,2026-08-27,PDF page 63 (staff page; assistant listing may continue on following pages),"Formal preseason staff title: offensive coordinator. Weeks encode the season designation, not independently observed weekly tenure; does not establish play-calling duty."
2015-DAL-head_coach-01-17-jason-garrett,https://github.com/nflverse/nflverse-data/releases/download/pbp/play_by_play_2015.parquet,nflverse play-by-play 2015,official_release,2026-08-27,"regular-season team games, weeks 1-17",Observed head coach on each included regular-season game; interval is first through last observed game week.
2015-DAL-quarterbacks_coach-01-17-wade-wilson,https://basement.crucifyd.com/zone/seahawks/record-fact/NFL%20-%202015%20-%20Record%20%26%20Fact%20Book.pdf,2015 NFL Record & Fact Book,official_book_mirror,2026-08-27,PDF page 167 (staff page; assistant listing may continue on following pages),"Formal preseason staff title: quarterbacks. Weeks encode the season designation, not independently observed weekly tenure; does not establish play-calling duty."
2015-DEN-head_coach-01-17-gary-kubiak,https://github.com/nflverse/nflverse-data/releases/download/pbp/play_by_play_2015.parquet,nflverse play-by-play 2015,official_release,2026-08-27,"regular-season team games, weeks 1-17",Observed head coach on each included regular-season game; interval is first through last observed game week.
2015-DEN-offensive_coordinator-01-17-rick-dennison,https://basement.crucifyd.com/zone/seahawks/record-fact/NFL%20-%202015%20-%20Record%20%26%20Fact%20Book.pdf,2015 NFL Record & Fact Book,official_book_mirror,2026-08-27,PDF page 69 (staff page; assistant listing may continue on following pages),"Formal preseason staff title: offensive coordinator. Weeks encode the season designation, not independently observed weekly tenure; does not establish play-calling duty."
2015-DEN-quarterbacks_coach-01-17-greg-knapp,https://basement.crucifyd.com/zone/seahawks/record-fact/NFL%20-%202015%20-%20Record%20%26%20Fact%20Book.pdf,2015 NFL Record & Fact Book,official_book_mirror,2026-08-27,PDF page 69 (staff page; assistant listing may continue on following pages),"Formal preseason staff title: quarterbacks. Weeks encode the season designation, not independently observed weekly tenure; does not establish play-calling duty."
2015-DET-head_coach-01-17-jim-caldwell,https://github.com/nflverse/nflverse-data/releases/download/pbp/play_by_play_2015.parquet,nflverse play-by-play 2015,official_release,2026-08-27,"regular-season team games, weeks 1-17",Observed head coach on each included regular-season game; interval is first through last observed game week.
2015-DET-offensive_coordinator-01-07-joe-lombardi,https://www.nfl.com/news/lions-fire-offensive-coordinator-joe-lombardi-0ap3000000566406,Lions fire Joe Lombardi; Jim Bob Cooter named offensive coordinator,official_release,2026-08-27,Change reported after Week 7,Dated league report verifies the in-season offensive-coordinator change.
2015-DET-offensive_coordinator-08-17-jim-bob-cooter,https://www.nfl.com/news/lions-fire-offensive-coordinator-joe-lombardi-0ap3000000566406,Lions fire Joe Lombardi; Jim Bob Cooter named offensive coordinator,official_release,2026-08-27,Replacement effective Week 8,Dated league report verifies the in-season offensive-coordinator change.
2015-DET-quarterbacks_coach-01-17-jim-bob-cooter,https://basement.crucifyd.com/zone/seahawks/record-fact/NFL%20-%202015%20-%20Record%20%26%20Fact%20Book.pdf,2015 NFL Record & Fact Book,official_book_mirror,2026-08-27,PDF page 173 (staff page; assistant listing may continue on following pages),"Formal preseason staff title: quarterbacks. Weeks encode the season designation, not independently observed weekly tenure; does not establish play-calling duty."
2015-GB-head_coach-01-17-mike-mccarthy,https://github.com/nflverse/nflverse-data/releases/download/pbp/play_by_play_2015.parquet,nflverse play-by-play 2015,official_release,2026-08-27,"regular-season team games, weeks 1-17",Observed head coach on each included regular-season game; interval is first through last observed game week.
2015-GB-offensive_coordinator-01-17-edgar-bennett,https://basement.crucifyd.com/zone/seahawks/record-fact/NFL%20-%202015%20-%20Record%20%26%20Fact%20Book.pdf,2015 NFL Record & Fact Book,official_book_mirror,2026-08-27,PDF page 179 (staff page; assistant listing may continue on following pages),"Formal preseason staff title: offensive coordinator. Weeks encode the season designation, not independently observed weekly tenure; does not establish play-calling duty."
2015-GB-quarterbacks_coach-01-17-alex-van-pelt,https://basement.crucifyd.com/zone/seahawks/record-fact/NFL%20-%202015%20-%20Record%20%26%20Fact%20Book.pdf,2015 NFL Record & Fact Book,official_book_mirror,2026-08-27,PDF page 179 (staff page; assistant listing may continue on following pages),"Formal preseason staff title: quarterbacks/wide receivers. Weeks encode the season designation, not independently observed weekly tenure; does not establish play-calling duty."
2015-HOU-head_coach-01-17-bill-o-brien,https://github.com/nflverse/nflverse-data/releases/download/pbp/play_by_play_2015.parquet,nflverse play-by-play 2015,official_release,2026-08-27,"regular-season team games, weeks 1-17",Observed head coach on each included regular-season game; interval is first through last observed game week.
2015-IND-head_coach-01-17-chuck-pagano,https://github.com/nflverse/nflverse-data/releases/download/pbp/play_by_play_2015.parquet,nflverse play-by-play 2015,official_release,2026-08-27,"regular-season team games, weeks 1-17",Observed head coach on each included regular-season game; interval is first through last observed game week.
2015-IND-offensive_coordinator-01-08-pep-hamilton,https://www.nfl.com/news/colts-fire-offensive-coordinator-pep-hamilton-0ap3000000572620,Colts fire Pep Hamilton; Rob Chudzinski assumes role,official_release,2026-08-27,Change reported after Week 8,Dated league report verifies the in-season offensive-coordinator change.
2015-IND-offensive_coordinator-09-17-rob-chudzinski,https://www.nfl.com/news/colts-fire-offensive-coordinator-pep-hamilton-0ap3000000572620,Colts fire Pep Hamilton; Rob Chudzinski assumes role,official_release,2026-08-27,Replacement effective Week 9,Dated league report verifies the in-season offensive-coordinator change.
2015-IND-play_caller-09-17-rob-chudzinski,https://www.nfl.com/news/colts-name-rob-chudzinski-offensive-coordinator-0ap3000000619170,Colts retain Rob Chudzinski as offensive coordinator,official_release,2026-08-27,Dated report; weeks 9-17,Dated league report explicitly identifies Rob Chudzinski as the offensive play caller for this interval.
2015-IND-quarterbacks_coach-01-17-clyde-christensen,https://basement.crucifyd.com/zone/seahawks/record-fact/NFL%20-%202015%20-%20Record%20%26%20Fact%20Book.pdf,2015 NFL Record & Fact Book,official_book_mirror,2026-08-27,PDF page 81 (staff page; assistant listing may continue on following pages),"Formal preseason staff title: quarterbacks. Weeks encode the season designation, not independently observed weekly tenure; does not establish play-calling duty."
2015-JAX-head_coach-01-17-gus-bradley,https://github.com/nflverse/nflverse-data/releases/download/pbp/play_by_play_2015.parquet,nflverse play-by-play 2015,official_release,2026-08-27,"regular-season team games, weeks 1-17",Observed head coach on each included regular-season game; interval is first through last observed game week.
2015-KC-head_coach-01-17-andy-reid,https://github.com/nflverse/nflverse-data/releases/download/pbp/play_by_play_2015.parquet,nflverse play-by-play 2015,official_release,2026-08-27,"regular-season team games, weeks 1-17",Observed head coach on each included regular-season game; interval is first through last observed game week.
2015-KC-offensive_coordinator-01-17-doug-pederson,https://basement.crucifyd.com/zone/seahawks/record-fact/NFL%20-%202015%20-%20Record%20%26%20Fact%20Book.pdf,2015 NFL Record & Fact Book,official_book_mirror,2026-08-27,PDF page 93 (staff page; assistant listing may continue on following pages),"Formal preseason staff title: offensive coordinator. Weeks encode the season designation, not independently observed weekly tenure; does not establish play-calling duty."
2015-KC-quarterbacks_coach-01-17-matt-nagy,https://basement.crucifyd.com/zone/seahawks/record-fact/NFL%20-%202015%20-%20Record%20%26%20Fact%20Book.pdf,2015 NFL Record & Fact Book,official_book_mirror,2026-08-27,PDF page 93 (staff page; assistant listing may continue on following pages),"Formal preseason staff title: quarterbacks. Weeks encode the season designation, not independently observed weekly tenure; does not establish play-calling duty."
2015-LA-head_coach-01-17-jeff-fisher,https://github.com/nflverse/nflverse-data/releases/download/pbp/play_by_play_2015.parquet,nflverse play-by-play 2015,official_release,2026-08-27,"regular-season team games, weeks 1-17",Observed head coach on each included regular-season game; interval is first through last observed game week.
2015-LA-offensive_coordinator-01-17-frank-cignetti-jr,https://basement.crucifyd.com/zone/seahawks/record-fact/NFL%20-%202015%20-%20Record%20%26%20Fact%20Book.pdf,2015 NFL Record & Fact Book,official_book_mirror,2026-08-27,PDF page 209 (staff page; assistant listing may continue on following pages),"Formal preseason staff title: offensive coordinator. Weeks encode the season designation, not independently observed weekly tenure; does not establish play-calling duty."
2015-LA-quarterbacks_coach-01-17-chris-weinke,https://basement.crucifyd.com/zone/seahawks/record-fact/NFL%20-%202015%20-%20Record%20%26%20Fact%20Book.pdf,2015 NFL Record & Fact Book,official_book_mirror,2026-08-27,PDF page 209 (staff page; assistant listing may continue on following pages),"Formal preseason staff title: quarterbacks. Weeks encode the season designation, not independently observed weekly tenure; does not establish play-calling duty."
2015-LAC-head_coach-01-17-mike-mccoy,https://github.com/nflverse/nflverse-data/releases/download/pbp/play_by_play_2015.parquet,nflverse play-by-play 2015,official_release,2026-08-27,"regular-season team games, weeks 1-17",Observed head coach on each included regular-season game; interval is first through last observed game week.
2015-LAC-offensive_coordinator-01-17-frank-reich,https://basement.crucifyd.com/zone/seahawks/record-fact/NFL%20-%202015%20-%20Record%20%26%20Fact%20Book.pdf,2015 NFL Record & Fact Book,official_book_mirror,2026-08-27,PDF page 129 (staff page; assistant listing may continue on following pages),"Formal preseason staff title: offensive coordinator. Weeks encode the season designation, not independently observed weekly tenure; does not establish play-calling duty."
2015-LAC-quarterbacks_coach-01-17-nick-sirianni,https://basement.crucifyd.com/zone/seahawks/record-fact/NFL%20-%202015%20-%20Record%20%26%20Fact%20Book.pdf,2015 NFL Record & Fact Book,official_book_mirror,2026-08-27,PDF page 129 (staff page; assistant listing may continue on following pages),"Formal preseason staff title: quarterbacks. Weeks encode the season designation, not independently observed weekly tenure; does not establish play-calling duty."
2015-LV-head_coach-01-17-jack-del-rio,https://github.com/nflverse/nflverse-data/releases/download/pbp/play_by_play_2015.parquet,nflverse play-by-play 2015,official_release,2026-08-27,"regular-season team games, weeks 1-17",Observed head coach on each included regular-season game; interval is first through last observed game week.
2015-LV-offensive_coordinator-01-17-bill-musgrave,https://basement.crucifyd.com/zone/seahawks/record-fact/NFL%20-%202015%20-%20Record%20%26%20Fact%20Book.pdf,2015 NFL Record & Fact Book,official_book_mirror,2026-08-27,PDF page 117 (staff page; assistant listing may continue on following pages),"Formal preseason staff title: offensive coordinator. Weeks encode the season designation, not independently observed weekly tenure; does not establish play-calling duty."
2015-LV-quarterbacks_coach-01-17-todd-downing,https://basement.crucifyd.com/zone/seahawks/record-fact/NFL%20-%202015%20-%20Record%20%26%20Fact%20Book.pdf,2015 NFL Record & Fact Book,official_book_mirror,2026-08-27,PDF page 117 (staff page; assistant listing may continue on following pages),"Formal preseason staff title: quarterbacks. Weeks encode the season designation, not independently observed weekly tenure; does not establish play-calling duty."
2015-MIA-head_coach-01-17-joe-philbin,https://github.com/nflverse/nflverse-data/releases/download/pbp/play_by_play_2015.parquet,nflverse play-by-play 2015,official_release,2026-08-27,"regular-season team games, weeks 1-17",Observed head coach on each included regular-season game; interval is first through last observed game week.
2015-MIA-offensive_coordinator-01-17-bill-lazor,https://basement.crucifyd.com/zone/seahawks/record-fact/NFL%20-%202015%20-%20Record%20%26%20Fact%20Book.pdf,2015 NFL Record & Fact Book,official_book_mirror,2026-08-27,PDF page 99 (staff page; assistant listing may continue on following pages),"Formal preseason staff title: offensive coordinator. Weeks encode the season designation, not independently observed weekly tenure; does not establish play-calling duty."
2015-MIA-play_caller-13-17-zac-taylor,https://www.nfl.com/news/dolphins-fire-offensive-coordinator-bill-lazor-0ap3000000591391,Dolphins name Zac Taylor primary play caller for remainder of season,official_release,2026-08-27,Dated report; weeks 13-17,Source explicitly assigns Taylor primary play-calling duty for the remainder of the season; this is a temporary assignment.
2015-MIA-quarterbacks_coach-01-17-zac-taylor,https://basement.crucifyd.com/zone/seahawks/record-fact/NFL%20-%202015%20-%20Record%20%26%20Fact%20Book.pdf,2015 NFL Record & Fact Book,official_book_mirror,2026-08-27,PDF page 99 (staff page; assistant listing may continue on following pages),"Formal preseason staff title: quarterbacks. Weeks encode the season designation, not independently observed weekly tenure; does not establish play-calling duty."
2015-MIN-head_coach-01-17-mike-zimmer,https://github.com/nflverse/nflverse-data/releases/download/pbp/play_by_play_2015.parquet,nflverse play-by-play 2015,official_release,2026-08-27,"regular-season team games, weeks 1-17",Observed head coach on each included regular-season game; interval is first through last observed game week.
2015-MIN-offensive_coordinator-01-17-norv-turner,https://basement.crucifyd.com/zone/seahawks/record-fact/NFL%20-%202015%20-%20Record%20%26%20Fact%20Book.pdf,2015 NFL Record & Fact Book,official_book_mirror,2026-08-27,PDF page 185 (staff page; assistant listing may continue on following pages),"Formal preseason staff title: offensive coordinator. Weeks encode the season designation, not independently observed weekly tenure; does not establish play-calling duty."
2015-MIN-quarterbacks_coach-01-17-scott-turner,https://basement.crucifyd.com/zone/seahawks/record-fact/NFL%20-%202015%20-%20Record%20%26%20Fact%20Book.pdf,2015 NFL Record & Fact Book,official_book_mirror,2026-08-27,PDF page 185 (staff page; assistant listing may continue on following pages),"Formal preseason staff title: quarterbacks. Weeks encode the season designation, not independently observed weekly tenure; does not establish play-calling duty."
2015-NE-head_coach-01-17-bill-belichick,https://github.com/nflverse/nflverse-data/releases/download/pbp/play_by_play_2015.parquet,nflverse play-by-play 2015,official_release,2026-08-27,"regular-season team games, weeks 1-17",Observed head coach on each included regular-season game; interval is first through last observed game week.
2015-NO-head_coach-01-17-sean-payton,https://github.com/nflverse/nflverse-data/releases/download/pbp/play_by_play_2015.parquet,nflverse play-by-play 2015,official_release,2026-08-27,"regular-season team games, weeks 1-17",Observed head coach on each included regular-season game; interval is first through last observed game week.
2015-NO-quarterbacks_coach-01-17-mike-neu,https://basement.crucifyd.com/zone/seahawks/record-fact/NFL%20-%202015%20-%20Record%20%26%20Fact%20Book.pdf,2015 NFL Record & Fact Book,official_book_mirror,2026-08-27,PDF page 191 (staff page; assistant listing may continue on following pages),"Formal preseason staff title: quarterbacks. Weeks encode the season designation, not independently observed weekly tenure; does not establish play-calling duty."
2015-NYG-head_coach-01-17-tom-coughlin,https://github.com/nflverse/nflverse-data/releases/download/pbp/play_by_play_2015.parquet,nflverse play-by-play 2015,official_release,2026-08-27,"regular-season team games, weeks 1-17",Observed head coach on each included regular-season game; interval is first through last observed game week.
2015-NYG-offensive_coordinator-01-17-ben-mcadoo,https://basement.crucifyd.com/zone/seahawks/record-fact/NFL%20-%202015%20-%20Record%20%26%20Fact%20Book.pdf,2015 NFL Record & Fact Book,official_book_mirror,2026-08-27,PDF page 197 (staff page; assistant listing may continue on following pages),"Formal preseason staff title: offensive coordinator. Weeks encode the season designation, not independently observed weekly tenure; does not establish play-calling duty."
2015-NYG-quarterbacks_coach-01-17-mike-sullivan,https://basement.crucifyd.com/zone/seahawks/record-fact/NFL%20-%202015%20-%20Record%20%26%20Fact%20Book.pdf,2015 NFL Record & Fact Book,official_book_mirror,2026-08-27,PDF page 197 (staff page; assistant listing may continue on following pages),"Formal preseason staff title: quarterbacks. Weeks encode the season designation, not independently observed weekly tenure; does not establish play-calling duty."
2015-NYJ-head_coach-01-17-todd-bowles,https://github.com/nflverse/nflverse-data/releases/download/pbp/play_by_play_2015.parquet,nflverse play-by-play 2015,official_release,2026-08-27,"regular-season team games, weeks 1-17",Observed head coach on each included regular-season game; interval is first through last observed game week.
2015-NYJ-offensive_coordinator-01-17-chan-gailey,https://basement.crucifyd.com/zone/seahawks/record-fact/NFL%20-%202015%20-%20Record%20%26%20Fact%20Book.pdf,2015 NFL Record & Fact Book,official_book_mirror,2026-08-27,PDF page 111 (staff page; assistant listing may continue on following pages),"Formal preseason staff title: offensive coordinator. Weeks encode the season designation, not independently observed weekly tenure; does not establish play-calling duty."
2015-NYJ-quarterbacks_coach-01-17-kevin-patullo,https://basement.crucifyd.com/zone/seahawks/record-fact/NFL%20-%202015%20-%20Record%20%26%20Fact%20Book.pdf,2015 NFL Record & Fact Book,official_book_mirror,2026-08-27,PDF page 111 (staff page; assistant listing may continue on following pages),"Formal preseason staff title: quarterbacks. Weeks encode the season designation, not independently observed weekly tenure; does not establish play-calling duty."
2015-PHI-head_coach-01-16-chip-kelly,https://github.com/nflverse/nflverse-data/releases/download/pbp/play_by_play_2015.parquet,nflverse play-by-play 2015,official_release,2026-08-27,"regular-season team games, weeks 1-16",Observed head coach on each included regular-season game; interval is first through last observed game week.
2015-PHI-head_coach-17-17-pat-shurmur,https://github.com/nflverse/nflverse-data/releases/download/pbp/play_by_play_2015.parquet,nflverse play-by-play 2015,official_release,2026-08-27,"regular-season team games, weeks 17-17",Observed head coach on each included regular-season game; interval is first through last observed game week.
2015-PHI-offensive_coordinator-01-17-pat-shurmur,https://basement.crucifyd.com/zone/seahawks/record-fact/NFL%20-%202015%20-%20Record%20%26%20Fact%20Book.pdf,2015 NFL Record & Fact Book,official_book_mirror,2026-08-27,PDF page 203 (staff page; assistant listing may continue on following pages),"Formal preseason staff title: offensive coordinator. Weeks encode the season designation, not independently observed weekly tenure; does not establish play-calling duty."
2015-PHI-quarterbacks_coach-01-17-ryan-day,https://basement.crucifyd.com/zone/seahawks/record-fact/NFL%20-%202015%20-%20Record%20%26%20Fact%20Book.pdf,2015 NFL Record & Fact Book,official_book_mirror,2026-08-27,PDF page 203 (staff page; assistant listing may continue on following pages),"Formal preseason staff title: quarterbacks. Weeks encode the season designation, not independently observed weekly tenure; does not establish play-calling duty."
2015-PIT-head_coach-01-17-mike-tomlin,https://github.com/nflverse/nflverse-data/releases/download/pbp/play_by_play_2015.parquet,nflverse play-by-play 2015,official_release,2026-08-27,"regular-season team games, weeks 1-17",Observed head coach on each included regular-season game; interval is first through last observed game week.
2015-PIT-offensive_coordinator-01-17-todd-haley,https://basement.crucifyd.com/zone/seahawks/record-fact/NFL%20-%202015%20-%20Record%20%26%20Fact%20Book.pdf,2015 NFL Record & Fact Book,official_book_mirror,2026-08-27,PDF page 123 (staff page; assistant listing may continue on following pages),"Formal preseason staff title: offensive coordinator. Weeks encode the season designation, not independently observed weekly tenure; does not establish play-calling duty."
2015-PIT-quarterbacks_coach-01-17-randy-fichtner,https://basement.crucifyd.com/zone/seahawks/record-fact/NFL%20-%202015%20-%20Record%20%26%20Fact%20Book.pdf,2015 NFL Record & Fact Book,official_book_mirror,2026-08-27,PDF page 123 (staff page; assistant listing may continue on following pages),"Formal preseason staff title: quarterbacks. Weeks encode the season designation, not independently observed weekly tenure; does not establish play-calling duty."
2015-SEA-head_coach-01-17-pete-carroll,https://github.com/nflverse/nflverse-data/releases/download/pbp/play_by_play_2015.parquet,nflverse play-by-play 2015,official_release,2026-08-27,"regular-season team games, weeks 1-17",Observed head coach on each included regular-season game; interval is first through last observed game week.
2015-SEA-offensive_coordinator-01-17-darrell-bevell,https://basement.crucifyd.com/zone/seahawks/record-fact/NFL%20-%202015%20-%20Record%20%26%20Fact%20Book.pdf,2015 NFL Record & Fact Book,official_book_mirror,2026-08-27,PDF page 221 (staff page; assistant listing may continue on following pages),"Formal preseason staff title: offensive coordinator. Weeks encode the season designation, not independently observed weekly tenure; does not establish play-calling duty."
2015-SEA-quarterbacks_coach-01-17-carl-smith,https://basement.crucifyd.com/zone/seahawks/record-fact/NFL%20-%202015%20-%20Record%20%26%20Fact%20Book.pdf,2015 NFL Record & Fact Book,official_book_mirror,2026-08-27,PDF page 221 (staff page; assistant listing may continue on following pages),"Formal preseason staff title: quarterbacks. Weeks encode the season designation, not independently observed weekly tenure; does not establish play-calling duty."
2015-SF-head_coach-01-17-jim-tomsula,https://github.com/nflverse/nflverse-data/releases/download/pbp/play_by_play_2015.parquet,nflverse play-by-play 2015,official_release,2026-08-27,"regular-season team games, weeks 1-17",Observed head coach on each included regular-season game; interval is first through last observed game week.
2015-SF-quarterbacks_coach-01-17-steve-logan,https://basement.crucifyd.com/zone/seahawks/record-fact/NFL%20-%202015%20-%20Record%20%26%20Fact%20Book.pdf,2015 NFL Record & Fact Book,official_book_mirror,2026-08-27,PDF page 215 (staff page; assistant listing may continue on following pages),"Formal preseason staff title: quarterbacks. Weeks encode the season designation, not independently observed weekly tenure; does not establish play-calling duty."
2015-TB-head_coach-01-17-lovie-smith,https://github.com/nflverse/nflverse-data/releases/download/pbp/play_by_play_2015.parquet,nflverse play-by-play 2015,official_release,2026-08-27,"regular-season team games, weeks 1-17",Observed head coach on each included regular-season game; interval is first through last observed game week.
2015-TB-offensive_coordinator-01-17-dirk-koetter,https://basement.crucifyd.com/zone/seahawks/record-fact/NFL%20-%202015%20-%20Record%20%26%20Fact%20Book.pdf,2015 NFL Record & Fact Book,official_book_mirror,2026-08-27,PDF page 227 (staff page; assistant listing may continue on following pages),"Formal preseason staff title: offensive coordinator. Weeks encode the season designation, not independently observed weekly tenure; does not establish play-calling duty."
2015-TB-quarterbacks_coach-01-17-mike-bajakian,https://basement.crucifyd.com/zone/seahawks/record-fact/NFL%20-%202015%20-%20Record%20%26%20Fact%20Book.pdf,2015 NFL Record & Fact Book,official_book_mirror,2026-08-27,PDF page 227 (staff page; assistant listing may continue on following pages),"Formal preseason staff title: quarterbacks. Weeks encode the season designation, not independently observed weekly tenure; does not establish play-calling duty."
2015-TEN-head_coach-01-17-ken-whisenhunt,https://github.com/nflverse/nflverse-data/releases/download/pbp/play_by_play_2015.parquet,nflverse play-by-play 2015,official_release,2026-08-27,"regular-season team games, weeks 1-17",Observed head coach on each included regular-season game; interval is first through last observed game week.
2015-TEN-offensive_coordinator-01-17-jason-michael,https://basement.crucifyd.com/zone/seahawks/record-fact/NFL%20-%202015%20-%20Record%20%26%20Fact%20Book.pdf,2015 NFL Record & Fact Book,official_book_mirror,2026-08-27,PDF page 135 (staff page; assistant listing may continue on following pages),"Formal preseason staff title: offensive coordinator. Weeks encode the season designation, not independently observed weekly tenure; does not establish play-calling duty."
2015-TEN-quarterbacks_coach-01-17-john-mcnulty,https://basement.crucifyd.com/zone/seahawks/record-fact/NFL%20-%202015%20-%20Record%20%26%20Fact%20Book.pdf,2015 NFL Record & Fact Book,official_book_mirror,2026-08-27,PDF page 135 (staff page; assistant listing may continue on following pages),"Formal preseason staff title: quarterbacks. Weeks encode the season designation, not independently observed weekly tenure; does not establish play-calling duty."
2015-WAS-head_coach-01-17-jay-gruden,https://github.com/nflverse/nflverse-data/releases/download/pbp/play_by_play_2015.parquet,nflverse play-by-play 2015,official_release,2026-08-27,"regular-season team games, weeks 1-17",Observed head coach on each included regular-season game; interval is first through last observed game week.
2015-WAS-offensive_coordinator-01-17-sean-mcvay,https://basement.crucifyd.com/zone/seahawks/record-fact/NFL%20-%202015%20-%20Record%20%26%20Fact%20Book.pdf,2015 NFL Record & Fact Book,official_book_mirror,2026-08-27,PDF page 233 (staff page; assistant listing may continue on following pages),"Formal preseason staff title: offensive coordinator. Weeks encode the season designation, not independently observed weekly tenure; does not establish play-calling duty."
2015-WAS-quarterbacks_coach-01-17-matt-cavanaugh,https://basement.crucifyd.com/zone/seahawks/record-fact/NFL%20-%202015%20-%20Record%20%26%20Fact%20Book.pdf,2015 NFL Record & Fact Book,official_book_mirror,2026-08-27,PDF page 233 (staff page; assistant listing may continue on following pages),"Formal preseason staff title: quarterbacks. Weeks encode the season designation, not independently observed weekly tenure; does not establish play-calling duty."
2016-ARI-head_coach-01-17-bruce-arians,https://github.com/nflverse/nflverse-data/releases/download/pbp/play_by_play_2016.parquet,nflverse play-by-play 2016,official_release,2026-08-27,"regular-season team games, weeks 1-17",Observed head coach on each included regular-season game; interval is first through last observed game week.
2016-ARI-offensive_coordinator-01-17-harold-goodwin,https://basement.crucifyd.com/zone/seahawks/record-fact/NFL%20-%202016%20-%20Record%20%26%20Fact%20Book.pdf,2016 NFL Record & Fact Book,official_book_mirror,2026-08-27,PDF page 143 (staff page; assistant listing may continue on following pages),"Formal preseason staff title: offensive coordinator. Weeks encode the season designation, not independently observed weekly tenure; does not establish play-calling duty."
2016-ARI-quarterbacks_coach-01-17-freddie-kitchens,https://basement.crucifyd.com/zone/seahawks/record-fact/NFL%20-%202016%20-%20Record%20%26%20Fact%20Book.pdf,2016 NFL Record & Fact Book,official_book_mirror,2026-08-27,PDF page 143 (staff page; assistant listing may continue on following pages),"Formal preseason staff title: quarterbacks. Weeks encode the season designation, not independently observed weekly tenure; does not establish play-calling duty."
2016-ATL-head_coach-01-17-dan-quinn,https://github.com/nflverse/nflverse-data/releases/download/pbp/play_by_play_2016.parquet,nflverse play-by-play 2016,official_release,2026-08-27,"regular-season team games, weeks 1-17",Observed head coach on each included regular-season game; interval is first through last observed game week.
2016-ATL-offensive_coordinator-01-17-kyle-shanahan,https://basement.crucifyd.com/zone/seahawks/record-fact/NFL%20-%202016%20-%20Record%20%26%20Fact%20Book.pdf,2016 NFL Record & Fact Book,official_book_mirror,2026-08-27,PDF page 149 (staff page; assistant listing may continue on following pages),"Formal preseason staff title: offensive coordinator. Weeks encode the season designation, not independently observed weekly tenure; does not establish play-calling duty."
2016-ATL-quarterbacks_coach-01-17-matt-lafleur,https://basement.crucifyd.com/zone/seahawks/record-fact/NFL%20-%202016%20-%20Record%20%26%20Fact%20Book.pdf,2016 NFL Record & Fact Book,official_book_mirror,2026-08-27,PDF page 149 (staff page; assistant listing may continue on following pages),"Formal preseason staff title: quarterbacks. Weeks encode the season designation, not independently observed weekly tenure; does not establish play-calling duty."
2016-BAL-head_coach-01-17-john-harbaugh,https://github.com/nflverse/nflverse-data/releases/download/pbp/play_by_play_2016.parquet,nflverse play-by-play 2016,official_release,2026-08-27,"regular-season team games, weeks 1-17",Observed head coach on each included regular-season game; interval is first through last observed game week.
2016-BAL-offensive_coordinator-01-05-marc-trestman,https://www.nfl.com/news/ravens-fire-offensive-coordinator-marc-trestman-0ap3000000718709,Ravens replace Marc Trestman with Marty Mornhinweg,official_release,2026-08-27,Change reported after Week 5,Dated league report verifies the in-season offensive-coordinator change.
2016-BAL-offensive_coordinator-06-17-marty-mornhinweg,https://www.nfl.com/news/ravens-fire-offensive-coordinator-marc-trestman-0ap3000000718709,Ravens replace Marc Trestman with Marty Mornhinweg,official_release,2026-08-27,Replacement effective Week 6,Dated league report verifies the in-season offensive-coordinator change.
2016-BAL-play_caller-06-17-marty-mornhinweg,https://www.nfl.com/news/ravens-fire-offensive-coordinator-marc-trestman-0ap3000000718709,Ravens replace Marc Trestman with Marty Mornhinweg,official_release,2026-08-27,Dated report; weeks 6-17,Dated league report explicitly identifies Marty Mornhinweg as the offensive play caller for this interval.
2016-BAL-quarterbacks_coach-01-17-marty-mornhinweg,https://basement.crucifyd.com/zone/seahawks/record-fact/NFL%20-%202016%20-%20Record%20%26%20Fact%20Book.pdf,2016 NFL Record & Fact Book,official_book_mirror,2026-08-27,PDF page 45 (staff page; assistant listing may continue on following pages),"Formal preseason staff title: quarterbacks. Weeks encode the season designation, not independently observed weekly tenure; does not establish play-calling duty."
2016-BUF-head_coach-01-16-rex-ryan,https://github.com/nflverse/nflverse-data/releases/download/pbp/play_by_play_2016.parquet,nflverse play-by-play 2016,official_release,2026-08-27,"regular-season team games, weeks 1-16",Observed head coach on each included regular-season game; interval is first through last observed game week.
2016-BUF-head_coach-17-17-anthony-lynn,https://github.com/nflverse/nflverse-data/releases/download/pbp/play_by_play_2016.parquet,nflverse play-by-play 2016,official_release,2026-08-27,"regular-season team games, weeks 17-17",Observed head coach on each included regular-season game; interval is first through last observed game week.
2016-BUF-play_caller-03-17-anthony-lynn,https://www.nfl.com/news/buffalo-bills-fire-offensive-coordinator-greg-roman-0ap3000000703603,Bills name Anthony Lynn full-time play caller,official_release,2026-08-27,Dated report; weeks 3-17,Dated league report explicitly identifies Anthony Lynn as the offensive play caller for this interval.
2016-BUF-quarterbacks_coach-01-17-david-lee,https://basement.crucifyd.com/zone/seahawks/record-fact/NFL%20-%202016%20-%20Record%20%26%20Fact%20Book.pdf,2016 NFL Record & Fact Book,official_book_mirror,2026-08-27,PDF page 51 (staff page; assistant listing may continue on following pages),"Formal preseason staff title: quarterbacks. Weeks encode the season designation, not independently observed weekly tenure; does not establish play-calling duty."
2016-CAR-head_coach-01-17-ron-rivera,https://github.com/nflverse/nflverse-data/releases/download/pbp/play_by_play_2016.parquet,nflverse play-by-play 2016,official_release,2026-08-27,"regular-season team games, weeks 1-17",Observed head coach on each included regular-season game; interval is first through last observed game week.
2016-CAR-quarterbacks_coach-01-17-ken-dorsey,https://basement.crucifyd.com/zone/seahawks/record-fact/NFL%20-%202016%20-%20Record%20%26%20Fact%20Book.pdf,2016 NFL Record & Fact Book,official_book_mirror,2026-08-27,PDF page 155 (staff page; assistant listing may continue on following pages),"Formal preseason staff title: quarterbacks. Weeks encode the season designation, not independently observed weekly tenure; does not establish play-calling duty."
2016-CHI-head_coach-01-17-john-fox,https://github.com/nflverse/nflverse-data/releases/download/pbp/play_by_play_2016.parquet,nflverse play-by-play 2016,official_release,2026-08-27,"regular-season team games, weeks 1-17",Observed head coach on each included regular-season game; interval is first through last observed game week.
2016-CHI-offensive_coordinator-01-17-dowell-loggains,https://basement.crucifyd.com/zone/seahawks/record-fact/NFL%20-%202016%20-%20Record%20%26%20Fact%20Book.pdf,2016 NFL Record & Fact Book,official_book_mirror,2026-08-27,PDF page 161 (staff page; assistant listing may continue on following pages),"Formal preseason staff title: offensive coordinator. Weeks encode the season designation, not independently observed weekly tenure; does not establish play-calling duty."
2016-CHI-quarterbacks_coach-01-17-dave-ragone,https://basement.crucifyd.com/zone/seahawks/record-fact/NFL%20-%202016%20-%20Record%20%26%20Fact%20Book.pdf,2016 NFL Record & Fact Book,official_book_mirror,2026-08-27,PDF page 161 (staff page; assistant listing may continue on following pages),"Formal preseason staff title: quarterbacks. Weeks encode the season designation, not independently observed weekly tenure; does not establish play-calling duty."
2016-CIN-head_coach-01-17-marvin-lewis,https://github.com/nflverse/nflverse-data/releases/download/pbp/play_by_play_2016.parquet,nflverse play-by-play 2016,official_release,2026-08-27,"regular-season team games, weeks 1-17",Observed head coach on each included regular-season game; interval is first through last observed game week.
2016-CIN-offensive_coordinator-01-17-ken-zampese,https://basement.crucifyd.com/zone/seahawks/record-fact/NFL%20-%202016%20-%20Record%20%26%20Fact%20Book.pdf,2016 NFL Record & Fact Book,official_book_mirror,2026-08-27,PDF page 57 (staff page; assistant listing may continue on following pages),"Formal preseason staff title: offensive coordinator. Weeks encode the season designation, not independently observed weekly tenure; does not establish play-calling duty."
2016-CIN-quarterbacks_coach-01-17-bill-lazor,https://basement.crucifyd.com/zone/seahawks/record-fact/NFL%20-%202016%20-%20Record%20%26%20Fact%20Book.pdf,2016 NFL Record & Fact Book,official_book_mirror,2026-08-27,PDF page 57 (staff page; assistant listing may continue on following pages),"Formal preseason staff title: quarterbacks. Weeks encode the season designation, not independently observed weekly tenure; does not establish play-calling duty."
2016-CLE-head_coach-01-17-hue-jackson,https://github.com/nflverse/nflverse-data/releases/download/pbp/play_by_play_2016.parquet,nflverse play-by-play 2016,official_release,2026-08-27,"regular-season team games, weeks 1-17",Observed head coach on each included regular-season game; interval is first through last observed game week.
2016-DAL-head_coach-01-17-jason-garrett,https://github.com/nflverse/nflverse-data/releases/download/pbp/play_by_play_2016.parquet,nflverse play-by-play 2016,official_release,2026-08-27,"regular-season team games, weeks 1-17",Observed head coach on each included regular-season game; interval is first through last observed game week.
2016-DAL-offensive_coordinator-01-17-scott-linehan,https://basement.crucifyd.com/zone/seahawks/record-fact/NFL%20-%202016%20-%20Record%20%26%20Fact%20Book.pdf,2016 NFL Record & Fact Book,official_book_mirror,2026-08-27,PDF page 167 (staff page; assistant listing may continue on following pages),"Formal preseason staff title: offensive coordinator. Weeks encode the season designation, not independently observed weekly tenure; does not establish play-calling duty."
2016-DAL-quarterbacks_coach-01-17-wade-wilson,https://basement.crucifyd.com/zone/seahawks/record-fact/NFL%20-%202016%20-%20Record%20%26%20Fact%20Book.pdf,2016 NFL Record & Fact Book,official_book_mirror,2026-08-27,PDF page 167 (staff page; assistant listing may continue on following pages),"Formal preseason staff title: quarterbacks. Weeks encode the season designation, not independently observed weekly tenure; does not establish play-calling duty."
2016-DEN-head_coach-01-17-gary-kubiak,https://github.com/nflverse/nflverse-data/releases/download/pbp/play_by_play_2016.parquet,nflverse play-by-play 2016,official_release,2026-08-27,"regular-season team games, weeks 1-17",Observed head coach on each included regular-season game; interval is first through last observed game week.
2016-DEN-offensive_coordinator-01-17-rick-dennison,https://basement.crucifyd.com/zone/seahawks/record-fact/NFL%20-%202016%20-%20Record%20%26%20Fact%20Book.pdf,2016 NFL Record & Fact Book,official_book_mirror,2026-08-27,PDF page 69 (staff page; assistant listing may continue on following pages),"Formal preseason staff title: offensive coordinator. Weeks encode the season designation, not independently observed weekly tenure; does not establish play-calling duty."
2016-DEN-quarterbacks_coach-01-17-greg-knapp,https://basement.crucifyd.com/zone/seahawks/record-fact/NFL%20-%202016%20-%20Record%20%26%20Fact%20Book.pdf,2016 NFL Record & Fact Book,official_book_mirror,2026-08-27,PDF page 69 (staff page; assistant listing may continue on following pages),"Formal preseason staff title: quarterbacks. Weeks encode the season designation, not independently observed weekly tenure; does not establish play-calling duty."
2016-DET-head_coach-01-17-jim-caldwell,https://github.com/nflverse/nflverse-data/releases/download/pbp/play_by_play_2016.parquet,nflverse play-by-play 2016,official_release,2026-08-27,"regular-season team games, weeks 1-17",Observed head coach on each included regular-season game; interval is first through last observed game week.
2016-DET-offensive_coordinator-01-17-jim-bob-cooter,https://basement.crucifyd.com/zone/seahawks/record-fact/NFL%20-%202016%20-%20Record%20%26%20Fact%20Book.pdf,2016 NFL Record & Fact Book,official_book_mirror,2026-08-27,PDF page 173 (staff page; assistant listing may continue on following pages),"Formal preseason staff title: offensive coordinator. Weeks encode the season designation, not independently observed weekly tenure; does not establish play-calling duty."
2016-GB-head_coach-01-17-mike-mccarthy,https://github.com/nflverse/nflverse-data/releases/download/pbp/play_by_play_2016.parquet,nflverse play-by-play 2016,official_release,2026-08-27,"regular-season team games, weeks 1-17",Observed head coach on each included regular-season game; interval is first through last observed game week.
2016-GB-offensive_coordinator-01-17-edgar-bennett,https://basement.crucifyd.com/zone/seahawks/record-fact/NFL%20-%202016%20-%20Record%20%26%20Fact%20Book.pdf,2016 NFL Record & Fact Book,official_book_mirror,2026-08-27,PDF page 179 (staff page; assistant listing may continue on following pages),"Formal preseason staff title: offensive coordinator. Weeks encode the season designation, not independently observed weekly tenure; does not establish play-calling duty."
2016-GB-quarterbacks_coach-01-17-alex-van-pelt,https://basement.crucifyd.com/zone/seahawks/record-fact/NFL%20-%202016%20-%20Record%20%26%20Fact%20Book.pdf,2016 NFL Record & Fact Book,official_book_mirror,2026-08-27,PDF page 179 (staff page; assistant listing may continue on following pages),"Formal preseason staff title: quarterbacks. Weeks encode the season designation, not independently observed weekly tenure; does not establish play-calling duty."
2016-HOU-head_coach-01-17-bill-o-brien,https://github.com/nflverse/nflverse-data/releases/download/pbp/play_by_play_2016.parquet,nflverse play-by-play 2016,official_release,2026-08-27,"regular-season team games, weeks 1-17",Observed head coach on each included regular-season game; interval is first through last observed game week.
2016-HOU-offensive_coordinator-01-17-george-godsey,https://basement.crucifyd.com/zone/seahawks/record-fact/NFL%20-%202016%20-%20Record%20%26%20Fact%20Book.pdf,2016 NFL Record & Fact Book,official_book_mirror,2026-08-27,PDF page 75 (staff page; assistant listing may continue on following pages),"Formal preseason staff title: offensive coordinator. Weeks encode the season designation, not independently observed weekly tenure; does not establish play-calling duty."
2016-IND-head_coach-01-17-chuck-pagano,https://github.com/nflverse/nflverse-data/releases/download/pbp/play_by_play_2016.parquet,nflverse play-by-play 2016,official_release,2026-08-27,"regular-season team games, weeks 1-17",Observed head coach on each included regular-season game; interval is first through last observed game week.
2016-IND-offensive_coordinator-01-17-rob-chudzinski,https://basement.crucifyd.com/zone/seahawks/record-fact/NFL%20-%202016%20-%20Record%20%26%20Fact%20Book.pdf,2016 NFL Record & Fact Book,official_book_mirror,2026-08-27,PDF page 81 (staff page; assistant listing may continue on following pages),"Formal preseason staff title: offensive coordinator. Weeks encode the season designation, not independently observed weekly tenure; does not establish play-calling duty."
2016-IND-quarterbacks_coach-01-17-brian-schottenheimer,https://basement.crucifyd.com/zone/seahawks/record-fact/NFL%20-%202016%20-%20Record%20%26%20Fact%20Book.pdf,2016 NFL Record & Fact Book,official_book_mirror,2026-08-27,PDF page 81 (staff page; assistant listing may continue on following pages),"Formal preseason staff title: quarterbacks. Weeks encode the season designation, not independently observed weekly tenure; does not establish play-calling duty."
2016-JAX-head_coach-01-15-gus-bradley,https://github.com/nflverse/nflverse-data/releases/download/pbp/play_by_play_2016.parquet,nflverse play-by-play 2016,official_release,2026-08-27,"regular-season team games, weeks 1-15",Observed head coach on each included regular-season game; interval is first through last observed game week.
2016-JAX-head_coach-16-17-doug-marrone,https://github.com/nflverse/nflverse-data/releases/download/pbp/play_by_play_2016.parquet,nflverse play-by-play 2016,official_release,2026-08-27,"regular-season team games, weeks 16-17",Observed head coach on each included regular-season game; interval is first through last observed game week.
2016-JAX-offensive_coordinator-01-08-greg-olson,https://www.nfl.com/news/jaguars-fire-offensive-coordinator-greg-olson-0ap3000000729489,Jaguars fire Greg Olson; Nathaniel Hackett promoted,official_release,2026-08-27,Change reported after Week 8,Dated league report verifies the in-season offensive-coordinator change.
2016-JAX-offensive_coordinator-09-17-nathaniel-hackett,https://www.nfl.com/news/jaguars-fire-offensive-coordinator-greg-olson-0ap3000000729489,Jaguars fire Greg Olson; Nathaniel Hackett promoted,official_release,2026-08-27,Replacement effective Week 9,Dated league report verifies the in-season offensive-coordinator change.
2016-JAX-play_caller-09-17-nathaniel-hackett,https://www.nfl.com/news/jaguars-choose-hackett-as-new-oc-over-chip-kelly-0ap3000000776268,Jaguars make Nathaniel Hackett role permanent after interim play-calling stint,official_release,2026-08-27,Dated report; weeks 9-17,Dated league report explicitly identifies Nathaniel Hackett as the offensive play caller for this interval.
2016-KC-head_coach-01-17-andy-reid,https://github.com/nflverse/nflverse-data/releases/download/pbp/play_by_play_2016.parquet,nflverse play-by-play 2016,official_release,2026-08-27,"regular-season team games, weeks 1-17",Observed head coach on each included regular-season game; interval is first through last observed game week.
2016-LA-head_coach-01-17-jeff-fisher,https://github.com/nflverse/nflverse-data/releases/download/pbp/play_by_play_2016.parquet,nflverse play-by-play 2016,official_release,2026-08-27,"regular-season team games, weeks 1-17",Observed head coach on each included regular-season game; interval is first through last observed game week.
2016-LA-offensive_coordinator-01-17-rob-boras,https://basement.crucifyd.com/zone/seahawks/record-fact/NFL%20-%202016%20-%20Record%20%26%20Fact%20Book.pdf,2016 NFL Record & Fact Book,official_book_mirror,2026-08-27,PDF page 185 (staff page; assistant listing may continue on following pages),"Formal preseason staff title: offensive coordinator. Weeks encode the season designation, not independently observed weekly tenure; does not establish play-calling duty."
2016-LA-quarterbacks_coach-01-17-chris-weinke,https://basement.crucifyd.com/zone/seahawks/record-fact/NFL%20-%202016%20-%20Record%20%26%20Fact%20Book.pdf,2016 NFL Record & Fact Book,official_book_mirror,2026-08-27,PDF page 185 (staff page; assistant listing may continue on following pages),"Formal preseason staff title: quarterbacks. Weeks encode the season designation, not independently observed weekly tenure; does not establish play-calling duty."
2016-LAC-head_coach-01-17-mike-mccoy,https://github.com/nflverse/nflverse-data/releases/download/pbp/play_by_play_2016.parquet,nflverse play-by-play 2016,official_release,2026-08-27,"regular-season team games, weeks 1-17",Observed head coach on each included regular-season game; interval is first through last observed game week.
2016-LAC-offensive_coordinator-01-17-ken-whisenhunt,https://basement.crucifyd.com/zone/seahawks/record-fact/NFL%20-%202016%20-%20Record%20%26%20Fact%20Book.pdf,2016 NFL Record & Fact Book,official_book_mirror,2026-08-27,PDF page 129 (staff page; assistant listing may continue on following pages),"Formal preseason staff title: offensive coordinator. Weeks encode the season designation, not independently observed weekly tenure; does not establish play-calling duty."
2016-LAC-quarterbacks_coach-01-17-shane-steichen,https://basement.crucifyd.com/zone/seahawks/record-fact/NFL%20-%202016%20-%20Record%20%26%20Fact%20Book.pdf,2016 NFL Record & Fact Book,official_book_mirror,2026-08-27,PDF page 129 (staff page; assistant listing may continue on following pages),"Formal preseason staff title: quarterbacks. Weeks encode the season designation, not independently observed weekly tenure; does not establish play-calling duty."
2016-LV-head_coach-01-17-jack-del-rio,https://github.com/nflverse/nflverse-data/releases/download/pbp/play_by_play_2016.parquet,nflverse play-by-play 2016,official_release,2026-08-27,"regular-season team games, weeks 1-17",Observed head coach on each included regular-season game; interval is first through last observed game week.
2016-LV-offensive_coordinator-01-17-bill-musgrave,https://basement.crucifyd.com/zone/seahawks/record-fact/NFL%20-%202016%20-%20Record%20%26%20Fact%20Book.pdf,2016 NFL Record & Fact Book,official_book_mirror,2026-08-27,PDF page 117 (staff page; assistant listing may continue on following pages),"Formal preseason staff title: offensive coordinator. Weeks encode the season designation, not independently observed weekly tenure; does not establish play-calling duty."
2016-LV-quarterbacks_coach-01-17-todd-downing,https://basement.crucifyd.com/zone/seahawks/record-fact/NFL%20-%202016%20-%20Record%20%26%20Fact%20Book.pdf,2016 NFL Record & Fact Book,official_book_mirror,2026-08-27,PDF page 117 (staff page; assistant listing may continue on following pages),"Formal preseason staff title: quarterbacks. Weeks encode the season designation, not independently observed weekly tenure; does not establish play-calling duty."
2016-MIA-head_coach-01-17-adam-gase,https://github.com/nflverse/nflverse-data/releases/download/pbp/play_by_play_2016.parquet,nflverse play-by-play 2016,official_release,2026-08-27,"regular-season team games, weeks 1-17",Observed head coach on each included regular-season game; interval is first through last observed game week.
2016-MIA-offensive_coordinator-01-17-clyde-christensen,https://basement.crucifyd.com/zone/seahawks/record-fact/NFL%20-%202016%20-%20Record%20%26%20Fact%20Book.pdf,2016 NFL Record & Fact Book,official_book_mirror,2026-08-27,PDF page 99 (staff page; assistant listing may continue on following pages),"Formal preseason staff title: offensive coordinator. Weeks encode the season designation, not independently observed weekly tenure; does not establish play-calling duty."
2016-MIA-quarterbacks_coach-01-17-bo-hardegree,https://basement.crucifyd.com/zone/seahawks/record-fact/NFL%20-%202016%20-%20Record%20%26%20Fact%20Book.pdf,2016 NFL Record & Fact Book,official_book_mirror,2026-08-27,PDF page 99 (staff page; assistant listing may continue on following pages),"Formal preseason staff title: quarterbacks. Weeks encode the season designation, not independently observed weekly tenure; does not establish play-calling duty."
2016-MIN-head_coach-01-17-mike-zimmer,https://github.com/nflverse/nflverse-data/releases/download/pbp/play_by_play_2016.parquet,nflverse play-by-play 2016,official_release,2026-08-27,"regular-season team games, weeks 1-17",Observed head coach on each included regular-season game; interval is first through last observed game week.
2016-MIN-offensive_coordinator-01-08-norv-turner,https://www.nfl.com/news/norv-turner-resigns-as-vikings-offensive-coordinator-0ap3000000732550,Norv Turner resigns; Pat Shurmur becomes interim offensive coordinator,official_release,2026-08-27,Change reported after Week 8,Dated league report verifies the in-season offensive-coordinator change.
2016-MIN-offensive_coordinator-09-17-pat-shurmur,https://www.nfl.com/news/norv-turner-resigns-as-vikings-offensive-coordinator-0ap3000000732550,Norv Turner resigns; Pat Shurmur becomes interim offensive coordinator,official_release,2026-08-27,Replacement effective Week 9,Dated league report verifies the in-season offensive-coordinator change.
2016-MIN-play_caller-09-17-pat-shurmur,https://www.nfl.com/news/norv-turner-resigns-as-vikings-offensive-coordinator-0ap3000000732550,Vikings name Pat Shurmur interim coordinator and play caller,official_release,2026-08-27,Dated report; weeks 9-17,Dated league report explicitly identifies Pat Shurmur as the offensive play caller for this interval.
2016-MIN-quarterbacks_coach-01-17-scott-turner,https://basement.crucifyd.com/zone/seahawks/record-fact/NFL%20-%202016%20-%20Record%20%26%20Fact%20Book.pdf,2016 NFL Record & Fact Book,official_book_mirror,2026-08-27,PDF page 191 (staff page; assistant listing may continue on following pages),"Formal preseason staff title: quarterbacks. Weeks encode the season designation, not independently observed weekly tenure; does not establish play-calling duty."
2016-NE-head_coach-01-17-bill-belichick,https://github.com/nflverse/nflverse-data/releases/download/pbp/play_by_play_2016.parquet,nflverse play-by-play 2016,official_release,2026-08-27,"regular-season team games, weeks 1-17",Observed head coach on each included regular-season game; interval is first through last observed game week.
2016-NO-head_coach-01-17-sean-payton,https://github.com/nflverse/nflverse-data/releases/download/pbp/play_by_play_2016.parquet,nflverse play-by-play 2016,official_release,2026-08-27,"regular-season team games, weeks 1-17",Observed head coach on each included regular-season game; interval is first through last observed game week.
2016-NO-offensive_coordinator-01-17-pete-carmichael,https://basement.crucifyd.com/zone/seahawks/record-fact/NFL%20-%202016%20-%20Record%20%26%20Fact%20Book.pdf,2016 NFL Record & Fact Book,official_book_mirror,2026-08-27,PDF page 197 (staff page; assistant listing may continue on following pages),"Formal preseason staff title: offensive coordinator. Weeks encode the season designation, not independently observed weekly tenure; does not establish play-calling duty."
2016-NO-quarterbacks_coach-01-17-joe-lombardi,https://basement.crucifyd.com/zone/seahawks/record-fact/NFL%20-%202016%20-%20Record%20%26%20Fact%20Book.pdf,2016 NFL Record & Fact Book,official_book_mirror,2026-08-27,PDF page 197 (staff page; assistant listing may continue on following pages),"Formal preseason staff title: quarterbacks. Weeks encode the season designation, not independently observed weekly tenure; does not establish play-calling duty."
2016-NYG-head_coach-01-17-ben-mcadoo,https://github.com/nflverse/nflverse-data/releases/download/pbp/play_by_play_2016.parquet,nflverse play-by-play 2016,official_release,2026-08-27,"regular-season team games, weeks 1-17",Observed head coach on each included regular-season game; interval is first through last observed game week.
2016-NYG-offensive_coordinator-01-17-mike-sullivan,https://basement.crucifyd.com/zone/seahawks/record-fact/NFL%20-%202016%20-%20Record%20%26%20Fact%20Book.pdf,2016 NFL Record & Fact Book,official_book_mirror,2026-08-27,PDF page 203 (staff page; assistant listing may continue on following pages),"Formal preseason staff title: offensive coordinator. Weeks encode the season designation, not independently observed weekly tenure; does not establish play-calling duty."
2016-NYG-quarterbacks_coach-01-17-frank-cignetti-jr,https://basement.crucifyd.com/zone/seahawks/record-fact/NFL%20-%202016%20-%20Record%20%26%20Fact%20Book.pdf,2016 NFL Record & Fact Book,official_book_mirror,2026-08-27,PDF page 203 (staff page; assistant listing may continue on following pages),"Formal preseason staff title: quarterbacks. Weeks encode the season designation, not independently observed weekly tenure; does not establish play-calling duty."
2016-NYJ-head_coach-01-17-todd-bowles,https://github.com/nflverse/nflverse-data/releases/download/pbp/play_by_play_2016.parquet,nflverse play-by-play 2016,official_release,2026-08-27,"regular-season team games, weeks 1-17",Observed head coach on each included regular-season game; interval is first through last observed game week.
2016-NYJ-offensive_coordinator-01-17-chan-gailey,https://basement.crucifyd.com/zone/seahawks/record-fact/NFL%20-%202016%20-%20Record%20%26%20Fact%20Book.pdf,2016 NFL Record & Fact Book,official_book_mirror,2026-08-27,PDF page 111 (staff page; assistant listing may continue on following pages),"Formal preseason staff title: offensive coordinator. Weeks encode the season designation, not independently observed weekly tenure; does not establish play-calling duty."
2016-NYJ-quarterbacks_coach-01-17-kevin-patullo,https://basement.crucifyd.com/zone/seahawks/record-fact/NFL%20-%202016%20-%20Record%20%26%20Fact%20Book.pdf,2016 NFL Record & Fact Book,official_book_mirror,2026-08-27,PDF page 111 (staff page; assistant listing may continue on following pages),"Formal preseason staff title: quarterbacks. Weeks encode the season designation, not independently observed weekly tenure; does not establish play-calling duty."
2016-PHI-head_coach-01-17-doug-pederson,https://github.com/nflverse/nflverse-data/releases/download/pbp/play_by_play_2016.parquet,nflverse play-by-play 2016,official_release,2026-08-27,"regular-season team games, weeks 1-17",Observed head coach on each included regular-season game; interval is first through last observed game week.
2016-PHI-offensive_coordinator-01-17-frank-reich,https://basement.crucifyd.com/zone/seahawks/record-fact/NFL%20-%202016%20-%20Record%20%26%20Fact%20Book.pdf,2016 NFL Record & Fact Book,official_book_mirror,2026-08-27,PDF page 209 (staff page; assistant listing may continue on following pages),"Formal preseason staff title: offensive coordinator. Weeks encode the season designation, not independently observed weekly tenure; does not establish play-calling duty."
2016-PHI-quarterbacks_coach-01-17-john-defilippo,https://basement.crucifyd.com/zone/seahawks/record-fact/NFL%20-%202016%20-%20Record%20%26%20Fact%20Book.pdf,2016 NFL Record & Fact Book,official_book_mirror,2026-08-27,PDF page 209 (staff page; assistant listing may continue on following pages),"Formal preseason staff title: quarterbacks. Weeks encode the season designation, not independently observed weekly tenure; does not establish play-calling duty."
2016-PIT-head_coach-01-17-mike-tomlin,https://github.com/nflverse/nflverse-data/releases/download/pbp/play_by_play_2016.parquet,nflverse play-by-play 2016,official_release,2026-08-27,"regular-season team games, weeks 1-17",Observed head coach on each included regular-season game; interval is first through last observed game week.
2016-PIT-offensive_coordinator-01-17-todd-haley,https://basement.crucifyd.com/zone/seahawks/record-fact/NFL%20-%202016%20-%20Record%20%26%20Fact%20Book.pdf,2016 NFL Record & Fact Book,official_book_mirror,2026-08-27,PDF page 123 (staff page; assistant listing may continue on following pages),"Formal preseason staff title: offensive coordinator. Weeks encode the season designation, not independently observed weekly tenure; does not establish play-calling duty."
2016-PIT-quarterbacks_coach-01-17-randy-fichtner,https://basement.crucifyd.com/zone/seahawks/record-fact/NFL%20-%202016%20-%20Record%20%26%20Fact%20Book.pdf,2016 NFL Record & Fact Book,official_book_mirror,2026-08-27,PDF page 123 (staff page; assistant listing may continue on following pages),"Formal preseason staff title: quarterbacks. Weeks encode the season designation, not independently observed weekly tenure; does not establish play-calling duty."
2016-SEA-head_coach-01-17-pete-carroll,https://github.com/nflverse/nflverse-data/releases/download/pbp/play_by_play_2016.parquet,nflverse play-by-play 2016,official_release,2026-08-27,"regular-season team games, weeks 1-17",Observed head coach on each included regular-season game; interval is first through last observed game week.
2016-SEA-offensive_coordinator-01-17-darrell-bevell,https://basement.crucifyd.com/zone/seahawks/record-fact/NFL%20-%202016%20-%20Record%20%26%20Fact%20Book.pdf,2016 NFL Record & Fact Book,official_book_mirror,2026-08-27,PDF page 221 (staff page; assistant listing may continue on following pages),"Formal preseason staff title: offensive coordinator. Weeks encode the season designation, not independently observed weekly tenure; does not establish play-calling duty."
2016-SEA-quarterbacks_coach-01-17-carl-smith,https://basement.crucifyd.com/zone/seahawks/record-fact/NFL%20-%202016%20-%20Record%20%26%20Fact%20Book.pdf,2016 NFL Record & Fact Book,official_book_mirror,2026-08-27,PDF page 221 (staff page; assistant listing may continue on following pages),"Formal preseason staff title: quarterbacks. Weeks encode the season designation, not independently observed weekly tenure; does not establish play-calling duty."
2016-SF-head_coach-01-17-chip-kelly,https://github.com/nflverse/nflverse-data/releases/download/pbp/play_by_play_2016.parquet,nflverse play-by-play 2016,official_release,2026-08-27,"regular-season team games, weeks 1-17",Observed head coach on each included regular-season game; interval is first through last observed game week.
2016-SF-offensive_coordinator-01-17-curtis-modkins,https://basement.crucifyd.com/zone/seahawks/record-fact/NFL%20-%202016%20-%20Record%20%26%20Fact%20Book.pdf,2016 NFL Record & Fact Book,official_book_mirror,2026-08-27,PDF page 215 (staff page; assistant listing may continue on following pages),"Formal preseason staff title: offensive coordinator. Weeks encode the season designation, not independently observed weekly tenure; does not establish play-calling duty."
2016-SF-quarterbacks_coach-01-17-ryan-day,https://basement.crucifyd.com/zone/seahawks/record-fact/NFL%20-%202016%20-%20Record%20%26%20Fact%20Book.pdf,2016 NFL Record & Fact Book,official_book_mirror,2026-08-27,PDF page 215 (staff page; assistant listing may continue on following pages),"Formal preseason staff title: quarterbacks. Weeks encode the season designation, not independently observed weekly tenure; does not establish play-calling duty."
2016-TB-head_coach-01-17-dirk-koetter,https://github.com/nflverse/nflverse-data/releases/download/pbp/play_by_play_2016.parquet,nflverse play-by-play 2016,official_release,2026-08-27,"regular-season team games, weeks 1-17",Observed head coach on each included regular-season game; interval is first through last observed game week.
2016-TB-offensive_coordinator-01-17-todd-monken,https://basement.crucifyd.com/zone/seahawks/record-fact/NFL%20-%202016%20-%20Record%20%26%20Fact%20Book.pdf,2016 NFL Record & Fact Book,official_book_mirror,2026-08-27,PDF page 227 (staff page; assistant listing may continue on following pages),"Formal preseason staff title: offensive coordinator/wide. Weeks encode the season designation, not independently observed weekly tenure; does not establish play-calling duty."
2016-TB-quarterbacks_coach-01-17-mike-bajakian,https://basement.crucifyd.com/zone/seahawks/record-fact/NFL%20-%202016%20-%20Record%20%26%20Fact%20Book.pdf,2016 NFL Record & Fact Book,official_book_mirror,2026-08-27,PDF page 227 (staff page; assistant listing may continue on following pages),"Formal preseason staff title: quarterbacks. Weeks encode the season designation, not independently observed weekly tenure; does not establish play-calling duty."
2016-TEN-head_coach-01-17-mike-mularkey,https://github.com/nflverse/nflverse-data/releases/download/pbp/play_by_play_2016.parquet,nflverse play-by-play 2016,official_release,2026-08-27,"regular-season team games, weeks 1-17",Observed head coach on each included regular-season game; interval is first through last observed game week.
2016-TEN-offensive_coordinator-01-17-terry-robiskie,https://basement.crucifyd.com/zone/seahawks/record-fact/NFL%20-%202016%20-%20Record%20%26%20Fact%20Book.pdf,2016 NFL Record & Fact Book,official_book_mirror,2026-08-27,PDF page 135 (staff page; assistant listing may continue on following pages),"Formal preseason staff title: offensive coordinator. Weeks encode the season designation, not independently observed weekly tenure; does not establish play-calling duty."
2016-TEN-quarterbacks_coach-01-17-jason-michael,https://basement.crucifyd.com/zone/seahawks/record-fact/NFL%20-%202016%20-%20Record%20%26%20Fact%20Book.pdf,2016 NFL Record & Fact Book,official_book_mirror,2026-08-27,PDF page 135 (staff page; assistant listing may continue on following pages),"Formal preseason staff title: quarterbacks. Weeks encode the season designation, not independently observed weekly tenure; does not establish play-calling duty."
2016-WAS-head_coach-01-17-jay-gruden,https://github.com/nflverse/nflverse-data/releases/download/pbp/play_by_play_2016.parquet,nflverse play-by-play 2016,official_release,2026-08-27,"regular-season team games, weeks 1-17",Observed head coach on each included regular-season game; interval is first through last observed game week.
2016-WAS-offensive_coordinator-01-17-sean-mcvay,https://basement.crucifyd.com/zone/seahawks/record-fact/NFL%20-%202016%20-%20Record%20%26%20Fact%20Book.pdf,2016 NFL Record & Fact Book,official_book_mirror,2026-08-27,PDF page 233 (staff page; assistant listing may continue on following pages),"Formal preseason staff title: offensive coordinator. Weeks encode the season designation, not independently observed weekly tenure; does not establish play-calling duty."
2017-ARI-head_coach-01-17-bruce-arians,https://github.com/nflverse/nflverse-data/releases/download/pbp/play_by_play_2017.parquet,nflverse play-by-play 2017,official_release,2026-08-27,"regular-season team games, weeks 1-17",Observed head coach on each included regular-season game; interval is first through last observed game week.
2017-ARI-offensive_coordinator-01-17-harold-goodwin,https://basement.crucifyd.com/zone/seahawks/record-fact/NFL%20-%202017%20-%20Record%20%26%20Fact%20Book.pdf,2017 NFL Record & Fact Book,official_book_mirror,2026-08-27,PDF page 143 (staff page; assistant listing may continue on following pages),"Formal preseason staff title: offensive coordinator. Weeks encode the season designation, not independently observed weekly tenure; does not establish play-calling duty."
2017-ARI-quarterbacks_coach-01-17-byron-leftwich,https://basement.crucifyd.com/zone/seahawks/record-fact/NFL%20-%202017%20-%20Record%20%26%20Fact%20Book.pdf,2017 NFL Record & Fact Book,official_book_mirror,2026-08-27,PDF page 143 (staff page; assistant listing may continue on following pages),"Formal preseason staff title: quarterbacks. Weeks encode the season designation, not independently observed weekly tenure; does not establish play-calling duty."
2017-ATL-head_coach-01-17-dan-quinn,https://github.com/nflverse/nflverse-data/releases/download/pbp/play_by_play_2017.parquet,nflverse play-by-play 2017,official_release,2026-08-27,"regular-season team games, weeks 1-17",Observed head coach on each included regular-season game; interval is first through last observed game week.
2017-ATL-offensive_coordinator-01-17-steve-sarkisian,https://basement.crucifyd.com/zone/seahawks/record-fact/NFL%20-%202017%20-%20Record%20%26%20Fact%20Book.pdf,2017 NFL Record & Fact Book,official_book_mirror,2026-08-27,PDF page 149 (staff page; assistant listing may continue on following pages),"Formal preseason staff title: offensive coordinator. Weeks encode the season designation, not independently observed weekly tenure; does not establish play-calling duty."
2017-ATL-quarterbacks_coach-01-17-bush-hadman,https://basement.crucifyd.com/zone/seahawks/record-fact/NFL%20-%202017%20-%20Record%20%26%20Fact%20Book.pdf,2017 NFL Record & Fact Book,official_book_mirror,2026-08-27,PDF page 149 (staff page; assistant listing may continue on following pages),"Formal preseason staff title: quarterbacks. Weeks encode the season designation, not independently observed weekly tenure; does not establish play-calling duty."
2017-BAL-head_coach-01-17-john-harbaugh,https://github.com/nflverse/nflverse-data/releases/download/pbp/play_by_play_2017.parquet,nflverse play-by-play 2017,official_release,2026-08-27,"regular-season team games, weeks 1-17",Observed head coach on each included regular-season game; interval is first through last observed game week.
2017-BUF-head_coach-01-17-sean-mcdermott,https://github.com/nflverse/nflverse-data/releases/download/pbp/play_by_play_2017.parquet,nflverse play-by-play 2017,official_release,2026-08-27,"regular-season team games, weeks 1-17",Observed head coach on each included regular-season game; interval is first through last observed game week.
2017-BUF-offensive_coordinator-01-17-rick-dennison,https://basement.crucifyd.com/zone/seahawks/record-fact/NFL%20-%202017%20-%20Record%20%26%20Fact%20Book.pdf,2017 NFL Record & Fact Book,official_book_mirror,2026-08-27,PDF page 51 (staff page; assistant listing may continue on following pages),"Formal preseason staff title: offensive coordinator. Weeks encode the season designation, not independently observed weekly tenure; does not establish play-calling duty."
2017-BUF-quarterbacks_coach-01-17-david-culley,https://basement.crucifyd.com/zone/seahawks/record-fact/NFL%20-%202017%20-%20Record%20%26%20Fact%20Book.pdf,2017 NFL Record & Fact Book,official_book_mirror,2026-08-27,PDF page 51 (staff page; assistant listing may continue on following pages),"Formal preseason staff title: quarterbacks. Weeks encode the season designation, not independently observed weekly tenure; does not establish play-calling duty."
2017-CAR-head_coach-01-17-ron-rivera,https://github.com/nflverse/nflverse-data/releases/download/pbp/play_by_play_2017.parquet,nflverse play-by-play 2017,official_release,2026-08-27,"regular-season team games, weeks 1-17",Observed head coach on each included regular-season game; interval is first through last observed game week.
2017-CAR-offensive_coordinator-01-17-mike-shula,https://basement.crucifyd.com/zone/seahawks/record-fact/NFL%20-%202017%20-%20Record%20%26%20Fact%20Book.pdf,2017 NFL Record & Fact Book,official_book_mirror,2026-08-27,PDF page 155 (staff page; assistant listing may continue on following pages),"Formal preseason staff title: offensive coordinator. Weeks encode the season designation, not independently observed weekly tenure; does not establish play-calling duty."
2017-CAR-quarterbacks_coach-01-17-ken-dorsey,https://basement.crucifyd.com/zone/seahawks/record-fact/NFL%20-%202017%20-%20Record%20%26%20Fact%20Book.pdf,2017 NFL Record & Fact Book,official_book_mirror,2026-08-27,PDF page 155 (staff page; assistant listing may continue on following pages),"Formal preseason staff title: quarterbacks. Weeks encode the season designation, not independently observed weekly tenure; does not establish play-calling duty."
2017-CHI-head_coach-01-17-john-fox,https://github.com/nflverse/nflverse-data/releases/download/pbp/play_by_play_2017.parquet,nflverse play-by-play 2017,official_release,2026-08-27,"regular-season team games, weeks 1-17",Observed head coach on each included regular-season game; interval is first through last observed game week.
2017-CHI-offensive_coordinator-01-17-dowell-loggains,https://basement.crucifyd.com/zone/seahawks/record-fact/NFL%20-%202017%20-%20Record%20%26%20Fact%20Book.pdf,2017 NFL Record & Fact Book,official_book_mirror,2026-08-27,PDF page 161 (staff page; assistant listing may continue on following pages),"Formal preseason staff title: offensive coordinator. Weeks encode the season designation, not independently observed weekly tenure; does not establish play-calling duty."
2017-CHI-quarterbacks_coach-01-17-dave-ragone,https://basement.crucifyd.com/zone/seahawks/record-fact/NFL%20-%202017%20-%20Record%20%26%20Fact%20Book.pdf,2017 NFL Record & Fact Book,official_book_mirror,2026-08-27,PDF page 161 (staff page; assistant listing may continue on following pages),"Formal preseason staff title: quarterbacks. Weeks encode the season designation, not independently observed weekly tenure; does not establish play-calling duty."
2017-CIN-head_coach-01-17-marvin-lewis,https://github.com/nflverse/nflverse-data/releases/download/pbp/play_by_play_2017.parquet,nflverse play-by-play 2017,official_release,2026-08-27,"regular-season team games, weeks 1-17",Observed head coach on each included regular-season game; interval is first through last observed game week.
2017-CIN-offensive_coordinator-01-17-ken-zampese,https://basement.crucifyd.com/zone/seahawks/record-fact/NFL%20-%202017%20-%20Record%20%26%20Fact%20Book.pdf,2017 NFL Record & Fact Book,official_book_mirror,2026-08-27,PDF page 57 (staff page; assistant listing may continue on following pages),"Formal preseason staff title: offensive coordinator. Weeks encode the season designation, not independently observed weekly tenure; does not establish play-calling duty."
2017-CIN-quarterbacks_coach-01-17-bill-lazor,https://basement.crucifyd.com/zone/seahawks/record-fact/NFL%20-%202017%20-%20Record%20%26%20Fact%20Book.pdf,2017 NFL Record & Fact Book,official_book_mirror,2026-08-27,PDF page 57 (staff page; assistant listing may continue on following pages),"Formal preseason staff title: quarterbacks. Weeks encode the season designation, not independently observed weekly tenure; does not establish play-calling duty."
2017-CLE-head_coach-01-17-hue-jackson,https://github.com/nflverse/nflverse-data/releases/download/pbp/play_by_play_2017.parquet,nflverse play-by-play 2017,official_release,2026-08-27,"regular-season team games, weeks 1-17",Observed head coach on each included regular-season game; interval is first through last observed game week.
2017-CLE-quarterbacks_coach-01-17-david-lee,https://basement.crucifyd.com/zone/seahawks/record-fact/NFL%20-%202017%20-%20Record%20%26%20Fact%20Book.pdf,2017 NFL Record & Fact Book,official_book_mirror,2026-08-27,PDF page 63 (staff page; assistant listing may continue on following pages),"Formal preseason staff title: quarterbacks. Weeks encode the season designation, not independently observed weekly tenure; does not establish play-calling duty."
2017-DAL-head_coach-01-17-jason-garrett,https://github.com/nflverse/nflverse-data/releases/download/pbp/play_by_play_2017.parquet,nflverse play-by-play 2017,official_release,2026-08-27,"regular-season team games, weeks 1-17",Observed head coach on each included regular-season game; interval is first through last observed game week.
2017-DAL-offensive_coordinator-01-17-scott-linehan,https://basement.crucifyd.com/zone/seahawks/record-fact/NFL%20-%202017%20-%20Record%20%26%20Fact%20Book.pdf,2017 NFL Record & Fact Book,official_book_mirror,2026-08-27,PDF page 167 (staff page; assistant listing may continue on following pages),"Formal preseason staff title: offensive coordinator. Weeks encode the season designation, not independently observed weekly tenure; does not establish play-calling duty."
2017-DAL-quarterbacks_coach-01-17-wade-wilson,https://basement.crucifyd.com/zone/seahawks/record-fact/NFL%20-%202017%20-%20Record%20%26%20Fact%20Book.pdf,2017 NFL Record & Fact Book,official_book_mirror,2026-08-27,PDF page 167 (staff page; assistant listing may continue on following pages),"Formal preseason staff title: quarterbacks. Weeks encode the season designation, not independently observed weekly tenure; does not establish play-calling duty."
2017-DEN-head_coach-01-17-vance-joseph,https://github.com/nflverse/nflverse-data/releases/download/pbp/play_by_play_2017.parquet,nflverse play-by-play 2017,official_release,2026-08-27,"regular-season team games, weeks 1-17",Observed head coach on each included regular-season game; interval is first through last observed game week.
2017-DEN-quarterbacks_coach-01-17-bill-musgrave,https://basement.crucifyd.com/zone/seahawks/record-fact/NFL%20-%202017%20-%20Record%20%26%20Fact%20Book.pdf,2017 NFL Record & Fact Book,official_book_mirror,2026-08-27,PDF page 69 (staff page; assistant listing may continue on following pages),"Formal preseason staff title: quarterbacks. Weeks encode the season designation, not independently observed weekly tenure; does not establish play-calling duty."
2017-DET-head_coach-01-17-jim-caldwell,https://github.com/nflverse/nflverse-data/releases/download/pbp/play_by_play_2017.parquet,nflverse play-by-play 2017,official_release,2026-08-27,"regular-season team games, weeks 1-17",Observed head coach on each included regular-season game; interval is first through last observed game week.
2017-DET-offensive_coordinator-01-17-jim-bob-cooter,https://basement.crucifyd.com/zone/seahawks/record-fact/NFL%20-%202017%20-%20Record%20%26%20Fact%20Book.pdf,2017 NFL Record & Fact Book,official_book_mirror,2026-08-27,PDF page 173 (staff page; assistant listing may continue on following pages),"Formal preseason staff title: offensive coordinator. Weeks encode the season designation, not independently observed weekly tenure; does not establish play-calling duty."
2017-GB-head_coach-01-17-mike-mccarthy,https://github.com/nflverse/nflverse-data/releases/download/pbp/play_by_play_2017.parquet,nflverse play-by-play 2017,official_release,2026-08-27,"regular-season team games, weeks 1-17",Observed head coach on each included regular-season game; interval is first through last observed game week.
2017-GB-offensive_coordinator-01-17-edgar-bennett,https://basement.crucifyd.com/zone/seahawks/record-fact/NFL%20-%202017%20-%20Record%20%26%20Fact%20Book.pdf,2017 NFL Record & Fact Book,official_book_mirror,2026-08-27,PDF page 179 (staff page; assistant listing may continue on following pages),"Formal preseason staff title: offensive coordinator. Weeks encode the season designation, not independently observed weekly tenure; does not establish play-calling duty."
2017-GB-quarterbacks_coach-01-17-alex-van-pelt,https://basement.crucifyd.com/zone/seahawks/record-fact/NFL%20-%202017%20-%20Record%20%26%20Fact%20Book.pdf,2017 NFL Record & Fact Book,official_book_mirror,2026-08-27,PDF page 179 (staff page; assistant listing may continue on following pages),"Formal preseason staff title: quarterbacks. Weeks encode the season designation, not independently observed weekly tenure; does not establish play-calling duty."
2017-HOU-head_coach-01-17-bill-o-brien,https://github.com/nflverse/nflverse-data/releases/download/pbp/play_by_play_2017.parquet,nflverse play-by-play 2017,official_release,2026-08-27,"regular-season team games, weeks 1-17",Observed head coach on each included regular-season game; interval is first through last observed game week.
2017-IND-head_coach-01-17-chuck-pagano,https://github.com/nflverse/nflverse-data/releases/download/pbp/play_by_play_2017.parquet,nflverse play-by-play 2017,official_release,2026-08-27,"regular-season team games, weeks 1-17",Observed head coach on each included regular-season game; interval is first through last observed game week.
2017-IND-offensive_coordinator-01-17-rob-chudzinski,https://basement.crucifyd.com/zone/seahawks/record-fact/NFL%20-%202017%20-%20Record%20%26%20Fact%20Book.pdf,2017 NFL Record & Fact Book,official_book_mirror,2026-08-27,PDF page 81 (staff page; assistant listing may continue on following pages),"Formal preseason staff title: offensive coordinator. Weeks encode the season designation, not independently observed weekly tenure; does not establish play-calling duty."
2017-IND-quarterbacks_coach-01-17-brian-schottenheimer,https://basement.crucifyd.com/zone/seahawks/record-fact/NFL%20-%202017%20-%20Record%20%26%20Fact%20Book.pdf,2017 NFL Record & Fact Book,official_book_mirror,2026-08-27,PDF page 81 (staff page; assistant listing may continue on following pages),"Formal preseason staff title: quarterbacks. Weeks encode the season designation, not independently observed weekly tenure; does not establish play-calling duty."
2017-JAX-head_coach-01-17-doug-marrone,https://github.com/nflverse/nflverse-data/releases/download/pbp/play_by_play_2017.parquet,nflverse play-by-play 2017,official_release,2026-08-27,"regular-season team games, weeks 1-17",Observed head coach on each included regular-season game; interval is first through last observed game week.
2017-JAX-offensive_coordinator-01-17-nathaniel-hackett,https://basement.crucifyd.com/zone/seahawks/record-fact/NFL%20-%202017%20-%20Record%20%26%20Fact%20Book.pdf,2017 NFL Record & Fact Book,official_book_mirror,2026-08-27,PDF page 87 (staff page; assistant listing may continue on following pages),"Formal preseason staff title: offensive coordinator. Weeks encode the season designation, not independently observed weekly tenure; does not establish play-calling duty."
2017-KC-head_coach-01-17-andy-reid,https://github.com/nflverse/nflverse-data/releases/download/pbp/play_by_play_2017.parquet,nflverse play-by-play 2017,official_release,2026-08-27,"regular-season team games, weeks 1-17",Observed head coach on each included regular-season game; interval is first through last observed game week.
2017-LA-head_coach-01-17-sean-mcvay,https://github.com/nflverse/nflverse-data/releases/download/pbp/play_by_play_2017.parquet,nflverse play-by-play 2017,official_release,2026-08-27,"regular-season team games, weeks 1-17",Observed head coach on each included regular-season game; interval is first through last observed game week.
2017-LA-offensive_coordinator-01-17-matt-lafleur,https://basement.crucifyd.com/zone/seahawks/record-fact/NFL%20-%202017%20-%20Record%20%26%20Fact%20Book.pdf,2017 NFL Record & Fact Book,official_book_mirror,2026-08-27,PDF page 185 (staff page; assistant listing may continue on following pages),"Formal preseason staff title: offensive coordinator. Weeks encode the season designation, not independently observed weekly tenure; does not establish play-calling duty."
2017-LA-quarterbacks_coach-01-17-greg-olson,https://basement.crucifyd.com/zone/seahawks/record-fact/NFL%20-%202017%20-%20Record%20%26%20Fact%20Book.pdf,2017 NFL Record & Fact Book,official_book_mirror,2026-08-27,PDF page 185 (staff page; assistant listing may continue on following pages),"Formal preseason staff title: quarterbacks. Weeks encode the season designation, not independently observed weekly tenure; does not establish play-calling duty."
2017-LAC-head_coach-01-17-anthony-lynn,https://github.com/nflverse/nflverse-data/releases/download/pbp/play_by_play_2017.parquet,nflverse play-by-play 2017,official_release,2026-08-27,"regular-season team games, weeks 1-17",Observed head coach on each included regular-season game; interval is first through last observed game week.
2017-LAC-offensive_coordinator-01-17-ken-whisenhunt,https://basement.crucifyd.com/zone/seahawks/record-fact/NFL%20-%202017%20-%20Record%20%26%20Fact%20Book.pdf,2017 NFL Record & Fact Book,official_book_mirror,2026-08-27,PDF page 99 (staff page; assistant listing may continue on following pages),"Formal preseason staff title: offensive coordinator. Weeks encode the season designation, not independently observed weekly tenure; does not establish play-calling duty."
2017-LAC-quarterbacks_coach-01-17-shane-steichen,https://basement.crucifyd.com/zone/seahawks/record-fact/NFL%20-%202017%20-%20Record%20%26%20Fact%20Book.pdf,2017 NFL Record & Fact Book,official_book_mirror,2026-08-27,PDF page 99 (staff page; assistant listing may continue on following pages),"Formal preseason staff title: quarterbacks. Weeks encode the season designation, not independently observed weekly tenure; does not establish play-calling duty."
2017-LV-head_coach-01-17-jack-del-rio,https://github.com/nflverse/nflverse-data/releases/download/pbp/play_by_play_2017.parquet,nflverse play-by-play 2017,official_release,2026-08-27,"regular-season team games, weeks 1-17",Observed head coach on each included regular-season game; interval is first through last observed game week.
2017-LV-offensive_coordinator-01-17-todd-downing,https://basement.crucifyd.com/zone/seahawks/record-fact/NFL%20-%202017%20-%20Record%20%26%20Fact%20Book.pdf,2017 NFL Record & Fact Book,official_book_mirror,2026-08-27,PDF page 123 (staff page; assistant listing may continue on following pages),"Formal preseason staff title: offensive coordinator. Weeks encode the season designation, not independently observed weekly tenure; does not establish play-calling duty."
2017-MIA-head_coach-02-17-adam-gase,https://github.com/nflverse/nflverse-data/releases/download/pbp/play_by_play_2017.parquet,nflverse play-by-play 2017,official_release,2026-08-27,"regular-season team games, weeks 2-17",Observed head coach on each included regular-season game; interval is first through last observed game week.
2017-MIA-offensive_coordinator-01-17-clyde-christensen,https://basement.crucifyd.com/zone/seahawks/record-fact/NFL%20-%202017%20-%20Record%20%26%20Fact%20Book.pdf,2017 NFL Record & Fact Book,official_book_mirror,2026-08-27,PDF page 105 (staff page; assistant listing may continue on following pages),"Formal preseason staff title: offensive coordinator. Weeks encode the season designation, not independently observed weekly tenure; does not establish play-calling duty."
2017-MIA-quarterbacks_coach-01-17-bo-hardegree,https://basement.crucifyd.com/zone/seahawks/record-fact/NFL%20-%202017%20-%20Record%20%26%20Fact%20Book.pdf,2017 NFL Record & Fact Book,official_book_mirror,2026-08-27,PDF page 105 (staff page; assistant listing may continue on following pages),"Formal preseason staff title: quarterbacks. Weeks encode the season designation, not independently observed weekly tenure; does not establish play-calling duty."
2017-MIN-head_coach-01-17-mike-zimmer,https://github.com/nflverse/nflverse-data/releases/download/pbp/play_by_play_2017.parquet,nflverse play-by-play 2017,official_release,2026-08-27,"regular-season team games, weeks 1-17",Observed head coach on each included regular-season game; interval is first through last observed game week.
2017-MIN-quarterbacks_coach-01-17-kevin-stefanski,https://basement.crucifyd.com/zone/seahawks/record-fact/NFL%20-%202017%20-%20Record%20%26%20Fact%20Book.pdf,2017 NFL Record & Fact Book,official_book_mirror,2026-08-27,PDF page 191 (staff page; assistant listing may continue on following pages),"Formal preseason staff title: quarterbacks. Weeks encode the season designation, not independently observed weekly tenure; does not establish play-calling duty."
2017-NE-head_coach-01-17-bill-belichick,https://github.com/nflverse/nflverse-data/releases/download/pbp/play_by_play_2017.parquet,nflverse play-by-play 2017,official_release,2026-08-27,"regular-season team games, weeks 1-17",Observed head coach on each included regular-season game; interval is first through last observed game week.
2017-NO-head_coach-01-17-sean-payton,https://github.com/nflverse/nflverse-data/releases/download/pbp/play_by_play_2017.parquet,nflverse play-by-play 2017,official_release,2026-08-27,"regular-season team games, weeks 1-17",Observed head coach on each included regular-season game; interval is first through last observed game week.
2017-NO-offensive_coordinator-01-17-pete-carmichael,https://basement.crucifyd.com/zone/seahawks/record-fact/NFL%20-%202017%20-%20Record%20%26%20Fact%20Book.pdf,2017 NFL Record & Fact Book,official_book_mirror,2026-08-27,PDF page 197 (staff page; assistant listing may continue on following pages),"Formal preseason staff title: offensive coordinator. Weeks encode the season designation, not independently observed weekly tenure; does not establish play-calling duty."
2017-NO-quarterbacks_coach-01-17-joe-lombardi,https://basement.crucifyd.com/zone/seahawks/record-fact/NFL%20-%202017%20-%20Record%20%26%20Fact%20Book.pdf,2017 NFL Record & Fact Book,official_book_mirror,2026-08-27,PDF page 197 (staff page; assistant listing may continue on following pages),"Formal preseason staff title: quarterbacks. Weeks encode the season designation, not independently observed weekly tenure; does not establish play-calling duty."
2017-NYG-head_coach-01-13-ben-mcadoo,https://github.com/nflverse/nflverse-data/releases/download/pbp/play_by_play_2017.parquet,nflverse play-by-play 2017,official_release,2026-08-27,"regular-season team games, weeks 1-13",Observed head coach on each included regular-season game; interval is first through last observed game week.
2017-NYG-head_coach-14-17-steve-spagnuolo,https://github.com/nflverse/nflverse-data/releases/download/pbp/play_by_play_2017.parquet,nflverse play-by-play 2017,official_release,2026-08-27,"regular-season team games, weeks 14-17",Observed head coach on each included regular-season game; interval is first through last observed game week.
2017-NYG-offensive_coordinator-01-17-mike-sullivan,https://basement.crucifyd.com/zone/seahawks/record-fact/NFL%20-%202017%20-%20Record%20%26%20Fact%20Book.pdf,2017 NFL Record & Fact Book,official_book_mirror,2026-08-27,PDF page 203 (staff page; assistant listing may continue on following pages),"Formal preseason staff title: offensive coordinator. Weeks encode the season designation, not independently observed weekly tenure; does not establish play-calling duty."
2017-NYG-quarterbacks_coach-01-17-frank-cignetti-jr,https://basement.crucifyd.com/zone/seahawks/record-fact/NFL%20-%202017%20-%20Record%20%26%20Fact%20Book.pdf,2017 NFL Record & Fact Book,official_book_mirror,2026-08-27,PDF page 203 (staff page; assistant listing may continue on following pages),"Formal preseason staff title: quarterbacks. Weeks encode the season designation, not independently observed weekly tenure; does not establish play-calling duty."
2017-NYJ-head_coach-01-17-todd-bowles,https://github.com/nflverse/nflverse-data/releases/download/pbp/play_by_play_2017.parquet,nflverse play-by-play 2017,official_release,2026-08-27,"regular-season team games, weeks 1-17",Observed head coach on each included regular-season game; interval is first through last observed game week.
2017-NYJ-offensive_coordinator-01-17-john-morton,https://basement.crucifyd.com/zone/seahawks/record-fact/NFL%20-%202017%20-%20Record%20%26%20Fact%20Book.pdf,2017 NFL Record & Fact Book,official_book_mirror,2026-08-27,PDF page 117 (staff page; assistant listing may continue on following pages),"Formal preseason staff title: offensive coordinator. Weeks encode the season designation, not independently observed weekly tenure; does not establish play-calling duty."
2017-NYJ-quarterbacks_coach-01-17-jeremy-bates,https://basement.crucifyd.com/zone/seahawks/record-fact/NFL%20-%202017%20-%20Record%20%26%20Fact%20Book.pdf,2017 NFL Record & Fact Book,official_book_mirror,2026-08-27,PDF page 117 (staff page; assistant listing may continue on following pages),"Formal preseason staff title: quarterbacks. Weeks encode the season designation, not independently observed weekly tenure; does not establish play-calling duty."
2017-PHI-head_coach-01-17-doug-pederson,https://github.com/nflverse/nflverse-data/releases/download/pbp/play_by_play_2017.parquet,nflverse play-by-play 2017,official_release,2026-08-27,"regular-season team games, weeks 1-17",Observed head coach on each included regular-season game; interval is first through last observed game week.
2017-PHI-offensive_coordinator-01-17-frank-reich,https://basement.crucifyd.com/zone/seahawks/record-fact/NFL%20-%202017%20-%20Record%20%26%20Fact%20Book.pdf,2017 NFL Record & Fact Book,official_book_mirror,2026-08-27,PDF page 209 (staff page; assistant listing may continue on following pages),"Formal preseason staff title: offensive coordinator. Weeks encode the season designation, not independently observed weekly tenure; does not establish play-calling duty."
2017-PHI-quarterbacks_coach-01-17-john-defilippo,https://basement.crucifyd.com/zone/seahawks/record-fact/NFL%20-%202017%20-%20Record%20%26%20Fact%20Book.pdf,2017 NFL Record & Fact Book,official_book_mirror,2026-08-27,PDF page 209 (staff page; assistant listing may continue on following pages),"Formal preseason staff title: quarterbacks. Weeks encode the season designation, not independently observed weekly tenure; does not establish play-calling duty."
2017-PIT-head_coach-01-17-mike-tomlin,https://github.com/nflverse/nflverse-data/releases/download/pbp/play_by_play_2017.parquet,nflverse play-by-play 2017,official_release,2026-08-27,"regular-season team games, weeks 1-17",Observed head coach on each included regular-season game; interval is first through last observed game week.
2017-PIT-offensive_coordinator-01-17-todd-haley,https://basement.crucifyd.com/zone/seahawks/record-fact/NFL%20-%202017%20-%20Record%20%26%20Fact%20Book.pdf,2017 NFL Record & Fact Book,official_book_mirror,2026-08-27,PDF page 129 (staff page; assistant listing may continue on following pages),"Formal preseason staff title: offensive coordinator. Weeks encode the season designation, not independently observed weekly tenure; does not establish play-calling duty."
2017-PIT-quarterbacks_coach-01-17-randy-fichtner,https://basement.crucifyd.com/zone/seahawks/record-fact/NFL%20-%202017%20-%20Record%20%26%20Fact%20Book.pdf,2017 NFL Record & Fact Book,official_book_mirror,2026-08-27,PDF page 129 (staff page; assistant listing may continue on following pages),"Formal preseason staff title: quarterbacks. Weeks encode the season designation, not independently observed weekly tenure; does not establish play-calling duty."
2017-SEA-head_coach-01-17-pete-carroll,https://github.com/nflverse/nflverse-data/releases/download/pbp/play_by_play_2017.parquet,nflverse play-by-play 2017,official_release,2026-08-27,"regular-season team games, weeks 1-17",Observed head coach on each included regular-season game; interval is first through last observed game week.
2017-SEA-offensive_coordinator-01-17-darrell-bevell,https://basement.crucifyd.com/zone/seahawks/record-fact/NFL%20-%202017%20-%20Record%20%26%20Fact%20Book.pdf,2017 NFL Record & Fact Book,official_book_mirror,2026-08-27,PDF page 221 (staff page; assistant listing may continue on following pages),"Formal preseason staff title: offensive coordinator. Weeks encode the season designation, not independently observed weekly tenure; does not establish play-calling duty."
2017-SEA-quarterbacks_coach-01-17-carl-smith,https://basement.crucifyd.com/zone/seahawks/record-fact/NFL%20-%202017%20-%20Record%20%26%20Fact%20Book.pdf,2017 NFL Record & Fact Book,official_book_mirror,2026-08-27,PDF page 221 (staff page; assistant listing may continue on following pages),"Formal preseason staff title: quarterbacks. Weeks encode the season designation, not independently observed weekly tenure; does not establish play-calling duty."
2017-SF-head_coach-01-17-kyle-shanahan,https://github.com/nflverse/nflverse-data/releases/download/pbp/play_by_play_2017.parquet,nflverse play-by-play 2017,official_release,2026-08-27,"regular-season team games, weeks 1-17",Observed head coach on each included regular-season game; interval is first through last observed game week.
2017-SF-quarterbacks_coach-01-17-rich-scangarello,https://basement.crucifyd.com/zone/seahawks/record-fact/NFL%20-%202017%20-%20Record%20%26%20Fact%20Book.pdf,2017 NFL Record & Fact Book,official_book_mirror,2026-08-27,PDF page 215 (staff page; assistant listing may continue on following pages),"Formal preseason staff title: quarterbacks. Weeks encode the season designation, not independently observed weekly tenure; does not establish play-calling duty."
2017-TB-head_coach-02-17-dirk-koetter,https://github.com/nflverse/nflverse-data/releases/download/pbp/play_by_play_2017.parquet,nflverse play-by-play 2017,official_release,2026-08-27,"regular-season team games, weeks 2-17",Observed head coach on each included regular-season game; interval is first through last observed game week.
2017-TB-offensive_coordinator-01-17-todd-monken,https://basement.crucifyd.com/zone/seahawks/record-fact/NFL%20-%202017%20-%20Record%20%26%20Fact%20Book.pdf,2017 NFL Record & Fact Book,official_book_mirror,2026-08-27,PDF page 227 (staff page; assistant listing may continue on following pages),"Formal preseason staff title: offensive coordinator/wide. Weeks encode the season designation, not independently observed weekly tenure; does not establish play-calling duty."
2017-TB-quarterbacks_coach-01-17-mike-bajakian,https://basement.crucifyd.com/zone/seahawks/record-fact/NFL%20-%202017%20-%20Record%20%26%20Fact%20Book.pdf,2017 NFL Record & Fact Book,official_book_mirror,2026-08-27,PDF page 227 (staff page; assistant listing may continue on following pages),"Formal preseason staff title: quarterbacks. Weeks encode the season designation, not independently observed weekly tenure; does not establish play-calling duty."
2017-TEN-head_coach-01-17-mike-mularkey,https://github.com/nflverse/nflverse-data/releases/download/pbp/play_by_play_2017.parquet,nflverse play-by-play 2017,official_release,2026-08-27,"regular-season team games, weeks 1-17",Observed head coach on each included regular-season game; interval is first through last observed game week.
2017-WAS-head_coach-01-17-jay-gruden,https://github.com/nflverse/nflverse-data/releases/download/pbp/play_by_play_2017.parquet,nflverse play-by-play 2017,official_release,2026-08-27,"regular-season team games, weeks 1-17",Observed head coach on each included regular-season game; interval is first through last observed game week.
2017-WAS-offensive_coordinator-01-17-matt-cavanaugh,https://basement.crucifyd.com/zone/seahawks/record-fact/NFL%20-%202017%20-%20Record%20%26%20Fact%20Book.pdf,2017 NFL Record & Fact Book,official_book_mirror,2026-08-27,PDF page 233 (staff page; assistant listing may continue on following pages),"Formal preseason staff title: offensive coordinator. Weeks encode the season designation, not independently observed weekly tenure; does not establish play-calling duty."
2018-ARI-head_coach-01-17-steve-wilks,https://github.com/nflverse/nflverse-data/releases/download/pbp/play_by_play_2018.parquet,nflverse play-by-play 2018,official_release,2026-08-27,"regular-season team games, weeks 1-17",Observed head coach on each included regular-season game; interval is first through last observed game week.
2018-ARI-offensive_coordinator-01-17-mike-mccoy,https://static.clubs.nfl.com/image/upload/saints/cppryvovnkj3awae4uju.pdf,2018 NFL Record & Fact Book,official_release,2026-08-27,PDF page 142 (staff page; assistant listing may continue on following pages),"Formal preseason staff title: offensive coordinator. Weeks encode the season designation, not independently observed weekly tenure; does not establish play-calling duty."
2018-ARI-quarterbacks_coach-01-17-byron-leftwich,https://static.clubs.nfl.com/image/upload/saints/cppryvovnkj3awae4uju.pdf,2018 NFL Record & Fact Book,official_release,2026-08-27,PDF page 142 (staff page; assistant listing may continue on following pages),"Formal preseason staff title: quarterbacks. Weeks encode the season designation, not independently observed weekly tenure; does not establish play-calling duty."
2018-ATL-head_coach-01-17-dan-quinn,https://github.com/nflverse/nflverse-data/releases/download/pbp/play_by_play_2018.parquet,nflverse play-by-play 2018,official_release,2026-08-27,"regular-season team games, weeks 1-17",Observed head coach on each included regular-season game; interval is first through last observed game week.
2018-ATL-offensive_coordinator-01-17-steve-sarkisian,https://static.clubs.nfl.com/image/upload/saints/cppryvovnkj3awae4uju.pdf,2018 NFL Record & Fact Book,official_release,2026-08-27,PDF page 148 (staff page; assistant listing may continue on following pages),"Formal preseason staff title: offensive coordinator. Weeks encode the season designation, not independently observed weekly tenure; does not establish play-calling duty."
2018-ATL-quarterbacks_coach-01-17-greg-knapp,https://static.clubs.nfl.com/image/upload/saints/cppryvovnkj3awae4uju.pdf,2018 NFL Record & Fact Book,official_release,2026-08-27,PDF page 148 (staff page; assistant listing may continue on following pages),"Formal preseason staff title: quarterbacks. Weeks encode the season designation, not independently observed weekly tenure; does not establish play-calling duty."
2018-BAL-head_coach-01-17-john-harbaugh,https://github.com/nflverse/nflverse-data/releases/download/pbp/play_by_play_2018.parquet,nflverse play-by-play 2018,official_release,2026-08-27,"regular-season team games, weeks 1-17",Observed head coach on each included regular-season game; interval is first through last observed game week.
2018-BAL-offensive_coordinator-01-17-marty-mornhinweg,https://static.clubs.nfl.com/image/upload/saints/cppryvovnkj3awae4uju.pdf,2018 NFL Record & Fact Book,official_release,2026-08-27,PDF page 44 (staff page; assistant listing may continue on following pages),"Formal preseason staff title: offensive coordinator. Weeks encode the season designation, not independently observed weekly tenure; does not establish play-calling duty."
2018-BAL-quarterbacks_coach-01-17-james-urban,https://static.clubs.nfl.com/image/upload/saints/cppryvovnkj3awae4uju.pdf,2018 NFL Record & Fact Book,official_release,2026-08-27,PDF page 44 (staff page; assistant listing may continue on following pages),"Formal preseason staff title: quarterbacks. Weeks encode the season designation, not independently observed weekly tenure; does not establish play-calling duty."
2018-BUF-head_coach-01-17-sean-mcdermott,https://github.com/nflverse/nflverse-data/releases/download/pbp/play_by_play_2018.parquet,nflverse play-by-play 2018,official_release,2026-08-27,"regular-season team games, weeks 1-17",Observed head coach on each included regular-season game; interval is first through last observed game week.
2018-BUF-offensive_coordinator-01-17-brian-daboll,https://static.clubs.nfl.com/image/upload/saints/cppryvovnkj3awae4uju.pdf,2018 NFL Record & Fact Book,official_release,2026-08-27,PDF page 50 (staff page; assistant listing may continue on following pages),"Formal preseason staff title: offensive coordinator. Weeks encode the season designation, not independently observed weekly tenure; does not establish play-calling duty."
2018-BUF-quarterbacks_coach-01-17-david-culley,https://static.clubs.nfl.com/image/upload/saints/cppryvovnkj3awae4uju.pdf,2018 NFL Record & Fact Book,official_release,2026-08-27,PDF page 50 (staff page; assistant listing may continue on following pages),"Formal preseason staff title: quarterbacks. Weeks encode the season designation, not independently observed weekly tenure; does not establish play-calling duty."
2018-CAR-head_coach-01-17-ron-rivera,https://github.com/nflverse/nflverse-data/releases/download/pbp/play_by_play_2018.parquet,nflverse play-by-play 2018,official_release,2026-08-27,"regular-season team games, weeks 1-17",Observed head coach on each included regular-season game; interval is first through last observed game week.
2018-CAR-offensive_coordinator-01-17-norv-turner,https://static.clubs.nfl.com/image/upload/saints/cppryvovnkj3awae4uju.pdf,2018 NFL Record & Fact Book,official_release,2026-08-27,PDF page 154 (staff page; assistant listing may continue on following pages),"Formal preseason staff title: offensive coordinator. Weeks encode the season designation, not independently observed weekly tenure; does not establish play-calling duty."
2018-CAR-quarterbacks_coach-01-17-scott-turner,https://static.clubs.nfl.com/image/upload/saints/cppryvovnkj3awae4uju.pdf,2018 NFL Record & Fact Book,official_release,2026-08-27,PDF page 154 (staff page; assistant listing may continue on following pages),"Formal preseason staff title: quarterbacks. Weeks encode the season designation, not independently observed weekly tenure; does not establish play-calling duty."
2018-CHI-head_coach-01-17-matt-nagy,https://github.com/nflverse/nflverse-data/releases/download/pbp/play_by_play_2018.parquet,nflverse play-by-play 2018,official_release,2026-08-27,"regular-season team games, weeks 1-17",Observed head coach on each included regular-season game; interval is first through last observed game week.
2018-CHI-offensive_coordinator-01-17-mark-helfrich,https://static.clubs.nfl.com/image/upload/saints/cppryvovnkj3awae4uju.pdf,2018 NFL Record & Fact Book,official_release,2026-08-27,PDF page 160 (staff page; assistant listing may continue on following pages),"Formal preseason staff title: offensive coordinator. Weeks encode the season designation, not independently observed weekly tenure; does not establish play-calling duty."
2018-CHI-quarterbacks_coach-01-17-dave-ragone,https://static.clubs.nfl.com/image/upload/saints/cppryvovnkj3awae4uju.pdf,2018 NFL Record & Fact Book,official_release,2026-08-27,PDF page 160 (staff page; assistant listing may continue on following pages),"Formal preseason staff title: quarterbacks. Weeks encode the season designation, not independently observed weekly tenure; does not establish play-calling duty."
2018-CIN-head_coach-01-17-marvin-lewis,https://github.com/nflverse/nflverse-data/releases/download/pbp/play_by_play_2018.parquet,nflverse play-by-play 2018,official_release,2026-08-27,"regular-season team games, weeks 1-17",Observed head coach on each included regular-season game; interval is first through last observed game week.
2018-CIN-offensive_coordinator-01-17-bill-lazor,https://static.clubs.nfl.com/image/upload/saints/cppryvovnkj3awae4uju.pdf,2018 NFL Record & Fact Book,official_release,2026-08-27,PDF page 56 (staff page; assistant listing may continue on following pages),"Formal preseason staff title: offensive coordinator. Weeks encode the season designation, not independently observed weekly tenure; does not establish play-calling duty."
2018-CIN-quarterbacks_coach-01-17-alex-van-pelt,https://static.clubs.nfl.com/image/upload/saints/cppryvovnkj3awae4uju.pdf,2018 NFL Record & Fact Book,official_release,2026-08-27,PDF page 56 (staff page; assistant listing may continue on following pages),"Formal preseason staff title: quarterbacks. Weeks encode the season designation, not independently observed weekly tenure; does not establish play-calling duty."
2018-CLE-head_coach-01-08-hue-jackson,https://github.com/nflverse/nflverse-data/releases/download/pbp/play_by_play_2018.parquet,nflverse play-by-play 2018,official_release,2026-08-27,"regular-season team games, weeks 1-8",Observed head coach on each included regular-season game; interval is first through last observed game week.
2018-CLE-head_coach-09-17-gregg-williams,https://github.com/nflverse/nflverse-data/releases/download/pbp/play_by_play_2018.parquet,nflverse play-by-play 2018,official_release,2026-08-27,"regular-season team games, weeks 9-17",Observed head coach on each included regular-season game; interval is first through last observed game week.
2018-CLE-offensive_coordinator-01-17-todd-haley,https://static.clubs.nfl.com/image/upload/saints/cppryvovnkj3awae4uju.pdf,2018 NFL Record & Fact Book,official_release,2026-08-27,PDF page 62 (staff page; assistant listing may continue on following pages),"Formal preseason staff title: offensive coordinator. Weeks encode the season designation, not independently observed weekly tenure; does not establish play-calling duty."
2018-DAL-head_coach-01-17-jason-garrett,https://github.com/nflverse/nflverse-data/releases/download/pbp/play_by_play_2018.parquet,nflverse play-by-play 2018,official_release,2026-08-27,"regular-season team games, weeks 1-17",Observed head coach on each included regular-season game; interval is first through last observed game week.
2018-DAL-offensive_coordinator-01-17-scott-linehan,https://static.clubs.nfl.com/image/upload/saints/cppryvovnkj3awae4uju.pdf,2018 NFL Record & Fact Book,official_release,2026-08-27,PDF page 166 (staff page; assistant listing may continue on following pages),"Formal preseason staff title: offensive coordinator. Weeks encode the season designation, not independently observed weekly tenure; does not establish play-calling duty."
2018-DAL-quarterbacks_coach-01-17-kellen-moore,https://static.clubs.nfl.com/image/upload/saints/cppryvovnkj3awae4uju.pdf,2018 NFL Record & Fact Book,official_release,2026-08-27,PDF page 166 (staff page; assistant listing may continue on following pages),"Formal preseason staff title: quarterbacks. Weeks encode the season designation, not independently observed weekly tenure; does not establish play-calling duty."
2018-DEN-head_coach-01-17-vance-joseph,https://github.com/nflverse/nflverse-data/releases/download/pbp/play_by_play_2018.parquet,nflverse play-by-play 2018,official_release,2026-08-27,"regular-season team games, weeks 1-17",Observed head coach on each included regular-season game; interval is first through last observed game week.
2018-DEN-offensive_coordinator-01-17-bill-musgrave,https://static.clubs.nfl.com/image/upload/saints/cppryvovnkj3awae4uju.pdf,2018 NFL Record & Fact Book,official_release,2026-08-27,PDF page 68 (staff page; assistant listing may continue on following pages),"Formal preseason staff title: offensive coordinator. Weeks encode the season designation, not independently observed weekly tenure; does not establish play-calling duty."
2018-DEN-quarterbacks_coach-01-17-mike-sullivan,https://static.clubs.nfl.com/image/upload/saints/cppryvovnkj3awae4uju.pdf,2018 NFL Record & Fact Book,official_release,2026-08-27,PDF page 68 (staff page; assistant listing may continue on following pages),"Formal preseason staff title: quarterbacks. Weeks encode the season designation, not independently observed weekly tenure; does not establish play-calling duty."
2018-DET-head_coach-01-17-matt-patricia,https://github.com/nflverse/nflverse-data/releases/download/pbp/play_by_play_2018.parquet,nflverse play-by-play 2018,official_release,2026-08-27,"regular-season team games, weeks 1-17",Observed head coach on each included regular-season game; interval is first through last observed game week.
2018-DET-offensive_coordinator-01-17-jim-bob-cooter,https://static.clubs.nfl.com/image/upload/saints/cppryvovnkj3awae4uju.pdf,2018 NFL Record & Fact Book,official_release,2026-08-27,PDF page 172 (staff page; assistant listing may continue on following pages),"Formal preseason staff title: offensive coordinator. Weeks encode the season designation, not independently observed weekly tenure; does not establish play-calling duty."
2018-DET-quarterbacks_coach-01-17-george-godsey,https://static.clubs.nfl.com/image/upload/saints/cppryvovnkj3awae4uju.pdf,2018 NFL Record & Fact Book,official_release,2026-08-27,PDF page 172 (staff page; assistant listing may continue on following pages),"Formal preseason staff title: quarterbacks. Weeks encode the season designation, not independently observed weekly tenure; does not establish play-calling duty."
2018-GB-head_coach-01-13-mike-mccarthy,https://github.com/nflverse/nflverse-data/releases/download/pbp/play_by_play_2018.parquet,nflverse play-by-play 2018,official_release,2026-08-27,"regular-season team games, weeks 1-13",Observed head coach on each included regular-season game; interval is first through last observed game week.
2018-GB-head_coach-14-17-joe-philbin,https://github.com/nflverse/nflverse-data/releases/download/pbp/play_by_play_2018.parquet,nflverse play-by-play 2018,official_release,2026-08-27,"regular-season team games, weeks 14-17",Observed head coach on each included regular-season game; interval is first through last observed game week.
2018-GB-offensive_coordinator-01-17-joe-philbin,https://static.clubs.nfl.com/image/upload/saints/cppryvovnkj3awae4uju.pdf,2018 NFL Record & Fact Book,official_release,2026-08-27,PDF page 178 (staff page; assistant listing may continue on following pages),"Formal preseason staff title: offensive coordinator. Weeks encode the season designation, not independently observed weekly tenure; does not establish play-calling duty."
2018-GB-quarterbacks_coach-01-17-frank-cignetti-jr,https://static.clubs.nfl.com/image/upload/saints/cppryvovnkj3awae4uju.pdf,2018 NFL Record & Fact Book,official_release,2026-08-27,PDF page 178 (staff page; assistant listing may continue on following pages),"Formal preseason staff title: quarterbacks. Weeks encode the season designation, not independently observed weekly tenure; does not establish play-calling duty."
2018-HOU-head_coach-01-17-bill-o-brien,https://github.com/nflverse/nflverse-data/releases/download/pbp/play_by_play_2018.parquet,nflverse play-by-play 2018,official_release,2026-08-27,"regular-season team games, weeks 1-17",Observed head coach on each included regular-season game; interval is first through last observed game week.
2018-HOU-quarterbacks_coach-01-17-sean-ryan,https://static.clubs.nfl.com/image/upload/saints/cppryvovnkj3awae4uju.pdf,2018 NFL Record & Fact Book,official_release,2026-08-27,PDF page 74 (staff page; assistant listing may continue on following pages),"Formal preseason staff title: quarterbacks. Weeks encode the season designation, not independently observed weekly tenure; does not establish play-calling duty."
2018-IND-head_coach-01-17-frank-reich,https://github.com/nflverse/nflverse-data/releases/download/pbp/play_by_play_2018.parquet,nflverse play-by-play 2018,official_release,2026-08-27,"regular-season team games, weeks 1-17",Observed head coach on each included regular-season game; interval is first through last observed game week.
2018-IND-offensive_coordinator-01-17-nick-sirianni,https://static.clubs.nfl.com/image/upload/saints/cppryvovnkj3awae4uju.pdf,2018 NFL Record & Fact Book,official_release,2026-08-27,PDF page 80 (staff page; assistant listing may continue on following pages),"Formal preseason staff title: offensive coordinator. Weeks encode the season designation, not independently observed weekly tenure; does not establish play-calling duty."
2018-JAX-head_coach-01-17-doug-marrone,https://github.com/nflverse/nflverse-data/releases/download/pbp/play_by_play_2018.parquet,nflverse play-by-play 2018,official_release,2026-08-27,"regular-season team games, weeks 1-17",Observed head coach on each included regular-season game; interval is first through last observed game week.
2018-JAX-offensive_coordinator-01-17-nathaniel-hackett,https://static.clubs.nfl.com/image/upload/saints/cppryvovnkj3awae4uju.pdf,2018 NFL Record & Fact Book,official_release,2026-08-27,PDF page 86 (staff page; assistant listing may continue on following pages),"Formal preseason staff title: offensive coordinator. Weeks encode the season designation, not independently observed weekly tenure; does not establish play-calling duty."
2018-KC-head_coach-01-17-andy-reid,https://github.com/nflverse/nflverse-data/releases/download/pbp/play_by_play_2018.parquet,nflverse play-by-play 2018,official_release,2026-08-27,"regular-season team games, weeks 1-17",Observed head coach on each included regular-season game; interval is first through last observed game week.
2018-KC-offensive_coordinator-01-17-eric-bieniemy,https://static.clubs.nfl.com/image/upload/saints/cppryvovnkj3awae4uju.pdf,2018 NFL Record & Fact Book,official_release,2026-08-27,PDF page 92 (staff page; assistant listing may continue on following pages),"Formal preseason staff title: offensive coordinator. Weeks encode the season designation, not independently observed weekly tenure; does not establish play-calling duty."
2018-KC-quarterbacks_coach-01-17-mike-kafka,https://static.clubs.nfl.com/image/upload/saints/cppryvovnkj3awae4uju.pdf,2018 NFL Record & Fact Book,official_release,2026-08-27,PDF page 92 (staff page; assistant listing may continue on following pages),"Formal preseason staff title: quarterbacks. Weeks encode the season designation, not independently observed weekly tenure; does not establish play-calling duty."
2018-LA-head_coach-01-17-sean-mcvay,https://github.com/nflverse/nflverse-data/releases/download/pbp/play_by_play_2018.parquet,nflverse play-by-play 2018,official_release,2026-08-27,"regular-season team games, weeks 1-17",Observed head coach on each included regular-season game; interval is first through last observed game week.
2018-LAC-head_coach-01-17-anthony-lynn,https://github.com/nflverse/nflverse-data/releases/download/pbp/play_by_play_2018.parquet,nflverse play-by-play 2018,official_release,2026-08-27,"regular-season team games, weeks 1-17",Observed head coach on each included regular-season game; interval is first through last observed game week.
2018-LAC-offensive_coordinator-01-17-ken-whisenhunt,https://static.clubs.nfl.com/image/upload/saints/cppryvovnkj3awae4uju.pdf,2018 NFL Record & Fact Book,official_release,2026-08-27,PDF page 98 (staff page; assistant listing may continue on following pages),"Formal preseason staff title: offensive coordinator. Weeks encode the season designation, not independently observed weekly tenure; does not establish play-calling duty."
2018-LAC-quarterbacks_coach-01-17-shane-steichen,https://static.clubs.nfl.com/image/upload/saints/cppryvovnkj3awae4uju.pdf,2018 NFL Record & Fact Book,official_release,2026-08-27,PDF page 98 (staff page; assistant listing may continue on following pages),"Formal preseason staff title: quarterbacks. Weeks encode the season designation, not independently observed weekly tenure; does not establish play-calling duty."
2018-LV-head_coach-01-17-jon-gruden,https://github.com/nflverse/nflverse-data/releases/download/pbp/play_by_play_2018.parquet,nflverse play-by-play 2018,official_release,2026-08-27,"regular-season team games, weeks 1-17",Observed head coach on each included regular-season game; interval is first through last observed game week.
2018-LV-offensive_coordinator-01-17-greg-olson,https://static.clubs.nfl.com/image/upload/saints/cppryvovnkj3awae4uju.pdf,2018 NFL Record & Fact Book,official_release,2026-08-27,PDF page 122 (staff page; assistant listing may continue on following pages),"Formal preseason staff title: offensive coordinator. Weeks encode the season designation, not independently observed weekly tenure; does not establish play-calling duty."
2018-MIA-head_coach-01-17-adam-gase,https://github.com/nflverse/nflverse-data/releases/download/pbp/play_by_play_2018.parquet,nflverse play-by-play 2018,official_release,2026-08-27,"regular-season team games, weeks 1-17",Observed head coach on each included regular-season game; interval is first through last observed game week.
2018-MIA-offensive_coordinator-01-17-dowell-loggains,https://static.clubs.nfl.com/image/upload/saints/cppryvovnkj3awae4uju.pdf,2018 NFL Record & Fact Book,official_release,2026-08-27,PDF page 104 (staff page; assistant listing may continue on following pages),"Formal preseason staff title: offensive coordinator. Weeks encode the season designation, not independently observed weekly tenure; does not establish play-calling duty."
2018-MIA-quarterbacks_coach-01-17-bo-hardegree,https://static.clubs.nfl.com/image/upload/saints/cppryvovnkj3awae4uju.pdf,2018 NFL Record & Fact Book,official_release,2026-08-27,PDF page 104 (staff page; assistant listing may continue on following pages),"Formal preseason staff title: quarterbacks. Weeks encode the season designation, not independently observed weekly tenure; does not establish play-calling duty."
2018-MIN-head_coach-01-17-mike-zimmer,https://github.com/nflverse/nflverse-data/releases/download/pbp/play_by_play_2018.parquet,nflverse play-by-play 2018,official_release,2026-08-27,"regular-season team games, weeks 1-17",Observed head coach on each included regular-season game; interval is first through last observed game week.
2018-MIN-quarterbacks_coach-01-17-kevin-stefanski,https://static.clubs.nfl.com/image/upload/saints/cppryvovnkj3awae4uju.pdf,2018 NFL Record & Fact Book,official_release,2026-08-27,PDF page 190 (staff page; assistant listing may continue on following pages),"Formal preseason staff title: quarterbacks. Weeks encode the season designation, not independently observed weekly tenure; does not establish play-calling duty."
2018-NE-head_coach-01-17-bill-belichick,https://github.com/nflverse/nflverse-data/releases/download/pbp/play_by_play_2018.parquet,nflverse play-by-play 2018,official_release,2026-08-27,"regular-season team games, weeks 1-17",Observed head coach on each included regular-season game; interval is first through last observed game week.
2018-NO-head_coach-01-17-sean-payton,https://github.com/nflverse/nflverse-data/releases/download/pbp/play_by_play_2018.parquet,nflverse play-by-play 2018,official_release,2026-08-27,"regular-season team games, weeks 1-17",Observed head coach on each included regular-season game; interval is first through last observed game week.
2018-NO-offensive_coordinator-01-17-pete-carmichael,https://static.clubs.nfl.com/image/upload/saints/cppryvovnkj3awae4uju.pdf,2018 NFL Record & Fact Book,official_release,2026-08-27,PDF page 196 (staff page; assistant listing may continue on following pages),"Formal preseason staff title: offensive coordinator. Weeks encode the season designation, not independently observed weekly tenure; does not establish play-calling duty."
2018-NO-quarterbacks_coach-01-17-joe-lombardi,https://static.clubs.nfl.com/image/upload/saints/cppryvovnkj3awae4uju.pdf,2018 NFL Record & Fact Book,official_release,2026-08-27,PDF page 196 (staff page; assistant listing may continue on following pages),"Formal preseason staff title: quarterbacks. Weeks encode the season designation, not independently observed weekly tenure; does not establish play-calling duty."
2018-NYG-head_coach-01-17-pat-shurmur,https://github.com/nflverse/nflverse-data/releases/download/pbp/play_by_play_2018.parquet,nflverse play-by-play 2018,official_release,2026-08-27,"regular-season team games, weeks 1-17",Observed head coach on each included regular-season game; interval is first through last observed game week.
2018-NYJ-head_coach-01-17-todd-bowles,https://github.com/nflverse/nflverse-data/releases/download/pbp/play_by_play_2018.parquet,nflverse play-by-play 2018,official_release,2026-08-27,"regular-season team games, weeks 1-17",Observed head coach on each included regular-season game; interval is first through last observed game week.
2018-PHI-head_coach-01-17-doug-pederson,https://github.com/nflverse/nflverse-data/releases/download/pbp/play_by_play_2018.parquet,nflverse play-by-play 2018,official_release,2026-08-27,"regular-season team games, weeks 1-17",Observed head coach on each included regular-season game; interval is first through last observed game week.
2018-PHI-offensive_coordinator-01-17-mike-groh,https://static.clubs.nfl.com/image/upload/saints/cppryvovnkj3awae4uju.pdf,2018 NFL Record & Fact Book,official_release,2026-08-27,PDF page 208 (staff page; assistant listing may continue on following pages),"Formal preseason staff title: offensive coordinator. Weeks encode the season designation, not independently observed weekly tenure; does not establish play-calling duty."
2018-PHI-quarterbacks_coach-01-17-press-taylor,https://static.clubs.nfl.com/image/upload/saints/cppryvovnkj3awae4uju.pdf,2018 NFL Record & Fact Book,official_release,2026-08-27,PDF page 208 (staff page; assistant listing may continue on following pages),"Formal preseason staff title: quarterbacks. Weeks encode the season designation, not independently observed weekly tenure; does not establish play-calling duty."
2018-PIT-head_coach-01-17-mike-tomlin,https://github.com/nflverse/nflverse-data/releases/download/pbp/play_by_play_2018.parquet,nflverse play-by-play 2018,official_release,2026-08-27,"regular-season team games, weeks 1-17",Observed head coach on each included regular-season game; interval is first through last observed game week.
2018-SEA-head_coach-01-17-pete-carroll,https://github.com/nflverse/nflverse-data/releases/download/pbp/play_by_play_2018.parquet,nflverse play-by-play 2018,official_release,2026-08-27,"regular-season team games, weeks 1-17",Observed head coach on each included regular-season game; interval is first through last observed game week.
2018-SEA-offensive_coordinator-01-17-brian-schottenheimer,https://static.clubs.nfl.com/image/upload/saints/cppryvovnkj3awae4uju.pdf,2018 NFL Record & Fact Book,official_release,2026-08-27,PDF page 220 (staff page; assistant listing may continue on following pages),"Formal preseason staff title: offensive coordinator. Weeks encode the season designation, not independently observed weekly tenure; does not establish play-calling duty."
2018-SEA-quarterbacks_coach-01-17-dave-canales,https://static.clubs.nfl.com/image/upload/saints/cppryvovnkj3awae4uju.pdf,2018 NFL Record & Fact Book,official_release,2026-08-27,PDF page 220 (staff page; assistant listing may continue on following pages),"Formal preseason staff title: quarterbacks. Weeks encode the season designation, not independently observed weekly tenure; does not establish play-calling duty."
2018-SF-head_coach-01-17-kyle-shanahan,https://github.com/nflverse/nflverse-data/releases/download/pbp/play_by_play_2018.parquet,nflverse play-by-play 2018,official_release,2026-08-27,"regular-season team games, weeks 1-17",Observed head coach on each included regular-season game; interval is first through last observed game week.
2018-SF-quarterbacks_coach-01-17-rich-scangarello,https://static.clubs.nfl.com/image/upload/saints/cppryvovnkj3awae4uju.pdf,2018 NFL Record & Fact Book,official_release,2026-08-27,PDF page 214 (staff page; assistant listing may continue on following pages),"Formal preseason staff title: quarterbacks. Weeks encode the season designation, not independently observed weekly tenure; does not establish play-calling duty."
2018-TB-head_coach-01-17-dirk-koetter,https://github.com/nflverse/nflverse-data/releases/download/pbp/play_by_play_2018.parquet,nflverse play-by-play 2018,official_release,2026-08-27,"regular-season team games, weeks 1-17",Observed head coach on each included regular-season game; interval is first through last observed game week.
2018-TB-offensive_coordinator-01-17-todd-monken,https://static.clubs.nfl.com/image/upload/saints/cppryvovnkj3awae4uju.pdf,2018 NFL Record & Fact Book,official_release,2026-08-27,PDF page 226 (staff page; assistant listing may continue on following pages),"Formal preseason staff title: offensive coordinator. Weeks encode the season designation, not independently observed weekly tenure; does not establish play-calling duty."
2018-TB-quarterbacks_coach-01-17-mike-bajakian,https://static.clubs.nfl.com/image/upload/saints/cppryvovnkj3awae4uju.pdf,2018 NFL Record & Fact Book,official_release,2026-08-27,PDF page 226 (staff page; assistant listing may continue on following pages),"Formal preseason staff title: quarterbacks. Weeks encode the season designation, not independently observed weekly tenure; does not establish play-calling duty."
2018-TEN-head_coach-01-17-mike-vrabel,https://github.com/nflverse/nflverse-data/releases/download/pbp/play_by_play_2018.parquet,nflverse play-by-play 2018,official_release,2026-08-27,"regular-season team games, weeks 1-17",Observed head coach on each included regular-season game; interval is first through last observed game week.
2018-TEN-offensive_coordinator-01-17-matt-lafleur,https://static.clubs.nfl.com/image/upload/saints/cppryvovnkj3awae4uju.pdf,2018 NFL Record & Fact Book,official_release,2026-08-27,PDF page 134 (staff page; assistant listing may continue on following pages),"Formal preseason staff title: offensive coordinator. Weeks encode the season designation, not independently observed weekly tenure; does not establish play-calling duty."
2018-WAS-head_coach-01-17-jay-gruden,https://github.com/nflverse/nflverse-data/releases/download/pbp/play_by_play_2018.parquet,nflverse play-by-play 2018,official_release,2026-08-27,"regular-season team games, weeks 1-17",Observed head coach on each included regular-season game; interval is first through last observed game week.
2018-WAS-offensive_coordinator-01-17-matt-cavanaugh,https://static.clubs.nfl.com/image/upload/saints/cppryvovnkj3awae4uju.pdf,2018 NFL Record & Fact Book,official_release,2026-08-27,PDF page 232 (staff page; assistant listing may continue on following pages),"Formal preseason staff title: offensive coordinator. Weeks encode the season designation, not independently observed weekly tenure; does not establish play-calling duty."
2019-ARI-head_coach-01-17-kliff-kingsbury,https://github.com/nflverse/nflverse-data/releases/download/pbp/play_by_play_2019.parquet,nflverse play-by-play 2019,official_release,2026-08-27,"regular-season team games, weeks 1-17",Observed head coach on each included regular-season game; interval is first through last observed game week.
2019-ATL-head_coach-01-17-dan-quinn,https://github.com/nflverse/nflverse-data/releases/download/pbp/play_by_play_2019.parquet,nflverse play-by-play 2019,official_release,2026-08-27,"regular-season team games, weeks 1-17",Observed head coach on each included regular-season game; interval is first through last observed game week.
2019-ATL-offensive_coordinator-01-17-dirk-koetter,https://static.www.nfl.com/image/upload/league/f60ftapcsbynqgymw72q.pdf,2019 NFL Record & Fact Book,official_release,2026-08-27,PDF page 148 (staff page; assistant listing may continue on following pages),"Formal preseason staff title: offensive coordinator. Weeks encode the season designation, not independently observed weekly tenure; does not establish play-calling duty."
2019-ATL-quarterbacks_coach-01-17-greg-knapp,https://static.www.nfl.com/image/upload/league/f60ftapcsbynqgymw72q.pdf,2019 NFL Record & Fact Book,official_release,2026-08-27,PDF page 148 (staff page; assistant listing may continue on following pages),"Formal preseason staff title: quarterbacks. Weeks encode the season designation, not independently observed weekly tenure; does not establish play-calling duty."
2019-BAL-head_coach-01-17-john-harbaugh,https://github.com/nflverse/nflverse-data/releases/download/pbp/play_by_play_2019.parquet,nflverse play-by-play 2019,official_release,2026-08-27,"regular-season team games, weeks 1-17",Observed head coach on each included regular-season game; interval is first through last observed game week.
2019-BAL-offensive_coordinator-01-17-greg-roman,https://static.www.nfl.com/image/upload/league/f60ftapcsbynqgymw72q.pdf,2019 NFL Record & Fact Book,official_release,2026-08-27,PDF page 44 (staff page; assistant listing may continue on following pages),"Formal preseason staff title: offensive coordinator. Weeks encode the season designation, not independently observed weekly tenure; does not establish play-calling duty."
2019-BAL-quarterbacks_coach-01-17-james-urban,https://static.www.nfl.com/image/upload/league/f60ftapcsbynqgymw72q.pdf,2019 NFL Record & Fact Book,official_release,2026-08-27,PDF page 44 (staff page; assistant listing may continue on following pages),"Formal preseason staff title: quarterbacks. Weeks encode the season designation, not independently observed weekly tenure; does not establish play-calling duty."
2019-BUF-head_coach-01-17-sean-mcdermott,https://github.com/nflverse/nflverse-data/releases/download/pbp/play_by_play_2019.parquet,nflverse play-by-play 2019,official_release,2026-08-27,"regular-season team games, weeks 1-17",Observed head coach on each included regular-season game; interval is first through last observed game week.
2019-BUF-offensive_coordinator-01-17-brian-daboll,https://static.www.nfl.com/image/upload/league/f60ftapcsbynqgymw72q.pdf,2019 NFL Record & Fact Book,official_release,2026-08-27,PDF page 50 (staff page; assistant listing may continue on following pages),"Formal preseason staff title: offensive coordinator. Weeks encode the season designation, not independently observed weekly tenure; does not establish play-calling duty."
2019-BUF-quarterbacks_coach-01-17-ken-dorsey,https://static.www.nfl.com/image/upload/league/f60ftapcsbynqgymw72q.pdf,2019 NFL Record & Fact Book,official_release,2026-08-27,PDF page 50 (staff page; assistant listing may continue on following pages),"Formal preseason staff title: quarterbacks. Weeks encode the season designation, not independently observed weekly tenure; does not establish play-calling duty."
2019-CAR-head_coach-01-17-ron-rivera,https://github.com/nflverse/nflverse-data/releases/download/pbp/play_by_play_2019.parquet,nflverse play-by-play 2019,official_release,2026-08-27,"regular-season team games, weeks 1-17",Observed head coach on each included regular-season game; interval is first through last observed game week.
2019-CAR-offensive_coordinator-01-17-norv-turner,https://static.www.nfl.com/image/upload/league/f60ftapcsbynqgymw72q.pdf,2019 NFL Record & Fact Book,official_release,2026-08-27,PDF page 154 (staff page; assistant listing may continue on following pages),"Formal preseason staff title: offensive coordinator. Weeks encode the season designation, not independently observed weekly tenure; does not establish play-calling duty."
2019-CAR-quarterbacks_coach-01-17-scott-turner,https://static.www.nfl.com/image/upload/league/f60ftapcsbynqgymw72q.pdf,2019 NFL Record & Fact Book,official_release,2026-08-27,PDF page 154 (staff page; assistant listing may continue on following pages),"Formal preseason staff title: quarterbacks. Weeks encode the season designation, not independently observed weekly tenure; does not establish play-calling duty."
2019-CHI-head_coach-01-17-matt-nagy,https://github.com/nflverse/nflverse-data/releases/download/pbp/play_by_play_2019.parquet,nflverse play-by-play 2019,official_release,2026-08-27,"regular-season team games, weeks 1-17",Observed head coach on each included regular-season game; interval is first through last observed game week.
2019-CHI-offensive_coordinator-01-17-mark-helfrich,https://static.www.nfl.com/image/upload/league/f60ftapcsbynqgymw72q.pdf,2019 NFL Record & Fact Book,official_release,2026-08-27,PDF page 160 (staff page; assistant listing may continue on following pages),"Formal preseason staff title: offensive coordinator. Weeks encode the season designation, not independently observed weekly tenure; does not establish play-calling duty."
2019-CHI-quarterbacks_coach-01-17-dave-ragone,https://static.www.nfl.com/image/upload/league/f60ftapcsbynqgymw72q.pdf,2019 NFL Record & Fact Book,official_release,2026-08-27,PDF page 160 (staff page; assistant listing may continue on following pages),"Formal preseason staff title: quarterbacks. Weeks encode the season designation, not independently observed weekly tenure; does not establish play-calling duty."
2019-CIN-head_coach-01-17-zac-taylor,https://github.com/nflverse/nflverse-data/releases/download/pbp/play_by_play_2019.parquet,nflverse play-by-play 2019,official_release,2026-08-27,"regular-season team games, weeks 1-17",Observed head coach on each included regular-season game; interval is first through last observed game week.
2019-CIN-offensive_coordinator-01-17-brian-callahan,https://static.www.nfl.com/image/upload/league/f60ftapcsbynqgymw72q.pdf,2019 NFL Record & Fact Book,official_release,2026-08-27,PDF page 56 (staff page; assistant listing may continue on following pages),"Formal preseason staff title: offensive coordinator. Weeks encode the season designation, not independently observed weekly tenure; does not establish play-calling duty."
2019-CIN-quarterbacks_coach-01-17-alex-van-pelt,https://static.www.nfl.com/image/upload/league/f60ftapcsbynqgymw72q.pdf,2019 NFL Record & Fact Book,official_release,2026-08-27,PDF page 56 (staff page; assistant listing may continue on following pages),"Formal preseason staff title: quarterbacks. Weeks encode the season designation, not independently observed weekly tenure; does not establish play-calling duty."
2019-CLE-head_coach-01-17-freddie-kitchens,https://github.com/nflverse/nflverse-data/releases/download/pbp/play_by_play_2019.parquet,nflverse play-by-play 2019,official_release,2026-08-27,"regular-season team games, weeks 1-17",Observed head coach on each included regular-season game; interval is first through last observed game week.
2019-CLE-quarterbacks_coach-01-17-ryan-lindley,https://static.www.nfl.com/image/upload/league/f60ftapcsbynqgymw72q.pdf,2019 NFL Record & Fact Book,official_release,2026-08-27,PDF page 62 (staff page; assistant listing may continue on following pages),"Formal preseason staff title: quarterbacks. Weeks encode the season designation, not independently observed weekly tenure; does not establish play-calling duty."
2019-DAL-head_coach-01-17-jason-garrett,https://github.com/nflverse/nflverse-data/releases/download/pbp/play_by_play_2019.parquet,nflverse play-by-play 2019,official_release,2026-08-27,"regular-season team games, weeks 1-17",Observed head coach on each included regular-season game; interval is first through last observed game week.
2019-DAL-offensive_coordinator-01-17-kellen-moore,https://static.www.nfl.com/image/upload/league/f60ftapcsbynqgymw72q.pdf,2019 NFL Record & Fact Book,official_release,2026-08-27,PDF page 166 (staff page; assistant listing may continue on following pages),"Formal preseason staff title: offensive coordinator. Weeks encode the season designation, not independently observed weekly tenure; does not establish play-calling duty."
2019-DAL-quarterbacks_coach-01-17-jon-kitna,https://static.www.nfl.com/image/upload/league/f60ftapcsbynqgymw72q.pdf,2019 NFL Record & Fact Book,official_release,2026-08-27,PDF page 166 (staff page; assistant listing may continue on following pages),"Formal preseason staff title: quarterbacks. Weeks encode the season designation, not independently observed weekly tenure; does not establish play-calling duty."
2019-DEN-head_coach-01-17-vic-fangio,https://github.com/nflverse/nflverse-data/releases/download/pbp/play_by_play_2019.parquet,nflverse play-by-play 2019,official_release,2026-08-27,"regular-season team games, weeks 1-17",Observed head coach on each included regular-season game; interval is first through last observed game week.
2019-DEN-offensive_coordinator-01-17-rich-scangarello,https://static.www.nfl.com/image/upload/league/f60ftapcsbynqgymw72q.pdf,2019 NFL Record & Fact Book,official_release,2026-08-27,PDF page 68 (staff page; assistant listing may continue on following pages),"Formal preseason staff title: offensive coordinator. Weeks encode the season designation, not independently observed weekly tenure; does not establish play-calling duty."
2019-DEN-quarterbacks_coach-01-17-t-c-mccartney,https://static.www.nfl.com/image/upload/league/f60ftapcsbynqgymw72q.pdf,2019 NFL Record & Fact Book,official_release,2026-08-27,PDF page 68 (staff page; assistant listing may continue on following pages),"Formal preseason staff title: quarterbacks. Weeks encode the season designation, not independently observed weekly tenure; does not establish play-calling duty."
2019-DET-head_coach-01-17-matt-patricia,https://github.com/nflverse/nflverse-data/releases/download/pbp/play_by_play_2019.parquet,nflverse play-by-play 2019,official_release,2026-08-27,"regular-season team games, weeks 1-17",Observed head coach on each included regular-season game; interval is first through last observed game week.
2019-GB-head_coach-01-17-matt-lafleur,https://github.com/nflverse/nflverse-data/releases/download/pbp/play_by_play_2019.parquet,nflverse play-by-play 2019,official_release,2026-08-27,"regular-season team games, weeks 1-17",Observed head coach on each included regular-season game; interval is first through last observed game week.
2019-GB-offensive_coordinator-01-17-nathaniel-hackett,https://static.www.nfl.com/image/upload/league/f60ftapcsbynqgymw72q.pdf,2019 NFL Record & Fact Book,official_release,2026-08-27,PDF page 178 (staff page; assistant listing may continue on following pages),"Formal preseason staff title: offensive coordinator. Weeks encode the season designation, not independently observed weekly tenure; does not establish play-calling duty."
2019-GB-quarterbacks_coach-01-17-luke-getsy,https://static.www.nfl.com/image/upload/league/f60ftapcsbynqgymw72q.pdf,2019 NFL Record & Fact Book,official_release,2026-08-27,PDF page 178 (staff page; assistant listing may continue on following pages),"Formal preseason staff title: quarterbacks. Weeks encode the season designation, not independently observed weekly tenure; does not establish play-calling duty."
2019-HOU-head_coach-01-17-bill-o-brien,https://github.com/nflverse/nflverse-data/releases/download/pbp/play_by_play_2019.parquet,nflverse play-by-play 2019,official_release,2026-08-27,"regular-season team games, weeks 1-17",Observed head coach on each included regular-season game; interval is first through last observed game week.
2019-HOU-offensive_coordinator-01-17-tim-kelly,https://static.www.nfl.com/image/upload/league/f60ftapcsbynqgymw72q.pdf,2019 NFL Record & Fact Book,official_release,2026-08-27,PDF page 74 (staff page; assistant listing may continue on following pages),"Formal preseason staff title: offensive coordinator. Weeks encode the season designation, not independently observed weekly tenure; does not establish play-calling duty."
2019-HOU-quarterbacks_coach-01-17-carl-smith,https://static.www.nfl.com/image/upload/league/f60ftapcsbynqgymw72q.pdf,2019 NFL Record & Fact Book,official_release,2026-08-27,PDF page 74 (staff page; assistant listing may continue on following pages),"Formal preseason staff title: quarterbacks. Weeks encode the season designation, not independently observed weekly tenure; does not establish play-calling duty."
2019-IND-head_coach-01-17-frank-reich,https://github.com/nflverse/nflverse-data/releases/download/pbp/play_by_play_2019.parquet,nflverse play-by-play 2019,official_release,2026-08-27,"regular-season team games, weeks 1-17",Observed head coach on each included regular-season game; interval is first through last observed game week.
2019-IND-offensive_coordinator-01-17-nick-sirianni,https://static.www.nfl.com/image/upload/league/f60ftapcsbynqgymw72q.pdf,2019 NFL Record & Fact Book,official_release,2026-08-27,PDF page 80 (staff page; assistant listing may continue on following pages),"Formal preseason staff title: offensive coordinator. Weeks encode the season designation, not independently observed weekly tenure; does not establish play-calling duty."
2019-IND-quarterbacks_coach-01-17-marcus-brady,https://static.www.nfl.com/image/upload/league/f60ftapcsbynqgymw72q.pdf,2019 NFL Record & Fact Book,official_release,2026-08-27,PDF page 80 (staff page; assistant listing may continue on following pages),"Formal preseason staff title: quarterbacks. Weeks encode the season designation, not independently observed weekly tenure; does not establish play-calling duty."
2019-JAX-head_coach-01-17-doug-marrone,https://github.com/nflverse/nflverse-data/releases/download/pbp/play_by_play_2019.parquet,nflverse play-by-play 2019,official_release,2026-08-27,"regular-season team games, weeks 1-17",Observed head coach on each included regular-season game; interval is first through last observed game week.
2019-JAX-quarterbacks_coach-01-17-scott-milanovich,https://static.www.nfl.com/image/upload/league/f60ftapcsbynqgymw72q.pdf,2019 NFL Record & Fact Book,official_release,2026-08-27,PDF page 86 (staff page; assistant listing may continue on following pages),"Formal preseason staff title: quarterbacks. Weeks encode the season designation, not independently observed weekly tenure; does not establish play-calling duty."
2019-KC-head_coach-01-17-andy-reid,https://github.com/nflverse/nflverse-data/releases/download/pbp/play_by_play_2019.parquet,nflverse play-by-play 2019,official_release,2026-08-27,"regular-season team games, weeks 1-17",Observed head coach on each included regular-season game; interval is first through last observed game week.
2019-KC-offensive_coordinator-01-17-eric-bieniemy,https://static.www.nfl.com/image/upload/league/f60ftapcsbynqgymw72q.pdf,2019 NFL Record & Fact Book,official_release,2026-08-27,PDF page 92 (staff page; assistant listing may continue on following pages),"Formal preseason staff title: offensive coordinator. Weeks encode the season designation, not independently observed weekly tenure; does not establish play-calling duty."
2019-KC-quarterbacks_coach-01-17-mike-kafka,https://static.www.nfl.com/image/upload/league/f60ftapcsbynqgymw72q.pdf,2019 NFL Record & Fact Book,official_release,2026-08-27,PDF page 92 (staff page; assistant listing may continue on following pages),"Formal preseason staff title: quarterbacks. Weeks encode the season designation, not independently observed weekly tenure; does not establish play-calling duty."
2019-LA-head_coach-01-17-sean-mcvay,https://github.com/nflverse/nflverse-data/releases/download/pbp/play_by_play_2019.parquet,nflverse play-by-play 2019,official_release,2026-08-27,"regular-season team games, weeks 1-17",Observed head coach on each included regular-season game; interval is first through last observed game week.
2019-LAC-head_coach-01-17-anthony-lynn,https://github.com/nflverse/nflverse-data/releases/download/pbp/play_by_play_2019.parquet,nflverse play-by-play 2019,official_release,2026-08-27,"regular-season team games, weeks 1-17",Observed head coach on each included regular-season game; interval is first through last observed game week.
2019-LAC-offensive_coordinator-01-17-ken-whisenhunt,https://static.www.nfl.com/image/upload/league/f60ftapcsbynqgymw72q.pdf,2019 NFL Record & Fact Book,official_release,2026-08-27,PDF page 98 (staff page; assistant listing may continue on following pages),"Formal preseason staff title: offensive coordinator. Weeks encode the season designation, not independently observed weekly tenure; does not establish play-calling duty."
2019-LAC-quarterbacks_coach-01-17-shane-steichen,https://static.www.nfl.com/image/upload/league/f60ftapcsbynqgymw72q.pdf,2019 NFL Record & Fact Book,official_release,2026-08-27,PDF page 98 (staff page; assistant listing may continue on following pages),"Formal preseason staff title: quarterbacks. Weeks encode the season designation, not independently observed weekly tenure; does not establish play-calling duty."
2019-LV-head_coach-01-17-jon-gruden,https://github.com/nflverse/nflverse-data/releases/download/pbp/play_by_play_2019.parquet,nflverse play-by-play 2019,official_release,2026-08-27,"regular-season team games, weeks 1-17",Observed head coach on each included regular-season game; interval is first through last observed game week.
2019-LV-offensive_coordinator-01-17-greg-olson,https://static.www.nfl.com/image/upload/league/f60ftapcsbynqgymw72q.pdf,2019 NFL Record & Fact Book,official_release,2026-08-27,PDF page 122 (staff page; assistant listing may continue on following pages),"Formal preseason staff title: offensive coordinator. Weeks encode the season designation, not independently observed weekly tenure; does not establish play-calling duty."
2019-MIA-head_coach-01-17-brian-flores,https://github.com/nflverse/nflverse-data/releases/download/pbp/play_by_play_2019.parquet,nflverse play-by-play 2019,official_release,2026-08-27,"regular-season team games, weeks 1-17",Observed head coach on each included regular-season game; interval is first through last observed game week.
2019-MIN-head_coach-01-17-mike-zimmer,https://github.com/nflverse/nflverse-data/releases/download/pbp/play_by_play_2019.parquet,nflverse play-by-play 2019,official_release,2026-08-27,"regular-season team games, weeks 1-17",Observed head coach on each included regular-season game; interval is first through last observed game week.
2019-MIN-offensive_coordinator-01-17-kevin-stefanski,https://static.www.nfl.com/image/upload/league/f60ftapcsbynqgymw72q.pdf,2019 NFL Record & Fact Book,official_release,2026-08-27,PDF page 190 (staff page; assistant listing may continue on following pages),"Formal preseason staff title: offensive coordinator. Weeks encode the season designation, not independently observed weekly tenure; does not establish play-calling duty."
2019-MIN-quarterbacks_coach-01-17-klint-kubiak,https://static.www.nfl.com/image/upload/league/f60ftapcsbynqgymw72q.pdf,2019 NFL Record & Fact Book,official_release,2026-08-27,PDF page 190 (staff page; assistant listing may continue on following pages),"Formal preseason staff title: quarterbacks. Weeks encode the season designation, not independently observed weekly tenure; does not establish play-calling duty."
2019-NE-head_coach-01-17-bill-belichick,https://github.com/nflverse/nflverse-data/releases/download/pbp/play_by_play_2019.parquet,nflverse play-by-play 2019,official_release,2026-08-27,"regular-season team games, weeks 1-17",Observed head coach on each included regular-season game; interval is first through last observed game week.
2019-NO-head_coach-01-17-sean-payton,https://github.com/nflverse/nflverse-data/releases/download/pbp/play_by_play_2019.parquet,nflverse play-by-play 2019,official_release,2026-08-27,"regular-season team games, weeks 1-17",Observed head coach on each included regular-season game; interval is first through last observed game week.
2019-NO-offensive_coordinator-01-17-pete-carmichael,https://static.www.nfl.com/image/upload/league/f60ftapcsbynqgymw72q.pdf,2019 NFL Record & Fact Book,official_release,2026-08-27,PDF page 196 (staff page; assistant listing may continue on following pages),"Formal preseason staff title: offensive coordinator. Weeks encode the season designation, not independently observed weekly tenure; does not establish play-calling duty."
2019-NO-quarterbacks_coach-01-17-joe-lombardi,https://static.www.nfl.com/image/upload/league/f60ftapcsbynqgymw72q.pdf,2019 NFL Record & Fact Book,official_release,2026-08-27,PDF page 196 (staff page; assistant listing may continue on following pages),"Formal preseason staff title: quarterbacks. Weeks encode the season designation, not independently observed weekly tenure; does not establish play-calling duty."
2019-NYG-head_coach-01-17-pat-shurmur,https://github.com/nflverse/nflverse-data/releases/download/pbp/play_by_play_2019.parquet,nflverse play-by-play 2019,official_release,2026-08-27,"regular-season team games, weeks 1-17",Observed head coach on each included regular-season game; interval is first through last observed game week.
2019-NYG-offensive_coordinator-01-17-mike-shula,https://static.www.nfl.com/image/upload/league/f60ftapcsbynqgymw72q.pdf,2019 NFL Record & Fact Book,official_release,2026-08-27,PDF page 202 (staff page; assistant listing may continue on following pages),"Formal preseason staff title: offensive coordinator. Weeks encode the season designation, not independently observed weekly tenure; does not establish play-calling duty."
2019-NYJ-head_coach-01-17-adam-gase,https://github.com/nflverse/nflverse-data/releases/download/pbp/play_by_play_2019.parquet,nflverse play-by-play 2019,official_release,2026-08-27,"regular-season team games, weeks 1-17",Observed head coach on each included regular-season game; interval is first through last observed game week.
2019-PHI-head_coach-01-17-doug-pederson,https://github.com/nflverse/nflverse-data/releases/download/pbp/play_by_play_2019.parquet,nflverse play-by-play 2019,official_release,2026-08-27,"regular-season team games, weeks 1-17",Observed head coach on each included regular-season game; interval is first through last observed game week.
2019-PHI-offensive_coordinator-01-17-mike-groh,https://static.www.nfl.com/image/upload/league/f60ftapcsbynqgymw72q.pdf,2019 NFL Record & Fact Book,official_release,2026-08-27,PDF page 208 (staff page; assistant listing may continue on following pages),"Formal preseason staff title: offensive coordinator. Weeks encode the season designation, not independently observed weekly tenure; does not establish play-calling duty."
2019-PHI-quarterbacks_coach-01-17-press-taylor,https://static.www.nfl.com/image/upload/league/f60ftapcsbynqgymw72q.pdf,2019 NFL Record & Fact Book,official_release,2026-08-27,PDF page 208 (staff page; assistant listing may continue on following pages),"Formal preseason staff title: quarterbacks. Weeks encode the season designation, not independently observed weekly tenure; does not establish play-calling duty."
2019-PIT-head_coach-01-17-mike-tomlin,https://github.com/nflverse/nflverse-data/releases/download/pbp/play_by_play_2019.parquet,nflverse play-by-play 2019,official_release,2026-08-27,"regular-season team games, weeks 1-17",Observed head coach on each included regular-season game; interval is first through last observed game week.
2019-SEA-head_coach-01-17-pete-carroll,https://github.com/nflverse/nflverse-data/releases/download/pbp/play_by_play_2019.parquet,nflverse play-by-play 2019,official_release,2026-08-27,"regular-season team games, weeks 1-17",Observed head coach on each included regular-season game; interval is first through last observed game week.
2019-SEA-offensive_coordinator-01-17-brian-schottenheimer,https://static.www.nfl.com/image/upload/league/f60ftapcsbynqgymw72q.pdf,2019 NFL Record & Fact Book,official_release,2026-08-27,PDF page 220 (staff page; assistant listing may continue on following pages),"Formal preseason staff title: offensive coordinator. Weeks encode the season designation, not independently observed weekly tenure; does not establish play-calling duty."
2019-SEA-quarterbacks_coach-01-17-dave-canales,https://static.www.nfl.com/image/upload/league/f60ftapcsbynqgymw72q.pdf,2019 NFL Record & Fact Book,official_release,2026-08-27,PDF page 220 (staff page; assistant listing may continue on following pages),"Formal preseason staff title: quarterbacks. Weeks encode the season designation, not independently observed weekly tenure; does not establish play-calling duty."
2019-SF-head_coach-01-17-kyle-shanahan,https://github.com/nflverse/nflverse-data/releases/download/pbp/play_by_play_2019.parquet,nflverse play-by-play 2019,official_release,2026-08-27,"regular-season team games, weeks 1-17",Observed head coach on each included regular-season game; interval is first through last observed game week.
2019-SF-quarterbacks_coach-01-17-shane-day,https://static.www.nfl.com/image/upload/league/f60ftapcsbynqgymw72q.pdf,2019 NFL Record & Fact Book,official_release,2026-08-27,PDF page 214 (staff page; assistant listing may continue on following pages),"Formal preseason staff title: quarterbacks. Weeks encode the season designation, not independently observed weekly tenure; does not establish play-calling duty."
2019-TB-head_coach-01-17-bruce-arians,https://github.com/nflverse/nflverse-data/releases/download/pbp/play_by_play_2019.parquet,nflverse play-by-play 2019,official_release,2026-08-27,"regular-season team games, weeks 1-17",Observed head coach on each included regular-season game; interval is first through last observed game week.
2019-TB-offensive_coordinator-01-17-byron-leftwich,https://static.www.nfl.com/image/upload/league/f60ftapcsbynqgymw72q.pdf,2019 NFL Record & Fact Book,official_release,2026-08-27,PDF page 226 (staff page; assistant listing may continue on following pages),"Formal preseason staff title: offensive coordinator. Weeks encode the season designation, not independently observed weekly tenure; does not establish play-calling duty."
2019-TB-quarterbacks_coach-01-17-clyde-christensen,https://static.www.nfl.com/image/upload/league/f60ftapcsbynqgymw72q.pdf,2019 NFL Record & Fact Book,official_release,2026-08-27,PDF page 226 (staff page; assistant listing may continue on following pages),"Formal preseason staff title: quarterbacks. Weeks encode the season designation, not independently observed weekly tenure; does not establish play-calling duty."
2019-TEN-head_coach-01-17-mike-vrabel,https://github.com/nflverse/nflverse-data/releases/download/pbp/play_by_play_2019.parquet,nflverse play-by-play 2019,official_release,2026-08-27,"regular-season team games, weeks 1-17",Observed head coach on each included regular-season game; interval is first through last observed game week.
2019-TEN-offensive_coordinator-01-17-arthur-smith,https://static.www.nfl.com/image/upload/league/f60ftapcsbynqgymw72q.pdf,2019 NFL Record & Fact Book,official_release,2026-08-27,PDF page 134 (staff page; assistant listing may continue on following pages),"Formal preseason staff title: offensive coordinator. Weeks encode the season designation, not independently observed weekly tenure; does not establish play-calling duty."
2019-WAS-head_coach-01-05-jay-gruden,https://github.com/nflverse/nflverse-data/releases/download/pbp/play_by_play_2019.parquet,nflverse play-by-play 2019,official_release,2026-08-27,"regular-season team games, weeks 1-5",Observed head coach on each included regular-season game; interval is first through last observed game week.
2019-WAS-head_coach-06-17-bill-callahan,https://github.com/nflverse/nflverse-data/releases/download/pbp/play_by_play_2019.parquet,nflverse play-by-play 2019,official_release,2026-08-27,"regular-season team games, weeks 6-17",Observed head coach on each included regular-season game; interval is first through last observed game week.
2019-WAS-quarterbacks_coach-01-17-tim-rattay,https://static.www.nfl.com/image/upload/league/f60ftapcsbynqgymw72q.pdf,2019 NFL Record & Fact Book,official_release,2026-08-27,PDF page 232 (staff page; assistant listing may continue on following pages),"Formal preseason staff title: quarterbacks. Weeks encode the season designation, not independently observed weekly tenure; does not establish play-calling duty."
2020-ARI-head_coach-01-17-kliff-kingsbury,https://github.com/nflverse/nflverse-data/releases/download/pbp/play_by_play_2020.parquet,nflverse play-by-play 2020,official_release,2026-08-27,"regular-season team games, weeks 1-17",Observed head coach on each included regular-season game; interval is first through last observed game week.
2020-ATL-head_coach-01-05-dan-quinn,https://github.com/nflverse/nflverse-data/releases/download/pbp/play_by_play_2020.parquet,nflverse play-by-play 2020,official_release,2026-08-27,"regular-season team games, weeks 1-5",Observed head coach on each included regular-season game; interval is first through last observed game week.
2020-ATL-head_coach-06-17-raheem-morris,https://github.com/nflverse/nflverse-data/releases/download/pbp/play_by_play_2020.parquet,nflverse play-by-play 2020,official_release,2026-08-27,"regular-season team games, weeks 6-17",Observed head coach on each included regular-season game; interval is first through last observed game week.
2020-ATL-offensive_coordinator-01-17-dirk-koetter,https://basement.crucifyd.com/zone/seahawks/record-fact/NFL%20-%202020%20-%20Record%20%26%20Fact%20Book.pdf,2020 NFL Record & Fact Book,official_book_mirror,2026-08-27,PDF page 148 (staff page; assistant listing may continue on following pages),"Formal preseason staff title: offensive coordinator. Weeks encode the season designation, not independently observed weekly tenure; does not establish play-calling duty."
2020-ATL-quarterbacks_coach-01-17-greg-knapp,https://basement.crucifyd.com/zone/seahawks/record-fact/NFL%20-%202020%20-%20Record%20%26%20Fact%20Book.pdf,2020 NFL Record & Fact Book,official_book_mirror,2026-08-27,PDF page 148 (staff page; assistant listing may continue on following pages),"Formal preseason staff title: quarterbacks. Weeks encode the season designation, not independently observed weekly tenure; does not establish play-calling duty."
2020-BAL-head_coach-01-17-john-harbaugh,https://github.com/nflverse/nflverse-data/releases/download/pbp/play_by_play_2020.parquet,nflverse play-by-play 2020,official_release,2026-08-27,"regular-season team games, weeks 1-17",Observed head coach on each included regular-season game; interval is first through last observed game week.
2020-BAL-offensive_coordinator-01-17-greg-roman,https://basement.crucifyd.com/zone/seahawks/record-fact/NFL%20-%202020%20-%20Record%20%26%20Fact%20Book.pdf,2020 NFL Record & Fact Book,official_book_mirror,2026-08-27,PDF page 44 (staff page; assistant listing may continue on following pages),"Formal preseason staff title: offensive coordinator. Weeks encode the season designation, not independently observed weekly tenure; does not establish play-calling duty."
2020-BAL-quarterbacks_coach-01-17-james-urban,https://basement.crucifyd.com/zone/seahawks/record-fact/NFL%20-%202020%20-%20Record%20%26%20Fact%20Book.pdf,2020 NFL Record & Fact Book,official_book_mirror,2026-08-27,PDF page 44 (staff page; assistant listing may continue on following pages),"Formal preseason staff title: quarterbacks. Weeks encode the season designation, not independently observed weekly tenure; does not establish play-calling duty."
2020-BUF-head_coach-01-17-sean-mcdermott,https://github.com/nflverse/nflverse-data/releases/download/pbp/play_by_play_2020.parquet,nflverse play-by-play 2020,official_release,2026-08-27,"regular-season team games, weeks 1-17",Observed head coach on each included regular-season game; interval is first through last observed game week.
2020-BUF-offensive_coordinator-01-17-brian-daboll,https://basement.crucifyd.com/zone/seahawks/record-fact/NFL%20-%202020%20-%20Record%20%26%20Fact%20Book.pdf,2020 NFL Record & Fact Book,official_book_mirror,2026-08-27,PDF page 50 (staff page; assistant listing may continue on following pages),"Formal preseason staff title: offensive coordinator. Weeks encode the season designation, not independently observed weekly tenure; does not establish play-calling duty."
2020-BUF-quarterbacks_coach-01-17-ken-dorsey,https://basement.crucifyd.com/zone/seahawks/record-fact/NFL%20-%202020%20-%20Record%20%26%20Fact%20Book.pdf,2020 NFL Record & Fact Book,official_book_mirror,2026-08-27,PDF page 50 (staff page; assistant listing may continue on following pages),"Formal preseason staff title: quarterbacks. Weeks encode the season designation, not independently observed weekly tenure; does not establish play-calling duty."
2020-CAR-head_coach-01-17-matt-rhule,https://github.com/nflverse/nflverse-data/releases/download/pbp/play_by_play_2020.parquet,nflverse play-by-play 2020,official_release,2026-08-27,"regular-season team games, weeks 1-17",Observed head coach on each included regular-season game; interval is first through last observed game week.
2020-CHI-head_coach-01-17-matt-nagy,https://github.com/nflverse/nflverse-data/releases/download/pbp/play_by_play_2020.parquet,nflverse play-by-play 2020,official_release,2026-08-27,"regular-season team games, weeks 1-17",Observed head coach on each included regular-season game; interval is first through last observed game week.
2020-CHI-quarterbacks_coach-01-17-john-defilippo,https://basement.crucifyd.com/zone/seahawks/record-fact/NFL%20-%202020%20-%20Record%20%26%20Fact%20Book.pdf,2020 NFL Record & Fact Book,official_book_mirror,2026-08-27,PDF page 160 (staff page; assistant listing may continue on following pages),"Formal preseason staff title: quarterbacks. Weeks encode the season designation, not independently observed weekly tenure; does not establish play-calling duty."
2020-CIN-head_coach-01-17-zac-taylor,https://github.com/nflverse/nflverse-data/releases/download/pbp/play_by_play_2020.parquet,nflverse play-by-play 2020,official_release,2026-08-27,"regular-season team games, weeks 1-17",Observed head coach on each included regular-season game; interval is first through last observed game week.
2020-CIN-offensive_coordinator-01-17-brian-callahan,https://basement.crucifyd.com/zone/seahawks/record-fact/NFL%20-%202020%20-%20Record%20%26%20Fact%20Book.pdf,2020 NFL Record & Fact Book,official_book_mirror,2026-08-27,PDF page 56 (staff page; assistant listing may continue on following pages),"Formal preseason staff title: offensive coordinator. Weeks encode the season designation, not independently observed weekly tenure; does not establish play-calling duty."
2020-CIN-quarterbacks_coach-01-17-dan-pitcher,https://basement.crucifyd.com/zone/seahawks/record-fact/NFL%20-%202020%20-%20Record%20%26%20Fact%20Book.pdf,2020 NFL Record & Fact Book,official_book_mirror,2026-08-27,PDF page 56 (staff page; assistant listing may continue on following pages),"Formal preseason staff title: quarterbacks. Weeks encode the season designation, not independently observed weekly tenure; does not establish play-calling duty."
2020-CLE-head_coach-01-17-kevin-stefanski,https://github.com/nflverse/nflverse-data/releases/download/pbp/play_by_play_2020.parquet,nflverse play-by-play 2020,official_release,2026-08-27,"regular-season team games, weeks 1-17",Observed head coach on each included regular-season game; interval is first through last observed game week.
2020-CLE-offensive_coordinator-01-17-alex-van-pelt,https://basement.crucifyd.com/zone/seahawks/record-fact/NFL%20-%202020%20-%20Record%20%26%20Fact%20Book.pdf,2020 NFL Record & Fact Book,official_book_mirror,2026-08-27,PDF page 62 (staff page; assistant listing may continue on following pages),"Formal preseason staff title: offensive coordinator. Weeks encode the season designation, not independently observed weekly tenure; does not establish play-calling duty."
2020-DAL-head_coach-01-17-mike-mccarthy,https://github.com/nflverse/nflverse-data/releases/download/pbp/play_by_play_2020.parquet,nflverse play-by-play 2020,official_release,2026-08-27,"regular-season team games, weeks 1-17",Observed head coach on each included regular-season game; interval is first through last observed game week.
2020-DAL-offensive_coordinator-01-17-kellen-moore,https://basement.crucifyd.com/zone/seahawks/record-fact/NFL%20-%202020%20-%20Record%20%26%20Fact%20Book.pdf,2020 NFL Record & Fact Book,official_book_mirror,2026-08-27,PDF page 166 (staff page; assistant listing may continue on following pages),"Formal preseason staff title: offensive coordinator. Weeks encode the season designation, not independently observed weekly tenure; does not establish play-calling duty."
2020-DAL-quarterbacks_coach-01-17-doug-nussmeier,https://basement.crucifyd.com/zone/seahawks/record-fact/NFL%20-%202020%20-%20Record%20%26%20Fact%20Book.pdf,2020 NFL Record & Fact Book,official_book_mirror,2026-08-27,PDF page 166 (staff page; assistant listing may continue on following pages),"Formal preseason staff title: quarterbacks. Weeks encode the season designation, not independently observed weekly tenure; does not establish play-calling duty."
2020-DEN-head_coach-01-17-vic-fangio,https://github.com/nflverse/nflverse-data/releases/download/pbp/play_by_play_2020.parquet,nflverse play-by-play 2020,official_release,2026-08-27,"regular-season team games, weeks 1-17",Observed head coach on each included regular-season game; interval is first through last observed game week.
2020-DEN-offensive_coordinator-01-17-pat-shurmur,https://basement.crucifyd.com/zone/seahawks/record-fact/NFL%20-%202020%20-%20Record%20%26%20Fact%20Book.pdf,2020 NFL Record & Fact Book,official_book_mirror,2026-08-27,PDF page 68 (staff page; assistant listing may continue on following pages),"Formal preseason staff title: offensive coordinator. Weeks encode the season designation, not independently observed weekly tenure; does not establish play-calling duty."
2020-DEN-quarterbacks_coach-01-17-mike-shula,https://basement.crucifyd.com/zone/seahawks/record-fact/NFL%20-%202020%20-%20Record%20%26%20Fact%20Book.pdf,2020 NFL Record & Fact Book,official_book_mirror,2026-08-27,PDF page 68 (staff page; assistant listing may continue on following pages),"Formal preseason staff title: quarterbacks. Weeks encode the season designation, not independently observed weekly tenure; does not establish play-calling duty."
2020-DET-head_coach-01-12-matt-patricia,https://github.com/nflverse/nflverse-data/releases/download/pbp/play_by_play_2020.parquet,nflverse play-by-play 2020,official_release,2026-08-27,"regular-season team games, weeks 1-12",Observed head coach on each included regular-season game; interval is first through last observed game week.
2020-DET-head_coach-13-17-darrell-bevell,https://github.com/nflverse/nflverse-data/releases/download/pbp/play_by_play_2020.parquet,nflverse play-by-play 2020,official_release,2026-08-27,"regular-season team games, weeks 13-17",Observed head coach on each included regular-season game; interval is first through last observed game week.
2020-DET-offensive_coordinator-01-17-darrell-bevell,https://basement.crucifyd.com/zone/seahawks/record-fact/NFL%20-%202020%20-%20Record%20%26%20Fact%20Book.pdf,2020 NFL Record & Fact Book,official_book_mirror,2026-08-27,PDF page 172 (staff page; assistant listing may continue on following pages),"Formal preseason staff title: offensive coordinator. Weeks encode the season designation, not independently observed weekly tenure; does not establish play-calling duty."
2020-GB-head_coach-01-17-matt-lafleur,https://github.com/nflverse/nflverse-data/releases/download/pbp/play_by_play_2020.parquet,nflverse play-by-play 2020,official_release,2026-08-27,"regular-season team games, weeks 1-17",Observed head coach on each included regular-season game; interval is first through last observed game week.
2020-GB-offensive_coordinator-01-17-nathaniel-hackett,https://basement.crucifyd.com/zone/seahawks/record-fact/NFL%20-%202020%20-%20Record%20%26%20Fact%20Book.pdf,2020 NFL Record & Fact Book,official_book_mirror,2026-08-27,PDF page 178 (staff page; assistant listing may continue on following pages),"Formal preseason staff title: offensive coordinator. Weeks encode the season designation, not independently observed weekly tenure; does not establish play-calling duty."
2020-GB-quarterbacks_coach-01-17-luke-getsy,https://basement.crucifyd.com/zone/seahawks/record-fact/NFL%20-%202020%20-%20Record%20%26%20Fact%20Book.pdf,2020 NFL Record & Fact Book,official_book_mirror,2026-08-27,PDF page 178 (staff page; assistant listing may continue on following pages),"Formal preseason staff title: quarterbacks/passing game coordinator. Weeks encode the season designation, not independently observed weekly tenure; does not establish play-calling duty."
2020-HOU-head_coach-01-04-bill-o-brien,https://github.com/nflverse/nflverse-data/releases/download/pbp/play_by_play_2020.parquet,nflverse play-by-play 2020,official_release,2026-08-27,"regular-season team games, weeks 1-4",Observed head coach on each included regular-season game; interval is first through last observed game week.
2020-HOU-head_coach-05-17-romeo-crennel,https://github.com/nflverse/nflverse-data/releases/download/pbp/play_by_play_2020.parquet,nflverse play-by-play 2020,official_release,2026-08-27,"regular-season team games, weeks 5-17",Observed head coach on each included regular-season game; interval is first through last observed game week.
2020-HOU-offensive_coordinator-01-17-tim-kelly,https://www.houstontexans.com/news/tim-kelly-will-have-new-role-on-offense-in-2020,Tim Kelly will have new role on offense in 2020,official_team_site,2026-08-27,Team article body,Official team article identifies Tim Kelly as offensive coordinator/quarterbacks for 2020.
2020-HOU-play_caller-01-03-tim-kelly,https://www.nfl.com/news/texans-change-how-they-call-plays-with-bill-o-brien-more-involved,Texans change how they call plays with Bill O'Brien more involved,official_release,2026-08-27,Retrospective through Week 3,Dated league reporting says O'Brien stepped back for the first three games and Kelly handled play-calling.
2020-HOU-play_caller-04-04-bill-o-brien,https://www.nfl.com/news/texans-change-how-they-call-plays-with-bill-o-brien-more-involved,Texans change how they call plays with Bill O'Brien more involved,official_release,2026-08-27,Week 4 shared process,Dated league reporting documents O'Brien taking a heavy hand in play-calling while Kelly continued relaying plays in Week 4.
2020-HOU-play_caller-04-04-tim-kelly,https://www.nfl.com/news/texans-change-how-they-call-plays-with-bill-o-brien-more-involved,Texans change how they call plays with Bill O'Brien more involved,official_release,2026-08-27,Week 4 shared process,Dated league reporting documents Kelly relaying play calls while O'Brien took a heavy hand in Week 4.
2020-HOU-play_caller-05-17-tim-kelly,https://www.houstontexans.com/news/oc-tim-kelly-discusses-new-role-as-play-caller-in-2020,OC Tim Kelly discusses new role as play-caller in 2020,official_team_site,2026-08-27,Preseason designation; weeks 5-17 provisional,Official team reporting names Kelly the 2020 play caller; exact post-Week-4 weekly duties remain queued for review.
2020-HOU-play_caller-05-17-tim-kelly,https://www.nfl.com/news/texans-fire-bill-o-brien-as-general-manager-head-coach,Texans fire Bill O'Brien as general manager and head coach,official_release,2026-08-27,O'Brien removed after Week 4,League reporting confirms O'Brien was removed after Week 4; it does not independently resolve every later play-calling week.
2020-HOU-quarterbacks_coach-01-17-tim-kelly,https://www.houstontexans.com/news/tim-kelly-will-have-new-role-on-offense-in-2020,Tim Kelly will have new role on offense in 2020,official_team_site,2026-08-27,Team article body,Official team article identifies Tim Kelly as offensive coordinator/quarterbacks for 2020.
2020-IND-head_coach-01-17-frank-reich,https://github.com/nflverse/nflverse-data/releases/download/pbp/play_by_play_2020.parquet,nflverse play-by-play 2020,official_release,2026-08-27,"regular-season team games, weeks 1-17",Observed head coach on each included regular-season game; interval is first through last observed game week.
2020-IND-offensive_coordinator-01-17-nick-sirianni,https://basement.crucifyd.com/zone/seahawks/record-fact/NFL%20-%202020%20-%20Record%20%26%20Fact%20Book.pdf,2020 NFL Record & Fact Book,official_book_mirror,2026-08-27,PDF page 80 (staff page; assistant listing may continue on following pages),"Formal preseason staff title: offensive coordinator. Weeks encode the season designation, not independently observed weekly tenure; does not establish play-calling duty."
2020-IND-quarterbacks_coach-01-17-marcus-brady,https://basement.crucifyd.com/zone/seahawks/record-fact/NFL%20-%202020%20-%20Record%20%26%20Fact%20Book.pdf,2020 NFL Record & Fact Book,official_book_mirror,2026-08-27,PDF page 80 (staff page; assistant listing may continue on following pages),"Formal preseason staff title: quarterbacks. Weeks encode the season designation, not independently observed weekly tenure; does not establish play-calling duty."
2020-JAX-head_coach-01-17-doug-marrone,https://github.com/nflverse/nflverse-data/releases/download/pbp/play_by_play_2020.parquet,nflverse play-by-play 2020,official_release,2026-08-27,"regular-season team games, weeks 1-17",Observed head coach on each included regular-season game; interval is first through last observed game week.
2020-JAX-offensive_coordinator-01-17-jay-gruden,https://basement.crucifyd.com/zone/seahawks/record-fact/NFL%20-%202020%20-%20Record%20%26%20Fact%20Book.pdf,2020 NFL Record & Fact Book,official_book_mirror,2026-08-27,PDF page 86 (staff page; assistant listing may continue on following pages),"Formal preseason staff title: offensive coordinator. Weeks encode the season designation, not independently observed weekly tenure; does not establish play-calling duty."
2020-JAX-quarterbacks_coach-01-17-ben-mcadoo,https://basement.crucifyd.com/zone/seahawks/record-fact/NFL%20-%202020%20-%20Record%20%26%20Fact%20Book.pdf,2020 NFL Record & Fact Book,official_book_mirror,2026-08-27,PDF page 86 (staff page; assistant listing may continue on following pages),"Formal preseason staff title: quarterbacks. Weeks encode the season designation, not independently observed weekly tenure; does not establish play-calling duty."
2020-KC-head_coach-01-17-andy-reid,https://github.com/nflverse/nflverse-data/releases/download/pbp/play_by_play_2020.parquet,nflverse play-by-play 2020,official_release,2026-08-27,"regular-season team games, weeks 1-17",Observed head coach on each included regular-season game; interval is first through last observed game week.
2020-KC-offensive_coordinator-01-17-eric-bieniemy,https://basement.crucifyd.com/zone/seahawks/record-fact/NFL%20-%202020%20-%20Record%20%26%20Fact%20Book.pdf,2020 NFL Record & Fact Book,official_book_mirror,2026-08-27,PDF page 92 (staff page; assistant listing may continue on following pages),"Formal preseason staff title: offensive coordinator. Weeks encode the season designation, not independently observed weekly tenure; does not establish play-calling duty."
2020-LA-head_coach-01-17-sean-mcvay,https://github.com/nflverse/nflverse-data/releases/download/pbp/play_by_play_2020.parquet,nflverse play-by-play 2020,official_release,2026-08-27,"regular-season team games, weeks 1-17",Observed head coach on each included regular-season game; interval is first through last observed game week.
2020-LAC-head_coach-01-17-anthony-lynn,https://github.com/nflverse/nflverse-data/releases/download/pbp/play_by_play_2020.parquet,nflverse play-by-play 2020,official_release,2026-08-27,"regular-season team games, weeks 1-17",Observed head coach on each included regular-season game; interval is first through last observed game week.
2020-LAC-offensive_coordinator-01-17-shane-steichen,https://basement.crucifyd.com/zone/seahawks/record-fact/NFL%20-%202020%20-%20Record%20%26%20Fact%20Book.pdf,2020 NFL Record & Fact Book,official_book_mirror,2026-08-27,PDF page 104 (staff page; assistant listing may continue on following pages),"Formal preseason staff title: offensive coordinator. Weeks encode the season designation, not independently observed weekly tenure; does not establish play-calling duty."
2020-LAC-quarterbacks_coach-01-17-pep-hamilton,https://basement.crucifyd.com/zone/seahawks/record-fact/NFL%20-%202020%20-%20Record%20%26%20Fact%20Book.pdf,2020 NFL Record & Fact Book,official_book_mirror,2026-08-27,PDF page 104 (staff page; assistant listing may continue on following pages),"Formal preseason staff title: quarterbacks. Weeks encode the season designation, not independently observed weekly tenure; does not establish play-calling duty."
2020-LV-head_coach-01-17-jon-gruden,https://github.com/nflverse/nflverse-data/releases/download/pbp/play_by_play_2020.parquet,nflverse play-by-play 2020,official_release,2026-08-27,"regular-season team games, weeks 1-17",Observed head coach on each included regular-season game; interval is first through last observed game week.
2020-MIA-head_coach-01-17-brian-flores,https://github.com/nflverse/nflverse-data/releases/download/pbp/play_by_play_2020.parquet,nflverse play-by-play 2020,official_release,2026-08-27,"regular-season team games, weeks 1-17",Observed head coach on each included regular-season game; interval is first through last observed game week.
2020-MIA-offensive_coordinator-01-17-chan-gailey,https://basement.crucifyd.com/zone/seahawks/record-fact/NFL%20-%202020%20-%20Record%20%26%20Fact%20Book.pdf,2020 NFL Record & Fact Book,official_book_mirror,2026-08-27,PDF page 110 (staff page; assistant listing may continue on following pages),"Formal preseason staff title: offensive coordinator. Weeks encode the season designation, not independently observed weekly tenure; does not establish play-calling duty."
2020-MIA-quarterbacks_coach-01-17-robby-brown,https://basement.crucifyd.com/zone/seahawks/record-fact/NFL%20-%202020%20-%20Record%20%26%20Fact%20Book.pdf,2020 NFL Record & Fact Book,official_book_mirror,2026-08-27,PDF page 110 (staff page; assistant listing may continue on following pages),"Formal preseason staff title: quarterbacks. Weeks encode the season designation, not independently observed weekly tenure; does not establish play-calling duty."
2020-MIN-head_coach-01-17-mike-zimmer,https://github.com/nflverse/nflverse-data/releases/download/pbp/play_by_play_2020.parquet,nflverse play-by-play 2020,official_release,2026-08-27,"regular-season team games, weeks 1-17",Observed head coach on each included regular-season game; interval is first through last observed game week.
2020-MIN-offensive_coordinator-01-17-gary-kubiak,https://basement.crucifyd.com/zone/seahawks/record-fact/NFL%20-%202020%20-%20Record%20%26%20Fact%20Book.pdf,2020 NFL Record & Fact Book,official_book_mirror,2026-08-27,PDF page 190 (staff page; assistant listing may continue on following pages),"Formal preseason staff title: offensive coordinator. Weeks encode the season designation, not independently observed weekly tenure; does not establish play-calling duty."
2020-MIN-quarterbacks_coach-01-17-klint-kubiak,https://basement.crucifyd.com/zone/seahawks/record-fact/NFL%20-%202020%20-%20Record%20%26%20Fact%20Book.pdf,2020 NFL Record & Fact Book,official_book_mirror,2026-08-27,PDF page 190 (staff page; assistant listing may continue on following pages),"Formal preseason staff title: quarterbacks. Weeks encode the season designation, not independently observed weekly tenure; does not establish play-calling duty."
2020-NE-head_coach-01-17-bill-belichick,https://github.com/nflverse/nflverse-data/releases/download/pbp/play_by_play_2020.parquet,nflverse play-by-play 2020,official_release,2026-08-27,"regular-season team games, weeks 1-17",Observed head coach on each included regular-season game; interval is first through last observed game week.
2020-NE-offensive_coordinator-01-17-josh-mcdaniels,https://basement.crucifyd.com/zone/seahawks/record-fact/NFL%20-%202020%20-%20Record%20%26%20Fact%20Book.pdf,2020 NFL Record & Fact Book,official_book_mirror,2026-08-27,PDF page 116 (staff page; assistant listing may continue on following pages),"Formal preseason staff title: offensive coordinator. Weeks encode the season designation, not independently observed weekly tenure; does not establish play-calling duty."
2020-NE-quarterbacks_coach-01-17-jedd-fisch,https://basement.crucifyd.com/zone/seahawks/record-fact/NFL%20-%202020%20-%20Record%20%26%20Fact%20Book.pdf,2020 NFL Record & Fact Book,official_book_mirror,2026-08-27,PDF page 116 (staff page; assistant listing may continue on following pages),"Formal preseason staff title: quarterbacks. Weeks encode the season designation, not independently observed weekly tenure; does not establish play-calling duty."
2020-NO-head_coach-01-17-sean-payton,https://github.com/nflverse/nflverse-data/releases/download/pbp/play_by_play_2020.parquet,nflverse play-by-play 2020,official_release,2026-08-27,"regular-season team games, weeks 1-17",Observed head coach on each included regular-season game; interval is first through last observed game week.
2020-NO-offensive_coordinator-01-17-pete-carmichael,https://basement.crucifyd.com/zone/seahawks/record-fact/NFL%20-%202020%20-%20Record%20%26%20Fact%20Book.pdf,2020 NFL Record & Fact Book,official_book_mirror,2026-08-27,PDF page 196 (staff page; assistant listing may continue on following pages),"Formal preseason staff title: offensive coordinator. Weeks encode the season designation, not independently observed weekly tenure; does not establish play-calling duty."
2020-NO-quarterbacks_coach-01-17-joe-lombardi,https://basement.crucifyd.com/zone/seahawks/record-fact/NFL%20-%202020%20-%20Record%20%26%20Fact%20Book.pdf,2020 NFL Record & Fact Book,official_book_mirror,2026-08-27,PDF page 196 (staff page; assistant listing may continue on following pages),"Formal preseason staff title: quarterbacks. Weeks encode the season designation, not independently observed weekly tenure; does not establish play-calling duty."
2020-NYG-head_coach-01-17-joe-judge,https://github.com/nflverse/nflverse-data/releases/download/pbp/play_by_play_2020.parquet,nflverse play-by-play 2020,official_release,2026-08-27,"regular-season team games, weeks 1-17",Observed head coach on each included regular-season game; interval is first through last observed game week.
2020-NYG-offensive_coordinator-01-17-jason-garrett,https://basement.crucifyd.com/zone/seahawks/record-fact/NFL%20-%202020%20-%20Record%20%26%20Fact%20Book.pdf,2020 NFL Record & Fact Book,official_book_mirror,2026-08-27,PDF page 202 (staff page; assistant listing may continue on following pages),"Formal preseason staff title: offensive coordinator. Weeks encode the season designation, not independently observed weekly tenure; does not establish play-calling duty."
2020-NYG-quarterbacks_coach-01-17-jerry-schuplinski,https://basement.crucifyd.com/zone/seahawks/record-fact/NFL%20-%202020%20-%20Record%20%26%20Fact%20Book.pdf,2020 NFL Record & Fact Book,official_book_mirror,2026-08-27,PDF page 202 (staff page; assistant listing may continue on following pages),"Formal preseason staff title: quarterbacks. Weeks encode the season designation, not independently observed weekly tenure; does not establish play-calling duty."
2020-NYJ-head_coach-01-17-adam-gase,https://github.com/nflverse/nflverse-data/releases/download/pbp/play_by_play_2020.parquet,nflverse play-by-play 2020,official_release,2026-08-27,"regular-season team games, weeks 1-17",Observed head coach on each included regular-season game; interval is first through last observed game week.
2020-PHI-head_coach-01-17-doug-pederson,https://github.com/nflverse/nflverse-data/releases/download/pbp/play_by_play_2020.parquet,nflverse play-by-play 2020,official_release,2026-08-27,"regular-season team games, weeks 1-17",Observed head coach on each included regular-season game; interval is first through last observed game week.
2020-PIT-head_coach-01-17-mike-tomlin,https://github.com/nflverse/nflverse-data/releases/download/pbp/play_by_play_2020.parquet,nflverse play-by-play 2020,official_release,2026-08-27,"regular-season team games, weeks 1-17",Observed head coach on each included regular-season game; interval is first through last observed game week.
2020-PIT-offensive_coordinator-01-17-randy-fichtner,https://basement.crucifyd.com/zone/seahawks/record-fact/NFL%20-%202020%20-%20Record%20%26%20Fact%20Book.pdf,2020 NFL Record & Fact Book,official_book_mirror,2026-08-27,PDF page 128 (staff page; assistant listing may continue on following pages),"Formal preseason staff title: offensive coordinator. Weeks encode the season designation, not independently observed weekly tenure; does not establish play-calling duty."
2020-PIT-quarterbacks_coach-01-17-matt-canada,https://basement.crucifyd.com/zone/seahawks/record-fact/NFL%20-%202020%20-%20Record%20%26%20Fact%20Book.pdf,2020 NFL Record & Fact Book,official_book_mirror,2026-08-27,PDF page 128 (staff page; assistant listing may continue on following pages),"Formal preseason staff title: quarterbacks. Weeks encode the season designation, not independently observed weekly tenure; does not establish play-calling duty."
2020-SEA-head_coach-01-17-pete-carroll,https://github.com/nflverse/nflverse-data/releases/download/pbp/play_by_play_2020.parquet,nflverse play-by-play 2020,official_release,2026-08-27,"regular-season team games, weeks 1-17",Observed head coach on each included regular-season game; interval is first through last observed game week.
2020-SEA-offensive_coordinator-01-17-brian-schottenheimer,https://basement.crucifyd.com/zone/seahawks/record-fact/NFL%20-%202020%20-%20Record%20%26%20Fact%20Book.pdf,2020 NFL Record & Fact Book,official_book_mirror,2026-08-27,PDF page 220 (staff page; assistant listing may continue on following pages),"Formal preseason staff title: offensive coordinator. Weeks encode the season designation, not independently observed weekly tenure; does not establish play-calling duty."
2020-SEA-quarterbacks_coach-01-17-austin-davis,https://basement.crucifyd.com/zone/seahawks/record-fact/NFL%20-%202020%20-%20Record%20%26%20Fact%20Book.pdf,2020 NFL Record & Fact Book,official_book_mirror,2026-08-27,PDF page 220 (staff page; assistant listing may continue on following pages),"Formal preseason staff title: quarterbacks. Weeks encode the season designation, not independently observed weekly tenure; does not establish play-calling duty."
2020-SF-head_coach-01-17-kyle-shanahan,https://github.com/nflverse/nflverse-data/releases/download/pbp/play_by_play_2020.parquet,nflverse play-by-play 2020,official_release,2026-08-27,"regular-season team games, weeks 1-17",Observed head coach on each included regular-season game; interval is first through last observed game week.
2020-SF-quarterbacks_coach-01-17-shane-day,https://basement.crucifyd.com/zone/seahawks/record-fact/NFL%20-%202020%20-%20Record%20%26%20Fact%20Book.pdf,2020 NFL Record & Fact Book,official_book_mirror,2026-08-27,PDF page 214 (staff page; assistant listing may continue on following pages),"Formal preseason staff title: quarterbacks. Weeks encode the season designation, not independently observed weekly tenure; does not establish play-calling duty."
2020-TB-head_coach-01-17-bruce-arians,https://github.com/nflverse/nflverse-data/releases/download/pbp/play_by_play_2020.parquet,nflverse play-by-play 2020,official_release,2026-08-27,"regular-season team games, weeks 1-17",Observed head coach on each included regular-season game; interval is first through last observed game week.
2020-TB-offensive_coordinator-01-17-byron-leftwich,https://basement.crucifyd.com/zone/seahawks/record-fact/NFL%20-%202020%20-%20Record%20%26%20Fact%20Book.pdf,2020 NFL Record & Fact Book,official_book_mirror,2026-08-27,PDF page 226 (staff page; assistant listing may continue on following pages),"Formal preseason staff title: offensive coordinator. Weeks encode the season designation, not independently observed weekly tenure; does not establish play-calling duty."
2020-TEN-head_coach-01-17-mike-vrabel,https://github.com/nflverse/nflverse-data/releases/download/pbp/play_by_play_2020.parquet,nflverse play-by-play 2020,official_release,2026-08-27,"regular-season team games, weeks 1-17",Observed head coach on each included regular-season game; interval is first through last observed game week.
2020-TEN-offensive_coordinator-01-17-arthur-smith,https://basement.crucifyd.com/zone/seahawks/record-fact/NFL%20-%202020%20-%20Record%20%26%20Fact%20Book.pdf,2020 NFL Record & Fact Book,official_book_mirror,2026-08-27,PDF page 134 (staff page; assistant listing may continue on following pages),"Formal preseason staff title: offensive coordinator. Weeks encode the season designation, not independently observed weekly tenure; does not establish play-calling duty."
2020-WAS-head_coach-01-17-ron-rivera,https://github.com/nflverse/nflverse-data/releases/download/pbp/play_by_play_2020.parquet,nflverse play-by-play 2020,official_release,2026-08-27,"regular-season team games, weeks 1-17",Observed head coach on each included regular-season game; interval is first through last observed game week.
2020-WAS-offensive_coordinator-01-17-scott-turner,https://basement.crucifyd.com/zone/seahawks/record-fact/NFL%20-%202020%20-%20Record%20%26%20Fact%20Book.pdf,2020 NFL Record & Fact Book,official_book_mirror,2026-08-27,PDF page 232 (staff page; assistant listing may continue on following pages),"Formal preseason staff title: offensive coordinator. Weeks encode the season designation, not independently observed weekly tenure; does not establish play-calling duty."
2020-WAS-quarterbacks_coach-01-17-ken-zampese,https://basement.crucifyd.com/zone/seahawks/record-fact/NFL%20-%202020%20-%20Record%20%26%20Fact%20Book.pdf,2020 NFL Record & Fact Book,official_book_mirror,2026-08-27,PDF page 232 (staff page; assistant listing may continue on following pages),"Formal preseason staff title: quarterbacks. Weeks encode the season designation, not independently observed weekly tenure; does not establish play-calling duty."
2021-ARI-head_coach-01-18-kliff-kingsbury,https://github.com/nflverse/nflverse-data/releases/download/pbp/play_by_play_2021.parquet,nflverse play-by-play 2021,official_release,2026-08-27,"regular-season team games, weeks 1-18",Observed head coach on each included regular-season game; interval is first through last observed game week.
2021-ARI-quarterbacks_coach-01-18-cam-turner,https://basement.crucifyd.com/zone/seahawks/record-fact/NFL%20-%202021%20-%20Record%20%26%20Fact%20Book.pdf,2021 NFL Record & Fact Book,official_book_mirror,2026-08-27,PDF page 139 (staff page; assistant listing may continue on following pages),"Formal preseason staff title: quarterbacks. Weeks encode the season designation, not independently observed weekly tenure; does not establish play-calling duty."
2021-ATL-head_coach-01-18-arthur-smith,https://github.com/nflverse/nflverse-data/releases/download/pbp/play_by_play_2021.parquet,nflverse play-by-play 2021,official_release,2026-08-27,"regular-season team games, weeks 1-18",Observed head coach on each included regular-season game; interval is first through last observed game week.
2021-ATL-offensive_coordinator-01-18-dave-ragone,https://basement.crucifyd.com/zone/seahawks/record-fact/NFL%20-%202021%20-%20Record%20%26%20Fact%20Book.pdf,2021 NFL Record & Fact Book,official_book_mirror,2026-08-27,PDF page 145 (staff page; assistant listing may continue on following pages),"Formal preseason staff title: offensive coordinator. Weeks encode the season designation, not independently observed weekly tenure; does not establish play-calling duty."
2021-ATL-quarterbacks_coach-01-18-charles-london,https://basement.crucifyd.com/zone/seahawks/record-fact/NFL%20-%202021%20-%20Record%20%26%20Fact%20Book.pdf,2021 NFL Record & Fact Book,official_book_mirror,2026-08-27,PDF page 145 (staff page; assistant listing may continue on following pages),"Formal preseason staff title: quarterbacks. Weeks encode the season designation, not independently observed weekly tenure; does not establish play-calling duty."
2021-BAL-head_coach-01-18-john-harbaugh,https://github.com/nflverse/nflverse-data/releases/download/pbp/play_by_play_2021.parquet,nflverse play-by-play 2021,official_release,2026-08-27,"regular-season team games, weeks 1-18",Observed head coach on each included regular-season game; interval is first through last observed game week.
2021-BAL-offensive_coordinator-01-18-greg-roman,https://basement.crucifyd.com/zone/seahawks/record-fact/NFL%20-%202021%20-%20Record%20%26%20Fact%20Book.pdf,2021 NFL Record & Fact Book,official_book_mirror,2026-08-27,PDF page 41 (staff page; assistant listing may continue on following pages),"Formal preseason staff title: offensive coordinator. Weeks encode the season designation, not independently observed weekly tenure; does not establish play-calling duty."
2021-BAL-quarterbacks_coach-01-18-james-urban,https://basement.crucifyd.com/zone/seahawks/record-fact/NFL%20-%202021%20-%20Record%20%26%20Fact%20Book.pdf,2021 NFL Record & Fact Book,official_book_mirror,2026-08-27,PDF page 41 (staff page; assistant listing may continue on following pages),"Formal preseason staff title: quarterbacks. Weeks encode the season designation, not independently observed weekly tenure; does not establish play-calling duty."
2021-BUF-head_coach-01-18-sean-mcdermott,https://github.com/nflverse/nflverse-data/releases/download/pbp/play_by_play_2021.parquet,nflverse play-by-play 2021,official_release,2026-08-27,"regular-season team games, weeks 1-18",Observed head coach on each included regular-season game; interval is first through last observed game week.
2021-BUF-offensive_coordinator-01-18-brian-daboll,https://basement.crucifyd.com/zone/seahawks/record-fact/NFL%20-%202021%20-%20Record%20%26%20Fact%20Book.pdf,2021 NFL Record & Fact Book,official_book_mirror,2026-08-27,PDF page 47 (staff page; assistant listing may continue on following pages),"Formal preseason staff title: offensive coordinator. Weeks encode the season designation, not independently observed weekly tenure; does not establish play-calling duty."
2021-CAR-head_coach-01-18-matt-rhule,https://github.com/nflverse/nflverse-data/releases/download/pbp/play_by_play_2021.parquet,nflverse play-by-play 2021,official_release,2026-08-27,"regular-season team games, weeks 1-18",Observed head coach on each included regular-season game; interval is first through last observed game week.
2021-CAR-offensive_coordinator-01-18-joe-brady,https://basement.crucifyd.com/zone/seahawks/record-fact/NFL%20-%202021%20-%20Record%20%26%20Fact%20Book.pdf,2021 NFL Record & Fact Book,official_book_mirror,2026-08-27,PDF page 151 (staff page; assistant listing may continue on following pages),"Formal preseason staff title: offensive coordinator. Weeks encode the season designation, not independently observed weekly tenure; does not establish play-calling duty."
2021-CAR-quarterbacks_coach-01-18-sean-ryan,https://basement.crucifyd.com/zone/seahawks/record-fact/NFL%20-%202021%20-%20Record%20%26%20Fact%20Book.pdf,2021 NFL Record & Fact Book,official_book_mirror,2026-08-27,PDF page 151 (staff page; assistant listing may continue on following pages),"Formal preseason staff title: quarterbacks. Weeks encode the season designation, not independently observed weekly tenure; does not establish play-calling duty."
2021-CHI-head_coach-01-18-matt-nagy,https://github.com/nflverse/nflverse-data/releases/download/pbp/play_by_play_2021.parquet,nflverse play-by-play 2021,official_release,2026-08-27,"regular-season team games, weeks 1-18",Observed head coach on each included regular-season game; interval is first through last observed game week.
2021-CHI-offensive_coordinator-01-18-bill-lazor,https://basement.crucifyd.com/zone/seahawks/record-fact/NFL%20-%202021%20-%20Record%20%26%20Fact%20Book.pdf,2021 NFL Record & Fact Book,official_book_mirror,2026-08-27,PDF page 157 (staff page; assistant listing may continue on following pages),"Formal preseason staff title: offensive coordinator. Weeks encode the season designation, not independently observed weekly tenure; does not establish play-calling duty."
2021-CIN-head_coach-01-18-zac-taylor,https://github.com/nflverse/nflverse-data/releases/download/pbp/play_by_play_2021.parquet,nflverse play-by-play 2021,official_release,2026-08-27,"regular-season team games, weeks 1-18",Observed head coach on each included regular-season game; interval is first through last observed game week.
2021-CIN-offensive_coordinator-01-18-brian-callahan,https://basement.crucifyd.com/zone/seahawks/record-fact/NFL%20-%202021%20-%20Record%20%26%20Fact%20Book.pdf,2021 NFL Record & Fact Book,official_book_mirror,2026-08-27,PDF page 53 (staff page; assistant listing may continue on following pages),"Formal preseason staff title: offensive coordinator. Weeks encode the season designation, not independently observed weekly tenure; does not establish play-calling duty."
2021-CIN-quarterbacks_coach-01-18-dan-pitcher,https://basement.crucifyd.com/zone/seahawks/record-fact/NFL%20-%202021%20-%20Record%20%26%20Fact%20Book.pdf,2021 NFL Record & Fact Book,official_book_mirror,2026-08-27,PDF page 53 (staff page; assistant listing may continue on following pages),"Formal preseason staff title: quarterbacks. Weeks encode the season designation, not independently observed weekly tenure; does not establish play-calling duty."
2021-CLE-head_coach-01-18-kevin-stefanski,https://github.com/nflverse/nflverse-data/releases/download/pbp/play_by_play_2021.parquet,nflverse play-by-play 2021,official_release,2026-08-27,"regular-season team games, weeks 1-18",Observed head coach on each included regular-season game; interval is first through last observed game week.
2021-CLE-offensive_coordinator-01-18-alex-van-pelt,https://basement.crucifyd.com/zone/seahawks/record-fact/NFL%20-%202021%20-%20Record%20%26%20Fact%20Book.pdf,2021 NFL Record & Fact Book,official_book_mirror,2026-08-27,PDF page 59 (staff page; assistant listing may continue on following pages),"Formal preseason staff title: offensive coordinator. Weeks encode the season designation, not independently observed weekly tenure; does not establish play-calling duty."
2021-DAL-head_coach-01-18-mike-mccarthy,https://github.com/nflverse/nflverse-data/releases/download/pbp/play_by_play_2021.parquet,nflverse play-by-play 2021,official_release,2026-08-27,"regular-season team games, weeks 1-18",Observed head coach on each included regular-season game; interval is first through last observed game week.
2021-DAL-offensive_coordinator-01-18-kellen-moore,https://basement.crucifyd.com/zone/seahawks/record-fact/NFL%20-%202021%20-%20Record%20%26%20Fact%20Book.pdf,2021 NFL Record & Fact Book,official_book_mirror,2026-08-27,PDF page 163 (staff page; assistant listing may continue on following pages),"Formal preseason staff title: offensive coordinator. Weeks encode the season designation, not independently observed weekly tenure; does not establish play-calling duty."
2021-DAL-quarterbacks_coach-01-18-doug-nussmeier,https://basement.crucifyd.com/zone/seahawks/record-fact/NFL%20-%202021%20-%20Record%20%26%20Fact%20Book.pdf,2021 NFL Record & Fact Book,official_book_mirror,2026-08-27,PDF page 163 (staff page; assistant listing may continue on following pages),"Formal preseason staff title: quarterbacks. Weeks encode the season designation, not independently observed weekly tenure; does not establish play-calling duty."
2021-DEN-head_coach-01-18-vic-fangio,https://github.com/nflverse/nflverse-data/releases/download/pbp/play_by_play_2021.parquet,nflverse play-by-play 2021,official_release,2026-08-27,"regular-season team games, weeks 1-18",Observed head coach on each included regular-season game; interval is first through last observed game week.
2021-DEN-quarterbacks_coach-01-18-mike-shula,https://basement.crucifyd.com/zone/seahawks/record-fact/NFL%20-%202021%20-%20Record%20%26%20Fact%20Book.pdf,2021 NFL Record & Fact Book,official_book_mirror,2026-08-27,PDF page 65 (staff page; assistant listing may continue on following pages),"Formal preseason staff title: quarterbacks. Weeks encode the season designation, not independently observed weekly tenure; does not establish play-calling duty."
2021-DET-head_coach-01-18-dan-campbell,https://github.com/nflverse/nflverse-data/releases/download/pbp/play_by_play_2021.parquet,nflverse play-by-play 2021,official_release,2026-08-27,"regular-season team games, weeks 1-18",Observed head coach on each included regular-season game; interval is first through last observed game week.
2021-DET-offensive_coordinator-01-18-anthony-lynn,https://basement.crucifyd.com/zone/seahawks/record-fact/NFL%20-%202021%20-%20Record%20%26%20Fact%20Book.pdf,2021 NFL Record & Fact Book,official_book_mirror,2026-08-27,PDF page 169 (staff page; assistant listing may continue on following pages),"Formal preseason staff title: offensive coordinator. Weeks encode the season designation, not independently observed weekly tenure; does not establish play-calling duty."
2021-DET-quarterbacks_coach-01-18-mark-brunell,https://basement.crucifyd.com/zone/seahawks/record-fact/NFL%20-%202021%20-%20Record%20%26%20Fact%20Book.pdf,2021 NFL Record & Fact Book,official_book_mirror,2026-08-27,PDF page 169 (staff page; assistant listing may continue on following pages),"Formal preseason staff title: quarterbacks. Weeks encode the season designation, not independently observed weekly tenure; does not establish play-calling duty."
2021-GB-head_coach-01-18-matt-lafleur,https://github.com/nflverse/nflverse-data/releases/download/pbp/play_by_play_2021.parquet,nflverse play-by-play 2021,official_release,2026-08-27,"regular-season team games, weeks 1-18",Observed head coach on each included regular-season game; interval is first through last observed game week.
2021-GB-offensive_coordinator-01-18-nathaniel-hackett,https://basement.crucifyd.com/zone/seahawks/record-fact/NFL%20-%202021%20-%20Record%20%26%20Fact%20Book.pdf,2021 NFL Record & Fact Book,official_book_mirror,2026-08-27,PDF page 175 (staff page; assistant listing may continue on following pages),"Formal preseason staff title: offensive coordinator. Weeks encode the season designation, not independently observed weekly tenure; does not establish play-calling duty."
2021-GB-quarterbacks_coach-01-18-luke-getsy,https://basement.crucifyd.com/zone/seahawks/record-fact/NFL%20-%202021%20-%20Record%20%26%20Fact%20Book.pdf,2021 NFL Record & Fact Book,official_book_mirror,2026-08-27,PDF page 175 (staff page; assistant listing may continue on following pages),"Formal preseason staff title: quarterbacks/passing game coordina-. Weeks encode the season designation, not independently observed weekly tenure; does not establish play-calling duty."
2021-HOU-head_coach-01-18-david-culley,https://github.com/nflverse/nflverse-data/releases/download/pbp/play_by_play_2021.parquet,nflverse play-by-play 2021,official_release,2026-08-27,"regular-season team games, weeks 1-18",Observed head coach on each included regular-season game; interval is first through last observed game week.
2021-IND-head_coach-01-18-frank-reich,https://github.com/nflverse/nflverse-data/releases/download/pbp/play_by_play_2021.parquet,nflverse play-by-play 2021,official_release,2026-08-27,"regular-season team games, weeks 1-18",Observed head coach on each included regular-season game; interval is first through last observed game week.
2021-JAX-head_coach-01-14-urban-meyer,https://github.com/nflverse/nflverse-data/releases/download/pbp/play_by_play_2021.parquet,nflverse play-by-play 2021,official_release,2026-08-27,"regular-season team games, weeks 1-14",Observed head coach on each included regular-season game; interval is first through last observed game week.
2021-JAX-head_coach-15-18-darrell-bevell,https://github.com/nflverse/nflverse-data/releases/download/pbp/play_by_play_2021.parquet,nflverse play-by-play 2021,official_release,2026-08-27,"regular-season team games, weeks 15-18",Observed head coach on each included regular-season game; interval is first through last observed game week.
2021-JAX-offensive_coordinator-01-18-darrell-bevell,https://basement.crucifyd.com/zone/seahawks/record-fact/NFL%20-%202021%20-%20Record%20%26%20Fact%20Book.pdf,2021 NFL Record & Fact Book,official_book_mirror,2026-08-27,PDF page 83 (staff page; assistant listing may continue on following pages),"Formal preseason staff title: offensive coordinator. Weeks encode the season designation, not independently observed weekly tenure; does not establish play-calling duty."
2021-KC-head_coach-01-18-andy-reid,https://github.com/nflverse/nflverse-data/releases/download/pbp/play_by_play_2021.parquet,nflverse play-by-play 2021,official_release,2026-08-27,"regular-season team games, weeks 1-18",Observed head coach on each included regular-season game; interval is first through last observed game week.
2021-KC-offensive_coordinator-01-18-eric-bieniemy,https://basement.crucifyd.com/zone/seahawks/record-fact/NFL%20-%202021%20-%20Record%20%26%20Fact%20Book.pdf,2021 NFL Record & Fact Book,official_book_mirror,2026-08-27,PDF page 89 (staff page; assistant listing may continue on following pages),"Formal preseason staff title: offensive coordinator. Weeks encode the season designation, not independently observed weekly tenure; does not establish play-calling duty."
2021-KC-quarterbacks_coach-01-18-mike-kafka,https://basement.crucifyd.com/zone/seahawks/record-fact/NFL%20-%202021%20-%20Record%20%26%20Fact%20Book.pdf,2021 NFL Record & Fact Book,official_book_mirror,2026-08-27,PDF page 89 (staff page; assistant listing may continue on following pages),"Formal preseason staff title: quarterbacks/pass game coordinator. Weeks encode the season designation, not independently observed weekly tenure; does not establish play-calling duty."
2021-LA-head_coach-01-18-sean-mcvay,https://github.com/nflverse/nflverse-data/releases/download/pbp/play_by_play_2021.parquet,nflverse play-by-play 2021,official_release,2026-08-27,"regular-season team games, weeks 1-18",Observed head coach on each included regular-season game; interval is first through last observed game week.
2021-LAC-head_coach-01-18-brandon-staley,https://github.com/nflverse/nflverse-data/releases/download/pbp/play_by_play_2021.parquet,nflverse play-by-play 2021,official_release,2026-08-27,"regular-season team games, weeks 1-18",Observed head coach on each included regular-season game; interval is first through last observed game week.
2021-LAC-offensive_coordinator-01-18-joe-lombardi,https://basement.crucifyd.com/zone/seahawks/record-fact/NFL%20-%202021%20-%20Record%20%26%20Fact%20Book.pdf,2021 NFL Record & Fact Book,official_book_mirror,2026-08-27,PDF page 101 (staff page; assistant listing may continue on following pages),"Formal preseason staff title: offensive coordinator. Weeks encode the season designation, not independently observed weekly tenure; does not establish play-calling duty."
2021-LV-head_coach-01-05-jon-gruden,https://github.com/nflverse/nflverse-data/releases/download/pbp/play_by_play_2021.parquet,nflverse play-by-play 2021,official_release,2026-08-27,"regular-season team games, weeks 1-5",Observed head coach on each included regular-season game; interval is first through last observed game week.
2021-LV-head_coach-06-18-rich-bisaccia,https://github.com/nflverse/nflverse-data/releases/download/pbp/play_by_play_2021.parquet,nflverse play-by-play 2021,official_release,2026-08-27,"regular-season team games, weeks 6-18",Observed head coach on each included regular-season game; interval is first through last observed game week.
2021-LV-offensive_coordinator-01-18-greg-olson,https://basement.crucifyd.com/zone/seahawks/record-fact/NFL%20-%202021%20-%20Record%20%26%20Fact%20Book.pdf,2021 NFL Record & Fact Book,official_book_mirror,2026-08-27,PDF page 95 (staff page; assistant listing may continue on following pages),"Formal preseason staff title: offensive coordinator. Weeks encode the season designation, not independently observed weekly tenure; does not establish play-calling duty."
2021-MIA-head_coach-01-18-brian-flores,https://github.com/nflverse/nflverse-data/releases/download/pbp/play_by_play_2021.parquet,nflverse play-by-play 2021,official_release,2026-08-27,"regular-season team games, weeks 1-18",Observed head coach on each included regular-season game; interval is first through last observed game week.
2021-MIA-quarterbacks_coach-01-18-charlie-frye,https://basement.crucifyd.com/zone/seahawks/record-fact/NFL%20-%202021%20-%20Record%20%26%20Fact%20Book.pdf,2021 NFL Record & Fact Book,official_book_mirror,2026-08-27,PDF page 107 (staff page; assistant listing may continue on following pages),"Formal preseason staff title: quarterbacks. Weeks encode the season designation, not independently observed weekly tenure; does not establish play-calling duty."
2021-MIN-head_coach-01-18-mike-zimmer,https://github.com/nflverse/nflverse-data/releases/download/pbp/play_by_play_2021.parquet,nflverse play-by-play 2021,official_release,2026-08-27,"regular-season team games, weeks 1-18",Observed head coach on each included regular-season game; interval is first through last observed game week.
2021-MIN-offensive_coordinator-01-18-klint-kubiak,https://basement.crucifyd.com/zone/seahawks/record-fact/NFL%20-%202021%20-%20Record%20%26%20Fact%20Book.pdf,2021 NFL Record & Fact Book,official_book_mirror,2026-08-27,PDF page 187 (staff page; assistant listing may continue on following pages),"Formal preseason staff title: offensive coordinator. Weeks encode the season designation, not independently observed weekly tenure; does not establish play-calling duty."
2021-MIN-quarterbacks_coach-01-18-andrew-janocko,https://basement.crucifyd.com/zone/seahawks/record-fact/NFL%20-%202021%20-%20Record%20%26%20Fact%20Book.pdf,2021 NFL Record & Fact Book,official_book_mirror,2026-08-27,PDF page 187 (staff page; assistant listing may continue on following pages),"Formal preseason staff title: quarterbacks. Weeks encode the season designation, not independently observed weekly tenure; does not establish play-calling duty."
2021-NE-head_coach-01-18-bill-belichick,https://github.com/nflverse/nflverse-data/releases/download/pbp/play_by_play_2021.parquet,nflverse play-by-play 2021,official_release,2026-08-27,"regular-season team games, weeks 1-18",Observed head coach on each included regular-season game; interval is first through last observed game week.
2021-NE-offensive_coordinator-01-18-josh-mcdaniels,https://basement.crucifyd.com/zone/seahawks/record-fact/NFL%20-%202021%20-%20Record%20%26%20Fact%20Book.pdf,2021 NFL Record & Fact Book,official_book_mirror,2026-08-27,PDF page 113 (staff page; assistant listing may continue on following pages),"Formal preseason staff title: offensive coordinator. Weeks encode the season designation, not independently observed weekly tenure; does not establish play-calling duty."
2021-NO-head_coach-01-18-sean-payton,https://github.com/nflverse/nflverse-data/releases/download/pbp/play_by_play_2021.parquet,nflverse play-by-play 2021,official_release,2026-08-27,"regular-season team games, weeks 1-18",Observed head coach on each included regular-season game; interval is first through last observed game week.
2021-NO-quarterbacks_coach-01-18-ronald-curry,https://basement.crucifyd.com/zone/seahawks/record-fact/NFL%20-%202021%20-%20Record%20%26%20Fact%20Book.pdf,2021 NFL Record & Fact Book,official_book_mirror,2026-08-27,PDF page 193 (staff page; assistant listing may continue on following pages),"Formal preseason staff title: quarterbacks. Weeks encode the season designation, not independently observed weekly tenure; does not establish play-calling duty."
2021-NYG-head_coach-01-18-joe-judge,https://github.com/nflverse/nflverse-data/releases/download/pbp/play_by_play_2021.parquet,nflverse play-by-play 2021,official_release,2026-08-27,"regular-season team games, weeks 1-18",Observed head coach on each included regular-season game; interval is first through last observed game week.
2021-NYG-offensive_coordinator-01-18-jason-garrett,https://basement.crucifyd.com/zone/seahawks/record-fact/NFL%20-%202021%20-%20Record%20%26%20Fact%20Book.pdf,2021 NFL Record & Fact Book,official_book_mirror,2026-08-27,PDF page 199 (staff page; assistant listing may continue on following pages),"Formal preseason staff title: offensive coordinator. Weeks encode the season designation, not independently observed weekly tenure; does not establish play-calling duty."
2021-NYG-quarterbacks_coach-01-18-jerry-schuplinski,https://basement.crucifyd.com/zone/seahawks/record-fact/NFL%20-%202021%20-%20Record%20%26%20Fact%20Book.pdf,2021 NFL Record & Fact Book,official_book_mirror,2026-08-27,PDF page 199 (staff page; assistant listing may continue on following pages),"Formal preseason staff title: quarterbacks. Weeks encode the season designation, not independently observed weekly tenure; does not establish play-calling duty."
2021-NYJ-head_coach-01-18-robert-saleh,https://github.com/nflverse/nflverse-data/releases/download/pbp/play_by_play_2021.parquet,nflverse play-by-play 2021,official_release,2026-08-27,"regular-season team games, weeks 1-18",Observed head coach on each included regular-season game; interval is first through last observed game week.
2021-NYJ-offensive_coordinator-01-18-mike-lafleur,https://basement.crucifyd.com/zone/seahawks/record-fact/NFL%20-%202021%20-%20Record%20%26%20Fact%20Book.pdf,2021 NFL Record & Fact Book,official_book_mirror,2026-08-27,PDF page 119 (staff page; assistant listing may continue on following pages),"Formal preseason staff title: offensive coordinator. Weeks encode the season designation, not independently observed weekly tenure; does not establish play-calling duty."
2021-NYJ-quarterbacks_coach-01-18-rob-calabrese,https://basement.crucifyd.com/zone/seahawks/record-fact/NFL%20-%202021%20-%20Record%20%26%20Fact%20Book.pdf,2021 NFL Record & Fact Book,official_book_mirror,2026-08-27,PDF page 119 (staff page; assistant listing may continue on following pages),"Formal preseason staff title: quarterbacks. Weeks encode the season designation, not independently observed weekly tenure; does not establish play-calling duty."
2021-PHI-head_coach-01-18-nick-sirianni,https://github.com/nflverse/nflverse-data/releases/download/pbp/play_by_play_2021.parquet,nflverse play-by-play 2021,official_release,2026-08-27,"regular-season team games, weeks 1-18",Observed head coach on each included regular-season game; interval is first through last observed game week.
2021-PHI-offensive_coordinator-01-18-shane-steichen,https://basement.crucifyd.com/zone/seahawks/record-fact/NFL%20-%202021%20-%20Record%20%26%20Fact%20Book.pdf,2021 NFL Record & Fact Book,official_book_mirror,2026-08-27,PDF page 205 (staff page; assistant listing may continue on following pages),"Formal preseason staff title: offensive coordinator. Weeks encode the season designation, not independently observed weekly tenure; does not establish play-calling duty."
2021-PHI-quarterbacks_coach-01-18-brian-johnson,https://basement.crucifyd.com/zone/seahawks/record-fact/NFL%20-%202021%20-%20Record%20%26%20Fact%20Book.pdf,2021 NFL Record & Fact Book,official_book_mirror,2026-08-27,PDF page 205 (staff page; assistant listing may continue on following pages),"Formal preseason staff title: quarterbacks. Weeks encode the season designation, not independently observed weekly tenure; does not establish play-calling duty."
2021-PIT-head_coach-01-18-mike-tomlin,https://github.com/nflverse/nflverse-data/releases/download/pbp/play_by_play_2021.parquet,nflverse play-by-play 2021,official_release,2026-08-27,"regular-season team games, weeks 1-18",Observed head coach on each included regular-season game; interval is first through last observed game week.
2021-PIT-offensive_coordinator-01-18-matt-canada,https://basement.crucifyd.com/zone/seahawks/record-fact/NFL%20-%202021%20-%20Record%20%26%20Fact%20Book.pdf,2021 NFL Record & Fact Book,official_book_mirror,2026-08-27,PDF page 125 (staff page; assistant listing may continue on following pages),"Formal preseason staff title: offensive coordinator. Weeks encode the season designation, not independently observed weekly tenure; does not establish play-calling duty."
2021-PIT-quarterbacks_coach-01-18-mike-sullivan,https://basement.crucifyd.com/zone/seahawks/record-fact/NFL%20-%202021%20-%20Record%20%26%20Fact%20Book.pdf,2021 NFL Record & Fact Book,official_book_mirror,2026-08-27,PDF page 125 (staff page; assistant listing may continue on following pages),"Formal preseason staff title: quarterbacks. Weeks encode the season designation, not independently observed weekly tenure; does not establish play-calling duty."
2021-SEA-head_coach-01-18-pete-carroll,https://github.com/nflverse/nflverse-data/releases/download/pbp/play_by_play_2021.parquet,nflverse play-by-play 2021,official_release,2026-08-27,"regular-season team games, weeks 1-18",Observed head coach on each included regular-season game; interval is first through last observed game week.
2021-SEA-offensive_coordinator-01-18-shane-waldron,https://basement.crucifyd.com/zone/seahawks/record-fact/NFL%20-%202021%20-%20Record%20%26%20Fact%20Book.pdf,2021 NFL Record & Fact Book,official_book_mirror,2026-08-27,PDF page 217 (staff page; assistant listing may continue on following pages),"Formal preseason staff title: offensive coordinator. Weeks encode the season designation, not independently observed weekly tenure; does not establish play-calling duty."
2021-SEA-quarterbacks_coach-01-18-austin-davis,https://basement.crucifyd.com/zone/seahawks/record-fact/NFL%20-%202021%20-%20Record%20%26%20Fact%20Book.pdf,2021 NFL Record & Fact Book,official_book_mirror,2026-08-27,PDF page 217 (staff page; assistant listing may continue on following pages),"Formal preseason staff title: quarterbacks. Weeks encode the season designation, not independently observed weekly tenure; does not establish play-calling duty."
2021-SF-head_coach-01-18-kyle-shanahan,https://github.com/nflverse/nflverse-data/releases/download/pbp/play_by_play_2021.parquet,nflverse play-by-play 2021,official_release,2026-08-27,"regular-season team games, weeks 1-18",Observed head coach on each included regular-season game; interval is first through last observed game week.
2021-SF-quarterbacks_coach-01-18-rich-scangarello,https://basement.crucifyd.com/zone/seahawks/record-fact/NFL%20-%202021%20-%20Record%20%26%20Fact%20Book.pdf,2021 NFL Record & Fact Book,official_book_mirror,2026-08-27,PDF page 211 (staff page; assistant listing may continue on following pages),"Formal preseason staff title: quarterbacks. Weeks encode the season designation, not independently observed weekly tenure; does not establish play-calling duty."
2021-TB-head_coach-01-18-bruce-arians,https://github.com/nflverse/nflverse-data/releases/download/pbp/play_by_play_2021.parquet,nflverse play-by-play 2021,official_release,2026-08-27,"regular-season team games, weeks 1-18",Observed head coach on each included regular-season game; interval is first through last observed game week.
2021-TB-offensive_coordinator-01-18-byron-leftwich,https://basement.crucifyd.com/zone/seahawks/record-fact/NFL%20-%202021%20-%20Record%20%26%20Fact%20Book.pdf,2021 NFL Record & Fact Book,official_book_mirror,2026-08-27,PDF page 223 (staff page; assistant listing may continue on following pages),"Formal preseason staff title: offensive coordinator. Weeks encode the season designation, not independently observed weekly tenure; does not establish play-calling duty."
2021-TB-quarterbacks_coach-01-18-clyde-christensen,https://basement.crucifyd.com/zone/seahawks/record-fact/NFL%20-%202021%20-%20Record%20%26%20Fact%20Book.pdf,2021 NFL Record & Fact Book,official_book_mirror,2026-08-27,PDF page 223 (staff page; assistant listing may continue on following pages),"Formal preseason staff title: quarterbacks. Weeks encode the season designation, not independently observed weekly tenure; does not establish play-calling duty."
2021-TEN-head_coach-01-18-mike-vrabel,https://github.com/nflverse/nflverse-data/releases/download/pbp/play_by_play_2021.parquet,nflverse play-by-play 2021,official_release,2026-08-27,"regular-season team games, weeks 1-18",Observed head coach on each included regular-season game; interval is first through last observed game week.
2021-TEN-offensive_coordinator-01-18-todd-downing,https://basement.crucifyd.com/zone/seahawks/record-fact/NFL%20-%202021%20-%20Record%20%26%20Fact%20Book.pdf,2021 NFL Record & Fact Book,official_book_mirror,2026-08-27,PDF page 131 (staff page; assistant listing may continue on following pages),"Formal preseason staff title: offensive coordinator. Weeks encode the season designation, not independently observed weekly tenure; does not establish play-calling duty."
2021-WAS-head_coach-01-18-ron-rivera,https://github.com/nflverse/nflverse-data/releases/download/pbp/play_by_play_2021.parquet,nflverse play-by-play 2021,official_release,2026-08-27,"regular-season team games, weeks 1-18",Observed head coach on each included regular-season game; interval is first through last observed game week.
2021-WAS-offensive_coordinator-01-18-scott-turner,https://basement.crucifyd.com/zone/seahawks/record-fact/NFL%20-%202021%20-%20Record%20%26%20Fact%20Book.pdf,2021 NFL Record & Fact Book,official_book_mirror,2026-08-27,PDF page 229 (staff page; assistant listing may continue on following pages),"Formal preseason staff title: offensive coordinator. Weeks encode the season designation, not independently observed weekly tenure; does not establish play-calling duty."
2021-WAS-quarterbacks_coach-01-18-ken-zampese,https://basement.crucifyd.com/zone/seahawks/record-fact/NFL%20-%202021%20-%20Record%20%26%20Fact%20Book.pdf,2021 NFL Record & Fact Book,official_book_mirror,2026-08-27,PDF page 229 (staff page; assistant listing may continue on following pages),"Formal preseason staff title: quarterbacks. Weeks encode the season designation, not independently observed weekly tenure; does not establish play-calling duty."
2022-ARI-head_coach-01-18-kliff-kingsbury,https://github.com/nflverse/nflverse-data/releases/download/pbp/play_by_play_2022.parquet,nflverse play-by-play 2022,official_release,2026-08-27,"regular-season team games, weeks 1-18",Observed head coach on each included regular-season game; interval is first through last observed game week.
2022-ATL-head_coach-01-18-arthur-smith,https://github.com/nflverse/nflverse-data/releases/download/pbp/play_by_play_2022.parquet,nflverse play-by-play 2022,official_release,2026-08-27,"regular-season team games, weeks 1-18",Observed head coach on each included regular-season game; interval is first through last observed game week.
2022-ATL-offensive_coordinator-01-18-dave-ragone,https://static.www.nfl.com/league/apps/league-site/media-guides/2022/2022_NFL_Record_and_Fact_Book.pdf,2022 NFL Record & Fact Book,official_release,2026-08-27,PDF page 149 (staff page; assistant listing may continue on following pages),"Formal preseason staff title: offensive coordinator. Weeks encode the season designation, not independently observed weekly tenure; does not establish play-calling duty."
2022-BAL-head_coach-01-18-john-harbaugh,https://github.com/nflverse/nflverse-data/releases/download/pbp/play_by_play_2022.parquet,nflverse play-by-play 2022,official_release,2026-08-27,"regular-season team games, weeks 1-18",Observed head coach on each included regular-season game; interval is first through last observed game week.
2022-BAL-offensive_coordinator-01-18-greg-roman,https://static.www.nfl.com/league/apps/league-site/media-guides/2022/2022_NFL_Record_and_Fact_Book.pdf,2022 NFL Record & Fact Book,official_release,2026-08-27,PDF page 45 (staff page; assistant listing may continue on following pages),"Formal preseason staff title: offensive coordinator. Weeks encode the season designation, not independently observed weekly tenure; does not establish play-calling duty."
2022-BAL-quarterbacks_coach-01-18-james-urban,https://static.www.nfl.com/league/apps/league-site/media-guides/2022/2022_NFL_Record_and_Fact_Book.pdf,2022 NFL Record & Fact Book,official_release,2026-08-27,PDF page 45 (staff page; assistant listing may continue on following pages),"Formal preseason staff title: quarterbacks. Weeks encode the season designation, not independently observed weekly tenure; does not establish play-calling duty."
2022-BUF-head_coach-01-18-sean-mcdermott,https://github.com/nflverse/nflverse-data/releases/download/pbp/play_by_play_2022.parquet,nflverse play-by-play 2022,official_release,2026-08-27,"regular-season team games, weeks 1-18",Observed head coach on each included regular-season game; interval is first through last observed game week.
2022-BUF-offensive_coordinator-01-18-ken-dorsey,https://static.www.nfl.com/league/apps/league-site/media-guides/2022/2022_NFL_Record_and_Fact_Book.pdf,2022 NFL Record & Fact Book,official_release,2026-08-27,PDF page 51 (staff page; assistant listing may continue on following pages),"Formal preseason staff title: offensive coordinator. Weeks encode the season designation, not independently observed weekly tenure; does not establish play-calling duty."
2022-BUF-quarterbacks_coach-01-18-joe-brady,https://static.www.nfl.com/league/apps/league-site/media-guides/2022/2022_NFL_Record_and_Fact_Book.pdf,2022 NFL Record & Fact Book,official_release,2026-08-27,PDF page 51 (staff page; assistant listing may continue on following pages),"Formal preseason staff title: quarterbacks. Weeks encode the season designation, not independently observed weekly tenure; does not establish play-calling duty."
2022-CAR-head_coach-01-05-matt-rhule,https://github.com/nflverse/nflverse-data/releases/download/pbp/play_by_play_2022.parquet,nflverse play-by-play 2022,official_release,2026-08-27,"regular-season team games, weeks 1-5",Observed head coach on each included regular-season game; interval is first through last observed game week.
2022-CAR-head_coach-06-18-steve-wilks,https://github.com/nflverse/nflverse-data/releases/download/pbp/play_by_play_2022.parquet,nflverse play-by-play 2022,official_release,2026-08-27,"regular-season team games, weeks 6-18",Observed head coach on each included regular-season game; interval is first through last observed game week.
2022-CAR-offensive_coordinator-01-18-ben-mcadoo,https://static.www.nfl.com/league/apps/league-site/media-guides/2022/2022_NFL_Record_and_Fact_Book.pdf,2022 NFL Record & Fact Book,official_release,2026-08-27,PDF page 155 (staff page; assistant listing may continue on following pages),"Formal preseason staff title: offensive coordinator. Weeks encode the season designation, not independently observed weekly tenure; does not establish play-calling duty."
2022-CAR-quarterbacks_coach-01-18-sean-ryan,https://static.www.nfl.com/league/apps/league-site/media-guides/2022/2022_NFL_Record_and_Fact_Book.pdf,2022 NFL Record & Fact Book,official_release,2026-08-27,PDF page 155 (staff page; assistant listing may continue on following pages),"Formal preseason staff title: quarterbacks. Weeks encode the season designation, not independently observed weekly tenure; does not establish play-calling duty."
2022-CHI-head_coach-01-18-matt-eberflus,https://github.com/nflverse/nflverse-data/releases/download/pbp/play_by_play_2022.parquet,nflverse play-by-play 2022,official_release,2026-08-27,"regular-season team games, weeks 1-18",Observed head coach on each included regular-season game; interval is first through last observed game week.
2022-CHI-offensive_coordinator-01-18-luke-getsy,https://static.www.nfl.com/league/apps/league-site/media-guides/2022/2022_NFL_Record_and_Fact_Book.pdf,2022 NFL Record & Fact Book,official_release,2026-08-27,PDF page 161 (staff page; assistant listing may continue on following pages),"Formal preseason staff title: offensive coordinator. Weeks encode the season designation, not independently observed weekly tenure; does not establish play-calling duty."
2022-CHI-quarterbacks_coach-01-18-andrew-janocko,https://static.www.nfl.com/league/apps/league-site/media-guides/2022/2022_NFL_Record_and_Fact_Book.pdf,2022 NFL Record & Fact Book,official_release,2026-08-27,PDF page 161 (staff page; assistant listing may continue on following pages),"Formal preseason staff title: quarterbacks. Weeks encode the season designation, not independently observed weekly tenure; does not establish play-calling duty."
2022-CIN-head_coach-01-18-zac-taylor,https://github.com/nflverse/nflverse-data/releases/download/pbp/play_by_play_2022.parquet,nflverse play-by-play 2022,official_release,2026-08-27,"regular-season team games, weeks 1-18",Observed head coach on each included regular-season game; interval is first through last observed game week.
2022-CIN-offensive_coordinator-01-18-brian-callahan,https://static.www.nfl.com/league/apps/league-site/media-guides/2022/2022_NFL_Record_and_Fact_Book.pdf,2022 NFL Record & Fact Book,official_release,2026-08-27,PDF page 57 (staff page; assistant listing may continue on following pages),"Formal preseason staff title: offensive coordinator. Weeks encode the season designation, not independently observed weekly tenure; does not establish play-calling duty."
2022-CIN-quarterbacks_coach-01-18-dan-pitcher,https://static.www.nfl.com/league/apps/league-site/media-guides/2022/2022_NFL_Record_and_Fact_Book.pdf,2022 NFL Record & Fact Book,official_release,2026-08-27,PDF page 57 (staff page; assistant listing may continue on following pages),"Formal preseason staff title: quarterbacks. Weeks encode the season designation, not independently observed weekly tenure; does not establish play-calling duty."
2022-CLE-head_coach-01-18-kevin-stefanski,https://github.com/nflverse/nflverse-data/releases/download/pbp/play_by_play_2022.parquet,nflverse play-by-play 2022,official_release,2026-08-27,"regular-season team games, weeks 1-18",Observed head coach on each included regular-season game; interval is first through last observed game week.
2022-CLE-offensive_coordinator-01-18-alex-van-pelt,https://static.www.nfl.com/league/apps/league-site/media-guides/2022/2022_NFL_Record_and_Fact_Book.pdf,2022 NFL Record & Fact Book,official_release,2026-08-27,PDF page 63 (staff page; assistant listing may continue on following pages),"Formal preseason staff title: offensive coordinator. Weeks encode the season designation, not independently observed weekly tenure; does not establish play-calling duty."
2022-CLE-quarterbacks_coach-01-18-drew-petzing,https://static.www.nfl.com/league/apps/league-site/media-guides/2022/2022_NFL_Record_and_Fact_Book.pdf,2022 NFL Record & Fact Book,official_release,2026-08-27,PDF page 63 (staff page; assistant listing may continue on following pages),"Formal preseason staff title: quarterbacks. Weeks encode the season designation, not independently observed weekly tenure; does not establish play-calling duty."
2022-DAL-head_coach-01-18-mike-mccarthy,https://github.com/nflverse/nflverse-data/releases/download/pbp/play_by_play_2022.parquet,nflverse play-by-play 2022,official_release,2026-08-27,"regular-season team games, weeks 1-18",Observed head coach on each included regular-season game; interval is first through last observed game week.
2022-DAL-offensive_coordinator-01-18-kellen-moore,https://static.www.nfl.com/league/apps/league-site/media-guides/2022/2022_NFL_Record_and_Fact_Book.pdf,2022 NFL Record & Fact Book,official_release,2026-08-27,PDF page 167 (staff page; assistant listing may continue on following pages),"Formal preseason staff title: offensive coordinator. Weeks encode the season designation, not independently observed weekly tenure; does not establish play-calling duty."
2022-DAL-quarterbacks_coach-01-18-doug-nussmeier,https://static.www.nfl.com/league/apps/league-site/media-guides/2022/2022_NFL_Record_and_Fact_Book.pdf,2022 NFL Record & Fact Book,official_release,2026-08-27,PDF page 167 (staff page; assistant listing may continue on following pages),"Formal preseason staff title: quarterbacks. Weeks encode the season designation, not independently observed weekly tenure; does not establish play-calling duty."
2022-DEN-head_coach-01-16-nathaniel-hackett,https://github.com/nflverse/nflverse-data/releases/download/pbp/play_by_play_2022.parquet,nflverse play-by-play 2022,official_release,2026-08-27,"regular-season team games, weeks 1-16",Observed head coach on each included regular-season game; interval is first through last observed game week.
2022-DEN-head_coach-17-18-jay-rosburg,https://github.com/nflverse/nflverse-data/releases/download/pbp/play_by_play_2022.parquet,nflverse play-by-play 2022,official_release,2026-08-27,"regular-season team games, weeks 17-18",Observed head coach on each included regular-season game; interval is first through last observed game week.
2022-DEN-offensive_coordinator-01-18-justin-outten,https://static.www.nfl.com/league/apps/league-site/media-guides/2022/2022_NFL_Record_and_Fact_Book.pdf,2022 NFL Record & Fact Book,official_release,2026-08-27,PDF page 69 (staff page; assistant listing may continue on following pages),"Formal preseason staff title: offensive coordinator. Weeks encode the season designation, not independently observed weekly tenure; does not establish play-calling duty."
2022-DET-head_coach-01-18-dan-campbell,https://github.com/nflverse/nflverse-data/releases/download/pbp/play_by_play_2022.parquet,nflverse play-by-play 2022,official_release,2026-08-27,"regular-season team games, weeks 1-18",Observed head coach on each included regular-season game; interval is first through last observed game week.
2022-DET-offensive_coordinator-01-18-ben-johnson,https://static.www.nfl.com/league/apps/league-site/media-guides/2022/2022_NFL_Record_and_Fact_Book.pdf,2022 NFL Record & Fact Book,official_release,2026-08-27,PDF page 173 (staff page; assistant listing may continue on following pages),"Formal preseason staff title: offensive coordinator. Weeks encode the season designation, not independently observed weekly tenure; does not establish play-calling duty."
2022-DET-quarterbacks_coach-01-18-mark-brunell,https://static.www.nfl.com/league/apps/league-site/media-guides/2022/2022_NFL_Record_and_Fact_Book.pdf,2022 NFL Record & Fact Book,official_release,2026-08-27,PDF page 173 (staff page; assistant listing may continue on following pages),"Formal preseason staff title: quarterbacks. Weeks encode the season designation, not independently observed weekly tenure; does not establish play-calling duty."
2022-GB-head_coach-01-18-matt-lafleur,https://github.com/nflverse/nflverse-data/releases/download/pbp/play_by_play_2022.parquet,nflverse play-by-play 2022,official_release,2026-08-27,"regular-season team games, weeks 1-18",Observed head coach on each included regular-season game; interval is first through last observed game week.
2022-GB-offensive_coordinator-01-18-adam-stenavich,https://static.www.nfl.com/league/apps/league-site/media-guides/2022/2022_NFL_Record_and_Fact_Book.pdf,2022 NFL Record & Fact Book,official_release,2026-08-27,PDF page 179 (staff page; assistant listing may continue on following pages),"Formal preseason staff title: offensive coordinator. Weeks encode the season designation, not independently observed weekly tenure; does not establish play-calling duty."
2022-GB-quarterbacks_coach-01-18-tom-clements,https://static.www.nfl.com/league/apps/league-site/media-guides/2022/2022_NFL_Record_and_Fact_Book.pdf,2022 NFL Record & Fact Book,official_release,2026-08-27,PDF page 179 (staff page; assistant listing may continue on following pages),"Formal preseason staff title: quarterbacks. Weeks encode the season designation, not independently observed weekly tenure; does not establish play-calling duty."
2022-HOU-head_coach-01-18-lovie-smith,https://github.com/nflverse/nflverse-data/releases/download/pbp/play_by_play_2022.parquet,nflverse play-by-play 2022,official_release,2026-08-27,"regular-season team games, weeks 1-18",Observed head coach on each included regular-season game; interval is first through last observed game week.
2022-HOU-offensive_coordinator-01-18-pep-hamilton,https://static.www.nfl.com/league/apps/league-site/media-guides/2022/2022_NFL_Record_and_Fact_Book.pdf,2022 NFL Record & Fact Book,official_release,2026-08-27,PDF page 75 (staff page; assistant listing may continue on following pages),"Formal preseason staff title: offensive coordinator. Weeks encode the season designation, not independently observed weekly tenure; does not establish play-calling duty."
2022-IND-head_coach-01-09-frank-reich,https://github.com/nflverse/nflverse-data/releases/download/pbp/play_by_play_2022.parquet,nflverse play-by-play 2022,official_release,2026-08-27,"regular-season team games, weeks 1-9",Observed head coach on each included regular-season game; interval is first through last observed game week.
2022-IND-head_coach-10-18-jeff-saturday,https://github.com/nflverse/nflverse-data/releases/download/pbp/play_by_play_2022.parquet,nflverse play-by-play 2022,official_release,2026-08-27,"regular-season team games, weeks 10-18",Observed head coach on each included regular-season game; interval is first through last observed game week.
2022-IND-offensive_coordinator-01-18-marcus-brady,https://static.www.nfl.com/league/apps/league-site/media-guides/2022/2022_NFL_Record_and_Fact_Book.pdf,2022 NFL Record & Fact Book,official_release,2026-08-27,PDF page 81 (staff page; assistant listing may continue on following pages),"Formal preseason staff title: offensive coordinator. Weeks encode the season designation, not independently observed weekly tenure; does not establish play-calling duty."
2022-IND-quarterbacks_coach-01-18-scott-milanovich,https://static.www.nfl.com/league/apps/league-site/media-guides/2022/2022_NFL_Record_and_Fact_Book.pdf,2022 NFL Record & Fact Book,official_release,2026-08-27,PDF page 81 (staff page; assistant listing may continue on following pages),"Formal preseason staff title: quarterbacks. Weeks encode the season designation, not independently observed weekly tenure; does not establish play-calling duty."
2022-JAX-head_coach-01-18-doug-pederson,https://github.com/nflverse/nflverse-data/releases/download/pbp/play_by_play_2022.parquet,nflverse play-by-play 2022,official_release,2026-08-27,"regular-season team games, weeks 1-18",Observed head coach on each included regular-season game; interval is first through last observed game week.
2022-JAX-offensive_coordinator-01-18-press-taylor,https://static.www.nfl.com/league/apps/league-site/media-guides/2022/2022_NFL_Record_and_Fact_Book.pdf,2022 NFL Record & Fact Book,official_release,2026-08-27,PDF page 87 (staff page; assistant listing may continue on following pages),"Formal preseason staff title: offensive coordinator. Weeks encode the season designation, not independently observed weekly tenure; does not establish play-calling duty."
2022-KC-head_coach-01-18-andy-reid,https://github.com/nflverse/nflverse-data/releases/download/pbp/play_by_play_2022.parquet,nflverse play-by-play 2022,official_release,2026-08-27,"regular-season team games, weeks 1-18",Observed head coach on each included regular-season game; interval is first through last observed game week.
2022-KC-offensive_coordinator-01-18-eric-bieniemy,https://static.www.nfl.com/league/apps/league-site/media-guides/2022/2022_NFL_Record_and_Fact_Book.pdf,2022 NFL Record & Fact Book,official_release,2026-08-27,PDF page 93 (staff page; assistant listing may continue on following pages),"Formal preseason staff title: offensive coordinator. Weeks encode the season designation, not independently observed weekly tenure; does not establish play-calling duty."
2022-LA-head_coach-01-18-sean-mcvay,https://github.com/nflverse/nflverse-data/releases/download/pbp/play_by_play_2022.parquet,nflverse play-by-play 2022,official_release,2026-08-27,"regular-season team games, weeks 1-18",Observed head coach on each included regular-season game; interval is first through last observed game week.
2022-LA-offensive_coordinator-01-18-liam-coen,https://static.www.nfl.com/league/apps/league-site/media-guides/2022/2022_NFL_Record_and_Fact_Book.pdf,2022 NFL Record & Fact Book,official_release,2026-08-27,PDF page 185 (staff page; assistant listing may continue on following pages),"Formal preseason staff title: offensive coordinator. Weeks encode the season designation, not independently observed weekly tenure; does not establish play-calling duty."
2022-LAC-head_coach-01-18-brandon-staley,https://github.com/nflverse/nflverse-data/releases/download/pbp/play_by_play_2022.parquet,nflverse play-by-play 2022,official_release,2026-08-27,"regular-season team games, weeks 1-18",Observed head coach on each included regular-season game; interval is first through last observed game week.
2022-LAC-offensive_coordinator-01-18-joe-lombardi,https://static.www.nfl.com/league/apps/league-site/media-guides/2022/2022_NFL_Record_and_Fact_Book.pdf,2022 NFL Record & Fact Book,official_release,2026-08-27,PDF page 105 (staff page; assistant listing may continue on following pages),"Formal preseason staff title: offensive coordinator. Weeks encode the season designation, not independently observed weekly tenure; does not establish play-calling duty."
2022-LV-head_coach-01-18-josh-mcdaniels,https://github.com/nflverse/nflverse-data/releases/download/pbp/play_by_play_2022.parquet,nflverse play-by-play 2022,official_release,2026-08-27,"regular-season team games, weeks 1-18",Observed head coach on each included regular-season game; interval is first through last observed game week.
2022-LV-offensive_coordinator-01-18-mick-lombardi,https://static.www.nfl.com/league/apps/league-site/media-guides/2022/2022_NFL_Record_and_Fact_Book.pdf,2022 NFL Record & Fact Book,official_release,2026-08-27,PDF page 99 (staff page; assistant listing may continue on following pages),"Formal preseason staff title: offensive coordinator. Weeks encode the season designation, not independently observed weekly tenure; does not establish play-calling duty."
2022-LV-quarterbacks_coach-01-18-bo-hardegree,https://static.www.nfl.com/league/apps/league-site/media-guides/2022/2022_NFL_Record_and_Fact_Book.pdf,2022 NFL Record & Fact Book,official_release,2026-08-27,PDF page 99 (staff page; assistant listing may continue on following pages),"Formal preseason staff title: quarterbacks. Weeks encode the season designation, not independently observed weekly tenure; does not establish play-calling duty."
2022-MIA-head_coach-01-18-mike-mcdaniel,https://github.com/nflverse/nflverse-data/releases/download/pbp/play_by_play_2022.parquet,nflverse play-by-play 2022,official_release,2026-08-27,"regular-season team games, weeks 1-18",Observed head coach on each included regular-season game; interval is first through last observed game week.
2022-MIA-offensive_coordinator-01-18-frank-smith,https://static.www.nfl.com/league/apps/league-site/media-guides/2022/2022_NFL_Record_and_Fact_Book.pdf,2022 NFL Record & Fact Book,official_release,2026-08-27,PDF page 111 (staff page; assistant listing may continue on following pages),"Formal preseason staff title: offensive coordinator. Weeks encode the season designation, not independently observed weekly tenure; does not establish play-calling duty."
2022-MIA-quarterbacks_coach-01-18-darrell-bevell,https://static.www.nfl.com/league/apps/league-site/media-guides/2022/2022_NFL_Record_and_Fact_Book.pdf,2022 NFL Record & Fact Book,official_release,2026-08-27,PDF page 111 (staff page; assistant listing may continue on following pages),"Formal preseason staff title: quarterbacks/passing game coordi-. Weeks encode the season designation, not independently observed weekly tenure; does not establish play-calling duty."
2022-MIN-head_coach-01-18-kevin-o-connell,https://github.com/nflverse/nflverse-data/releases/download/pbp/play_by_play_2022.parquet,nflverse play-by-play 2022,official_release,2026-08-27,"regular-season team games, weeks 1-18",Observed head coach on each included regular-season game; interval is first through last observed game week.
2022-MIN-offensive_coordinator-01-18-wes-phillips,https://static.www.nfl.com/league/apps/league-site/media-guides/2022/2022_NFL_Record_and_Fact_Book.pdf,2022 NFL Record & Fact Book,official_release,2026-08-27,PDF page 191 (staff page; assistant listing may continue on following pages),"Formal preseason staff title: offensive coordinator. Weeks encode the season designation, not independently observed weekly tenure; does not establish play-calling duty."
2022-NE-head_coach-01-18-bill-belichick,https://github.com/nflverse/nflverse-data/releases/download/pbp/play_by_play_2022.parquet,nflverse play-by-play 2022,official_release,2026-08-27,"regular-season team games, weeks 1-18",Observed head coach on each included regular-season game; interval is first through last observed game week.
2022-NO-head_coach-01-18-dennis-allen,https://github.com/nflverse/nflverse-data/releases/download/pbp/play_by_play_2022.parquet,nflverse play-by-play 2022,official_release,2026-08-27,"regular-season team games, weeks 1-18",Observed head coach on each included regular-season game; interval is first through last observed game week.
2022-NO-offensive_coordinator-01-18-pete-carmichael,https://static.www.nfl.com/league/apps/league-site/media-guides/2022/2022_NFL_Record_and_Fact_Book.pdf,2022 NFL Record & Fact Book,official_release,2026-08-27,PDF page 197 (staff page; assistant listing may continue on following pages),"Formal preseason staff title: offensive coordinator. Weeks encode the season designation, not independently observed weekly tenure; does not establish play-calling duty."
2022-NYG-head_coach-01-18-brian-daboll,https://github.com/nflverse/nflverse-data/releases/download/pbp/play_by_play_2022.parquet,nflverse play-by-play 2022,official_release,2026-08-27,"regular-season team games, weeks 1-18",Observed head coach on each included regular-season game; interval is first through last observed game week.
2022-NYG-offensive_coordinator-01-18-mike-kafka,https://static.www.nfl.com/league/apps/league-site/media-guides/2022/2022_NFL_Record_and_Fact_Book.pdf,2022 NFL Record & Fact Book,official_release,2026-08-27,PDF page 203 (staff page; assistant listing may continue on following pages),"Formal preseason staff title: offensive coordinator. Weeks encode the season designation, not independently observed weekly tenure; does not establish play-calling duty."
2022-NYG-quarterbacks_coach-01-18-shea-tierney,https://static.www.nfl.com/league/apps/league-site/media-guides/2022/2022_NFL_Record_and_Fact_Book.pdf,2022 NFL Record & Fact Book,official_release,2026-08-27,PDF page 203 (staff page; assistant listing may continue on following pages),"Formal preseason staff title: quarterbacks. Weeks encode the season designation, not independently observed weekly tenure; does not establish play-calling duty."
2022-NYJ-head_coach-01-18-robert-saleh,https://github.com/nflverse/nflverse-data/releases/download/pbp/play_by_play_2022.parquet,nflverse play-by-play 2022,official_release,2026-08-27,"regular-season team games, weeks 1-18",Observed head coach on each included regular-season game; interval is first through last observed game week.
2022-NYJ-offensive_coordinator-01-18-mike-lafleur,https://static.www.nfl.com/league/apps/league-site/media-guides/2022/2022_NFL_Record_and_Fact_Book.pdf,2022 NFL Record & Fact Book,official_release,2026-08-27,PDF page 123 (staff page; assistant listing may continue on following pages),"Formal preseason staff title: offensive coordinator. Weeks encode the season designation, not independently observed weekly tenure; does not establish play-calling duty."
2022-PHI-head_coach-01-18-nick-sirianni,https://github.com/nflverse/nflverse-data/releases/download/pbp/play_by_play_2022.parquet,nflverse play-by-play 2022,official_release,2026-08-27,"regular-season team games, weeks 1-18",Observed head coach on each included regular-season game; interval is first through last observed game week.
2022-PHI-offensive_coordinator-01-18-shane-steichen,https://static.www.nfl.com/league/apps/league-site/media-guides/2022/2022_NFL_Record_and_Fact_Book.pdf,2022 NFL Record & Fact Book,official_release,2026-08-27,PDF page 209 (staff page; assistant listing may continue on following pages),"Formal preseason staff title: offensive coordinator. Weeks encode the season designation, not independently observed weekly tenure; does not establish play-calling duty."
2022-PHI-quarterbacks_coach-01-18-brian-johnson,https://static.www.nfl.com/league/apps/league-site/media-guides/2022/2022_NFL_Record_and_Fact_Book.pdf,2022 NFL Record & Fact Book,official_release,2026-08-27,PDF page 209 (staff page; assistant listing may continue on following pages),"Formal preseason staff title: quarterbacks. Weeks encode the season designation, not independently observed weekly tenure; does not establish play-calling duty."
2022-PIT-head_coach-01-18-mike-tomlin,https://github.com/nflverse/nflverse-data/releases/download/pbp/play_by_play_2022.parquet,nflverse play-by-play 2022,official_release,2026-08-27,"regular-season team games, weeks 1-18",Observed head coach on each included regular-season game; interval is first through last observed game week.
2022-PIT-offensive_coordinator-01-18-matt-canada,https://static.www.nfl.com/league/apps/league-site/media-guides/2022/2022_NFL_Record_and_Fact_Book.pdf,2022 NFL Record & Fact Book,official_release,2026-08-27,PDF page 129 (staff page; assistant listing may continue on following pages),"Formal preseason staff title: offensive coordinator. Weeks encode the season designation, not independently observed weekly tenure; does not establish play-calling duty."
2022-PIT-quarterbacks_coach-01-18-mike-sullivan,https://static.www.nfl.com/league/apps/league-site/media-guides/2022/2022_NFL_Record_and_Fact_Book.pdf,2022 NFL Record & Fact Book,official_release,2026-08-27,PDF page 129 (staff page; assistant listing may continue on following pages),"Formal preseason staff title: quarterbacks. Weeks encode the season designation, not independently observed weekly tenure; does not establish play-calling duty."
2022-SEA-head_coach-01-18-pete-carroll,https://github.com/nflverse/nflverse-data/releases/download/pbp/play_by_play_2022.parquet,nflverse play-by-play 2022,official_release,2026-08-27,"regular-season team games, weeks 1-18",Observed head coach on each included regular-season game; interval is first through last observed game week.
2022-SEA-offensive_coordinator-01-18-shane-waldron,https://static.www.nfl.com/league/apps/league-site/media-guides/2022/2022_NFL_Record_and_Fact_Book.pdf,2022 NFL Record & Fact Book,official_release,2026-08-27,PDF page 221 (staff page; assistant listing may continue on following pages),"Formal preseason staff title: offensive coordinator. Weeks encode the season designation, not independently observed weekly tenure; does not establish play-calling duty."
2022-SEA-quarterbacks_coach-01-18-dave-canales,https://static.www.nfl.com/league/apps/league-site/media-guides/2022/2022_NFL_Record_and_Fact_Book.pdf,2022 NFL Record & Fact Book,official_release,2026-08-27,PDF page 221 (staff page; assistant listing may continue on following pages),"Formal preseason staff title: quarterbacks. Weeks encode the season designation, not independently observed weekly tenure; does not establish play-calling duty."
2022-SF-head_coach-01-18-kyle-shanahan,https://github.com/nflverse/nflverse-data/releases/download/pbp/play_by_play_2022.parquet,nflverse play-by-play 2022,official_release,2026-08-27,"regular-season team games, weeks 1-18",Observed head coach on each included regular-season game; interval is first through last observed game week.
2022-SF-quarterbacks_coach-01-18-brian-griese,https://static.www.nfl.com/league/apps/league-site/media-guides/2022/2022_NFL_Record_and_Fact_Book.pdf,2022 NFL Record & Fact Book,official_release,2026-08-27,PDF page 215 (staff page; assistant listing may continue on following pages),"Formal preseason staff title: quarterbacks. Weeks encode the season designation, not independently observed weekly tenure; does not establish play-calling duty."
2022-TB-head_coach-01-18-todd-bowles,https://github.com/nflverse/nflverse-data/releases/download/pbp/play_by_play_2022.parquet,nflverse play-by-play 2022,official_release,2026-08-27,"regular-season team games, weeks 1-18",Observed head coach on each included regular-season game; interval is first through last observed game week.
2022-TB-offensive_coordinator-01-18-byron-leftwich,https://static.www.nfl.com/league/apps/league-site/media-guides/2022/2022_NFL_Record_and_Fact_Book.pdf,2022 NFL Record & Fact Book,official_release,2026-08-27,PDF page 227 (staff page; assistant listing may continue on following pages),"Formal preseason staff title: offensive coordinator. Weeks encode the season designation, not independently observed weekly tenure; does not establish play-calling duty."
2022-TB-quarterbacks_coach-01-18-clyde-christensen,https://static.www.nfl.com/league/apps/league-site/media-guides/2022/2022_NFL_Record_and_Fact_Book.pdf,2022 NFL Record & Fact Book,official_release,2026-08-27,PDF page 227 (staff page; assistant listing may continue on following pages),"Formal preseason staff title: quarterbacks. Weeks encode the season designation, not independently observed weekly tenure; does not establish play-calling duty."
2022-TEN-head_coach-01-18-mike-vrabel,https://github.com/nflverse/nflverse-data/releases/download/pbp/play_by_play_2022.parquet,nflverse play-by-play 2022,official_release,2026-08-27,"regular-season team games, weeks 1-18",Observed head coach on each included regular-season game; interval is first through last observed game week.
2022-WAS-head_coach-01-18-ron-rivera,https://github.com/nflverse/nflverse-data/releases/download/pbp/play_by_play_2022.parquet,nflverse play-by-play 2022,official_release,2026-08-27,"regular-season team games, weeks 1-18",Observed head coach on each included regular-season game; interval is first through last observed game week.
2022-WAS-offensive_coordinator-01-18-scott-turner,https://static.www.nfl.com/league/apps/league-site/media-guides/2022/2022_NFL_Record_and_Fact_Book.pdf,2022 NFL Record & Fact Book,official_release,2026-08-27,PDF page 233 (staff page; assistant listing may continue on following pages),"Formal preseason staff title: offensive coordinator. Weeks encode the season designation, not independently observed weekly tenure; does not establish play-calling duty."
2022-WAS-quarterbacks_coach-01-18-ken-zampese,https://static.www.nfl.com/league/apps/league-site/media-guides/2022/2022_NFL_Record_and_Fact_Book.pdf,2022 NFL Record & Fact Book,official_release,2026-08-27,PDF page 233 (staff page; assistant listing may continue on following pages),"Formal preseason staff title: quarterbacks. Weeks encode the season designation, not independently observed weekly tenure; does not establish play-calling duty."
2023-ARI-head_coach-01-18-jonathan-gannon,https://github.com/nflverse/nflverse-data/releases/download/pbp/play_by_play_2023.parquet,nflverse play-by-play 2023,official_release,2026-08-27,"regular-season team games, weeks 1-18",Observed head coach on each included regular-season game; interval is first through last observed game week.
2023-ARI-offensive_coordinator-01-18-drew-petzing,https://basement.crucifyd.com/zone/seahawks/record-fact/NFL%20-%202023%20-%20Record%20%26%20Fact%20Book.pdf,2023 NFL Record & Fact Book,official_book_mirror,2026-08-27,PDF page 145 (staff page; assistant listing may continue on following pages),"Formal preseason staff title: offensive coordinator. Weeks encode the season designation, not independently observed weekly tenure; does not establish play-calling duty."
2023-ATL-head_coach-01-18-arthur-smith,https://github.com/nflverse/nflverse-data/releases/download/pbp/play_by_play_2023.parquet,nflverse play-by-play 2023,official_release,2026-08-27,"regular-season team games, weeks 1-18",Observed head coach on each included regular-season game; interval is first through last observed game week.
2023-ATL-offensive_coordinator-01-18-dave-ragone,https://basement.crucifyd.com/zone/seahawks/record-fact/NFL%20-%202023%20-%20Record%20%26%20Fact%20Book.pdf,2023 NFL Record & Fact Book,official_book_mirror,2026-08-27,PDF page 151 (staff page; assistant listing may continue on following pages),"Formal preseason staff title: offensive coordinator. Weeks encode the season designation, not independently observed weekly tenure; does not establish play-calling duty."
2023-BAL-head_coach-01-18-john-harbaugh,https://github.com/nflverse/nflverse-data/releases/download/pbp/play_by_play_2023.parquet,nflverse play-by-play 2023,official_release,2026-08-27,"regular-season team games, weeks 1-18",Observed head coach on each included regular-season game; interval is first through last observed game week.
2023-BAL-offensive_coordinator-01-18-todd-monken,https://basement.crucifyd.com/zone/seahawks/record-fact/NFL%20-%202023%20-%20Record%20%26%20Fact%20Book.pdf,2023 NFL Record & Fact Book,official_book_mirror,2026-08-27,PDF page 47 (staff page; assistant listing may continue on following pages),"Formal preseason staff title: offensive coordinator. Weeks encode the season designation, not independently observed weekly tenure; does not establish play-calling duty."
2023-BAL-quarterbacks_coach-01-18-tee-martin,https://basement.crucifyd.com/zone/seahawks/record-fact/NFL%20-%202023%20-%20Record%20%26%20Fact%20Book.pdf,2023 NFL Record & Fact Book,official_book_mirror,2026-08-27,PDF page 47 (staff page; assistant listing may continue on following pages),"Formal preseason staff title: quarterbacks. Weeks encode the season designation, not independently observed weekly tenure; does not establish play-calling duty."
2023-BUF-head_coach-01-18-sean-mcdermott,https://github.com/nflverse/nflverse-data/releases/download/pbp/play_by_play_2023.parquet,nflverse play-by-play 2023,official_release,2026-08-27,"regular-season team games, weeks 1-18",Observed head coach on each included regular-season game; interval is first through last observed game week.
2023-BUF-offensive_coordinator-01-18-ken-dorsey,https://basement.crucifyd.com/zone/seahawks/record-fact/NFL%20-%202023%20-%20Record%20%26%20Fact%20Book.pdf,2023 NFL Record & Fact Book,official_book_mirror,2026-08-27,PDF page 53 (staff page; assistant listing may continue on following pages),"Formal preseason staff title: offensive coordinator. Weeks encode the season designation, not independently observed weekly tenure; does not establish play-calling duty."
2023-BUF-quarterbacks_coach-01-18-joe-brady,https://basement.crucifyd.com/zone/seahawks/record-fact/NFL%20-%202023%20-%20Record%20%26%20Fact%20Book.pdf,2023 NFL Record & Fact Book,official_book_mirror,2026-08-27,PDF page 53 (staff page; assistant listing may continue on following pages),"Formal preseason staff title: quarterbacks. Weeks encode the season designation, not independently observed weekly tenure; does not establish play-calling duty."
2023-CAR-head_coach-01-12-frank-reich,https://github.com/nflverse/nflverse-data/releases/download/pbp/play_by_play_2023.parquet,nflverse play-by-play 2023,official_release,2026-08-27,"regular-season team games, weeks 1-12",Observed head coach on each included regular-season game; interval is first through last observed game week.
2023-CAR-head_coach-13-18-chris-tabor,https://github.com/nflverse/nflverse-data/releases/download/pbp/play_by_play_2023.parquet,nflverse play-by-play 2023,official_release,2026-08-27,"regular-season team games, weeks 13-18",Observed head coach on each included regular-season game; interval is first through last observed game week.
2023-CAR-quarterbacks_coach-01-18-josh-mccown,https://basement.crucifyd.com/zone/seahawks/record-fact/NFL%20-%202023%20-%20Record%20%26%20Fact%20Book.pdf,2023 NFL Record & Fact Book,official_book_mirror,2026-08-27,PDF page 157 (staff page; assistant listing may continue on following pages),"Formal preseason staff title: quarterbacks. Weeks encode the season designation, not independently observed weekly tenure; does not establish play-calling duty."
2023-CHI-head_coach-01-18-matt-eberflus,https://github.com/nflverse/nflverse-data/releases/download/pbp/play_by_play_2023.parquet,nflverse play-by-play 2023,official_release,2026-08-27,"regular-season team games, weeks 1-18",Observed head coach on each included regular-season game; interval is first through last observed game week.
2023-CHI-offensive_coordinator-01-18-luke-getsy,https://basement.crucifyd.com/zone/seahawks/record-fact/NFL%20-%202023%20-%20Record%20%26%20Fact%20Book.pdf,2023 NFL Record & Fact Book,official_book_mirror,2026-08-27,PDF page 163 (staff page; assistant listing may continue on following pages),"Formal preseason staff title: offensive coordinator. Weeks encode the season designation, not independently observed weekly tenure; does not establish play-calling duty."
2023-CHI-quarterbacks_coach-01-18-andrew-janocko,https://basement.crucifyd.com/zone/seahawks/record-fact/NFL%20-%202023%20-%20Record%20%26%20Fact%20Book.pdf,2023 NFL Record & Fact Book,official_book_mirror,2026-08-27,PDF page 163 (staff page; assistant listing may continue on following pages),"Formal preseason staff title: quarterbacks. Weeks encode the season designation, not independently observed weekly tenure; does not establish play-calling duty."
2023-CIN-head_coach-01-18-zac-taylor,https://github.com/nflverse/nflverse-data/releases/download/pbp/play_by_play_2023.parquet,nflverse play-by-play 2023,official_release,2026-08-27,"regular-season team games, weeks 1-18",Observed head coach on each included regular-season game; interval is first through last observed game week.
2023-CIN-offensive_coordinator-01-18-brian-callahan,https://basement.crucifyd.com/zone/seahawks/record-fact/NFL%20-%202023%20-%20Record%20%26%20Fact%20Book.pdf,2023 NFL Record & Fact Book,official_book_mirror,2026-08-27,PDF page 59 (staff page; assistant listing may continue on following pages),"Formal preseason staff title: offensive coordinator. Weeks encode the season designation, not independently observed weekly tenure; does not establish play-calling duty."
2023-CIN-quarterbacks_coach-01-18-dan-pitcher,https://basement.crucifyd.com/zone/seahawks/record-fact/NFL%20-%202023%20-%20Record%20%26%20Fact%20Book.pdf,2023 NFL Record & Fact Book,official_book_mirror,2026-08-27,PDF page 59 (staff page; assistant listing may continue on following pages),"Formal preseason staff title: quarterbacks. Weeks encode the season designation, not independently observed weekly tenure; does not establish play-calling duty."
2023-CLE-head_coach-01-18-kevin-stefanski,https://github.com/nflverse/nflverse-data/releases/download/pbp/play_by_play_2023.parquet,nflverse play-by-play 2023,official_release,2026-08-27,"regular-season team games, weeks 1-18",Observed head coach on each included regular-season game; interval is first through last observed game week.
2023-CLE-offensive_coordinator-01-18-alex-van-pelt,https://basement.crucifyd.com/zone/seahawks/record-fact/NFL%20-%202023%20-%20Record%20%26%20Fact%20Book.pdf,2023 NFL Record & Fact Book,official_book_mirror,2026-08-27,PDF page 65 (staff page; assistant listing may continue on following pages),"Formal preseason staff title: offensive coordinator. Weeks encode the season designation, not independently observed weekly tenure; does not establish play-calling duty."
2023-DAL-head_coach-01-18-mike-mccarthy,https://github.com/nflverse/nflverse-data/releases/download/pbp/play_by_play_2023.parquet,nflverse play-by-play 2023,official_release,2026-08-27,"regular-season team games, weeks 1-18",Observed head coach on each included regular-season game; interval is first through last observed game week.
2023-DAL-offensive_coordinator-01-18-brian-schottenheimer,https://basement.crucifyd.com/zone/seahawks/record-fact/NFL%20-%202023%20-%20Record%20%26%20Fact%20Book.pdf,2023 NFL Record & Fact Book,official_book_mirror,2026-08-27,PDF page 169 (staff page; assistant listing may continue on following pages),"Formal preseason staff title: offensive coordinator. Weeks encode the season designation, not independently observed weekly tenure; does not establish play-calling duty."
2023-DAL-quarterbacks_coach-01-18-scott-tolzien,https://basement.crucifyd.com/zone/seahawks/record-fact/NFL%20-%202023%20-%20Record%20%26%20Fact%20Book.pdf,2023 NFL Record & Fact Book,official_book_mirror,2026-08-27,PDF page 169 (staff page; assistant listing may continue on following pages),"Formal preseason staff title: quarterbacks. Weeks encode the season designation, not independently observed weekly tenure; does not establish play-calling duty."
2023-DEN-head_coach-01-18-sean-payton,https://github.com/nflverse/nflverse-data/releases/download/pbp/play_by_play_2023.parquet,nflverse play-by-play 2023,official_release,2026-08-27,"regular-season team games, weeks 1-18",Observed head coach on each included regular-season game; interval is first through last observed game week.
2023-DEN-offensive_coordinator-01-18-joe-lombardi,https://basement.crucifyd.com/zone/seahawks/record-fact/NFL%20-%202023%20-%20Record%20%26%20Fact%20Book.pdf,2023 NFL Record & Fact Book,official_book_mirror,2026-08-27,PDF page 71 (staff page; assistant listing may continue on following pages),"Formal preseason staff title: offensive coordinator. Weeks encode the season designation, not independently observed weekly tenure; does not establish play-calling duty."
2023-DEN-quarterbacks_coach-01-18-davis-webb,https://basement.crucifyd.com/zone/seahawks/record-fact/NFL%20-%202023%20-%20Record%20%26%20Fact%20Book.pdf,2023 NFL Record & Fact Book,official_book_mirror,2026-08-27,PDF page 71 (staff page; assistant listing may continue on following pages),"Formal preseason staff title: quarterbacks. Weeks encode the season designation, not independently observed weekly tenure; does not establish play-calling duty."
2023-DET-head_coach-01-18-dan-campbell,https://github.com/nflverse/nflverse-data/releases/download/pbp/play_by_play_2023.parquet,nflverse play-by-play 2023,official_release,2026-08-27,"regular-season team games, weeks 1-18",Observed head coach on each included regular-season game; interval is first through last observed game week.
2023-DET-offensive_coordinator-01-18-ben-johnson,https://basement.crucifyd.com/zone/seahawks/record-fact/NFL%20-%202023%20-%20Record%20%26%20Fact%20Book.pdf,2023 NFL Record & Fact Book,official_book_mirror,2026-08-27,PDF page 175 (staff page; assistant listing may continue on following pages),"Formal preseason staff title: offensive coordinator. Weeks encode the season designation, not independently observed weekly tenure; does not establish play-calling duty."
2023-DET-quarterbacks_coach-01-18-mark-brunell,https://basement.crucifyd.com/zone/seahawks/record-fact/NFL%20-%202023%20-%20Record%20%26%20Fact%20Book.pdf,2023 NFL Record & Fact Book,official_book_mirror,2026-08-27,PDF page 175 (staff page; assistant listing may continue on following pages),"Formal preseason staff title: quarterbacks. Weeks encode the season designation, not independently observed weekly tenure; does not establish play-calling duty."
2023-GB-head_coach-01-18-matt-lafleur,https://github.com/nflverse/nflverse-data/releases/download/pbp/play_by_play_2023.parquet,nflverse play-by-play 2023,official_release,2026-08-27,"regular-season team games, weeks 1-18",Observed head coach on each included regular-season game; interval is first through last observed game week.
2023-GB-offensive_coordinator-01-18-adam-stenavich,https://basement.crucifyd.com/zone/seahawks/record-fact/NFL%20-%202023%20-%20Record%20%26%20Fact%20Book.pdf,2023 NFL Record & Fact Book,official_book_mirror,2026-08-27,PDF page 181 (staff page; assistant listing may continue on following pages),"Formal preseason staff title: offensive coordinator. Weeks encode the season designation, not independently observed weekly tenure; does not establish play-calling duty."
2023-GB-quarterbacks_coach-01-18-tom-clements,https://basement.crucifyd.com/zone/seahawks/record-fact/NFL%20-%202023%20-%20Record%20%26%20Fact%20Book.pdf,2023 NFL Record & Fact Book,official_book_mirror,2026-08-27,PDF page 181 (staff page; assistant listing may continue on following pages),"Formal preseason staff title: quarterbacks. Weeks encode the season designation, not independently observed weekly tenure; does not establish play-calling duty."
2023-HOU-head_coach-01-18-demeco-ryans,https://github.com/nflverse/nflverse-data/releases/download/pbp/play_by_play_2023.parquet,nflverse play-by-play 2023,official_release,2026-08-27,"regular-season team games, weeks 1-18",Observed head coach on each included regular-season game; interval is first through last observed game week.
2023-HOU-offensive_coordinator-01-18-bobby-slowik,https://basement.crucifyd.com/zone/seahawks/record-fact/NFL%20-%202023%20-%20Record%20%26%20Fact%20Book.pdf,2023 NFL Record & Fact Book,official_book_mirror,2026-08-27,PDF page 77 (staff page; assistant listing may continue on following pages),"Formal preseason staff title: offensive coordinator. Weeks encode the season designation, not independently observed weekly tenure; does not establish play-calling duty."
2023-IND-head_coach-01-18-shane-steichen,https://github.com/nflverse/nflverse-data/releases/download/pbp/play_by_play_2023.parquet,nflverse play-by-play 2023,official_release,2026-08-27,"regular-season team games, weeks 1-18",Observed head coach on each included regular-season game; interval is first through last observed game week.
2023-IND-quarterbacks_coach-01-18-cam-turner,https://basement.crucifyd.com/zone/seahawks/record-fact/NFL%20-%202023%20-%20Record%20%26%20Fact%20Book.pdf,2023 NFL Record & Fact Book,official_book_mirror,2026-08-27,PDF page 83 (staff page; assistant listing may continue on following pages),"Formal preseason staff title: quarterbacks. Weeks encode the season designation, not independently observed weekly tenure; does not establish play-calling duty."
2023-JAX-head_coach-01-18-doug-pederson,https://github.com/nflverse/nflverse-data/releases/download/pbp/play_by_play_2023.parquet,nflverse play-by-play 2023,official_release,2026-08-27,"regular-season team games, weeks 1-18",Observed head coach on each included regular-season game; interval is first through last observed game week.
2023-JAX-offensive_coordinator-01-18-press-taylor,https://basement.crucifyd.com/zone/seahawks/record-fact/NFL%20-%202023%20-%20Record%20%26%20Fact%20Book.pdf,2023 NFL Record & Fact Book,official_book_mirror,2026-08-27,PDF page 89 (staff page; assistant listing may continue on following pages),"Formal preseason staff title: offensive coordinator. Weeks encode the season designation, not independently observed weekly tenure; does not establish play-calling duty."
2023-KC-head_coach-01-18-andy-reid,https://github.com/nflverse/nflverse-data/releases/download/pbp/play_by_play_2023.parquet,nflverse play-by-play 2023,official_release,2026-08-27,"regular-season team games, weeks 1-18",Observed head coach on each included regular-season game; interval is first through last observed game week.
2023-LA-head_coach-01-18-sean-mcvay,https://github.com/nflverse/nflverse-data/releases/download/pbp/play_by_play_2023.parquet,nflverse play-by-play 2023,official_release,2026-08-27,"regular-season team games, weeks 1-18",Observed head coach on each included regular-season game; interval is first through last observed game week.
2023-LA-offensive_coordinator-01-18-mike-lafleur,https://basement.crucifyd.com/zone/seahawks/record-fact/NFL%20-%202023%20-%20Record%20%26%20Fact%20Book.pdf,2023 NFL Record & Fact Book,official_book_mirror,2026-08-27,PDF page 187 (staff page; assistant listing may continue on following pages),"Formal preseason staff title: offensive coordinator. Weeks encode the season designation, not independently observed weekly tenure; does not establish play-calling duty."
2023-LA-quarterbacks_coach-01-18-zac-robinson,https://basement.crucifyd.com/zone/seahawks/record-fact/NFL%20-%202023%20-%20Record%20%26%20Fact%20Book.pdf,2023 NFL Record & Fact Book,official_book_mirror,2026-08-27,PDF page 187 (staff page; assistant listing may continue on following pages),"Formal preseason staff title: quarterbacks/pass game coordina-. Weeks encode the season designation, not independently observed weekly tenure; does not establish play-calling duty."
2023-LAC-head_coach-01-15-brandon-staley,https://github.com/nflverse/nflverse-data/releases/download/pbp/play_by_play_2023.parquet,nflverse play-by-play 2023,official_release,2026-08-27,"regular-season team games, weeks 1-15",Observed head coach on each included regular-season game; interval is first through last observed game week.
2023-LAC-head_coach-16-18-giff-smith,https://github.com/nflverse/nflverse-data/releases/download/pbp/play_by_play_2023.parquet,nflverse play-by-play 2023,official_release,2026-08-27,"regular-season team games, weeks 16-18",Observed head coach on each included regular-season game; interval is first through last observed game week.
2023-LV-head_coach-01-08-josh-mcdaniels,https://github.com/nflverse/nflverse-data/releases/download/pbp/play_by_play_2023.parquet,nflverse play-by-play 2023,official_release,2026-08-27,"regular-season team games, weeks 1-8",Observed head coach on each included regular-season game; interval is first through last observed game week.
2023-LV-head_coach-09-18-antonio-pierce,https://github.com/nflverse/nflverse-data/releases/download/pbp/play_by_play_2023.parquet,nflverse play-by-play 2023,official_release,2026-08-27,"regular-season team games, weeks 9-18",Observed head coach on each included regular-season game; interval is first through last observed game week.
2023-LV-offensive_coordinator-01-18-mick-lombardi,https://basement.crucifyd.com/zone/seahawks/record-fact/NFL%20-%202023%20-%20Record%20%26%20Fact%20Book.pdf,2023 NFL Record & Fact Book,official_book_mirror,2026-08-27,PDF page 101 (staff page; assistant listing may continue on following pages),"Formal preseason staff title: offensive coordinator. Weeks encode the season designation, not independently observed weekly tenure; does not establish play-calling duty."
2023-LV-quarterbacks_coach-01-18-bo-hardegree,https://basement.crucifyd.com/zone/seahawks/record-fact/NFL%20-%202023%20-%20Record%20%26%20Fact%20Book.pdf,2023 NFL Record & Fact Book,official_book_mirror,2026-08-27,PDF page 101 (staff page; assistant listing may continue on following pages),"Formal preseason staff title: quarterbacks. Weeks encode the season designation, not independently observed weekly tenure; does not establish play-calling duty."
2023-MIA-head_coach-01-18-mike-mcdaniel,https://github.com/nflverse/nflverse-data/releases/download/pbp/play_by_play_2023.parquet,nflverse play-by-play 2023,official_release,2026-08-27,"regular-season team games, weeks 1-18",Observed head coach on each included regular-season game; interval is first through last observed game week.
2023-MIA-offensive_coordinator-01-18-frank-smith,https://basement.crucifyd.com/zone/seahawks/record-fact/NFL%20-%202023%20-%20Record%20%26%20Fact%20Book.pdf,2023 NFL Record & Fact Book,official_book_mirror,2026-08-27,PDF page 113 (staff page; assistant listing may continue on following pages),"Formal preseason staff title: offensive coordinator. Weeks encode the season designation, not independently observed weekly tenure; does not establish play-calling duty."
2023-MIA-quarterbacks_coach-01-18-darrell-bevell,https://basement.crucifyd.com/zone/seahawks/record-fact/NFL%20-%202023%20-%20Record%20%26%20Fact%20Book.pdf,2023 NFL Record & Fact Book,official_book_mirror,2026-08-27,PDF page 113 (staff page; assistant listing may continue on following pages),"Formal preseason staff title: quarterbacks/passing game coordi-. Weeks encode the season designation, not independently observed weekly tenure; does not establish play-calling duty."
2023-MIN-head_coach-01-18-kevin-o-connell,https://github.com/nflverse/nflverse-data/releases/download/pbp/play_by_play_2023.parquet,nflverse play-by-play 2023,official_release,2026-08-27,"regular-season team games, weeks 1-18",Observed head coach on each included regular-season game; interval is first through last observed game week.
2023-MIN-offensive_coordinator-01-18-wes-phillips,https://basement.crucifyd.com/zone/seahawks/record-fact/NFL%20-%202023%20-%20Record%20%26%20Fact%20Book.pdf,2023 NFL Record & Fact Book,official_book_mirror,2026-08-27,PDF page 193 (staff page; assistant listing may continue on following pages),"Formal preseason staff title: offensive coordinator. Weeks encode the season designation, not independently observed weekly tenure; does not establish play-calling duty."
2023-NE-head_coach-01-18-bill-belichick,https://github.com/nflverse/nflverse-data/releases/download/pbp/play_by_play_2023.parquet,nflverse play-by-play 2023,official_release,2026-08-27,"regular-season team games, weeks 1-18",Observed head coach on each included regular-season game; interval is first through last observed game week.
2023-NO-head_coach-01-18-dennis-allen,https://github.com/nflverse/nflverse-data/releases/download/pbp/play_by_play_2023.parquet,nflverse play-by-play 2023,official_release,2026-08-27,"regular-season team games, weeks 1-18",Observed head coach on each included regular-season game; interval is first through last observed game week.
2023-NO-offensive_coordinator-01-18-pete-carmichael,https://basement.crucifyd.com/zone/seahawks/record-fact/NFL%20-%202023%20-%20Record%20%26%20Fact%20Book.pdf,2023 NFL Record & Fact Book,official_book_mirror,2026-08-27,PDF page 199 (staff page; assistant listing may continue on following pages),"Formal preseason staff title: offensive coordinator. Weeks encode the season designation, not independently observed weekly tenure; does not establish play-calling duty."
2023-NYG-head_coach-01-18-brian-daboll,https://github.com/nflverse/nflverse-data/releases/download/pbp/play_by_play_2023.parquet,nflverse play-by-play 2023,official_release,2026-08-27,"regular-season team games, weeks 1-18",Observed head coach on each included regular-season game; interval is first through last observed game week.
2023-NYG-offensive_coordinator-01-18-mike-kafka,https://basement.crucifyd.com/zone/seahawks/record-fact/NFL%20-%202023%20-%20Record%20%26%20Fact%20Book.pdf,2023 NFL Record & Fact Book,official_book_mirror,2026-08-27,PDF page 205 (staff page; assistant listing may continue on following pages),"Formal preseason staff title: offensive coordinator. Weeks encode the season designation, not independently observed weekly tenure; does not establish play-calling duty."
2023-NYG-quarterbacks_coach-01-18-shea-tierney,https://basement.crucifyd.com/zone/seahawks/record-fact/NFL%20-%202023%20-%20Record%20%26%20Fact%20Book.pdf,2023 NFL Record & Fact Book,official_book_mirror,2026-08-27,PDF page 205 (staff page; assistant listing may continue on following pages),"Formal preseason staff title: quarterbacks. Weeks encode the season designation, not independently observed weekly tenure; does not establish play-calling duty."
2023-NYJ-head_coach-01-18-robert-saleh,https://github.com/nflverse/nflverse-data/releases/download/pbp/play_by_play_2023.parquet,nflverse play-by-play 2023,official_release,2026-08-27,"regular-season team games, weeks 1-18",Observed head coach on each included regular-season game; interval is first through last observed game week.
2023-NYJ-offensive_coordinator-01-18-nathaniel-hackett,https://basement.crucifyd.com/zone/seahawks/record-fact/NFL%20-%202023%20-%20Record%20%26%20Fact%20Book.pdf,2023 NFL Record & Fact Book,official_book_mirror,2026-08-27,PDF page 125 (staff page; assistant listing may continue on following pages),"Formal preseason staff title: offensive coordinator. Weeks encode the season designation, not independently observed weekly tenure; does not establish play-calling duty."
2023-PHI-head_coach-01-18-nick-sirianni,https://github.com/nflverse/nflverse-data/releases/download/pbp/play_by_play_2023.parquet,nflverse play-by-play 2023,official_release,2026-08-27,"regular-season team games, weeks 1-18",Observed head coach on each included regular-season game; interval is first through last observed game week.
2023-PHI-quarterbacks_coach-01-18-alex-tanney,https://basement.crucifyd.com/zone/seahawks/record-fact/NFL%20-%202023%20-%20Record%20%26%20Fact%20Book.pdf,2023 NFL Record & Fact Book,official_book_mirror,2026-08-27,PDF page 211 (staff page; assistant listing may continue on following pages),"Formal preseason staff title: quarterbacks. Weeks encode the season designation, not independently observed weekly tenure; does not establish play-calling duty."
2023-PIT-head_coach-01-18-mike-tomlin,https://github.com/nflverse/nflverse-data/releases/download/pbp/play_by_play_2023.parquet,nflverse play-by-play 2023,official_release,2026-08-27,"regular-season team games, weeks 1-18",Observed head coach on each included regular-season game; interval is first through last observed game week.
2023-PIT-offensive_coordinator-01-18-matt-canada,https://basement.crucifyd.com/zone/seahawks/record-fact/NFL%20-%202023%20-%20Record%20%26%20Fact%20Book.pdf,2023 NFL Record & Fact Book,official_book_mirror,2026-08-27,PDF page 131 (staff page; assistant listing may continue on following pages),"Formal preseason staff title: offensive coordinator. Weeks encode the season designation, not independently observed weekly tenure; does not establish play-calling duty."
2023-PIT-quarterbacks_coach-01-18-mike-sullivan,https://basement.crucifyd.com/zone/seahawks/record-fact/NFL%20-%202023%20-%20Record%20%26%20Fact%20Book.pdf,2023 NFL Record & Fact Book,official_book_mirror,2026-08-27,PDF page 131 (staff page; assistant listing may continue on following pages),"Formal preseason staff title: quarterbacks. Weeks encode the season designation, not independently observed weekly tenure; does not establish play-calling duty."
2023-SEA-head_coach-01-18-pete-carroll,https://github.com/nflverse/nflverse-data/releases/download/pbp/play_by_play_2023.parquet,nflverse play-by-play 2023,official_release,2026-08-27,"regular-season team games, weeks 1-18",Observed head coach on each included regular-season game; interval is first through last observed game week.
2023-SEA-offensive_coordinator-01-18-shane-waldron,https://basement.crucifyd.com/zone/seahawks/record-fact/NFL%20-%202023%20-%20Record%20%26%20Fact%20Book.pdf,2023 NFL Record & Fact Book,official_book_mirror,2026-08-27,PDF page 223 (staff page; assistant listing may continue on following pages),"Formal preseason staff title: offensive coordinator. Weeks encode the season designation, not independently observed weekly tenure; does not establish play-calling duty."
2023-SEA-quarterbacks_coach-01-18-greg-olson,https://basement.crucifyd.com/zone/seahawks/record-fact/NFL%20-%202023%20-%20Record%20%26%20Fact%20Book.pdf,2023 NFL Record & Fact Book,official_book_mirror,2026-08-27,PDF page 223 (staff page; assistant listing may continue on following pages),"Formal preseason staff title: quarterbacks. Weeks encode the season designation, not independently observed weekly tenure; does not establish play-calling duty."
2023-SF-head_coach-01-18-kyle-shanahan,https://github.com/nflverse/nflverse-data/releases/download/pbp/play_by_play_2023.parquet,nflverse play-by-play 2023,official_release,2026-08-27,"regular-season team games, weeks 1-18",Observed head coach on each included regular-season game; interval is first through last observed game week.
2023-SF-quarterbacks_coach-01-18-brian-griese,https://basement.crucifyd.com/zone/seahawks/record-fact/NFL%20-%202023%20-%20Record%20%26%20Fact%20Book.pdf,2023 NFL Record & Fact Book,official_book_mirror,2026-08-27,PDF page 217 (staff page; assistant listing may continue on following pages),"Formal preseason staff title: quarterbacks. Weeks encode the season designation, not independently observed weekly tenure; does not establish play-calling duty."
2023-TB-head_coach-01-18-todd-bowles,https://github.com/nflverse/nflverse-data/releases/download/pbp/play_by_play_2023.parquet,nflverse play-by-play 2023,official_release,2026-08-27,"regular-season team games, weeks 1-18",Observed head coach on each included regular-season game; interval is first through last observed game week.
2023-TB-offensive_coordinator-01-18-dave-canales,https://basement.crucifyd.com/zone/seahawks/record-fact/NFL%20-%202023%20-%20Record%20%26%20Fact%20Book.pdf,2023 NFL Record & Fact Book,official_book_mirror,2026-08-27,PDF page 229 (staff page; assistant listing may continue on following pages),"Formal preseason staff title: offensive coordinator. Weeks encode the season designation, not independently observed weekly tenure; does not establish play-calling duty."
2023-TEN-head_coach-01-18-mike-vrabel,https://github.com/nflverse/nflverse-data/releases/download/pbp/play_by_play_2023.parquet,nflverse play-by-play 2023,official_release,2026-08-27,"regular-season team games, weeks 1-18",Observed head coach on each included regular-season game; interval is first through last observed game week.
2023-TEN-offensive_coordinator-01-18-tim-kelly,https://basement.crucifyd.com/zone/seahawks/record-fact/NFL%20-%202023%20-%20Record%20%26%20Fact%20Book.pdf,2023 NFL Record & Fact Book,official_book_mirror,2026-08-27,PDF page 137 (staff page; assistant listing may continue on following pages),"Formal preseason staff title: offensive coordinator. Weeks encode the season designation, not independently observed weekly tenure; does not establish play-calling duty."
2023-WAS-head_coach-01-18-ron-rivera,https://github.com/nflverse/nflverse-data/releases/download/pbp/play_by_play_2023.parquet,nflverse play-by-play 2023,official_release,2026-08-27,"regular-season team games, weeks 1-18",Observed head coach on each included regular-season game; interval is first through last observed game week.
2024-ARI-head_coach-01-18-jonathan-gannon,https://github.com/nflverse/nflverse-data/releases/download/pbp/play_by_play_2024.parquet,nflverse play-by-play 2024,official_release,2026-08-27,"regular-season team games, weeks 1-18",Observed head coach on each included regular-season game; interval is first through last observed game week.
2024-ARI-offensive_coordinator-01-18-drew-petzing,https://static.www.nfl.com/image/upload/league/apps/league-site/media-guides/2024/2024_Record_and_Fact_Book_incl_Supplemental.pdf,2024 NFL Record & Fact Book,official_release,2026-08-27,PDF page 143 (staff page; assistant listing may continue on following pages),"Formal preseason staff title: offensive coordinator. Weeks encode the season designation, not independently observed weekly tenure; does not establish play-calling duty."
2024-ATL-head_coach-01-18-raheem-morris,https://github.com/nflverse/nflverse-data/releases/download/pbp/play_by_play_2024.parquet,nflverse play-by-play 2024,official_release,2026-08-27,"regular-season team games, weeks 1-18",Observed head coach on each included regular-season game; interval is first through last observed game week.
2024-ATL-offensive_coordinator-01-18-zac-robinson,https://static.www.nfl.com/image/upload/league/apps/league-site/media-guides/2024/2024_Record_and_Fact_Book_incl_Supplemental.pdf,2024 NFL Record & Fact Book,official_release,2026-08-27,PDF page 149 (staff page; assistant listing may continue on following pages),"Formal preseason staff title: offensive coordinator. Weeks encode the season designation, not independently observed weekly tenure; does not establish play-calling duty."
2024-ATL-quarterbacks_coach-01-18-t-j-yates,https://static.www.nfl.com/image/upload/league/apps/league-site/media-guides/2024/2024_Record_and_Fact_Book_incl_Supplemental.pdf,2024 NFL Record & Fact Book,official_release,2026-08-27,PDF page 149 (staff page; assistant listing may continue on following pages),"Formal preseason staff title: quarterbacks. Weeks encode the season designation, not independently observed weekly tenure; does not establish play-calling duty."
2024-BAL-head_coach-01-18-john-harbaugh,https://github.com/nflverse/nflverse-data/releases/download/pbp/play_by_play_2024.parquet,nflverse play-by-play 2024,official_release,2026-08-27,"regular-season team games, weeks 1-18",Observed head coach on each included regular-season game; interval is first through last observed game week.
2024-BAL-offensive_coordinator-01-18-todd-monken,https://static.www.nfl.com/image/upload/league/apps/league-site/media-guides/2024/2024_Record_and_Fact_Book_incl_Supplemental.pdf,2024 NFL Record & Fact Book,official_release,2026-08-27,PDF page 45 (staff page; assistant listing may continue on following pages),"Formal preseason staff title: offensive coordinator. Weeks encode the season designation, not independently observed weekly tenure; does not establish play-calling duty."
2024-BAL-quarterbacks_coach-01-18-tee-martin,https://static.www.nfl.com/image/upload/league/apps/league-site/media-guides/2024/2024_Record_and_Fact_Book_incl_Supplemental.pdf,2024 NFL Record & Fact Book,official_release,2026-08-27,PDF page 45 (staff page; assistant listing may continue on following pages),"Formal preseason staff title: quarterbacks. Weeks encode the season designation, not independently observed weekly tenure; does not establish play-calling duty."
2024-BUF-head_coach-01-18-sean-mcdermott,https://github.com/nflverse/nflverse-data/releases/download/pbp/play_by_play_2024.parquet,nflverse play-by-play 2024,official_release,2026-08-27,"regular-season team games, weeks 1-18",Observed head coach on each included regular-season game; interval is first through last observed game week.
2024-BUF-offensive_coordinator-01-18-joe-brady,https://static.www.nfl.com/image/upload/league/apps/league-site/media-guides/2024/2024_Record_and_Fact_Book_incl_Supplemental.pdf,2024 NFL Record & Fact Book,official_release,2026-08-27,PDF page 51 (staff page; assistant listing may continue on following pages),"Formal preseason staff title: offensive coordinator. Weeks encode the season designation, not independently observed weekly tenure; does not establish play-calling duty."
2024-BUF-quarterbacks_coach-01-18-ronald-curry,https://static.www.nfl.com/image/upload/league/apps/league-site/media-guides/2024/2024_Record_and_Fact_Book_incl_Supplemental.pdf,2024 NFL Record & Fact Book,official_release,2026-08-27,PDF page 51 (staff page; assistant listing may continue on following pages),"Formal preseason staff title: quarterbacks. Weeks encode the season designation, not independently observed weekly tenure; does not establish play-calling duty."
2024-CAR-head_coach-01-18-dave-canales,https://github.com/nflverse/nflverse-data/releases/download/pbp/play_by_play_2024.parquet,nflverse play-by-play 2024,official_release,2026-08-27,"regular-season team games, weeks 1-18",Observed head coach on each included regular-season game; interval is first through last observed game week.
2024-CAR-offensive_coordinator-01-18-brad-idzik,https://static.www.nfl.com/image/upload/league/apps/league-site/media-guides/2024/2024_Record_and_Fact_Book_incl_Supplemental.pdf,2024 NFL Record & Fact Book,official_release,2026-08-27,PDF page 155 (staff page; assistant listing may continue on following pages),"Formal preseason staff title: offensive coordinator. Weeks encode the season designation, not independently observed weekly tenure; does not establish play-calling duty."
2024-CAR-quarterbacks_coach-01-18-will-harriger,https://static.www.nfl.com/image/upload/league/apps/league-site/media-guides/2024/2024_Record_and_Fact_Book_incl_Supplemental.pdf,2024 NFL Record & Fact Book,official_release,2026-08-27,PDF page 155 (staff page; assistant listing may continue on following pages),"Formal preseason staff title: quarterbacks. Weeks encode the season designation, not independently observed weekly tenure; does not establish play-calling duty."
2024-CHI-head_coach-01-18-matt-eberflus,https://github.com/nflverse/nflverse-data/releases/download/pbp/play_by_play_2024.parquet,nflverse play-by-play 2024,official_release,2026-08-27,"regular-season team games, weeks 1-18",Observed head coach on each included regular-season game; interval is first through last observed game week.
2024-CHI-offensive_coordinator-01-18-shane-waldron,https://static.www.nfl.com/image/upload/league/apps/league-site/media-guides/2024/2024_Record_and_Fact_Book_incl_Supplemental.pdf,2024 NFL Record & Fact Book,official_release,2026-08-27,PDF page 161 (staff page; assistant listing may continue on following pages),"Formal preseason staff title: offensive coordinator. Weeks encode the season designation, not independently observed weekly tenure; does not establish play-calling duty."
2024-CHI-quarterbacks_coach-01-18-kerry-joseph,https://static.www.nfl.com/image/upload/league/apps/league-site/media-guides/2024/2024_Record_and_Fact_Book_incl_Supplemental.pdf,2024 NFL Record & Fact Book,official_release,2026-08-27,PDF page 161 (staff page; assistant listing may continue on following pages),"Formal preseason staff title: quarterbacks. Weeks encode the season designation, not independently observed weekly tenure; does not establish play-calling duty."
2024-CIN-head_coach-01-18-zac-taylor,https://github.com/nflverse/nflverse-data/releases/download/pbp/play_by_play_2024.parquet,nflverse play-by-play 2024,official_release,2026-08-27,"regular-season team games, weeks 1-18",Observed head coach on each included regular-season game; interval is first through last observed game week.
2024-CIN-offensive_coordinator-01-18-dan-pitcher,https://static.www.nfl.com/image/upload/league/apps/league-site/media-guides/2024/2024_Record_and_Fact_Book_incl_Supplemental.pdf,2024 NFL Record & Fact Book,official_release,2026-08-27,PDF page 57 (staff page; assistant listing may continue on following pages),"Formal preseason staff title: offensive coordinator. Weeks encode the season designation, not independently observed weekly tenure; does not establish play-calling duty."
2024-CIN-quarterbacks_coach-01-18-brad-kragthorpe,https://static.www.nfl.com/image/upload/league/apps/league-site/media-guides/2024/2024_Record_and_Fact_Book_incl_Supplemental.pdf,2024 NFL Record & Fact Book,official_release,2026-08-27,PDF page 57 (staff page; assistant listing may continue on following pages),"Formal preseason staff title: quarterbacks. Weeks encode the season designation, not independently observed weekly tenure; does not establish play-calling duty."
2024-CLE-head_coach-01-18-kevin-stefanski,https://github.com/nflverse/nflverse-data/releases/download/pbp/play_by_play_2024.parquet,nflverse play-by-play 2024,official_release,2026-08-27,"regular-season team games, weeks 1-18",Observed head coach on each included regular-season game; interval is first through last observed game week.
2024-CLE-offensive_coordinator-01-18-ken-dorsey,https://static.www.nfl.com/image/upload/league/apps/league-site/media-guides/2024/2024_Record_and_Fact_Book_incl_Supplemental.pdf,2024 NFL Record & Fact Book,official_release,2026-08-27,PDF page 63 (staff page; assistant listing may continue on following pages),"Formal preseason staff title: offensive coordinator. Weeks encode the season designation, not independently observed weekly tenure; does not establish play-calling duty."
2024-DAL-head_coach-01-18-mike-mccarthy,https://github.com/nflverse/nflverse-data/releases/download/pbp/play_by_play_2024.parquet,nflverse play-by-play 2024,official_release,2026-08-27,"regular-season team games, weeks 1-18",Observed head coach on each included regular-season game; interval is first through last observed game week.
2024-DAL-offensive_coordinator-01-18-brian-schottenheimer,https://static.www.nfl.com/image/upload/league/apps/league-site/media-guides/2024/2024_Record_and_Fact_Book_incl_Supplemental.pdf,2024 NFL Record & Fact Book,official_release,2026-08-27,PDF page 167 (staff page; assistant listing may continue on following pages),"Formal preseason staff title: offensive coordinator. Weeks encode the season designation, not independently observed weekly tenure; does not establish play-calling duty."
2024-DAL-quarterbacks_coach-01-18-scott-tolzien,https://static.www.nfl.com/image/upload/league/apps/league-site/media-guides/2024/2024_Record_and_Fact_Book_incl_Supplemental.pdf,2024 NFL Record & Fact Book,official_release,2026-08-27,PDF page 167 (staff page; assistant listing may continue on following pages),"Formal preseason staff title: quarterbacks. Weeks encode the season designation, not independently observed weekly tenure; does not establish play-calling duty."
2024-DEN-head_coach-01-18-sean-payton,https://github.com/nflverse/nflverse-data/releases/download/pbp/play_by_play_2024.parquet,nflverse play-by-play 2024,official_release,2026-08-27,"regular-season team games, weeks 1-18",Observed head coach on each included regular-season game; interval is first through last observed game week.
2024-DEN-offensive_coordinator-01-18-joe-lombardi,https://static.www.nfl.com/image/upload/league/apps/league-site/media-guides/2024/2024_Record_and_Fact_Book_incl_Supplemental.pdf,2024 NFL Record & Fact Book,official_release,2026-08-27,PDF page 69 (staff page; assistant listing may continue on following pages),"Formal preseason staff title: offensive coordinator. Weeks encode the season designation, not independently observed weekly tenure; does not establish play-calling duty."
2024-DEN-quarterbacks_coach-01-18-davis-webb,https://static.www.nfl.com/image/upload/league/apps/league-site/media-guides/2024/2024_Record_and_Fact_Book_incl_Supplemental.pdf,2024 NFL Record & Fact Book,official_release,2026-08-27,PDF page 69 (staff page; assistant listing may continue on following pages),"Formal preseason staff title: quarterbacks. Weeks encode the season designation, not independently observed weekly tenure; does not establish play-calling duty."
2024-DET-head_coach-01-18-dan-campbell,https://github.com/nflverse/nflverse-data/releases/download/pbp/play_by_play_2024.parquet,nflverse play-by-play 2024,official_release,2026-08-27,"regular-season team games, weeks 1-18",Observed head coach on each included regular-season game; interval is first through last observed game week.
2024-DET-offensive_coordinator-01-18-ben-johnson,https://static.www.nfl.com/image/upload/league/apps/league-site/media-guides/2024/2024_Record_and_Fact_Book_incl_Supplemental.pdf,2024 NFL Record & Fact Book,official_release,2026-08-27,PDF page 173 (staff page; assistant listing may continue on following pages),"Formal preseason staff title: offensive coordinator. Weeks encode the season designation, not independently observed weekly tenure; does not establish play-calling duty."
2024-DET-quarterbacks_coach-01-18-mark-brunell,https://static.www.nfl.com/image/upload/league/apps/league-site/media-guides/2024/2024_Record_and_Fact_Book_incl_Supplemental.pdf,2024 NFL Record & Fact Book,official_release,2026-08-27,PDF page 173 (staff page; assistant listing may continue on following pages),"Formal preseason staff title: quarterbacks. Weeks encode the season designation, not independently observed weekly tenure; does not establish play-calling duty."
2024-GB-head_coach-01-18-matt-lafleur,https://github.com/nflverse/nflverse-data/releases/download/pbp/play_by_play_2024.parquet,nflverse play-by-play 2024,official_release,2026-08-27,"regular-season team games, weeks 1-18",Observed head coach on each included regular-season game; interval is first through last observed game week.
2024-GB-offensive_coordinator-01-18-adam-stenavich,https://static.www.nfl.com/image/upload/league/apps/league-site/media-guides/2024/2024_Record_and_Fact_Book_incl_Supplemental.pdf,2024 NFL Record & Fact Book,official_release,2026-08-27,PDF page 179 (staff page; assistant listing may continue on following pages),"Formal preseason staff title: offensive coordinator. Weeks encode the season designation, not independently observed weekly tenure; does not establish play-calling duty."
2024-GB-quarterbacks_coach-01-18-tom-clements,https://static.www.nfl.com/image/upload/league/apps/league-site/media-guides/2024/2024_Record_and_Fact_Book_incl_Supplemental.pdf,2024 NFL Record & Fact Book,official_release,2026-08-27,PDF page 179 (staff page; assistant listing may continue on following pages),"Formal preseason staff title: quarterbacks. Weeks encode the season designation, not independently observed weekly tenure; does not establish play-calling duty."
2024-HOU-head_coach-01-18-demeco-ryans,https://github.com/nflverse/nflverse-data/releases/download/pbp/play_by_play_2024.parquet,nflverse play-by-play 2024,official_release,2026-08-27,"regular-season team games, weeks 1-18",Observed head coach on each included regular-season game; interval is first through last observed game week.
2024-HOU-offensive_coordinator-01-18-bobby-slowik,https://static.www.nfl.com/image/upload/league/apps/league-site/media-guides/2024/2024_Record_and_Fact_Book_incl_Supplemental.pdf,2024 NFL Record & Fact Book,official_release,2026-08-27,PDF page 75 (staff page; assistant listing may continue on following pages),"Formal preseason staff title: offensive coordinator. Weeks encode the season designation, not independently observed weekly tenure; does not establish play-calling duty."
2024-IND-head_coach-01-18-shane-steichen,https://github.com/nflverse/nflverse-data/releases/download/pbp/play_by_play_2024.parquet,nflverse play-by-play 2024,official_release,2026-08-27,"regular-season team games, weeks 1-18",Observed head coach on each included regular-season game; interval is first through last observed game week.
2024-IND-quarterbacks_coach-01-18-cam-turner,https://static.www.nfl.com/image/upload/league/apps/league-site/media-guides/2024/2024_Record_and_Fact_Book_incl_Supplemental.pdf,2024 NFL Record & Fact Book,official_release,2026-08-27,PDF page 81 (staff page; assistant listing may continue on following pages),"Formal preseason staff title: quarterbacks. Weeks encode the season designation, not independently observed weekly tenure; does not establish play-calling duty."
2024-JAX-head_coach-01-18-doug-pederson,https://github.com/nflverse/nflverse-data/releases/download/pbp/play_by_play_2024.parquet,nflverse play-by-play 2024,official_release,2026-08-27,"regular-season team games, weeks 1-18",Observed head coach on each included regular-season game; interval is first through last observed game week.
2024-JAX-offensive_coordinator-01-18-press-taylor,https://static.www.nfl.com/image/upload/league/apps/league-site/media-guides/2024/2024_Record_and_Fact_Book_incl_Supplemental.pdf,2024 NFL Record & Fact Book,official_release,2026-08-27,PDF page 87 (staff page; assistant listing may continue on following pages),"Formal preseason staff title: offensive coordinator. Weeks encode the season designation, not independently observed weekly tenure; does not establish play-calling duty."
2024-KC-head_coach-01-18-andy-reid,https://github.com/nflverse/nflverse-data/releases/download/pbp/play_by_play_2024.parquet,nflverse play-by-play 2024,official_release,2026-08-27,"regular-season team games, weeks 1-18",Observed head coach on each included regular-season game; interval is first through last observed game week.
2024-KC-quarterbacks_coach-01-18-david-girardi,https://static.www.nfl.com/image/upload/league/apps/league-site/media-guides/2024/2024_Record_and_Fact_Book_incl_Supplemental.pdf,2024 NFL Record & Fact Book,official_release,2026-08-27,PDF page 93 (staff page; assistant listing may continue on following pages),"Formal preseason staff title: quarterbacks. Weeks encode the season designation, not independently observed weekly tenure; does not establish play-calling duty."
2024-LA-head_coach-01-18-sean-mcvay,https://github.com/nflverse/nflverse-data/releases/download/pbp/play_by_play_2024.parquet,nflverse play-by-play 2024,official_release,2026-08-27,"regular-season team games, weeks 1-18",Observed head coach on each included regular-season game; interval is first through last observed game week.
2024-LA-offensive_coordinator-01-18-mike-lafleur,https://static.www.nfl.com/image/upload/league/apps/league-site/media-guides/2024/2024_Record_and_Fact_Book_incl_Supplemental.pdf,2024 NFL Record & Fact Book,official_release,2026-08-27,PDF page 185 (staff page; assistant listing may continue on following pages),"Formal preseason staff title: offensive coordinator. Weeks encode the season designation, not independently observed weekly tenure; does not establish play-calling duty."
2024-LA-quarterbacks_coach-01-18-dave-ragone,https://static.www.nfl.com/image/upload/league/apps/league-site/media-guides/2024/2024_Record_and_Fact_Book_incl_Supplemental.pdf,2024 NFL Record & Fact Book,official_release,2026-08-27,PDF page 185 (staff page; assistant listing may continue on following pages),"Formal preseason staff title: quarterbacks. Weeks encode the season designation, not independently observed weekly tenure; does not establish play-calling duty."
2024-LAC-head_coach-01-18-jim-harbaugh,https://github.com/nflverse/nflverse-data/releases/download/pbp/play_by_play_2024.parquet,nflverse play-by-play 2024,official_release,2026-08-27,"regular-season team games, weeks 1-18",Observed head coach on each included regular-season game; interval is first through last observed game week.
2024-LAC-offensive_coordinator-01-18-greg-roman,https://static.www.nfl.com/image/upload/league/apps/league-site/media-guides/2024/2024_Record_and_Fact_Book_incl_Supplemental.pdf,2024 NFL Record & Fact Book,official_release,2026-08-27,PDF page 105 (staff page; assistant listing may continue on following pages),"Formal preseason staff title: offensive coordinator. Weeks encode the season designation, not independently observed weekly tenure; does not establish play-calling duty."
2024-LAC-quarterbacks_coach-01-18-shane-day,https://static.www.nfl.com/image/upload/league/apps/league-site/media-guides/2024/2024_Record_and_Fact_Book_incl_Supplemental.pdf,2024 NFL Record & Fact Book,official_release,2026-08-27,PDF page 105 (staff page; assistant listing may continue on following pages),"Formal preseason staff title: quarterbacks. Weeks encode the season designation, not independently observed weekly tenure; does not establish play-calling duty."
2024-LV-head_coach-01-18-antonio-pierce,https://github.com/nflverse/nflverse-data/releases/download/pbp/play_by_play_2024.parquet,nflverse play-by-play 2024,official_release,2026-08-27,"regular-season team games, weeks 1-18",Observed head coach on each included regular-season game; interval is first through last observed game week.
2024-LV-quarterbacks_coach-01-18-rich-scangarello,https://static.www.nfl.com/image/upload/league/apps/league-site/media-guides/2024/2024_Record_and_Fact_Book_incl_Supplemental.pdf,2024 NFL Record & Fact Book,official_release,2026-08-27,PDF page 99 (staff page; assistant listing may continue on following pages),"Formal preseason staff title: quarterbacks. Weeks encode the season designation, not independently observed weekly tenure; does not establish play-calling duty."
2024-MIA-head_coach-01-18-mike-mcdaniel,https://github.com/nflverse/nflverse-data/releases/download/pbp/play_by_play_2024.parquet,nflverse play-by-play 2024,official_release,2026-08-27,"regular-season team games, weeks 1-18",Observed head coach on each included regular-season game; interval is first through last observed game week.
2024-MIA-offensive_coordinator-01-18-frank-smith,https://static.www.nfl.com/image/upload/league/apps/league-site/media-guides/2024/2024_Record_and_Fact_Book_incl_Supplemental.pdf,2024 NFL Record & Fact Book,official_release,2026-08-27,PDF page 111 (staff page; assistant listing may continue on following pages),"Formal preseason staff title: offensive coordinator. Weeks encode the season designation, not independently observed weekly tenure; does not establish play-calling duty."
2024-MIA-quarterbacks_coach-01-18-darrell-bevell,https://static.www.nfl.com/image/upload/league/apps/league-site/media-guides/2024/2024_Record_and_Fact_Book_incl_Supplemental.pdf,2024 NFL Record & Fact Book,official_release,2026-08-27,PDF page 111 (staff page; assistant listing may continue on following pages),"Formal preseason staff title: quarterbacks/pass game coordi-. Weeks encode the season designation, not independently observed weekly tenure; does not establish play-calling duty."
2024-MIN-head_coach-01-18-kevin-o-connell,https://github.com/nflverse/nflverse-data/releases/download/pbp/play_by_play_2024.parquet,nflverse play-by-play 2024,official_release,2026-08-27,"regular-season team games, weeks 1-18",Observed head coach on each included regular-season game; interval is first through last observed game week.
2024-MIN-offensive_coordinator-01-18-wes-phillips,https://static.www.nfl.com/image/upload/league/apps/league-site/media-guides/2024/2024_Record_and_Fact_Book_incl_Supplemental.pdf,2024 NFL Record & Fact Book,official_release,2026-08-27,PDF page 191 (staff page; assistant listing may continue on following pages),"Formal preseason staff title: offensive coordinator. Weeks encode the season designation, not independently observed weekly tenure; does not establish play-calling duty."
2024-MIN-quarterbacks_coach-01-18-josh-mccown,https://static.www.nfl.com/image/upload/league/apps/league-site/media-guides/2024/2024_Record_and_Fact_Book_incl_Supplemental.pdf,2024 NFL Record & Fact Book,official_release,2026-08-27,PDF page 191 (staff page; assistant listing may continue on following pages),"Formal preseason staff title: quarterbacks. Weeks encode the season designation, not independently observed weekly tenure; does not establish play-calling duty."
2024-NE-head_coach-01-18-jerod-mayo,https://github.com/nflverse/nflverse-data/releases/download/pbp/play_by_play_2024.parquet,nflverse play-by-play 2024,official_release,2026-08-27,"regular-season team games, weeks 1-18",Observed head coach on each included regular-season game; interval is first through last observed game week.
2024-NE-offensive_coordinator-01-18-alex-van-pelt,https://static.www.nfl.com/image/upload/league/apps/league-site/media-guides/2024/2024_Record_and_Fact_Book_incl_Supplemental.pdf,2024 NFL Record & Fact Book,official_release,2026-08-27,PDF page 117 (staff page; assistant listing may continue on following pages),"Formal preseason staff title: offensive coordinator. Weeks encode the season designation, not independently observed weekly tenure; does not establish play-calling duty."
2024-NO-head_coach-01-18-dennis-allen,https://github.com/nflverse/nflverse-data/releases/download/pbp/play_by_play_2024.parquet,nflverse play-by-play 2024,official_release,2026-08-27,"regular-season team games, weeks 1-18",Observed head coach on each included regular-season game; interval is first through last observed game week.
2024-NO-offensive_coordinator-01-18-klint-kubiak,https://static.www.nfl.com/image/upload/league/apps/league-site/media-guides/2024/2024_Record_and_Fact_Book_incl_Supplemental.pdf,2024 NFL Record & Fact Book,official_release,2026-08-27,PDF page 197 (staff page; assistant listing may continue on following pages),"Formal preseason staff title: offensive coordinator. Weeks encode the season designation, not independently observed weekly tenure; does not establish play-calling duty."
2024-NO-quarterbacks_coach-01-18-andrew-janocko,https://static.www.nfl.com/image/upload/league/apps/league-site/media-guides/2024/2024_Record_and_Fact_Book_incl_Supplemental.pdf,2024 NFL Record & Fact Book,official_release,2026-08-27,PDF page 197 (staff page; assistant listing may continue on following pages),"Formal preseason staff title: quarterbacks. Weeks encode the season designation, not independently observed weekly tenure; does not establish play-calling duty."
2024-NYG-head_coach-01-18-brian-daboll,https://github.com/nflverse/nflverse-data/releases/download/pbp/play_by_play_2024.parquet,nflverse play-by-play 2024,official_release,2026-08-27,"regular-season team games, weeks 1-18",Observed head coach on each included regular-season game; interval is first through last observed game week.
2024-NYJ-head_coach-01-18-robert-saleh,https://github.com/nflverse/nflverse-data/releases/download/pbp/play_by_play_2024.parquet,nflverse play-by-play 2024,official_release,2026-08-27,"regular-season team games, weeks 1-18",Observed head coach on each included regular-season game; interval is first through last observed game week.
2024-NYJ-offensive_coordinator-01-18-nathaniel-hackett,https://static.www.nfl.com/image/upload/league/apps/league-site/media-guides/2024/2024_Record_and_Fact_Book_incl_Supplemental.pdf,2024 NFL Record & Fact Book,official_release,2026-08-27,PDF page 123 (staff page; assistant listing may continue on following pages),"Formal preseason staff title: offensive coordinator. Weeks encode the season designation, not independently observed weekly tenure; does not establish play-calling duty."
2024-PHI-head_coach-01-18-nick-sirianni,https://github.com/nflverse/nflverse-data/releases/download/pbp/play_by_play_2024.parquet,nflverse play-by-play 2024,official_release,2026-08-27,"regular-season team games, weeks 1-18",Observed head coach on each included regular-season game; interval is first through last observed game week.
2024-PHI-quarterbacks_coach-01-18-doug-nussmeier,https://static.www.nfl.com/image/upload/league/apps/league-site/media-guides/2024/2024_Record_and_Fact_Book_incl_Supplemental.pdf,2024 NFL Record & Fact Book,official_release,2026-08-27,PDF page 209 (staff page; assistant listing may continue on following pages),"Formal preseason staff title: quarterbacks. Weeks encode the season designation, not independently observed weekly tenure; does not establish play-calling duty."
2024-PIT-head_coach-01-18-mike-tomlin,https://github.com/nflverse/nflverse-data/releases/download/pbp/play_by_play_2024.parquet,nflverse play-by-play 2024,official_release,2026-08-27,"regular-season team games, weeks 1-18",Observed head coach on each included regular-season game; interval is first through last observed game week.
2024-PIT-offensive_coordinator-01-18-arthur-smith,https://static.www.nfl.com/image/upload/league/apps/league-site/media-guides/2024/2024_Record_and_Fact_Book_incl_Supplemental.pdf,2024 NFL Record & Fact Book,official_release,2026-08-27,PDF page 129 (staff page; assistant listing may continue on following pages),"Formal preseason staff title: offensive coordinator. Weeks encode the season designation, not independently observed weekly tenure; does not establish play-calling duty."
2024-PIT-quarterbacks_coach-01-18-tom-arth,https://static.www.nfl.com/image/upload/league/apps/league-site/media-guides/2024/2024_Record_and_Fact_Book_incl_Supplemental.pdf,2024 NFL Record & Fact Book,official_release,2026-08-27,PDF page 129 (staff page; assistant listing may continue on following pages),"Formal preseason staff title: quarterbacks. Weeks encode the season designation, not independently observed weekly tenure; does not establish play-calling duty."
2024-SEA-head_coach-01-18-mike-macdonald,https://github.com/nflverse/nflverse-data/releases/download/pbp/play_by_play_2024.parquet,nflverse play-by-play 2024,official_release,2026-08-27,"regular-season team games, weeks 1-18",Observed head coach on each included regular-season game; interval is first through last observed game week.
2024-SEA-offensive_coordinator-01-18-ryan-grubb,https://static.www.nfl.com/image/upload/league/apps/league-site/media-guides/2024/2024_Record_and_Fact_Book_incl_Supplemental.pdf,2024 NFL Record & Fact Book,official_release,2026-08-27,PDF page 221 (staff page; assistant listing may continue on following pages),"Formal preseason staff title: offensive coordinator. Weeks encode the season designation, not independently observed weekly tenure; does not establish play-calling duty."
2024-SEA-quarterbacks_coach-01-18-charles-london,https://static.www.nfl.com/image/upload/league/apps/league-site/media-guides/2024/2024_Record_and_Fact_Book_incl_Supplemental.pdf,2024 NFL Record & Fact Book,official_release,2026-08-27,PDF page 221 (staff page; assistant listing may continue on following pages),"Formal preseason staff title: quarterbacks. Weeks encode the season designation, not independently observed weekly tenure; does not establish play-calling duty."
2024-SF-head_coach-01-18-kyle-shanahan,https://github.com/nflverse/nflverse-data/releases/download/pbp/play_by_play_2024.parquet,nflverse play-by-play 2024,official_release,2026-08-27,"regular-season team games, weeks 1-18",Observed head coach on each included regular-season game; interval is first through last observed game week.
2024-SF-quarterbacks_coach-01-18-brian-griese,https://static.www.nfl.com/image/upload/league/apps/league-site/media-guides/2024/2024_Record_and_Fact_Book_incl_Supplemental.pdf,2024 NFL Record & Fact Book,official_release,2026-08-27,PDF page 215 (staff page; assistant listing may continue on following pages),"Formal preseason staff title: quarterbacks. Weeks encode the season designation, not independently observed weekly tenure; does not establish play-calling duty."
2024-TB-head_coach-01-18-todd-bowles,https://github.com/nflverse/nflverse-data/releases/download/pbp/play_by_play_2024.parquet,nflverse play-by-play 2024,official_release,2026-08-27,"regular-season team games, weeks 1-18",Observed head coach on each included regular-season game; interval is first through last observed game week.
2024-TB-offensive_coordinator-01-18-liam-coen,https://static.www.nfl.com/image/upload/league/apps/league-site/media-guides/2024/2024_Record_and_Fact_Book_incl_Supplemental.pdf,2024 NFL Record & Fact Book,official_release,2026-08-27,PDF page 227 (staff page; assistant listing may continue on following pages),"Formal preseason staff title: offensive coordinator. Weeks encode the season designation, not independently observed weekly tenure; does not establish play-calling duty."
2024-TB-quarterbacks_coach-01-18-thaddeus-lewis,https://static.www.nfl.com/image/upload/league/apps/league-site/media-guides/2024/2024_Record_and_Fact_Book_incl_Supplemental.pdf,2024 NFL Record & Fact Book,official_release,2026-08-27,PDF page 227 (staff page; assistant listing may continue on following pages),"Formal preseason staff title: quarterbacks. Weeks encode the season designation, not independently observed weekly tenure; does not establish play-calling duty."
2024-TEN-head_coach-01-18-brian-callahan,https://github.com/nflverse/nflverse-data/releases/download/pbp/play_by_play_2024.parquet,nflverse play-by-play 2024,official_release,2026-08-27,"regular-season team games, weeks 1-18",Observed head coach on each included regular-season game; interval is first through last observed game week.
2024-TEN-offensive_coordinator-01-18-nick-holz,https://static.www.nfl.com/image/upload/league/apps/league-site/media-guides/2024/2024_Record_and_Fact_Book_incl_Supplemental.pdf,2024 NFL Record & Fact Book,official_release,2026-08-27,PDF page 135 (staff page; assistant listing may continue on following pages),"Formal preseason staff title: offensive coordinator. Weeks encode the season designation, not independently observed weekly tenure; does not establish play-calling duty."
2024-TEN-quarterbacks_coach-01-18-bo-hardegree,https://static.www.nfl.com/image/upload/league/apps/league-site/media-guides/2024/2024_Record_and_Fact_Book_incl_Supplemental.pdf,2024 NFL Record & Fact Book,official_release,2026-08-27,PDF page 135 (staff page; assistant listing may continue on following pages),"Formal preseason staff title: quarterbacks. Weeks encode the season designation, not independently observed weekly tenure; does not establish play-calling duty."
2024-WAS-head_coach-01-18-dan-quinn,https://github.com/nflverse/nflverse-data/releases/download/pbp/play_by_play_2024.parquet,nflverse play-by-play 2024,official_release,2026-08-27,"regular-season team games, weeks 1-18",Observed head coach on each included regular-season game; interval is first through last observed game week.
2024-WAS-offensive_coordinator-01-18-kliff-kingsbury,https://static.www.nfl.com/image/upload/league/apps/league-site/media-guides/2024/2024_Record_and_Fact_Book_incl_Supplemental.pdf,2024 NFL Record & Fact Book,official_release,2026-08-27,PDF page 233 (staff page; assistant listing may continue on following pages),"Formal preseason staff title: offensive coordinator. Weeks encode the season designation, not independently observed weekly tenure; does not establish play-calling duty."
2024-WAS-quarterbacks_coach-01-18-tavita-pritchard,https://static.www.nfl.com/image/upload/league/apps/league-site/media-guides/2024/2024_Record_and_Fact_Book_incl_Supplemental.pdf,2024 NFL Record & Fact Book,official_release,2026-08-27,PDF page 233 (staff page; assistant listing may continue on following pages),"Formal preseason staff title: quarterbacks. Weeks encode the season designation, not independently observed weekly tenure; does not establish play-calling duty."
2025-ARI-head_coach-01-18-jonathan-gannon,https://github.com/nflverse/nflverse-data/releases/download/pbp/play_by_play_2025.parquet,nflverse play-by-play 2025,official_release,2026-08-27,"regular-season team games, weeks 1-18",Observed head coach on each included regular-season game; interval is first through last observed game week.
2025-ARI-quarterbacks_coach-01-18-israel-woolfork,https://static.clubs.nfl.com/image/upload/patriots/fvc6qgwyqlztq1muztpi.pdf,2025 NFL Record & Fact Book,official_release,2026-08-27,PDF page 148 (staff page; assistant listing may continue on following pages),"Formal preseason staff title: quarterbacks. Weeks encode the season designation, not independently observed weekly tenure; does not establish play-calling duty."
2025-ATL-head_coach-01-18-raheem-morris,https://github.com/nflverse/nflverse-data/releases/download/pbp/play_by_play_2025.parquet,nflverse play-by-play 2025,official_release,2026-08-27,"regular-season team games, weeks 1-18",Observed head coach on each included regular-season game; interval is first through last observed game week.
2025-ATL-quarterbacks_coach-01-18-d-j-williams,https://static.clubs.nfl.com/image/upload/patriots/fvc6qgwyqlztq1muztpi.pdf,2025 NFL Record & Fact Book,official_release,2026-08-27,PDF page 154 (staff page; assistant listing may continue on following pages),"Formal preseason staff title: quarterbacks. Weeks encode the season designation, not independently observed weekly tenure; does not establish play-calling duty."
2025-BAL-head_coach-01-18-john-harbaugh,https://github.com/nflverse/nflverse-data/releases/download/pbp/play_by_play_2025.parquet,nflverse play-by-play 2025,official_release,2026-08-27,"regular-season team games, weeks 1-18",Observed head coach on each included regular-season game; interval is first through last observed game week.
2025-BAL-offensive_coordinator-01-18-todd-monken,https://static.clubs.nfl.com/image/upload/patriots/fvc6qgwyqlztq1muztpi.pdf,2025 NFL Record & Fact Book,official_release,2026-08-27,PDF page 50 (staff page; assistant listing may continue on following pages),"Formal preseason staff title: offensive coordinator. Weeks encode the season designation, not independently observed weekly tenure; does not establish play-calling duty."
2025-BAL-quarterbacks_coach-01-18-tee-martin,https://static.clubs.nfl.com/image/upload/patriots/fvc6qgwyqlztq1muztpi.pdf,2025 NFL Record & Fact Book,official_release,2026-08-27,PDF page 50 (staff page; assistant listing may continue on following pages),"Formal preseason staff title: quarterbacks. Weeks encode the season designation, not independently observed weekly tenure; does not establish play-calling duty."
2025-BUF-head_coach-01-18-sean-mcdermott,https://github.com/nflverse/nflverse-data/releases/download/pbp/play_by_play_2025.parquet,nflverse play-by-play 2025,official_release,2026-08-27,"regular-season team games, weeks 1-18",Observed head coach on each included regular-season game; interval is first through last observed game week.
2025-BUF-offensive_coordinator-01-18-joe-brady,https://static.clubs.nfl.com/image/upload/patriots/fvc6qgwyqlztq1muztpi.pdf,2025 NFL Record & Fact Book,official_release,2026-08-27,PDF page 56 (staff page; assistant listing may continue on following pages),"Formal preseason staff title: offensive coordinator. Weeks encode the season designation, not independently observed weekly tenure; does not establish play-calling duty."
2025-BUF-quarterbacks_coach-01-18-ronald-curry,https://static.clubs.nfl.com/image/upload/patriots/fvc6qgwyqlztq1muztpi.pdf,2025 NFL Record & Fact Book,official_release,2026-08-27,PDF page 56 (staff page; assistant listing may continue on following pages),"Formal preseason staff title: quarterbacks. Weeks encode the season designation, not independently observed weekly tenure; does not establish play-calling duty."
2025-CAR-head_coach-01-18-dave-canales,https://github.com/nflverse/nflverse-data/releases/download/pbp/play_by_play_2025.parquet,nflverse play-by-play 2025,official_release,2026-08-27,"regular-season team games, weeks 1-18",Observed head coach on each included regular-season game; interval is first through last observed game week.
2025-CAR-quarterbacks_coach-01-18-will-harriger,https://static.clubs.nfl.com/image/upload/patriots/fvc6qgwyqlztq1muztpi.pdf,2025 NFL Record & Fact Book,official_release,2026-08-27,PDF page 160 (staff page; assistant listing may continue on following pages),"Formal preseason staff title: quarterbacks. Weeks encode the season designation, not independently observed weekly tenure; does not establish play-calling duty."
2025-CHI-head_coach-01-18-ben-johnson,https://github.com/nflverse/nflverse-data/releases/download/pbp/play_by_play_2025.parquet,nflverse play-by-play 2025,official_release,2026-08-27,"regular-season team games, weeks 1-18",Observed head coach on each included regular-season game; interval is first through last observed game week.
2025-CHI-offensive_coordinator-01-18-declan-doyle,https://static.clubs.nfl.com/image/upload/patriots/fvc6qgwyqlztq1muztpi.pdf,2025 NFL Record & Fact Book,official_release,2026-08-27,PDF page 166 (staff page; assistant listing may continue on following pages),"Formal preseason staff title: offensive coordinator. Weeks encode the season designation, not independently observed weekly tenure; does not establish play-calling duty."
2025-CHI-quarterbacks_coach-01-18-j-t-barrett,https://static.clubs.nfl.com/image/upload/patriots/fvc6qgwyqlztq1muztpi.pdf,2025 NFL Record & Fact Book,official_release,2026-08-27,PDF page 166 (staff page; assistant listing may continue on following pages),"Formal preseason staff title: quarterbacks. Weeks encode the season designation, not independently observed weekly tenure; does not establish play-calling duty."
2025-CIN-head_coach-01-18-zac-taylor,https://github.com/nflverse/nflverse-data/releases/download/pbp/play_by_play_2025.parquet,nflverse play-by-play 2025,official_release,2026-08-27,"regular-season team games, weeks 1-18",Observed head coach on each included regular-season game; interval is first through last observed game week.
2025-CIN-quarterbacks_coach-01-18-brad-kragthorpe,https://static.clubs.nfl.com/image/upload/patriots/fvc6qgwyqlztq1muztpi.pdf,2025 NFL Record & Fact Book,official_release,2026-08-27,PDF page 62 (staff page; assistant listing may continue on following pages),"Formal preseason staff title: quarterbacks. Weeks encode the season designation, not independently observed weekly tenure; does not establish play-calling duty."
2025-CLE-head_coach-01-18-kevin-stefanski,https://github.com/nflverse/nflverse-data/releases/download/pbp/play_by_play_2025.parquet,nflverse play-by-play 2025,official_release,2026-08-27,"regular-season team games, weeks 1-18",Observed head coach on each included regular-season game; interval is first through last observed game week.
2025-CLE-offensive_coordinator-01-18-tommy-rees,https://static.clubs.nfl.com/image/upload/patriots/fvc6qgwyqlztq1muztpi.pdf,2025 NFL Record & Fact Book,official_release,2026-08-27,PDF page 68 (staff page; assistant listing may continue on following pages),"Formal preseason staff title: offensive coordinator. Weeks encode the season designation, not independently observed weekly tenure; does not establish play-calling duty."
2025-CLE-quarterbacks_coach-01-18-bill-musgrave,https://static.clubs.nfl.com/image/upload/patriots/fvc6qgwyqlztq1muztpi.pdf,2025 NFL Record & Fact Book,official_release,2026-08-27,PDF page 68 (staff page; assistant listing may continue on following pages),"Formal preseason staff title: quarterbacks. Weeks encode the season designation, not independently observed weekly tenure; does not establish play-calling duty."
2025-DAL-head_coach-01-18-brian-schottenheimer,https://github.com/nflverse/nflverse-data/releases/download/pbp/play_by_play_2025.parquet,nflverse play-by-play 2025,official_release,2026-08-27,"regular-season team games, weeks 1-18",Observed head coach on each included regular-season game; interval is first through last observed game week.
2025-DAL-offensive_coordinator-01-18-klayton-adams,https://static.clubs.nfl.com/image/upload/patriots/fvc6qgwyqlztq1muztpi.pdf,2025 NFL Record & Fact Book,official_release,2026-08-27,PDF page 172 (staff page; assistant listing may continue on following pages),"Formal preseason staff title: offensive coordinator. Weeks encode the season designation, not independently observed weekly tenure; does not establish play-calling duty."
2025-DAL-quarterbacks_coach-01-18-steve-shimko,https://static.clubs.nfl.com/image/upload/patriots/fvc6qgwyqlztq1muztpi.pdf,2025 NFL Record & Fact Book,official_release,2026-08-27,PDF page 172 (staff page; assistant listing may continue on following pages),"Formal preseason staff title: quarterbacks. Weeks encode the season designation, not independently observed weekly tenure; does not establish play-calling duty."
2025-DEN-head_coach-01-18-sean-payton,https://github.com/nflverse/nflverse-data/releases/download/pbp/play_by_play_2025.parquet,nflverse play-by-play 2025,official_release,2026-08-27,"regular-season team games, weeks 1-18",Observed head coach on each included regular-season game; interval is first through last observed game week.
2025-DEN-offensive_coordinator-01-18-joe-lombardi,https://static.clubs.nfl.com/image/upload/patriots/fvc6qgwyqlztq1muztpi.pdf,2025 NFL Record & Fact Book,official_release,2026-08-27,PDF page 74 (staff page; assistant listing may continue on following pages),"Formal preseason staff title: offensive coordinator. Weeks encode the season designation, not independently observed weekly tenure; does not establish play-calling duty."
2025-DET-head_coach-01-18-dan-campbell,https://github.com/nflverse/nflverse-data/releases/download/pbp/play_by_play_2025.parquet,nflverse play-by-play 2025,official_release,2026-08-27,"regular-season team games, weeks 1-18",Observed head coach on each included regular-season game; interval is first through last observed game week.
2025-DET-offensive_coordinator-01-18-john-morton,https://static.clubs.nfl.com/image/upload/patriots/fvc6qgwyqlztq1muztpi.pdf,2025 NFL Record & Fact Book,official_release,2026-08-27,PDF page 178 (staff page; assistant listing may continue on following pages),"Formal preseason staff title: offensive coordinator. Weeks encode the season designation, not independently observed weekly tenure; does not establish play-calling duty."
2025-DET-quarterbacks_coach-01-18-mark-brunell,https://static.clubs.nfl.com/image/upload/patriots/fvc6qgwyqlztq1muztpi.pdf,2025 NFL Record & Fact Book,official_release,2026-08-27,PDF page 178 (staff page; assistant listing may continue on following pages),"Formal preseason staff title: quarterbacks. Weeks encode the season designation, not independently observed weekly tenure; does not establish play-calling duty."
2025-GB-head_coach-01-18-matt-lafleur,https://github.com/nflverse/nflverse-data/releases/download/pbp/play_by_play_2025.parquet,nflverse play-by-play 2025,official_release,2026-08-27,"regular-season team games, weeks 1-18",Observed head coach on each included regular-season game; interval is first through last observed game week.
2025-GB-offensive_coordinator-01-18-adam-stenavich,https://static.clubs.nfl.com/image/upload/patriots/fvc6qgwyqlztq1muztpi.pdf,2025 NFL Record & Fact Book,official_release,2026-08-27,PDF page 184 (staff page; assistant listing may continue on following pages),"Formal preseason staff title: offensive coordinator. Weeks encode the season designation, not independently observed weekly tenure; does not establish play-calling duty."
2025-GB-quarterbacks_coach-01-18-sean-mannion,https://static.clubs.nfl.com/image/upload/patriots/fvc6qgwyqlztq1muztpi.pdf,2025 NFL Record & Fact Book,official_release,2026-08-27,PDF page 184 (staff page; assistant listing may continue on following pages),"Formal preseason staff title: quarterbacks. Weeks encode the season designation, not independently observed weekly tenure; does not establish play-calling duty."
2025-HOU-head_coach-01-18-demeco-ryans,https://github.com/nflverse/nflverse-data/releases/download/pbp/play_by_play_2025.parquet,nflverse play-by-play 2025,official_release,2026-08-27,"regular-season team games, weeks 1-18",Observed head coach on each included regular-season game; interval is first through last observed game week.
2025-HOU-offensive_coordinator-01-18-nick-caley,https://static.clubs.nfl.com/image/upload/patriots/fvc6qgwyqlztq1muztpi.pdf,2025 NFL Record & Fact Book,official_release,2026-08-27,PDF page 80 (staff page; assistant listing may continue on following pages),"Formal preseason staff title: offensive coordinator. Weeks encode the season designation, not independently observed weekly tenure; does not establish play-calling duty."
2025-IND-head_coach-01-18-shane-steichen,https://github.com/nflverse/nflverse-data/releases/download/pbp/play_by_play_2025.parquet,nflverse play-by-play 2025,official_release,2026-08-27,"regular-season team games, weeks 1-18",Observed head coach on each included regular-season game; interval is first through last observed game week.
2025-IND-offensive_coordinator-01-18-jim-bob-cooter,https://static.clubs.nfl.com/image/upload/patriots/fvc6qgwyqlztq1muztpi.pdf,2025 NFL Record & Fact Book,official_release,2026-08-27,PDF page 86 (staff page; assistant listing may continue on following pages),"Formal preseason staff title: offensive coordinator. Weeks encode the season designation, not independently observed weekly tenure; does not establish play-calling duty."
2025-IND-quarterbacks_coach-01-18-cam-turner,https://static.clubs.nfl.com/image/upload/patriots/fvc6qgwyqlztq1muztpi.pdf,2025 NFL Record & Fact Book,official_release,2026-08-27,PDF page 86 (staff page; assistant listing may continue on following pages),"Formal preseason staff title: quarterbacks. Weeks encode the season designation, not independently observed weekly tenure; does not establish play-calling duty."
2025-JAX-head_coach-01-18-liam-coen,https://github.com/nflverse/nflverse-data/releases/download/pbp/play_by_play_2025.parquet,nflverse play-by-play 2025,official_release,2026-08-27,"regular-season team games, weeks 1-18",Observed head coach on each included regular-season game; interval is first through last observed game week.
2025-JAX-quarterbacks_coach-01-18-spencer-whipple,https://static.clubs.nfl.com/image/upload/patriots/fvc6qgwyqlztq1muztpi.pdf,2025 NFL Record & Fact Book,official_release,2026-08-27,PDF page 92 (staff page; assistant listing may continue on following pages),"Formal preseason staff title: quarterbacks. Weeks encode the season designation, not independently observed weekly tenure; does not establish play-calling duty."
2025-KC-head_coach-01-18-andy-reid,https://github.com/nflverse/nflverse-data/releases/download/pbp/play_by_play_2025.parquet,nflverse play-by-play 2025,official_release,2026-08-27,"regular-season team games, weeks 1-18",Observed head coach on each included regular-season game; interval is first through last observed game week.
2025-KC-offensive_coordinator-01-18-matt-nagy,https://static.clubs.nfl.com/image/upload/patriots/fvc6qgwyqlztq1muztpi.pdf,2025 NFL Record & Fact Book,official_release,2026-08-27,PDF page 98 (staff page; assistant listing may continue on following pages),"Formal preseason staff title: offensive coordinator. Weeks encode the season designation, not independently observed weekly tenure; does not establish play-calling duty."
2025-KC-quarterbacks_coach-01-18-david-girardi,https://static.clubs.nfl.com/image/upload/patriots/fvc6qgwyqlztq1muztpi.pdf,2025 NFL Record & Fact Book,official_release,2026-08-27,PDF page 98 (staff page; assistant listing may continue on following pages),"Formal preseason staff title: quarterbacks. Weeks encode the season designation, not independently observed weekly tenure; does not establish play-calling duty."
2025-LA-head_coach-01-18-sean-mcvay,https://github.com/nflverse/nflverse-data/releases/download/pbp/play_by_play_2025.parquet,nflverse play-by-play 2025,official_release,2026-08-27,"regular-season team games, weeks 1-18",Observed head coach on each included regular-season game; interval is first through last observed game week.
2025-LA-offensive_coordinator-01-18-mike-lafleur,https://static.clubs.nfl.com/image/upload/patriots/fvc6qgwyqlztq1muztpi.pdf,2025 NFL Record & Fact Book,official_release,2026-08-27,PDF page 190 (staff page; assistant listing may continue on following pages),"Formal preseason staff title: offensive coordinator. Weeks encode the season designation, not independently observed weekly tenure; does not establish play-calling duty."
2025-LA-quarterbacks_coach-01-18-dave-ragone,https://static.clubs.nfl.com/image/upload/patriots/fvc6qgwyqlztq1muztpi.pdf,2025 NFL Record & Fact Book,official_release,2026-08-27,PDF page 190 (staff page; assistant listing may continue on following pages),"Formal preseason staff title: quarterbacks. Weeks encode the season designation, not independently observed weekly tenure; does not establish play-calling duty."
2025-LAC-head_coach-01-18-jim-harbaugh,https://github.com/nflverse/nflverse-data/releases/download/pbp/play_by_play_2025.parquet,nflverse play-by-play 2025,official_release,2026-08-27,"regular-season team games, weeks 1-18",Observed head coach on each included regular-season game; interval is first through last observed game week.
2025-LAC-offensive_coordinator-01-18-greg-roman,https://static.clubs.nfl.com/image/upload/patriots/fvc6qgwyqlztq1muztpi.pdf,2025 NFL Record & Fact Book,official_release,2026-08-27,PDF page 110 (staff page; assistant listing may continue on following pages),"Formal preseason staff title: offensive coordinator. Weeks encode the season designation, not independently observed weekly tenure; does not establish play-calling duty."
2025-LAC-quarterbacks_coach-01-18-shane-day,https://static.clubs.nfl.com/image/upload/patriots/fvc6qgwyqlztq1muztpi.pdf,2025 NFL Record & Fact Book,official_release,2026-08-27,PDF page 110 (staff page; assistant listing may continue on following pages),"Formal preseason staff title: quarterbacks. Weeks encode the season designation, not independently observed weekly tenure; does not establish play-calling duty."
2025-LV-head_coach-01-18-pete-carroll,https://github.com/nflverse/nflverse-data/releases/download/pbp/play_by_play_2025.parquet,nflverse play-by-play 2025,official_release,2026-08-27,"regular-season team games, weeks 1-18",Observed head coach on each included regular-season game; interval is first through last observed game week.
2025-LV-offensive_coordinator-01-18-chip-kelly,https://static.clubs.nfl.com/image/upload/patriots/fvc6qgwyqlztq1muztpi.pdf,2025 NFL Record & Fact Book,official_release,2026-08-27,PDF page 104 (staff page; assistant listing may continue on following pages),"Formal preseason staff title: offensive coordinator. Weeks encode the season designation, not independently observed weekly tenure; does not establish play-calling duty."
2025-LV-quarterbacks_coach-01-18-greg-olson,https://static.clubs.nfl.com/image/upload/patriots/fvc6qgwyqlztq1muztpi.pdf,2025 NFL Record & Fact Book,official_release,2026-08-27,PDF page 104 (staff page; assistant listing may continue on following pages),"Formal preseason staff title: quarterbacks. Weeks encode the season designation, not independently observed weekly tenure; does not establish play-calling duty."
2025-MIA-head_coach-01-18-mike-mcdaniel,https://github.com/nflverse/nflverse-data/releases/download/pbp/play_by_play_2025.parquet,nflverse play-by-play 2025,official_release,2026-08-27,"regular-season team games, weeks 1-18",Observed head coach on each included regular-season game; interval is first through last observed game week.
2025-MIA-offensive_coordinator-01-18-frank-smith,https://static.clubs.nfl.com/image/upload/patriots/fvc6qgwyqlztq1muztpi.pdf,2025 NFL Record & Fact Book,official_release,2026-08-27,PDF page 116 (staff page; assistant listing may continue on following pages),"Formal preseason staff title: offensive coordinator. Weeks encode the season designation, not independently observed weekly tenure; does not establish play-calling duty."
2025-MIA-quarterbacks_coach-01-18-darrell-bevell,https://static.clubs.nfl.com/image/upload/patriots/fvc6qgwyqlztq1muztpi.pdf,2025 NFL Record & Fact Book,official_release,2026-08-27,PDF page 116 (staff page; assistant listing may continue on following pages),"Formal preseason staff title: quarterbacks/pass game coordi-. Weeks encode the season designation, not independently observed weekly tenure; does not establish play-calling duty."
2025-MIN-head_coach-01-18-kevin-o-connell,https://github.com/nflverse/nflverse-data/releases/download/pbp/play_by_play_2025.parquet,nflverse play-by-play 2025,official_release,2026-08-27,"regular-season team games, weeks 1-18",Observed head coach on each included regular-season game; interval is first through last observed game week.
2025-MIN-offensive_coordinator-01-18-wes-phillips,https://static.clubs.nfl.com/image/upload/patriots/fvc6qgwyqlztq1muztpi.pdf,2025 NFL Record & Fact Book,official_release,2026-08-27,PDF page 196 (staff page; assistant listing may continue on following pages),"Formal preseason staff title: offensive coordinator. Weeks encode the season designation, not independently observed weekly tenure; does not establish play-calling duty."
2025-NE-head_coach-01-18-mike-vrabel,https://github.com/nflverse/nflverse-data/releases/download/pbp/play_by_play_2025.parquet,nflverse play-by-play 2025,official_release,2026-08-27,"regular-season team games, weeks 1-18",Observed head coach on each included regular-season game; interval is first through last observed game week.
2025-NE-offensive_coordinator-01-18-josh-mcdaniels,https://static.clubs.nfl.com/image/upload/patriots/fvc6qgwyqlztq1muztpi.pdf,2025 NFL Record & Fact Book,official_release,2026-08-27,PDF page 122 (staff page; assistant listing may continue on following pages),"Formal preseason staff title: offensive coordinator. Weeks encode the season designation, not independently observed weekly tenure; does not establish play-calling duty."
2025-NE-quarterbacks_coach-01-18-ashton-grant,https://static.clubs.nfl.com/image/upload/patriots/fvc6qgwyqlztq1muztpi.pdf,2025 NFL Record & Fact Book,official_release,2026-08-27,PDF page 122 (staff page; assistant listing may continue on following pages),"Formal preseason staff title: quarterbacks. Weeks encode the season designation, not independently observed weekly tenure; does not establish play-calling duty."
2025-NO-head_coach-01-18-kellen-moore,https://github.com/nflverse/nflverse-data/releases/download/pbp/play_by_play_2025.parquet,nflverse play-by-play 2025,official_release,2026-08-27,"regular-season team games, weeks 1-18",Observed head coach on each included regular-season game; interval is first through last observed game week.
2025-NO-offensive_coordinator-01-18-doug-nussmeier,https://static.clubs.nfl.com/image/upload/patriots/fvc6qgwyqlztq1muztpi.pdf,2025 NFL Record & Fact Book,official_release,2026-08-27,PDF page 202 (staff page; assistant listing may continue on following pages),"Formal preseason staff title: offensive coordinator. Weeks encode the season designation, not independently observed weekly tenure; does not establish play-calling duty."
2025-NO-quarterbacks_coach-01-18-scott-tolzien,https://static.clubs.nfl.com/image/upload/patriots/fvc6qgwyqlztq1muztpi.pdf,2025 NFL Record & Fact Book,official_release,2026-08-27,PDF page 202 (staff page; assistant listing may continue on following pages),"Formal preseason staff title: quarterbacks. Weeks encode the season designation, not independently observed weekly tenure; does not establish play-calling duty."
2025-NYG-head_coach-01-18-brian-daboll,https://github.com/nflverse/nflverse-data/releases/download/pbp/play_by_play_2025.parquet,nflverse play-by-play 2025,official_release,2026-08-27,"regular-season team games, weeks 1-18",Observed head coach on each included regular-season game; interval is first through last observed game week.
2025-NYJ-head_coach-01-18-aaron-glenn,https://github.com/nflverse/nflverse-data/releases/download/pbp/play_by_play_2025.parquet,nflverse play-by-play 2025,official_release,2026-08-27,"regular-season team games, weeks 1-18",Observed head coach on each included regular-season game; interval is first through last observed game week.
2025-NYJ-offensive_coordinator-01-18-tanner-engstrand,https://static.clubs.nfl.com/image/upload/patriots/fvc6qgwyqlztq1muztpi.pdf,2025 NFL Record & Fact Book,official_release,2026-08-27,PDF page 128 (staff page; assistant listing may continue on following pages),"Formal preseason staff title: offensive coordinator. Weeks encode the season designation, not independently observed weekly tenure; does not establish play-calling duty."
2025-NYJ-quarterbacks_coach-01-18-charles-london,https://static.clubs.nfl.com/image/upload/patriots/fvc6qgwyqlztq1muztpi.pdf,2025 NFL Record & Fact Book,official_release,2026-08-27,PDF page 128 (staff page; assistant listing may continue on following pages),"Formal preseason staff title: quarterbacks. Weeks encode the season designation, not independently observed weekly tenure; does not establish play-calling duty."
2025-PHI-head_coach-01-18-nick-sirianni,https://github.com/nflverse/nflverse-data/releases/download/pbp/play_by_play_2025.parquet,nflverse play-by-play 2025,official_release,2026-08-27,"regular-season team games, weeks 1-18",Observed head coach on each included regular-season game; interval is first through last observed game week.
2025-PHI-offensive_coordinator-01-18-kevin-patullo,https://static.clubs.nfl.com/image/upload/patriots/fvc6qgwyqlztq1muztpi.pdf,2025 NFL Record & Fact Book,official_release,2026-08-27,PDF page 214 (staff page; assistant listing may continue on following pages),"Formal preseason staff title: offensive coordinator. Weeks encode the season designation, not independently observed weekly tenure; does not establish play-calling duty."
2025-PHI-quarterbacks_coach-01-18-scot-loeffler,https://static.clubs.nfl.com/image/upload/patriots/fvc6qgwyqlztq1muztpi.pdf,2025 NFL Record & Fact Book,official_release,2026-08-27,PDF page 214 (staff page; assistant listing may continue on following pages),"Formal preseason staff title: quarterbacks. Weeks encode the season designation, not independently observed weekly tenure; does not establish play-calling duty."
2025-PIT-head_coach-01-18-mike-tomlin,https://github.com/nflverse/nflverse-data/releases/download/pbp/play_by_play_2025.parquet,nflverse play-by-play 2025,official_release,2026-08-27,"regular-season team games, weeks 1-18",Observed head coach on each included regular-season game; interval is first through last observed game week.
2025-PIT-offensive_coordinator-01-18-arthur-smith,https://static.clubs.nfl.com/image/upload/patriots/fvc6qgwyqlztq1muztpi.pdf,2025 NFL Record & Fact Book,official_release,2026-08-27,PDF page 134 (staff page; assistant listing may continue on following pages),"Formal preseason staff title: offensive coordinator. Weeks encode the season designation, not independently observed weekly tenure; does not establish play-calling duty."
2025-PIT-quarterbacks_coach-01-18-tom-arth,https://static.clubs.nfl.com/image/upload/patriots/fvc6qgwyqlztq1muztpi.pdf,2025 NFL Record & Fact Book,official_release,2026-08-27,PDF page 134 (staff page; assistant listing may continue on following pages),"Formal preseason staff title: quarterbacks. Weeks encode the season designation, not independently observed weekly tenure; does not establish play-calling duty."
2025-SEA-head_coach-01-18-mike-macdonald,https://github.com/nflverse/nflverse-data/releases/download/pbp/play_by_play_2025.parquet,nflverse play-by-play 2025,official_release,2026-08-27,"regular-season team games, weeks 1-18",Observed head coach on each included regular-season game; interval is first through last observed game week.
2025-SEA-offensive_coordinator-01-18-klint-kubiak,https://static.clubs.nfl.com/image/upload/patriots/fvc6qgwyqlztq1muztpi.pdf,2025 NFL Record & Fact Book,official_release,2026-08-27,PDF page 226 (staff page; assistant listing may continue on following pages),"Formal preseason staff title: offensive coordinator. Weeks encode the season designation, not independently observed weekly tenure; does not establish play-calling duty."
2025-SF-head_coach-01-18-kyle-shanahan,https://github.com/nflverse/nflverse-data/releases/download/pbp/play_by_play_2025.parquet,nflverse play-by-play 2025,official_release,2026-08-27,"regular-season team games, weeks 1-18",Observed head coach on each included regular-season game; interval is first through last observed game week.
2025-SF-offensive_coordinator-01-18-klay-kubiak,https://static.clubs.nfl.com/image/upload/patriots/fvc6qgwyqlztq1muztpi.pdf,2025 NFL Record & Fact Book,official_release,2026-08-27,PDF page 220 (staff page; assistant listing may continue on following pages),"Formal preseason staff title: offensive coordinator. Weeks encode the season designation, not independently observed weekly tenure; does not establish play-calling duty."
2025-SF-quarterbacks_coach-01-18-mick-lombardi,https://static.clubs.nfl.com/image/upload/patriots/fvc6qgwyqlztq1muztpi.pdf,2025 NFL Record & Fact Book,official_release,2026-08-27,PDF page 220 (staff page; assistant listing may continue on following pages),"Formal preseason staff title: quarterbacks. Weeks encode the season designation, not independently observed weekly tenure; does not establish play-calling duty."
2025-TB-head_coach-01-18-todd-bowles,https://github.com/nflverse/nflverse-data/releases/download/pbp/play_by_play_2025.parquet,nflverse play-by-play 2025,official_release,2026-08-27,"regular-season team games, weeks 1-18",Observed head coach on each included regular-season game; interval is first through last observed game week.
2025-TB-offensive_coordinator-01-18-josh-grizzard,https://static.clubs.nfl.com/image/upload/patriots/fvc6qgwyqlztq1muztpi.pdf,2025 NFL Record & Fact Book,official_release,2026-08-27,PDF page 232 (staff page; assistant listing may continue on following pages),"Formal preseason staff title: offensive coordinator. Weeks encode the season designation, not independently observed weekly tenure; does not establish play-calling duty."
2025-TEN-head_coach-01-18-brian-callahan,https://github.com/nflverse/nflverse-data/releases/download/pbp/play_by_play_2025.parquet,nflverse play-by-play 2025,official_release,2026-08-27,"regular-season team games, weeks 1-18",Observed head coach on each included regular-season game; interval is first through last observed game week.
2025-TEN-offensive_coordinator-01-18-nick-holz,https://static.clubs.nfl.com/image/upload/patriots/fvc6qgwyqlztq1muztpi.pdf,2025 NFL Record & Fact Book,official_release,2026-08-27,PDF page 140 (staff page; assistant listing may continue on following pages),"Formal preseason staff title: offensive coordinator. Weeks encode the season designation, not independently observed weekly tenure; does not establish play-calling duty."
2025-TEN-quarterbacks_coach-01-18-bo-hardegree,https://static.clubs.nfl.com/image/upload/patriots/fvc6qgwyqlztq1muztpi.pdf,2025 NFL Record & Fact Book,official_release,2026-08-27,PDF page 140 (staff page; assistant listing may continue on following pages),"Formal preseason staff title: quarterbacks. Weeks encode the season designation, not independently observed weekly tenure; does not establish play-calling duty."
2025-WAS-head_coach-01-18-dan-quinn,https://github.com/nflverse/nflverse-data/releases/download/pbp/play_by_play_2025.parquet,nflverse play-by-play 2025,official_release,2026-08-27,"regular-season team games, weeks 1-18",Observed head coach on each included regular-season game; interval is first through last observed game week.
2025-WAS-offensive_coordinator-01-18-kliff-kingsbury,https://static.clubs.nfl.com/image/upload/patriots/fvc6qgwyqlztq1muztpi.pdf,2025 NFL Record & Fact Book,official_release,2026-08-27,PDF page 238 (staff page; assistant listing may continue on following pages),"Formal preseason staff title: offensive coordinator. Weeks encode the season designation, not independently observed weekly tenure; does not establish play-calling duty."
2025-WAS-quarterbacks_coach-01-18-tavita-pritchard,https://static.clubs.nfl.com/image/upload/patriots/fvc6qgwyqlztq1muztpi.pdf,2025 NFL Record & Fact Book,official_release,2026-08-27,PDF page 238 (staff page; assistant listing may continue on following pages),"Formal preseason staff title: quarterbacks. Weeks encode the season designation, not independently observed weekly tenure; does not establish play-calling duty."
