assignment_key,season,team_id,coach_id,coach_canonical_name,role,start_week,end_week,start_date,end_date,is_interim,is_shared,is_retained,verification_status,confidence_level,interval_basis,primary_source_url,notes
2010-ARI-head_coach-01-17-ken-whisenhunt,2010,ARI,coach-ken-whisenhunt,Ken Whisenhunt,head_coach,1,17,,,false,false,false,verified,high,observed_game_weeks,https://github.com/nflverse/nflverse-data/releases/download/pbp/play_by_play_2010.parquet,Observed head coach on each included regular-season game; interval is first through last observed game week.
2010-ARI-quarterbacks_coach-01-17-chris-miller,2010,ARI,coach-chris-miller,Chris Miller,quarterbacks_coach,1,17,,,false,false,false,verified,medium,season_designation,https://nyc3.digitaloceanspaces.com/sportsarchive-documents/prod/60e8d5ec49e0c/494499963-2010-NFL-Record-Fact-Book.pdf,"Formal preseason staff title: quarterbacks. Weeks encode the season designation, not independently observed weekly tenure; does not establish play-calling duty."
2010-ATL-head_coach-01-17-mike-smith,2010,ATL,coach-mike-smith,Mike Smith,head_coach,1,17,,,false,false,false,verified,high,observed_game_weeks,https://github.com/nflverse/nflverse-data/releases/download/pbp/play_by_play_2010.parquet,Observed head coach on each included regular-season game; interval is first through last observed game week.
2010-ATL-offensive_coordinator-01-17-mike-mularkey,2010,ATL,coach-mike-mularkey,Mike Mularkey,offensive_coordinator,1,17,,,false,false,false,verified,medium,season_designation,https://nyc3.digitaloceanspaces.com/sportsarchive-documents/prod/60e8d5ec49e0c/494499963-2010-NFL-Record-Fact-Book.pdf,"Formal preseason staff title: offensive coordinator. Weeks encode the season designation, not independently observed weekly tenure; does not establish play-calling duty."
2010-BAL-head_coach-01-17-john-harbaugh,2010,BAL,coach-john-harbaugh,John Harbaugh,head_coach,1,17,,,false,false,false,verified,high,observed_game_weeks,https://github.com/nflverse/nflverse-data/releases/download/pbp/play_by_play_2010.parquet,Observed head coach on each included regular-season game; interval is first through last observed game week.
2010-BAL-offensive_coordinator-01-17-cam-cameron,2010,BAL,coach-cam-cameron,Cam Cameron,offensive_coordinator,1,17,,,false,false,false,verified,medium,season_designation,https://nyc3.digitaloceanspaces.com/sportsarchive-documents/prod/60e8d5ec49e0c/494499963-2010-NFL-Record-Fact-Book.pdf,"Formal preseason staff title: offensive coordinator. Weeks encode the season designation, not independently observed weekly tenure; does not establish play-calling duty."
2010-BAL-quarterbacks_coach-01-17-jim-zorn,2010,BAL,coach-jim-zorn,Jim Zorn,quarterbacks_coach,1,17,,,false,false,false,verified,medium,season_designation,https://nyc3.digitaloceanspaces.com/sportsarchive-documents/prod/60e8d5ec49e0c/494499963-2010-NFL-Record-Fact-Book.pdf,"Formal preseason staff title: quarterbacks. Weeks encode the season designation, not independently observed weekly tenure; does not establish play-calling duty."
2010-BUF-head_coach-01-17-chan-gailey,2010,BUF,coach-chan-gailey,Chan Gailey,head_coach,1,17,,,false,false,false,verified,high,observed_game_weeks,https://github.com/nflverse/nflverse-data/releases/download/pbp/play_by_play_2010.parquet,Observed head coach on each included regular-season game; interval is first through last observed game week.
2010-BUF-quarterbacks_coach-01-17-george-cortez,2010,BUF,coach-george-cortez,George Cortez,quarterbacks_coach,1,17,,,false,false,false,verified,medium,season_designation,https://nyc3.digitaloceanspaces.com/sportsarchive-documents/prod/60e8d5ec49e0c/494499963-2010-NFL-Record-Fact-Book.pdf,"Formal preseason staff title: quarterbacks. Weeks encode the season designation, not independently observed weekly tenure; does not establish play-calling duty."
2010-CAR-head_coach-01-17-john-fox,2010,CAR,coach-john-fox,John Fox,head_coach,1,17,,,false,false,false,verified,high,observed_game_weeks,https://github.com/nflverse/nflverse-data/releases/download/pbp/play_by_play_2010.parquet,Observed head coach on each included regular-season game; interval is first through last observed game week.
2010-CAR-offensive_coordinator-01-17-jeff-davidson,2010,CAR,coach-jeff-davidson,Jeff Davidson,offensive_coordinator,1,17,,,false,false,false,verified,medium,season_designation,https://nyc3.digitaloceanspaces.com/sportsarchive-documents/prod/60e8d5ec49e0c/494499963-2010-NFL-Record-Fact-Book.pdf,"Formal preseason staff title: offensive coordinator. Weeks encode the season designation, not independently observed weekly tenure; does not establish play-calling duty."
2010-CAR-quarterbacks_coach-01-17-rip-scherer,2010,CAR,coach-rip-scherer,Rip Scherer,quarterbacks_coach,1,17,,,false,false,false,verified,medium,season_designation,https://nyc3.digitaloceanspaces.com/sportsarchive-documents/prod/60e8d5ec49e0c/494499963-2010-NFL-Record-Fact-Book.pdf,"Formal preseason staff title: quarterbacks. Weeks encode the season designation, not independently observed weekly tenure; does not establish play-calling duty."
2010-CHI-head_coach-01-17-lovie-smith,2010,CHI,coach-lovie-smith,Lovie Smith,head_coach,1,17,,,false,false,false,verified,high,observed_game_weeks,https://github.com/nflverse/nflverse-data/releases/download/pbp/play_by_play_2010.parquet,Observed head coach on each included regular-season game; interval is first through last observed game week.
2010-CHI-offensive_coordinator-01-17-mike-martz,2010,CHI,coach-mike-martz,Mike Martz,offensive_coordinator,1,17,,,false,false,false,verified,medium,season_designation,https://nyc3.digitaloceanspaces.com/sportsarchive-documents/prod/60e8d5ec49e0c/494499963-2010-NFL-Record-Fact-Book.pdf,"Formal preseason staff title: offensive coordinator. Weeks encode the season designation, not independently observed weekly tenure; does not establish play-calling duty."
2010-CHI-quarterbacks_coach-01-17-shane-day,2010,CHI,coach-shane-day,Shane Day,quarterbacks_coach,1,17,,,false,false,false,verified,medium,season_designation,https://nyc3.digitaloceanspaces.com/sportsarchive-documents/prod/60e8d5ec49e0c/494499963-2010-NFL-Record-Fact-Book.pdf,"Formal preseason staff title: quarterbacks. Weeks encode the season designation, not independently observed weekly tenure; does not establish play-calling duty."
2010-CIN-head_coach-01-17-marvin-lewis,2010,CIN,coach-marvin-lewis,Marvin Lewis,head_coach,1,17,,,false,false,false,verified,high,observed_game_weeks,https://github.com/nflverse/nflverse-data/releases/download/pbp/play_by_play_2010.parquet,Observed head coach on each included regular-season game; interval is first through last observed game week.
2010-CIN-offensive_coordinator-01-17-bob-bratkowski,2010,CIN,coach-bob-bratkowski,Bob Bratkowski,offensive_coordinator,1,17,,,false,false,false,verified,medium,season_designation,https://nyc3.digitaloceanspaces.com/sportsarchive-documents/prod/60e8d5ec49e0c/494499963-2010-NFL-Record-Fact-Book.pdf,"Formal preseason staff title: offensive coordinator. Weeks encode the season designation, not independently observed weekly tenure; does not establish play-calling duty."
2010-CIN-quarterbacks_coach-01-17-ken-zampese,2010,CIN,coach-ken-zampese,Ken Zampese,quarterbacks_coach,1,17,,,false,false,false,verified,medium,season_designation,https://nyc3.digitaloceanspaces.com/sportsarchive-documents/prod/60e8d5ec49e0c/494499963-2010-NFL-Record-Fact-Book.pdf,"Formal preseason staff title: quarterbacks. Weeks encode the season designation, not independently observed weekly tenure; does not establish play-calling duty."
2010-CLE-head_coach-01-17-eric-mangini,2010,CLE,coach-eric-mangini,Eric Mangini,head_coach,1,17,,,false,false,false,verified,high,observed_game_weeks,https://github.com/nflverse/nflverse-data/releases/download/pbp/play_by_play_2010.parquet,Observed head coach on each included regular-season game; interval is first through last observed game week.
2010-CLE-offensive_coordinator-01-17-brian-daboll,2010,CLE,coach-brian-daboll,Brian Daboll,offensive_coordinator,1,17,,,false,false,false,verified,medium,season_designation,https://nyc3.digitaloceanspaces.com/sportsarchive-documents/prod/60e8d5ec49e0c/494499963-2010-NFL-Record-Fact-Book.pdf,"Formal preseason staff title: offensive coordinator. Weeks encode the season designation, not independently observed weekly tenure; does not establish play-calling duty."
2010-CLE-quarterbacks_coach-01-17-carl-smith,2010,CLE,coach-carl-smith,Carl Smith,quarterbacks_coach,1,17,,,false,false,false,verified,medium,season_designation,https://nyc3.digitaloceanspaces.com/sportsarchive-documents/prod/60e8d5ec49e0c/494499963-2010-NFL-Record-Fact-Book.pdf,"Formal preseason staff title: quarterbacks. Weeks encode the season designation, not independently observed weekly tenure; does not establish play-calling duty."
2010-DAL-head_coach-01-09-wade-phillips,2010,DAL,coach-wade-phillips,Wade Phillips,head_coach,1,9,,,false,false,false,verified,high,observed_game_weeks,https://github.com/nflverse/nflverse-data/releases/download/pbp/play_by_play_2010.parquet,Observed head coach on each included regular-season game; interval is first through last observed game week.
2010-DAL-head_coach-10-17-jason-garrett,2010,DAL,coach-jason-garrett,Jason Garrett,head_coach,10,17,,,true,false,false,verified,high,observed_game_weeks,https://github.com/nflverse/nflverse-data/releases/download/pbp/play_by_play_2010.parquet,Observed head coach on each included regular-season game; interval is first through last observed game week.
2010-DAL-quarterbacks_coach-01-17-wade-wilson,2010,DAL,coach-wade-wilson,Wade Wilson,quarterbacks_coach,1,17,,,false,false,false,verified,medium,season_designation,https://nyc3.digitaloceanspaces.com/sportsarchive-documents/prod/60e8d5ec49e0c/494499963-2010-NFL-Record-Fact-Book.pdf,"Formal preseason staff title: quarterbacks. Weeks encode the season designation, not independently observed weekly tenure; does not establish play-calling duty."
2010-DEN-head_coach-01-13-josh-mcdaniels,2010,DEN,coach-josh-mcdaniels,Josh McDaniels,head_coach,1,13,,,false,false,false,verified,high,observed_game_weeks,https://github.com/nflverse/nflverse-data/releases/download/pbp/play_by_play_2010.parquet,Observed head coach on each included regular-season game; interval is first through last observed game week.
2010-DEN-head_coach-14-17-eric-studesville,2010,DEN,coach-eric-studesville,Eric Studesville,head_coach,14,17,,,true,false,false,verified,high,observed_game_weeks,https://github.com/nflverse/nflverse-data/releases/download/pbp/play_by_play_2010.parquet,Observed head coach on each included regular-season game; interval is first through last observed game week.
2010-DEN-offensive_coordinator-01-17-mike-mccoy,2010,DEN,coach-mike-mccoy,Mike McCoy,offensive_coordinator,1,17,,,false,false,false,verified,medium,season_designation,https://nyc3.digitaloceanspaces.com/sportsarchive-documents/prod/60e8d5ec49e0c/494499963-2010-NFL-Record-Fact-Book.pdf,"Formal preseason staff title: offensive coordinator. Weeks encode the season designation, not independently observed weekly tenure; does not establish play-calling duty."
2010-DEN-quarterbacks_coach-01-17-ben-mcdaniels,2010,DEN,coach-ben-mcdaniels,Ben McDaniels,quarterbacks_coach,1,17,,,false,false,false,verified,medium,season_designation,https://nyc3.digitaloceanspaces.com/sportsarchive-documents/prod/60e8d5ec49e0c/494499963-2010-NFL-Record-Fact-Book.pdf,"Formal preseason staff title: quarterbacks. Weeks encode the season designation, not independently observed weekly tenure; does not establish play-calling duty."
2010-DET-head_coach-01-17-jim-schwartz,2010,DET,coach-jim-schwartz,Jim Schwartz,head_coach,1,17,,,false,false,false,verified,high,observed_game_weeks,https://github.com/nflverse/nflverse-data/releases/download/pbp/play_by_play_2010.parquet,Observed head coach on each included regular-season game; interval is first through last observed game week.
2010-DET-offensive_coordinator-01-17-scott-linehan,2010,DET,coach-scott-linehan,Scott Linehan,offensive_coordinator,1,17,,,false,false,false,verified,medium,season_designation,https://nyc3.digitaloceanspaces.com/sportsarchive-documents/prod/60e8d5ec49e0c/494499963-2010-NFL-Record-Fact-Book.pdf,"Formal preseason staff title: offensive coordinator. Weeks encode the season designation, not independently observed weekly tenure; does not establish play-calling duty."
2010-GB-head_coach-01-17-mike-mccarthy,2010,GB,coach-mike-mccarthy,Mike McCarthy,head_coach,1,17,,,false,false,false,verified,high,observed_game_weeks,https://github.com/nflverse/nflverse-data/releases/download/pbp/play_by_play_2010.parquet,Observed head coach on each included regular-season game; interval is first through last observed game week.
2010-GB-offensive_coordinator-01-17-joe-philbin,2010,GB,coach-joe-philbin,Joe Philbin,offensive_coordinator,1,17,,,false,false,false,verified,medium,season_designation,https://nyc3.digitaloceanspaces.com/sportsarchive-documents/prod/60e8d5ec49e0c/494499963-2010-NFL-Record-Fact-Book.pdf,"Formal preseason staff title: offensive coordinator. Weeks encode the season designation, not independently observed weekly tenure; does not establish play-calling duty."
2010-GB-quarterbacks_coach-01-17-tom-clements,2010,GB,coach-tom-clements,Tom Clements,quarterbacks_coach,1,17,,,false,false,false,verified,medium,season_designation,https://nyc3.digitaloceanspaces.com/sportsarchive-documents/prod/60e8d5ec49e0c/494499963-2010-NFL-Record-Fact-Book.pdf,"Formal preseason staff title: quarterbacks. Weeks encode the season designation, not independently observed weekly tenure; does not establish play-calling duty."
2010-HOU-head_coach-01-17-gary-kubiak,2010,HOU,coach-gary-kubiak,Gary Kubiak,head_coach,1,17,,,false,false,false,verified,high,observed_game_weeks,https://github.com/nflverse/nflverse-data/releases/download/pbp/play_by_play_2010.parquet,Observed head coach on each included regular-season game; interval is first through last observed game week.
2010-HOU-offensive_coordinator-01-17-rick-dennison,2010,HOU,coach-rick-dennison,Rick Dennison,offensive_coordinator,1,17,,,false,false,false,verified,medium,season_designation,https://nyc3.digitaloceanspaces.com/sportsarchive-documents/prod/60e8d5ec49e0c/494499963-2010-NFL-Record-Fact-Book.pdf,"Formal preseason staff title: offensive coordinator. Weeks encode the season designation, not independently observed weekly tenure; does not establish play-calling duty."
2010-HOU-quarterbacks_coach-01-17-greg-knapp,2010,HOU,coach-greg-knapp,Greg Knapp,quarterbacks_coach,1,17,,,false,false,false,verified,medium,season_designation,https://nyc3.digitaloceanspaces.com/sportsarchive-documents/prod/60e8d5ec49e0c/494499963-2010-NFL-Record-Fact-Book.pdf,"Formal preseason staff title: quarterbacks. Weeks encode the season designation, not independently observed weekly tenure; does not establish play-calling duty."
2010-IND-head_coach-01-17-jim-caldwell,2010,IND,coach-jim-caldwell,Jim Caldwell,head_coach,1,17,,,false,false,false,verified,high,observed_game_weeks,https://github.com/nflverse/nflverse-data/releases/download/pbp/play_by_play_2010.parquet,Observed head coach on each included regular-season game; interval is first through last observed game week.
2010-IND-offensive_coordinator-01-17-clyde-christensen,2010,IND,coach-clyde-christensen,Clyde Christensen,offensive_coordinator,1,17,,,false,false,false,verified,medium,season_designation,https://nyc3.digitaloceanspaces.com/sportsarchive-documents/prod/60e8d5ec49e0c/494499963-2010-NFL-Record-Fact-Book.pdf,"Formal preseason staff title: offensive coordinator. Weeks encode the season designation, not independently observed weekly tenure; does not establish play-calling duty."
2010-IND-quarterbacks_coach-01-17-frank-reich,2010,IND,coach-frank-reich,Frank Reich,quarterbacks_coach,1,17,,,false,false,false,verified,medium,season_designation,https://nyc3.digitaloceanspaces.com/sportsarchive-documents/prod/60e8d5ec49e0c/494499963-2010-NFL-Record-Fact-Book.pdf,"Formal preseason staff title: quarterbacks. Weeks encode the season designation, not independently observed weekly tenure; does not establish play-calling duty."
2010-JAX-head_coach-01-17-jack-del-rio,2010,JAX,coach-jack-del-rio,Jack Del Rio,head_coach,1,17,,,false,false,false,verified,high,observed_game_weeks,https://github.com/nflverse/nflverse-data/releases/download/pbp/play_by_play_2010.parquet,Observed head coach on each included regular-season game; interval is first through last observed game week.
2010-JAX-offensive_coordinator-01-17-dirk-koetter,2010,JAX,coach-dirk-koetter,Dirk Koetter,offensive_coordinator,1,17,,,false,false,false,verified,medium,season_designation,https://nyc3.digitaloceanspaces.com/sportsarchive-documents/prod/60e8d5ec49e0c/494499963-2010-NFL-Record-Fact-Book.pdf,"Formal preseason staff title: offensive coordinator. Weeks encode the season designation, not independently observed weekly tenure; does not establish play-calling duty."
2010-JAX-quarterbacks_coach-01-17-mike-shula,2010,JAX,coach-mike-shula,Mike Shula,quarterbacks_coach,1,17,,,false,false,false,verified,medium,season_designation,https://nyc3.digitaloceanspaces.com/sportsarchive-documents/prod/60e8d5ec49e0c/494499963-2010-NFL-Record-Fact-Book.pdf,"Formal preseason staff title: quarterbacks. Weeks encode the season designation, not independently observed weekly tenure; does not establish play-calling duty."
2010-KC-head_coach-01-17-todd-haley,2010,KC,coach-todd-haley,Todd Haley,head_coach,1,17,,,false,false,false,verified,high,observed_game_weeks,https://github.com/nflverse/nflverse-data/releases/download/pbp/play_by_play_2010.parquet,Observed head coach on each included regular-season game; interval is first through last observed game week.
2010-KC-offensive_coordinator-01-17-charlie-weis,2010,KC,coach-charlie-weis,Charlie Weis,offensive_coordinator,1,17,,,false,false,false,verified,medium,season_designation,https://nyc3.digitaloceanspaces.com/sportsarchive-documents/prod/60e8d5ec49e0c/494499963-2010-NFL-Record-Fact-Book.pdf,"Formal preseason staff title: offensive coordinator. Weeks encode the season designation, not independently observed weekly tenure; does not establish play-calling duty."
2010-LA-head_coach-01-17-steve-spagnuolo,2010,LA,coach-steve-spagnuolo,Steve Spagnuolo,head_coach,1,17,,,false,false,false,verified,high,observed_game_weeks,https://github.com/nflverse/nflverse-data/releases/download/pbp/play_by_play_2010.parquet,Observed head coach on each included regular-season game; interval is first through last observed game week.
2010-LA-offensive_coordinator-01-17-pat-shurmur,2010,LA,coach-pat-shurmur,Pat Shurmur,offensive_coordinator,1,17,,,false,false,false,verified,medium,season_designation,https://nyc3.digitaloceanspaces.com/sportsarchive-documents/prod/60e8d5ec49e0c/494499963-2010-NFL-Record-Fact-Book.pdf,"Formal preseason staff title: offensive coordinator. Weeks encode the season designation, not independently observed weekly tenure; does not establish play-calling duty."
2010-LAC-head_coach-01-17-norv-turner,2010,LAC,coach-norv-turner,Norv Turner,head_coach,1,17,,,false,false,false,verified,high,observed_game_weeks,https://github.com/nflverse/nflverse-data/releases/download/pbp/play_by_play_2010.parquet,Observed head coach on each included regular-season game; interval is first through last observed game week.
2010-LAC-quarterbacks_coach-01-17-john-ramsdell,2010,LAC,coach-john-ramsdell,John Ramsdell,quarterbacks_coach,1,17,,,false,false,false,verified,medium,season_designation,https://nyc3.digitaloceanspaces.com/sportsarchive-documents/prod/60e8d5ec49e0c/494499963-2010-NFL-Record-Fact-Book.pdf,"Formal preseason staff title: quarterbacks. Weeks encode the season designation, not independently observed weekly tenure; does not establish play-calling duty."
2010-LV-head_coach-01-17-tom-cable,2010,LV,coach-tom-cable,Tom Cable,head_coach,1,17,,,false,false,false,verified,high,observed_game_weeks,https://github.com/nflverse/nflverse-data/releases/download/pbp/play_by_play_2010.parquet,Observed head coach on each included regular-season game; interval is first through last observed game week.
2010-LV-offensive_coordinator-01-17-hue-jackson,2010,LV,coach-hue-jackson,Hue Jackson,offensive_coordinator,1,17,,,false,false,false,verified,medium,season_designation,https://nyc3.digitaloceanspaces.com/sportsarchive-documents/prod/60e8d5ec49e0c/494499963-2010-NFL-Record-Fact-Book.pdf,"Formal preseason staff title: offensive coordinator. Weeks encode the season designation, not independently observed weekly tenure; does not establish play-calling duty."
2010-LV-quarterbacks_coach-01-17-paul-hackett,2010,LV,coach-paul-hackett,Paul Hackett,quarterbacks_coach,1,17,,,false,false,false,verified,medium,season_designation,https://nyc3.digitaloceanspaces.com/sportsarchive-documents/prod/60e8d5ec49e0c/494499963-2010-NFL-Record-Fact-Book.pdf,"Formal preseason staff title: quarterbacks. Weeks encode the season designation, not independently observed weekly tenure; does not establish play-calling duty."
2010-MIA-head_coach-01-17-tony-sparano,2010,MIA,coach-tony-sparano,Tony Sparano,head_coach,1,17,,,false,false,false,verified,high,observed_game_weeks,https://github.com/nflverse/nflverse-data/releases/download/pbp/play_by_play_2010.parquet,Observed head coach on each included regular-season game; interval is first through last observed game week.
2010-MIA-offensive_coordinator-01-17-dan-henning,2010,MIA,coach-dan-henning,Dan Henning,offensive_coordinator,1,17,,,false,false,false,verified,medium,season_designation,https://nyc3.digitaloceanspaces.com/sportsarchive-documents/prod/60e8d5ec49e0c/494499963-2010-NFL-Record-Fact-Book.pdf,"Formal preseason staff title: offensive coordinator. Weeks encode the season designation, not independently observed weekly tenure; does not establish play-calling duty."
2010-MIA-quarterbacks_coach-01-17-david-lee,2010,MIA,coach-david-lee,David Lee,quarterbacks_coach,1,17,,,false,false,false,verified,medium,season_designation,https://nyc3.digitaloceanspaces.com/sportsarchive-documents/prod/60e8d5ec49e0c/494499963-2010-NFL-Record-Fact-Book.pdf,"Formal preseason staff title: quarterbacks. Weeks encode the season designation, not independently observed weekly tenure; does not establish play-calling duty."
2010-MIN-head_coach-01-11-brad-childress,2010,MIN,coach-brad-childress,Brad Childress,head_coach,1,11,,,false,false,false,verified,high,observed_game_weeks,https://github.com/nflverse/nflverse-data/releases/download/pbp/play_by_play_2010.parquet,Observed head coach on each included regular-season game; interval is first through last observed game week.
2010-MIN-head_coach-12-17-leslie-frazier,2010,MIN,coach-leslie-frazier,Leslie Frazier,head_coach,12,17,,,true,false,false,verified,high,observed_game_weeks,https://github.com/nflverse/nflverse-data/releases/download/pbp/play_by_play_2010.parquet,Observed head coach on each included regular-season game; interval is first through last observed game week.
2010-MIN-offensive_coordinator-01-17-darrell-bevell,2010,MIN,coach-darrell-bevell,Darrell Bevell,offensive_coordinator,1,17,,,false,false,false,verified,medium,season_designation,https://nyc3.digitaloceanspaces.com/sportsarchive-documents/prod/60e8d5ec49e0c/494499963-2010-NFL-Record-Fact-Book.pdf,"Formal preseason staff title: offensive coordinator. Weeks encode the season designation, not independently observed weekly tenure; does not establish play-calling duty."
2010-MIN-quarterbacks_coach-01-17-kevin-rogers,2010,MIN,coach-kevin-rogers,Kevin Rogers,quarterbacks_coach,1,17,,,false,false,false,verified,medium,season_designation,https://nyc3.digitaloceanspaces.com/sportsarchive-documents/prod/60e8d5ec49e0c/494499963-2010-NFL-Record-Fact-Book.pdf,"Formal preseason staff title: quarterbacks. Weeks encode the season designation, not independently observed weekly tenure; does not establish play-calling duty."
2010-NE-head_coach-01-17-bill-belichick,2010,NE,coach-bill-belichick,Bill Belichick,head_coach,1,17,,,false,false,false,verified,high,observed_game_weeks,https://github.com/nflverse/nflverse-data/releases/download/pbp/play_by_play_2010.parquet,Observed head coach on each included regular-season game; interval is first through last observed game week.
2010-NO-head_coach-01-17-sean-payton,2010,NO,coach-sean-payton,Sean Payton,head_coach,1,17,,,false,false,false,verified,high,observed_game_weeks,https://github.com/nflverse/nflverse-data/releases/download/pbp/play_by_play_2010.parquet,Observed head coach on each included regular-season game; interval is first through last observed game week.
2010-NO-quarterbacks_coach-01-17-joe-lombardi,2010,NO,coach-joe-lombardi,Joe Lombardi,quarterbacks_coach,1,17,,,false,false,false,verified,medium,season_designation,https://nyc3.digitaloceanspaces.com/sportsarchive-documents/prod/60e8d5ec49e0c/494499963-2010-NFL-Record-Fact-Book.pdf,"Formal preseason staff title: quarterbacks. Weeks encode the season designation, not independently observed weekly tenure; does not establish play-calling duty."
2010-NYG-head_coach-01-17-tom-coughlin,2010,NYG,coach-tom-coughlin,Tom Coughlin,head_coach,1,17,,,false,false,false,verified,high,observed_game_weeks,https://github.com/nflverse/nflverse-data/releases/download/pbp/play_by_play_2010.parquet,Observed head coach on each included regular-season game; interval is first through last observed game week.
2010-NYG-offensive_coordinator-01-17-kevin-gilbride,2010,NYG,coach-kevin-gilbride,Kevin Gilbride,offensive_coordinator,1,17,,,false,false,false,verified,medium,season_designation,https://nyc3.digitaloceanspaces.com/sportsarchive-documents/prod/60e8d5ec49e0c/494499963-2010-NFL-Record-Fact-Book.pdf,"Formal preseason staff title: offensive coordinator. Weeks encode the season designation, not independently observed weekly tenure; does not establish play-calling duty."
2010-NYG-quarterbacks_coach-01-17-mike-sullivan,2010,NYG,coach-mike-sullivan,Mike Sullivan,quarterbacks_coach,1,17,,,false,false,false,verified,medium,season_designation,https://nyc3.digitaloceanspaces.com/sportsarchive-documents/prod/60e8d5ec49e0c/494499963-2010-NFL-Record-Fact-Book.pdf,"Formal preseason staff title: quarterbacks. Weeks encode the season designation, not independently observed weekly tenure; does not establish play-calling duty."
2010-NYJ-head_coach-01-17-rex-ryan,2010,NYJ,coach-rex-ryan,Rex Ryan,head_coach,1,17,,,false,false,false,verified,high,observed_game_weeks,https://github.com/nflverse/nflverse-data/releases/download/pbp/play_by_play_2010.parquet,Observed head coach on each included regular-season game; interval is first through last observed game week.
2010-NYJ-quarterbacks_coach-01-17-matt-cavanaugh,2010,NYJ,coach-matt-cavanaugh,Matt Cavanaugh,quarterbacks_coach,1,17,,,false,false,false,verified,medium,season_designation,https://nyc3.digitaloceanspaces.com/sportsarchive-documents/prod/60e8d5ec49e0c/494499963-2010-NFL-Record-Fact-Book.pdf,"Formal preseason staff title: quarterbacks. Weeks encode the season designation, not independently observed weekly tenure; does not establish play-calling duty."
2010-PHI-head_coach-01-17-andy-reid,2010,PHI,coach-andy-reid,Andy Reid,head_coach,1,17,,,false,false,false,verified,high,observed_game_weeks,https://github.com/nflverse/nflverse-data/releases/download/pbp/play_by_play_2010.parquet,Observed head coach on each included regular-season game; interval is first through last observed game week.
2010-PHI-quarterbacks_coach-01-17-james-urban,2010,PHI,coach-james-urban,James Urban,quarterbacks_coach,1,17,,,false,false,false,verified,medium,season_designation,https://nyc3.digitaloceanspaces.com/sportsarchive-documents/prod/60e8d5ec49e0c/494499963-2010-NFL-Record-Fact-Book.pdf,"Formal preseason staff title: quarterbacks. Weeks encode the season designation, not independently observed weekly tenure; does not establish play-calling duty."
2010-PIT-head_coach-01-17-mike-tomlin,2010,PIT,coach-mike-tomlin,Mike Tomlin,head_coach,1,17,,,false,false,false,verified,high,observed_game_weeks,https://github.com/nflverse/nflverse-data/releases/download/pbp/play_by_play_2010.parquet,Observed head coach on each included regular-season game; interval is first through last observed game week.
2010-PIT-offensive_coordinator-01-17-bruce-arians,2010,PIT,coach-bruce-arians,Bruce Arians,offensive_coordinator,1,17,,,false,false,false,verified,medium,season_designation,https://nyc3.digitaloceanspaces.com/sportsarchive-documents/prod/60e8d5ec49e0c/494499963-2010-NFL-Record-Fact-Book.pdf,"Formal preseason staff title: offensive coordinator. Weeks encode the season designation, not independently observed weekly tenure; does not establish play-calling duty."
2010-PIT-quarterbacks_coach-01-17-randy-fichtner,2010,PIT,coach-randy-fichtner,Randy Fichtner,quarterbacks_coach,1,17,,,false,false,false,verified,medium,season_designation,https://nyc3.digitaloceanspaces.com/sportsarchive-documents/prod/60e8d5ec49e0c/494499963-2010-NFL-Record-Fact-Book.pdf,"Formal preseason staff title: quarterbacks. Weeks encode the season designation, not independently observed weekly tenure; does not establish play-calling duty."
2010-SEA-head_coach-01-17-pete-carroll,2010,SEA,coach-pete-carroll,Pete Carroll,head_coach,1,17,,,false,false,false,verified,high,observed_game_weeks,https://github.com/nflverse/nflverse-data/releases/download/pbp/play_by_play_2010.parquet,Observed head coach on each included regular-season game; interval is first through last observed game week.
2010-SEA-offensive_coordinator-01-17-jeremy-bates,2010,SEA,coach-jeremy-bates,Jeremy Bates,offensive_coordinator,1,17,,,false,false,false,verified,medium,season_designation,https://nyc3.digitaloceanspaces.com/sportsarchive-documents/prod/60e8d5ec49e0c/494499963-2010-NFL-Record-Fact-Book.pdf,"Formal preseason staff title: offensive coordinator. Weeks encode the season designation, not independently observed weekly tenure; does not establish play-calling duty."
2010-SEA-quarterbacks_coach-01-17-jedd-fisch,2010,SEA,coach-jedd-fisch,Jedd Fisch,quarterbacks_coach,1,17,,,false,false,false,verified,medium,season_designation,https://nyc3.digitaloceanspaces.com/sportsarchive-documents/prod/60e8d5ec49e0c/494499963-2010-NFL-Record-Fact-Book.pdf,"Formal preseason staff title: quarterbacks. Weeks encode the season designation, not independently observed weekly tenure; does not establish play-calling duty."
2010-SF-head_coach-01-16-mike-singletary,2010,SF,coach-mike-singletary,Mike Singletary,head_coach,1,16,,,false,false,false,verified,high,observed_game_weeks,https://github.com/nflverse/nflverse-data/releases/download/pbp/play_by_play_2010.parquet,Observed head coach on each included regular-season game; interval is first through last observed game week.
2010-SF-head_coach-17-17-jim-tomsula,2010,SF,coach-jim-tomsula,Jim Tomsula,head_coach,17,17,,,true,false,false,verified,high,observed_game_weeks,https://github.com/nflverse/nflverse-data/releases/download/pbp/play_by_play_2010.parquet,Observed head coach on each included regular-season game; interval is first through last observed game week.
2010-SF-offensive_coordinator-01-17-jimmy-raye,2010,SF,coach-jimmy-raye,Jimmy Raye,offensive_coordinator,1,17,,,false,false,false,verified,medium,season_designation,https://nyc3.digitaloceanspaces.com/sportsarchive-documents/prod/60e8d5ec49e0c/494499963-2010-NFL-Record-Fact-Book.pdf,"Formal preseason staff title: offensive coordinator. Weeks encode the season designation, not independently observed weekly tenure; does not establish play-calling duty."
2010-SF-quarterbacks_coach-01-17-mike-johnson,2010,SF,coach-mike-johnson,Mike Johnson,quarterbacks_coach,1,17,,,false,false,false,verified,medium,season_designation,https://nyc3.digitaloceanspaces.com/sportsarchive-documents/prod/60e8d5ec49e0c/494499963-2010-NFL-Record-Fact-Book.pdf,"Formal preseason staff title: quarterbacks. Weeks encode the season designation, not independently observed weekly tenure; does not establish play-calling duty."
2010-TB-head_coach-01-17-raheem-morris,2010,TB,coach-raheem-morris,Raheem Morris,head_coach,1,17,,,false,false,false,verified,high,observed_game_weeks,https://github.com/nflverse/nflverse-data/releases/download/pbp/play_by_play_2010.parquet,Observed head coach on each included regular-season game; interval is first through last observed game week.
2010-TB-offensive_coordinator-01-17-greg-olson,2010,TB,coach-greg-olson,Greg Olson,offensive_coordinator,1,17,,,false,false,false,verified,medium,season_designation,https://nyc3.digitaloceanspaces.com/sportsarchive-documents/prod/60e8d5ec49e0c/494499963-2010-NFL-Record-Fact-Book.pdf,"Formal preseason staff title: offensive coordinator. Weeks encode the season designation, not independently observed weekly tenure; does not establish play-calling duty."
2010-TB-quarterbacks_coach-01-17-alex-van-pelt,2010,TB,coach-alex-van-pelt,Alex Van Pelt,quarterbacks_coach,1,17,,,false,false,false,verified,medium,season_designation,https://nyc3.digitaloceanspaces.com/sportsarchive-documents/prod/60e8d5ec49e0c/494499963-2010-NFL-Record-Fact-Book.pdf,"Formal preseason staff title: quarterbacks. Weeks encode the season designation, not independently observed weekly tenure; does not establish play-calling duty."
2010-TEN-head_coach-01-17-jeff-fisher,2010,TEN,coach-jeff-fisher,Jeff Fisher,head_coach,1,17,,,false,false,false,verified,high,observed_game_weeks,https://github.com/nflverse/nflverse-data/releases/download/pbp/play_by_play_2010.parquet,Observed head coach on each included regular-season game; interval is first through last observed game week.
2010-TEN-quarterbacks_coach-01-17-craig-johnson,2010,TEN,coach-craig-johnson,Craig Johnson,quarterbacks_coach,1,17,,,false,false,false,verified,medium,season_designation,https://nyc3.digitaloceanspaces.com/sportsarchive-documents/prod/60e8d5ec49e0c/494499963-2010-NFL-Record-Fact-Book.pdf,"Formal preseason staff title: quarterbacks. Weeks encode the season designation, not independently observed weekly tenure; does not establish play-calling duty."
2010-WAS-head_coach-01-17-mike-shanahan,2010,WAS,coach-mike-shanahan,Mike Shanahan,head_coach,1,17,,,false,false,false,verified,high,observed_game_weeks,https://github.com/nflverse/nflverse-data/releases/download/pbp/play_by_play_2010.parquet,Observed head coach on each included regular-season game; interval is first through last observed game week.
2010-WAS-offensive_coordinator-01-17-kyle-shanahan,2010,WAS,coach-kyle-shanahan,Kyle Shanahan,offensive_coordinator,1,17,,,false,false,false,verified,medium,season_designation,https://nyc3.digitaloceanspaces.com/sportsarchive-documents/prod/60e8d5ec49e0c/494499963-2010-NFL-Record-Fact-Book.pdf,"Formal preseason staff title: offensive coordinator. Weeks encode the season designation, not independently observed weekly tenure; does not establish play-calling duty."
2010-WAS-quarterbacks_coach-01-17-matt-lefleur,2010,WAS,coach-matt-lefleur,Matt LeFleur,quarterbacks_coach,1,17,,,false,false,false,verified,medium,season_designation,https://nyc3.digitaloceanspaces.com/sportsarchive-documents/prod/60e8d5ec49e0c/494499963-2010-NFL-Record-Fact-Book.pdf,"Formal preseason staff title: quarterbacks. Weeks encode the season designation, not independently observed weekly tenure; does not establish play-calling duty."
2011-ARI-head_coach-01-17-ken-whisenhunt,2011,ARI,coach-ken-whisenhunt,Ken Whisenhunt,head_coach,1,17,,,false,false,true,verified,high,observed_game_weeks,https://github.com/nflverse/nflverse-data/releases/download/pbp/play_by_play_2011.parquet,Observed head coach on each included regular-season game; interval is first through last observed game week.
2011-ARI-offensive_coordinator-01-17-mike-miller,2011,ARI,coach-mike-miller,Mike Miller,offensive_coordinator,1,17,,,false,false,false,verified,medium,season_designation,https://basement.crucifyd.com/zone/seahawks/record-fact/NFL%20-%202011%20-%20Record%20%26%20Fact%20Book.pdf,"Formal preseason staff title: offensive coordinator. Weeks encode the season designation, not independently observed weekly tenure; does not establish play-calling duty."
2011-ARI-quarterbacks_coach-01-17-chris-miller,2011,ARI,coach-chris-miller,Chris Miller,quarterbacks_coach,1,17,,,false,false,true,verified,medium,season_designation,https://basement.crucifyd.com/zone/seahawks/record-fact/NFL%20-%202011%20-%20Record%20%26%20Fact%20Book.pdf,"Formal preseason staff title: quarterbacks. Weeks encode the season designation, not independently observed weekly tenure; does not establish play-calling duty."
2011-ATL-head_coach-01-17-mike-smith,2011,ATL,coach-mike-smith,Mike Smith,head_coach,1,17,,,false,false,true,verified,high,observed_game_weeks,https://github.com/nflverse/nflverse-data/releases/download/pbp/play_by_play_2011.parquet,Observed head coach on each included regular-season game; interval is first through last observed game week.
2011-ATL-offensive_coordinator-01-17-mike-mularkey,2011,ATL,coach-mike-mularkey,Mike Mularkey,offensive_coordinator,1,17,,,false,false,true,verified,medium,season_designation,https://basement.crucifyd.com/zone/seahawks/record-fact/NFL%20-%202011%20-%20Record%20%26%20Fact%20Book.pdf,"Formal preseason staff title: offensive coordinator. Weeks encode the season designation, not independently observed weekly tenure; does not establish play-calling duty."
2011-ATL-quarterbacks_coach-01-17-bob-bratkowski,2011,ATL,coach-bob-bratkowski,Bob Bratkowski,quarterbacks_coach,1,17,,,false,false,false,verified,medium,season_designation,https://basement.crucifyd.com/zone/seahawks/record-fact/NFL%20-%202011%20-%20Record%20%26%20Fact%20Book.pdf,"Formal preseason staff title: quarterbacks. Weeks encode the season designation, not independently observed weekly tenure; does not establish play-calling duty."
2011-BAL-head_coach-01-17-john-harbaugh,2011,BAL,coach-john-harbaugh,John Harbaugh,head_coach,1,17,,,false,false,true,verified,high,observed_game_weeks,https://github.com/nflverse/nflverse-data/releases/download/pbp/play_by_play_2011.parquet,Observed head coach on each included regular-season game; interval is first through last observed game week.
2011-BAL-offensive_coordinator-01-17-cam-cameron,2011,BAL,coach-cam-cameron,Cam Cameron,offensive_coordinator,1,17,,,false,false,true,verified,medium,season_designation,https://basement.crucifyd.com/zone/seahawks/record-fact/NFL%20-%202011%20-%20Record%20%26%20Fact%20Book.pdf,"Formal preseason staff title: offensive coordinator. Weeks encode the season designation, not independently observed weekly tenure; does not establish play-calling duty."
2011-BUF-head_coach-01-17-chan-gailey,2011,BUF,coach-chan-gailey,Chan Gailey,head_coach,1,17,,,false,false,true,verified,high,observed_game_weeks,https://github.com/nflverse/nflverse-data/releases/download/pbp/play_by_play_2011.parquet,Observed head coach on each included regular-season game; interval is first through last observed game week.
2011-BUF-quarterbacks_coach-01-17-george-cortez,2011,BUF,coach-george-cortez,George Cortez,quarterbacks_coach,1,17,,,false,false,true,verified,medium,season_designation,https://basement.crucifyd.com/zone/seahawks/record-fact/NFL%20-%202011%20-%20Record%20%26%20Fact%20Book.pdf,"Formal preseason staff title: quarterbacks. Weeks encode the season designation, not independently observed weekly tenure; does not establish play-calling duty."
2011-CAR-head_coach-01-17-ron-rivera,2011,CAR,coach-ron-rivera,Ron Rivera,head_coach,1,17,,,false,false,false,verified,high,observed_game_weeks,https://github.com/nflverse/nflverse-data/releases/download/pbp/play_by_play_2011.parquet,Observed head coach on each included regular-season game; interval is first through last observed game week.
2011-CAR-offensive_coordinator-01-17-rod-chudzinski,2011,CAR,coach-rod-chudzinski,Rod Chudzinski,offensive_coordinator,1,17,,,false,false,false,verified,medium,season_designation,https://basement.crucifyd.com/zone/seahawks/record-fact/NFL%20-%202011%20-%20Record%20%26%20Fact%20Book.pdf,"Formal preseason staff title: offensive coordinator. Weeks encode the season designation, not independently observed weekly tenure; does not establish play-calling duty."
2011-CAR-quarterbacks_coach-01-17-mike-shula,2011,CAR,coach-mike-shula,Mike Shula,quarterbacks_coach,1,17,,,false,false,false,verified,medium,season_designation,https://basement.crucifyd.com/zone/seahawks/record-fact/NFL%20-%202011%20-%20Record%20%26%20Fact%20Book.pdf,"Formal preseason staff title: quarterbacks. Weeks encode the season designation, not independently observed weekly tenure; does not establish play-calling duty."
2011-CHI-head_coach-01-17-lovie-smith,2011,CHI,coach-lovie-smith,Lovie Smith,head_coach,1,17,,,false,false,true,verified,high,observed_game_weeks,https://github.com/nflverse/nflverse-data/releases/download/pbp/play_by_play_2011.parquet,Observed head coach on each included regular-season game; interval is first through last observed game week.
2011-CHI-offensive_coordinator-01-17-mike-martz,2011,CHI,coach-mike-martz,Mike Martz,offensive_coordinator,1,17,,,false,false,true,verified,medium,season_designation,https://basement.crucifyd.com/zone/seahawks/record-fact/NFL%20-%202011%20-%20Record%20%26%20Fact%20Book.pdf,"Formal preseason staff title: offensive coordinator. Weeks encode the season designation, not independently observed weekly tenure; does not establish play-calling duty."
2011-CHI-quarterbacks_coach-01-17-shane-day,2011,CHI,coach-shane-day,Shane Day,quarterbacks_coach,1,17,,,false,false,true,verified,medium,season_designation,https://basement.crucifyd.com/zone/seahawks/record-fact/NFL%20-%202011%20-%20Record%20%26%20Fact%20Book.pdf,"Formal preseason staff title: quarterbacks. Weeks encode the season designation, not independently observed weekly tenure; does not establish play-calling duty."
2011-CIN-head_coach-01-17-marvin-lewis,2011,CIN,coach-marvin-lewis,Marvin Lewis,head_coach,1,17,,,false,false,true,verified,high,observed_game_weeks,https://github.com/nflverse/nflverse-data/releases/download/pbp/play_by_play_2011.parquet,Observed head coach on each included regular-season game; interval is first through last observed game week.
2011-CIN-offensive_coordinator-01-17-jay-gruden,2011,CIN,coach-jay-gruden,Jay Gruden,offensive_coordinator,1,17,,,false,false,false,verified,medium,season_designation,https://basement.crucifyd.com/zone/seahawks/record-fact/NFL%20-%202011%20-%20Record%20%26%20Fact%20Book.pdf,"Formal preseason staff title: offensive coordinator. Weeks encode the season designation, not independently observed weekly tenure; does not establish play-calling duty."
2011-CIN-quarterbacks_coach-01-17-ken-zampese,2011,CIN,coach-ken-zampese,Ken Zampese,quarterbacks_coach,1,17,,,false,false,true,verified,medium,season_designation,https://basement.crucifyd.com/zone/seahawks/record-fact/NFL%20-%202011%20-%20Record%20%26%20Fact%20Book.pdf,"Formal preseason staff title: quarterbacks. Weeks encode the season designation, not independently observed weekly tenure; does not establish play-calling duty."
2011-CLE-head_coach-01-17-pat-shurmur,2011,CLE,coach-pat-shurmur,Pat Shurmur,head_coach,1,17,,,false,false,false,verified,high,observed_game_weeks,https://github.com/nflverse/nflverse-data/releases/download/pbp/play_by_play_2011.parquet,Observed head coach on each included regular-season game; interval is first through last observed game week.
2011-CLE-quarterbacks_coach-01-17-mark-whipple,2011,CLE,coach-mark-whipple,Mark Whipple,quarterbacks_coach,1,17,,,false,false,false,verified,medium,season_designation,https://basement.crucifyd.com/zone/seahawks/record-fact/NFL%20-%202011%20-%20Record%20%26%20Fact%20Book.pdf,"Formal preseason staff title: quarterbacks. Weeks encode the season designation, not independently observed weekly tenure; does not establish play-calling duty."
2011-DAL-head_coach-01-17-jason-garrett,2011,DAL,coach-jason-garrett,Jason Garrett,head_coach,1,17,,,false,false,true,verified,high,observed_game_weeks,https://github.com/nflverse/nflverse-data/releases/download/pbp/play_by_play_2011.parquet,Observed head coach on each included regular-season game; interval is first through last observed game week.
2011-DAL-quarterbacks_coach-01-17-wade-wilson,2011,DAL,coach-wade-wilson,Wade Wilson,quarterbacks_coach,1,17,,,false,false,true,verified,medium,season_designation,https://basement.crucifyd.com/zone/seahawks/record-fact/NFL%20-%202011%20-%20Record%20%26%20Fact%20Book.pdf,"Formal preseason staff title: quarterbacks. Weeks encode the season designation, not independently observed weekly tenure; does not establish play-calling duty."
2011-DEN-head_coach-01-17-john-fox,2011,DEN,coach-john-fox,John Fox,head_coach,1,17,,,false,false,false,verified,high,observed_game_weeks,https://github.com/nflverse/nflverse-data/releases/download/pbp/play_by_play_2011.parquet,Observed head coach on each included regular-season game; interval is first through last observed game week.
2011-DEN-offensive_coordinator-01-17-mike-mccoy,2011,DEN,coach-mike-mccoy,Mike McCoy,offensive_coordinator,1,17,,,false,false,true,verified,medium,season_designation,https://basement.crucifyd.com/zone/seahawks/record-fact/NFL%20-%202011%20-%20Record%20%26%20Fact%20Book.pdf,"Formal preseason staff title: offensive coordinator. Weeks encode the season designation, not independently observed weekly tenure; does not establish play-calling duty."
2011-DEN-quarterbacks_coach-01-17-adam-gase,2011,DEN,coach-adam-gase,Adam Gase,quarterbacks_coach,1,17,,,false,false,false,verified,medium,season_designation,https://basement.crucifyd.com/zone/seahawks/record-fact/NFL%20-%202011%20-%20Record%20%26%20Fact%20Book.pdf,"Formal preseason staff title: quarterbacks. Weeks encode the season designation, not independently observed weekly tenure; does not establish play-calling duty."
2011-DET-head_coach-01-17-jim-schwartz,2011,DET,coach-jim-schwartz,Jim Schwartz,head_coach,1,17,,,false,false,true,verified,high,observed_game_weeks,https://github.com/nflverse/nflverse-data/releases/download/pbp/play_by_play_2011.parquet,Observed head coach on each included regular-season game; interval is first through last observed game week.
2011-DET-offensive_coordinator-01-17-scott-linehan,2011,DET,coach-scott-linehan,Scott Linehan,offensive_coordinator,1,17,,,false,false,true,verified,medium,season_designation,https://basement.crucifyd.com/zone/seahawks/record-fact/NFL%20-%202011%20-%20Record%20%26%20Fact%20Book.pdf,"Formal preseason staff title: offensive coordinator. Weeks encode the season designation, not independently observed weekly tenure; does not establish play-calling duty."
2011-GB-head_coach-01-17-mike-mccarthy,2011,GB,coach-mike-mccarthy,Mike McCarthy,head_coach,1,17,,,false,false,true,verified,high,observed_game_weeks,https://github.com/nflverse/nflverse-data/releases/download/pbp/play_by_play_2011.parquet,Observed head coach on each included regular-season game; interval is first through last observed game week.
2011-GB-offensive_coordinator-01-17-joe-philbin,2011,GB,coach-joe-philbin,Joe Philbin,offensive_coordinator,1,17,,,false,false,true,verified,medium,season_designation,https://basement.crucifyd.com/zone/seahawks/record-fact/NFL%20-%202011%20-%20Record%20%26%20Fact%20Book.pdf,"Formal preseason staff title: offensive coordinator. Weeks encode the season designation, not independently observed weekly tenure; does not establish play-calling duty."
2011-GB-quarterbacks_coach-01-17-tom-clements,2011,GB,coach-tom-clements,Tom Clements,quarterbacks_coach,1,17,,,false,false,true,verified,medium,season_designation,https://basement.crucifyd.com/zone/seahawks/record-fact/NFL%20-%202011%20-%20Record%20%26%20Fact%20Book.pdf,"Formal preseason staff title: quarterbacks. Weeks encode the season designation, not independently observed weekly tenure; does not establish play-calling duty."
2011-HOU-head_coach-01-17-gary-kubiak,2011,HOU,coach-gary-kubiak,Gary Kubiak,head_coach,1,17,,,false,false,true,verified,high,observed_game_weeks,https://github.com/nflverse/nflverse-data/releases/download/pbp/play_by_play_2011.parquet,Observed head coach on each included regular-season game; interval is first through last observed game week.
2011-HOU-offensive_coordinator-01-17-rick-dennison,2011,HOU,coach-rick-dennison,Rick Dennison,offensive_coordinator,1,17,,,false,false,true,verified,medium,season_designation,https://basement.crucifyd.com/zone/seahawks/record-fact/NFL%20-%202011%20-%20Record%20%26%20Fact%20Book.pdf,"Formal preseason staff title: offensive coordinator. Weeks encode the season designation, not independently observed weekly tenure; does not establish play-calling duty."
2011-HOU-quarterbacks_coach-01-17-greg-knapp,2011,HOU,coach-greg-knapp,Greg Knapp,quarterbacks_coach,1,17,,,false,false,true,verified,medium,season_designation,https://basement.crucifyd.com/zone/seahawks/record-fact/NFL%20-%202011%20-%20Record%20%26%20Fact%20Book.pdf,"Formal preseason staff title: quarterbacks. Weeks encode the season designation, not independently observed weekly tenure; does not establish play-calling duty."
2011-IND-head_coach-01-17-jim-caldwell,2011,IND,coach-jim-caldwell,Jim Caldwell,head_coach,1,17,,,false,false,true,verified,high,observed_game_weeks,https://github.com/nflverse/nflverse-data/releases/download/pbp/play_by_play_2011.parquet,Observed head coach on each included regular-season game; interval is first through last observed game week.
2011-IND-offensive_coordinator-01-17-clyde-christensen,2011,IND,coach-clyde-christensen,Clyde Christensen,offensive_coordinator,1,17,,,false,false,true,verified,medium,season_designation,https://basement.crucifyd.com/zone/seahawks/record-fact/NFL%20-%202011%20-%20Record%20%26%20Fact%20Book.pdf,"Formal preseason staff title: offensive coordinator. Weeks encode the season designation, not independently observed weekly tenure; does not establish play-calling duty."
2011-IND-quarterbacks_coach-01-17-ron-turner,2011,IND,coach-ron-turner,Ron Turner,quarterbacks_coach,1,17,,,false,false,false,verified,medium,season_designation,https://basement.crucifyd.com/zone/seahawks/record-fact/NFL%20-%202011%20-%20Record%20%26%20Fact%20Book.pdf,"Formal preseason staff title: quarterbacks. Weeks encode the season designation, not independently observed weekly tenure; does not establish play-calling duty."
2011-JAX-head_coach-01-12-jack-del-rio,2011,JAX,coach-jack-del-rio,Jack Del Rio,head_coach,1,12,,,false,false,true,verified,high,observed_game_weeks,https://github.com/nflverse/nflverse-data/releases/download/pbp/play_by_play_2011.parquet,Observed head coach on each included regular-season game; interval is first through last observed game week.
2011-JAX-head_coach-13-17-mel-tucker,2011,JAX,coach-mel-tucker,Mel Tucker,head_coach,13,17,,,true,false,false,verified,high,observed_game_weeks,https://github.com/nflverse/nflverse-data/releases/download/pbp/play_by_play_2011.parquet,Observed head coach on each included regular-season game; interval is first through last observed game week.
2011-JAX-offensive_coordinator-01-17-dirk-koetter,2011,JAX,coach-dirk-koetter,Dirk Koetter,offensive_coordinator,1,17,,,false,false,true,verified,medium,season_designation,https://basement.crucifyd.com/zone/seahawks/record-fact/NFL%20-%202011%20-%20Record%20%26%20Fact%20Book.pdf,"Formal preseason staff title: offensive coordinator. Weeks encode the season designation, not independently observed weekly tenure; does not establish play-calling duty."
2011-KC-head_coach-01-14-todd-haley,2011,KC,coach-todd-haley,Todd Haley,head_coach,1,14,,,false,false,true,verified,high,observed_game_weeks,https://github.com/nflverse/nflverse-data/releases/download/pbp/play_by_play_2011.parquet,Observed head coach on each included regular-season game; interval is first through last observed game week.
2011-KC-head_coach-15-17-romeo-crennel,2011,KC,coach-romeo-crennel,Romeo Crennel,head_coach,15,17,,,true,false,false,verified,high,observed_game_weeks,https://github.com/nflverse/nflverse-data/releases/download/pbp/play_by_play_2011.parquet,Observed head coach on each included regular-season game; interval is first through last observed game week.
2011-KC-offensive_coordinator-01-17-bill-muir,2011,KC,coach-bill-muir,Bill Muir,offensive_coordinator,1,17,,,false,false,false,verified,medium,season_designation,https://basement.crucifyd.com/zone/seahawks/record-fact/NFL%20-%202011%20-%20Record%20%26%20Fact%20Book.pdf,"Formal preseason staff title: offensive coordinator/offensive. Weeks encode the season designation, not independently observed weekly tenure; does not establish play-calling duty."
2011-KC-quarterbacks_coach-01-17-jim-zorn,2011,KC,coach-jim-zorn,Jim Zorn,quarterbacks_coach,1,17,,,false,false,false,verified,medium,season_designation,https://basement.crucifyd.com/zone/seahawks/record-fact/NFL%20-%202011%20-%20Record%20%26%20Fact%20Book.pdf,"Formal preseason staff title: quarterbacks. Weeks encode the season designation, not independently observed weekly tenure; does not establish play-calling duty."
2011-LA-head_coach-01-17-steve-spagnuolo,2011,LA,coach-steve-spagnuolo,Steve Spagnuolo,head_coach,1,17,,,false,false,true,verified,high,observed_game_weeks,https://github.com/nflverse/nflverse-data/releases/download/pbp/play_by_play_2011.parquet,Observed head coach on each included regular-season game; interval is first through last observed game week.
2011-LA-offensive_coordinator-01-17-josh-mcdaniels,2011,LA,coach-josh-mcdaniels,Josh McDaniels,offensive_coordinator,1,17,,,false,false,false,verified,medium,season_designation,https://basement.crucifyd.com/zone/seahawks/record-fact/NFL%20-%202011%20-%20Record%20%26%20Fact%20Book.pdf,"Formal preseason staff title: offensive coordinator. Weeks encode the season designation, not independently observed weekly tenure; does not establish play-calling duty."
2011-LAC-head_coach-01-17-norv-turner,2011,LAC,coach-norv-turner,Norv Turner,head_coach,1,17,,,false,false,true,verified,high,observed_game_weeks,https://github.com/nflverse/nflverse-data/releases/download/pbp/play_by_play_2011.parquet,Observed head coach on each included regular-season game; interval is first through last observed game week.
2011-LAC-quarterbacks_coach-01-17-john-ramsdell,2011,LAC,coach-john-ramsdell,John Ramsdell,quarterbacks_coach,1,17,,,false,false,true,verified,medium,season_designation,https://basement.crucifyd.com/zone/seahawks/record-fact/NFL%20-%202011%20-%20Record%20%26%20Fact%20Book.pdf,"Formal preseason staff title: quarterbacks. Weeks encode the season designation, not independently observed weekly tenure; does not establish play-calling duty."
2011-LV-head_coach-01-17-hue-jackson,2011,LV,coach-hue-jackson,Hue Jackson,head_coach,1,17,,,false,false,false,verified,high,observed_game_weeks,https://github.com/nflverse/nflverse-data/releases/download/pbp/play_by_play_2011.parquet,Observed head coach on each included regular-season game; interval is first through last observed game week.
2011-LV-offensive_coordinator-01-17-al-saunders,2011,LV,coach-al-saunders,Al Saunders,offensive_coordinator,1,17,,,false,false,false,verified,medium,season_designation,https://basement.crucifyd.com/zone/seahawks/record-fact/NFL%20-%202011%20-%20Record%20%26%20Fact%20Book.pdf,"Formal preseason staff title: offensive coordinator. Weeks encode the season designation, not independently observed weekly tenure; does not establish play-calling duty."
2011-MIA-head_coach-01-14-tony-sparano,2011,MIA,coach-tony-sparano,Tony Sparano,head_coach,1,14,,,false,false,true,verified,high,observed_game_weeks,https://github.com/nflverse/nflverse-data/releases/download/pbp/play_by_play_2011.parquet,Observed head coach on each included regular-season game; interval is first through last observed game week.
2011-MIA-head_coach-15-17-todd-bowles,2011,MIA,coach-todd-bowles,Todd Bowles,head_coach,15,17,,,true,false,false,verified,high,observed_game_weeks,https://github.com/nflverse/nflverse-data/releases/download/pbp/play_by_play_2011.parquet,Observed head coach on each included regular-season game; interval is first through last observed game week.
2011-MIA-offensive_coordinator-01-17-brian-daboll,2011,MIA,coach-brian-daboll,Brian Daboll,offensive_coordinator,1,17,,,false,false,false,verified,medium,season_designation,https://basement.crucifyd.com/zone/seahawks/record-fact/NFL%20-%202011%20-%20Record%20%26%20Fact%20Book.pdf,"Formal preseason staff title: offensive coordinator. Weeks encode the season designation, not independently observed weekly tenure; does not establish play-calling duty."
2011-MIA-quarterbacks_coach-01-17-karl-dorrell,2011,MIA,coach-karl-dorrell,Karl Dorrell,quarterbacks_coach,1,17,,,false,false,false,verified,medium,season_designation,https://basement.crucifyd.com/zone/seahawks/record-fact/NFL%20-%202011%20-%20Record%20%26%20Fact%20Book.pdf,"Formal preseason staff title: quarterbacks. Weeks encode the season designation, not independently observed weekly tenure; does not establish play-calling duty."
2011-MIN-head_coach-01-17-leslie-frazier,2011,MIN,coach-leslie-frazier,Leslie Frazier,head_coach,1,17,,,false,false,true,verified,high,observed_game_weeks,https://github.com/nflverse/nflverse-data/releases/download/pbp/play_by_play_2011.parquet,Observed head coach on each included regular-season game; interval is first through last observed game week.
2011-MIN-offensive_coordinator-01-17-bill-musgrave,2011,MIN,coach-bill-musgrave,Bill Musgrave,offensive_coordinator,1,17,,,false,false,false,verified,medium,season_designation,https://basement.crucifyd.com/zone/seahawks/record-fact/NFL%20-%202011%20-%20Record%20%26%20Fact%20Book.pdf,"Formal preseason staff title: offensive coordinator. Weeks encode the season designation, not independently observed weekly tenure; does not establish play-calling duty."
2011-MIN-quarterbacks_coach-01-17-craig-johnson,2011,MIN,coach-craig-johnson,Craig Johnson,quarterbacks_coach,1,17,,,false,false,false,verified,medium,season_designation,https://basement.crucifyd.com/zone/seahawks/record-fact/NFL%20-%202011%20-%20Record%20%26%20Fact%20Book.pdf,"Formal preseason staff title: quarterbacks. Weeks encode the season designation, not independently observed weekly tenure; does not establish play-calling duty."
2011-NE-head_coach-01-17-bill-belichick,2011,NE,coach-bill-belichick,Bill Belichick,head_coach,1,17,,,false,false,true,verified,high,observed_game_weeks,https://github.com/nflverse/nflverse-data/releases/download/pbp/play_by_play_2011.parquet,Observed head coach on each included regular-season game; interval is first through last observed game week.
2011-NO-head_coach-01-17-sean-payton,2011,NO,coach-sean-payton,Sean Payton,head_coach,1,17,,,false,false,true,verified,high,observed_game_weeks,https://github.com/nflverse/nflverse-data/releases/download/pbp/play_by_play_2011.parquet,Observed head coach on each included regular-season game; interval is first through last observed game week.
2011-NO-quarterbacks_coach-01-17-joe-lombardi,2011,NO,coach-joe-lombardi,Joe Lombardi,quarterbacks_coach,1,17,,,false,false,true,verified,medium,season_designation,https://basement.crucifyd.com/zone/seahawks/record-fact/NFL%20-%202011%20-%20Record%20%26%20Fact%20Book.pdf,"Formal preseason staff title: quarterbacks. Weeks encode the season designation, not independently observed weekly tenure; does not establish play-calling duty."
2011-NYG-head_coach-01-17-tom-coughlin,2011,NYG,coach-tom-coughlin,Tom Coughlin,head_coach,1,17,,,false,false,true,verified,high,observed_game_weeks,https://github.com/nflverse/nflverse-data/releases/download/pbp/play_by_play_2011.parquet,Observed head coach on each included regular-season game; interval is first through last observed game week.
2011-NYG-offensive_coordinator-01-17-kevin-gilbride,2011,NYG,coach-kevin-gilbride,Kevin Gilbride,offensive_coordinator,1,17,,,false,false,true,verified,medium,season_designation,https://basement.crucifyd.com/zone/seahawks/record-fact/NFL%20-%202011%20-%20Record%20%26%20Fact%20Book.pdf,"Formal preseason staff title: offensive coordinator. Weeks encode the season designation, not independently observed weekly tenure; does not establish play-calling duty."
2011-NYG-quarterbacks_coach-01-17-mike-sullivan,2011,NYG,coach-mike-sullivan,Mike Sullivan,quarterbacks_coach,1,17,,,false,false,true,verified,medium,season_designation,https://basement.crucifyd.com/zone/seahawks/record-fact/NFL%20-%202011%20-%20Record%20%26%20Fact%20Book.pdf,"Formal preseason staff title: quarterbacks. Weeks encode the season designation, not independently observed weekly tenure; does not establish play-calling duty."
2011-NYJ-head_coach-01-17-rex-ryan,2011,NYJ,coach-rex-ryan,Rex Ryan,head_coach,1,17,,,false,false,true,verified,high,observed_game_weeks,https://github.com/nflverse/nflverse-data/releases/download/pbp/play_by_play_2011.parquet,Observed head coach on each included regular-season game; interval is first through last observed game week.
2011-NYJ-quarterbacks_coach-01-17-matt-cavanaugh,2011,NYJ,coach-matt-cavanaugh,Matt Cavanaugh,quarterbacks_coach,1,17,,,false,false,true,verified,medium,season_designation,https://basement.crucifyd.com/zone/seahawks/record-fact/NFL%20-%202011%20-%20Record%20%26%20Fact%20Book.pdf,"Formal preseason staff title: quarterbacks. Weeks encode the season designation, not independently observed weekly tenure; does not establish play-calling duty."
2011-PHI-head_coach-01-17-andy-reid,2011,PHI,coach-andy-reid,Andy Reid,head_coach,1,17,,,false,false,true,verified,high,observed_game_weeks,https://github.com/nflverse/nflverse-data/releases/download/pbp/play_by_play_2011.parquet,Observed head coach on each included regular-season game; interval is first through last observed game week.
2011-PHI-quarterbacks_coach-01-17-doug-pederson,2011,PHI,coach-doug-pederson,Doug Pederson,quarterbacks_coach,1,17,,,false,false,false,verified,medium,season_designation,https://basement.crucifyd.com/zone/seahawks/record-fact/NFL%20-%202011%20-%20Record%20%26%20Fact%20Book.pdf,"Formal preseason staff title: quarterbacks. Weeks encode the season designation, not independently observed weekly tenure; does not establish play-calling duty."
2011-PIT-head_coach-01-17-mike-tomlin,2011,PIT,coach-mike-tomlin,Mike Tomlin,head_coach,1,17,,,false,false,true,verified,high,observed_game_weeks,https://github.com/nflverse/nflverse-data/releases/download/pbp/play_by_play_2011.parquet,Observed head coach on each included regular-season game; interval is first through last observed game week.
2011-PIT-offensive_coordinator-01-17-bruce-arians,2011,PIT,coach-bruce-arians,Bruce Arians,offensive_coordinator,1,17,,,false,false,true,verified,medium,season_designation,https://basement.crucifyd.com/zone/seahawks/record-fact/NFL%20-%202011%20-%20Record%20%26%20Fact%20Book.pdf,"Formal preseason staff title: offensive coordinator. Weeks encode the season designation, not independently observed weekly tenure; does not establish play-calling duty."
2011-PIT-quarterbacks_coach-01-17-randy-fichtner,2011,PIT,coach-randy-fichtner,Randy Fichtner,quarterbacks_coach,1,17,,,false,false,true,verified,medium,season_designation,https://basement.crucifyd.com/zone/seahawks/record-fact/NFL%20-%202011%20-%20Record%20%26%20Fact%20Book.pdf,"Formal preseason staff title: quarterbacks. Weeks encode the season designation, not independently observed weekly tenure; does not establish play-calling duty."
2011-SEA-head_coach-01-17-pete-carroll,2011,SEA,coach-pete-carroll,Pete Carroll,head_coach,1,17,,,false,false,true,verified,high,observed_game_weeks,https://github.com/nflverse/nflverse-data/releases/download/pbp/play_by_play_2011.parquet,Observed head coach on each included regular-season game; interval is first through last observed game week.
2011-SEA-offensive_coordinator-01-17-darrell-bevell,2011,SEA,coach-darrell-bevell,Darrell Bevell,offensive_coordinator,1,17,,,false,false,false,verified,medium,season_designation,https://basement.crucifyd.com/zone/seahawks/record-fact/NFL%20-%202011%20-%20Record%20%26%20Fact%20Book.pdf,"Formal preseason staff title: offensive coordinator. Weeks encode the season designation, not independently observed weekly tenure; does not establish play-calling duty."
2011-SEA-quarterbacks_coach-01-17-carl-smith,2011,SEA,coach-carl-smith,Carl Smith,quarterbacks_coach,1,17,,,false,false,false,verified,medium,season_designation,https://basement.crucifyd.com/zone/seahawks/record-fact/NFL%20-%202011%20-%20Record%20%26%20Fact%20Book.pdf,"Formal preseason staff title: quarterbacks. Weeks encode the season designation, not independently observed weekly tenure; does not establish play-calling duty."
2011-SF-head_coach-01-17-jim-harbaugh,2011,SF,coach-jim-harbaugh,Jim Harbaugh,head_coach,1,17,,,false,false,false,verified,high,observed_game_weeks,https://github.com/nflverse/nflverse-data/releases/download/pbp/play_by_play_2011.parquet,Observed head coach on each included regular-season game; interval is first through last observed game week.
2011-SF-offensive_coordinator-01-17-greg-roman,2011,SF,coach-greg-roman,Greg Roman,offensive_coordinator,1,17,,,false,false,false,verified,medium,season_designation,https://basement.crucifyd.com/zone/seahawks/record-fact/NFL%20-%202011%20-%20Record%20%26%20Fact%20Book.pdf,"Formal preseason staff title: offensive coordinator. Weeks encode the season designation, not independently observed weekly tenure; does not establish play-calling duty."
2011-SF-quarterbacks_coach-01-17-geep-chryst,2011,SF,coach-geep-chryst,Geep Chryst,quarterbacks_coach,1,17,,,false,false,false,verified,medium,season_designation,https://basement.crucifyd.com/zone/seahawks/record-fact/NFL%20-%202011%20-%20Record%20%26%20Fact%20Book.pdf,"Formal preseason staff title: quarterbacks. Weeks encode the season designation, not independently observed weekly tenure; does not establish play-calling duty."
2011-TB-head_coach-01-17-raheem-morris,2011,TB,coach-raheem-morris,Raheem Morris,head_coach,1,17,,,false,false,true,verified,high,observed_game_weeks,https://github.com/nflverse/nflverse-data/releases/download/pbp/play_by_play_2011.parquet,Observed head coach on each included regular-season game; interval is first through last observed game week.
2011-TB-offensive_coordinator-01-17-greg-olson,2011,TB,coach-greg-olson,Greg Olson,offensive_coordinator,1,17,,,false,false,true,verified,medium,season_designation,https://basement.crucifyd.com/zone/seahawks/record-fact/NFL%20-%202011%20-%20Record%20%26%20Fact%20Book.pdf,"Formal preseason staff title: offensive coordinator. Weeks encode the season designation, not independently observed weekly tenure; does not establish play-calling duty."
2011-TB-quarterbacks_coach-01-17-alex-van-pelt,2011,TB,coach-alex-van-pelt,Alex Van Pelt,quarterbacks_coach,1,17,,,false,false,true,verified,medium,season_designation,https://basement.crucifyd.com/zone/seahawks/record-fact/NFL%20-%202011%20-%20Record%20%26%20Fact%20Book.pdf,"Formal preseason staff title: quarterbacks. Weeks encode the season designation, not independently observed weekly tenure; does not establish play-calling duty."
2011-TEN-head_coach-01-17-mike-munchak,2011,TEN,coach-mike-munchak,Mike Munchak,head_coach,1,17,,,false,false,false,verified,high,observed_game_weeks,https://github.com/nflverse/nflverse-data/releases/download/pbp/play_by_play_2011.parquet,Observed head coach on each included regular-season game; interval is first through last observed game week.
2011-TEN-offensive_coordinator-01-17-chris-palmer,2011,TEN,coach-chris-palmer,Chris Palmer,offensive_coordinator,1,17,,,false,false,false,verified,medium,season_designation,https://basement.crucifyd.com/zone/seahawks/record-fact/NFL%20-%202011%20-%20Record%20%26%20Fact%20Book.pdf,"Formal preseason staff title: offensive coordinator. Weeks encode the season designation, not independently observed weekly tenure; does not establish play-calling duty."
2011-TEN-quarterbacks_coach-01-17-dowell-loggains,2011,TEN,coach-dowell-loggains,Dowell Loggains,quarterbacks_coach,1,17,,,false,false,false,verified,medium,season_designation,https://basement.crucifyd.com/zone/seahawks/record-fact/NFL%20-%202011%20-%20Record%20%26%20Fact%20Book.pdf,"Formal preseason staff title: quarterbacks/passing. Weeks encode the season designation, not independently observed weekly tenure; does not establish play-calling duty."
2011-WAS-head_coach-01-17-mike-shanahan,2011,WAS,coach-mike-shanahan,Mike Shanahan,head_coach,1,17,,,false,false,true,verified,high,observed_game_weeks,https://github.com/nflverse/nflverse-data/releases/download/pbp/play_by_play_2011.parquet,Observed head coach on each included regular-season game; interval is first through last observed game week.
2011-WAS-offensive_coordinator-01-17-kyle-shanahan,2011,WAS,coach-kyle-shanahan,Kyle Shanahan,offensive_coordinator,1,17,,,false,false,true,verified,medium,season_designation,https://basement.crucifyd.com/zone/seahawks/record-fact/NFL%20-%202011%20-%20Record%20%26%20Fact%20Book.pdf,"Formal preseason staff title: offensive coordinator. Weeks encode the season designation, not independently observed weekly tenure; does not establish play-calling duty."
2011-WAS-quarterbacks_coach-01-17-matt-lefleur,2011,WAS,coach-matt-lefleur,Matt LeFleur,quarterbacks_coach,1,17,,,false,false,true,verified,medium,season_designation,https://basement.crucifyd.com/zone/seahawks/record-fact/NFL%20-%202011%20-%20Record%20%26%20Fact%20Book.pdf,"Formal preseason staff title: quarterbacks. Weeks encode the season designation, not independently observed weekly tenure; does not establish play-calling duty."
2012-ARI-head_coach-01-17-ken-whisenhunt,2012,ARI,coach-ken-whisenhunt,Ken Whisenhunt,head_coach,1,17,,,false,false,true,verified,high,observed_game_weeks,https://github.com/nflverse/nflverse-data/releases/download/pbp/play_by_play_2012.parquet,Observed head coach on each included regular-season game; interval is first through last observed game week.
2012-ARI-offensive_coordinator-01-17-mike-miller,2012,ARI,coach-mike-miller,Mike Miller,offensive_coordinator,1,17,,,false,false,true,verified,medium,season_designation,https://basement.crucifyd.com/zone/seahawks/record-fact/NFL%20-%202012%20-%20Record%20%26%20Fact%20Book.pdf,"Formal preseason staff title: offensive coordinator. Weeks encode the season designation, not independently observed weekly tenure; does not establish play-calling duty."
2012-ARI-quarterbacks_coach-01-17-john-mcnulty,2012,ARI,coach-john-mcnulty,John McNulty,quarterbacks_coach,1,17,,,false,false,false,verified,medium,season_designation,https://basement.crucifyd.com/zone/seahawks/record-fact/NFL%20-%202012%20-%20Record%20%26%20Fact%20Book.pdf,"Formal preseason staff title: quarterbacks. Weeks encode the season designation, not independently observed weekly tenure; does not establish play-calling duty."
2012-ATL-head_coach-01-17-mike-smith,2012,ATL,coach-mike-smith,Mike Smith,head_coach,1,17,,,false,false,true,verified,high,observed_game_weeks,https://github.com/nflverse/nflverse-data/releases/download/pbp/play_by_play_2012.parquet,Observed head coach on each included regular-season game; interval is first through last observed game week.
2012-ATL-offensive_coordinator-01-17-dirk-koetter,2012,ATL,coach-dirk-koetter,Dirk Koetter,offensive_coordinator,1,17,,,false,false,false,verified,medium,season_designation,https://basement.crucifyd.com/zone/seahawks/record-fact/NFL%20-%202012%20-%20Record%20%26%20Fact%20Book.pdf,"Formal preseason staff title: offensive coordinator. Weeks encode the season designation, not independently observed weekly tenure; does not establish play-calling duty."
2012-ATL-quarterbacks_coach-01-17-glenn-thomas,2012,ATL,coach-glenn-thomas,Glenn Thomas,quarterbacks_coach,1,17,,,false,false,false,verified,medium,season_designation,https://basement.crucifyd.com/zone/seahawks/record-fact/NFL%20-%202012%20-%20Record%20%26%20Fact%20Book.pdf,"Formal preseason staff title: quarterbacks. Weeks encode the season designation, not independently observed weekly tenure; does not establish play-calling duty."
2012-BAL-head_coach-01-17-john-harbaugh,2012,BAL,coach-john-harbaugh,John Harbaugh,head_coach,1,17,,,false,false,true,verified,high,observed_game_weeks,https://github.com/nflverse/nflverse-data/releases/download/pbp/play_by_play_2012.parquet,Observed head coach on each included regular-season game; interval is first through last observed game week.
2012-BAL-offensive_coordinator-01-17-cam-cameron,2012,BAL,coach-cam-cameron,Cam Cameron,offensive_coordinator,1,17,,,false,false,true,verified,medium,season_designation,https://basement.crucifyd.com/zone/seahawks/record-fact/NFL%20-%202012%20-%20Record%20%26%20Fact%20Book.pdf,"Formal preseason staff title: offensive coordinator. Weeks encode the season designation, not independently observed weekly tenure; does not establish play-calling duty."
2012-BAL-quarterbacks_coach-01-17-jim-caldwell,2012,BAL,coach-jim-caldwell,Jim Caldwell,quarterbacks_coach,1,17,,,false,false,false,verified,medium,season_designation,https://basement.crucifyd.com/zone/seahawks/record-fact/NFL%20-%202012%20-%20Record%20%26%20Fact%20Book.pdf,"Formal preseason staff title: quarterbacks. Weeks encode the season designation, not independently observed weekly tenure; does not establish play-calling duty."
2012-BUF-head_coach-01-17-chan-gailey,2012,BUF,coach-chan-gailey,Chan Gailey,head_coach,1,17,,,false,false,true,verified,high,observed_game_weeks,https://github.com/nflverse/nflverse-data/releases/download/pbp/play_by_play_2012.parquet,Observed head coach on each included regular-season game; interval is first through last observed game week.
2012-BUF-quarterbacks_coach-01-17-david-lee,2012,BUF,coach-david-lee,David Lee,quarterbacks_coach,1,17,,,false,false,false,verified,medium,season_designation,https://basement.crucifyd.com/zone/seahawks/record-fact/NFL%20-%202012%20-%20Record%20%26%20Fact%20Book.pdf,"Formal preseason staff title: quarterbacks. Weeks encode the season designation, not independently observed weekly tenure; does not establish play-calling duty."
2012-CAR-head_coach-01-17-ron-rivera,2012,CAR,coach-ron-rivera,Ron Rivera,head_coach,1,17,,,false,false,true,verified,high,observed_game_weeks,https://github.com/nflverse/nflverse-data/releases/download/pbp/play_by_play_2012.parquet,Observed head coach on each included regular-season game; interval is first through last observed game week.
2012-CAR-offensive_coordinator-01-17-rod-chudzinski,2012,CAR,coach-rod-chudzinski,Rod Chudzinski,offensive_coordinator,1,17,,,false,false,true,verified,medium,season_designation,https://basement.crucifyd.com/zone/seahawks/record-fact/NFL%20-%202012%20-%20Record%20%26%20Fact%20Book.pdf,"Formal preseason staff title: offensive coordinator. Weeks encode the season designation, not independently observed weekly tenure; does not establish play-calling duty."
2012-CAR-quarterbacks_coach-01-17-mike-shula,2012,CAR,coach-mike-shula,Mike Shula,quarterbacks_coach,1,17,,,false,false,true,verified,medium,season_designation,https://basement.crucifyd.com/zone/seahawks/record-fact/NFL%20-%202012%20-%20Record%20%26%20Fact%20Book.pdf,"Formal preseason staff title: quarterbacks. Weeks encode the season designation, not independently observed weekly tenure; does not establish play-calling duty."
2012-CHI-head_coach-01-17-lovie-smith,2012,CHI,coach-lovie-smith,Lovie Smith,head_coach,1,17,,,false,false,true,verified,high,observed_game_weeks,https://github.com/nflverse/nflverse-data/releases/download/pbp/play_by_play_2012.parquet,Observed head coach on each included regular-season game; interval is first through last observed game week.
2012-CHI-offensive_coordinator-01-17-mike-tice,2012,CHI,coach-mike-tice,Mike Tice,offensive_coordinator,1,17,,,false,false,false,verified,medium,season_designation,https://basement.crucifyd.com/zone/seahawks/record-fact/NFL%20-%202012%20-%20Record%20%26%20Fact%20Book.pdf,"Formal preseason staff title: offensive coordinator. Weeks encode the season designation, not independently observed weekly tenure; does not establish play-calling duty."
2012-CHI-quarterbacks_coach-01-17-jeremy-bates,2012,CHI,coach-jeremy-bates,Jeremy Bates,quarterbacks_coach,1,17,,,false,false,false,verified,medium,season_designation,https://basement.crucifyd.com/zone/seahawks/record-fact/NFL%20-%202012%20-%20Record%20%26%20Fact%20Book.pdf,"Formal preseason staff title: quarterbacks. Weeks encode the season designation, not independently observed weekly tenure; does not establish play-calling duty."
2012-CIN-head_coach-01-17-marvin-lewis,2012,CIN,coach-marvin-lewis,Marvin Lewis,head_coach,1,17,,,false,false,true,verified,high,observed_game_weeks,https://github.com/nflverse/nflverse-data/releases/download/pbp/play_by_play_2012.parquet,Observed head coach on each included regular-season game; interval is first through last observed game week.
2012-CIN-offensive_coordinator-01-17-jay-gruden,2012,CIN,coach-jay-gruden,Jay Gruden,offensive_coordinator,1,17,,,false,false,true,verified,medium,season_designation,https://basement.crucifyd.com/zone/seahawks/record-fact/NFL%20-%202012%20-%20Record%20%26%20Fact%20Book.pdf,"Formal preseason staff title: offensive coordinator. Weeks encode the season designation, not independently observed weekly tenure; does not establish play-calling duty."
2012-CIN-quarterbacks_coach-01-17-ken-zampese,2012,CIN,coach-ken-zampese,Ken Zampese,quarterbacks_coach,1,17,,,false,false,true,verified,medium,season_designation,https://basement.crucifyd.com/zone/seahawks/record-fact/NFL%20-%202012%20-%20Record%20%26%20Fact%20Book.pdf,"Formal preseason staff title: quarterbacks. Weeks encode the season designation, not independently observed weekly tenure; does not establish play-calling duty."
2012-CLE-head_coach-01-17-pat-shurmur,2012,CLE,coach-pat-shurmur,Pat Shurmur,head_coach,1,17,,,false,false,true,verified,high,observed_game_weeks,https://github.com/nflverse/nflverse-data/releases/download/pbp/play_by_play_2012.parquet,Observed head coach on each included regular-season game; interval is first through last observed game week.
2012-CLE-offensive_coordinator-01-17-brad-childress,2012,CLE,coach-brad-childress,Brad Childress,offensive_coordinator,1,17,,,false,false,false,verified,medium,season_designation,https://basement.crucifyd.com/zone/seahawks/record-fact/NFL%20-%202012%20-%20Record%20%26%20Fact%20Book.pdf,"Formal preseason staff title: offensive coordinator. Weeks encode the season designation, not independently observed weekly tenure; does not establish play-calling duty."
2012-CLE-quarterbacks_coach-01-17-mark-whipple,2012,CLE,coach-mark-whipple,Mark Whipple,quarterbacks_coach,1,17,,,false,false,true,verified,medium,season_designation,https://basement.crucifyd.com/zone/seahawks/record-fact/NFL%20-%202012%20-%20Record%20%26%20Fact%20Book.pdf,"Formal preseason staff title: quarterbacks. Weeks encode the season designation, not independently observed weekly tenure; does not establish play-calling duty."
2012-DAL-head_coach-01-17-jason-garrett,2012,DAL,coach-jason-garrett,Jason Garrett,head_coach,1,17,,,false,false,true,verified,high,observed_game_weeks,https://github.com/nflverse/nflverse-data/releases/download/pbp/play_by_play_2012.parquet,Observed head coach on each included regular-season game; interval is first through last observed game week.
2012-DAL-quarterbacks_coach-01-17-wade-wilson,2012,DAL,coach-wade-wilson,Wade Wilson,quarterbacks_coach,1,17,,,false,false,true,verified,medium,season_designation,https://basement.crucifyd.com/zone/seahawks/record-fact/NFL%20-%202012%20-%20Record%20%26%20Fact%20Book.pdf,"Formal preseason staff title: quarterbacks. Weeks encode the season designation, not independently observed weekly tenure; does not establish play-calling duty."
2012-DEN-head_coach-01-17-john-fox,2012,DEN,coach-john-fox,John Fox,head_coach,1,17,,,false,false,true,verified,high,observed_game_weeks,https://github.com/nflverse/nflverse-data/releases/download/pbp/play_by_play_2012.parquet,Observed head coach on each included regular-season game; interval is first through last observed game week.
2012-DEN-offensive_coordinator-01-17-mike-mccoy,2012,DEN,coach-mike-mccoy,Mike McCoy,offensive_coordinator,1,17,,,false,false,true,verified,medium,season_designation,https://basement.crucifyd.com/zone/seahawks/record-fact/NFL%20-%202012%20-%20Record%20%26%20Fact%20Book.pdf,"Formal preseason staff title: offensive coordinator. Weeks encode the season designation, not independently observed weekly tenure; does not establish play-calling duty."
2012-DEN-quarterbacks_coach-01-17-adam-gase,2012,DEN,coach-adam-gase,Adam Gase,quarterbacks_coach,1,17,,,false,false,true,verified,medium,season_designation,https://basement.crucifyd.com/zone/seahawks/record-fact/NFL%20-%202012%20-%20Record%20%26%20Fact%20Book.pdf,"Formal preseason staff title: quarterbacks. Weeks encode the season designation, not independently observed weekly tenure; does not establish play-calling duty."
2012-DET-head_coach-01-17-jim-schwartz,2012,DET,coach-jim-schwartz,Jim Schwartz,head_coach,1,17,,,false,false,true,verified,high,observed_game_weeks,https://github.com/nflverse/nflverse-data/releases/download/pbp/play_by_play_2012.parquet,Observed head coach on each included regular-season game; interval is first through last observed game week.
2012-DET-offensive_coordinator-01-17-scott-linehan,2012,DET,coach-scott-linehan,Scott Linehan,offensive_coordinator,1,17,,,false,false,true,verified,medium,season_designation,https://basement.crucifyd.com/zone/seahawks/record-fact/NFL%20-%202012%20-%20Record%20%26%20Fact%20Book.pdf,"Formal preseason staff title: offensive coordinator. Weeks encode the season designation, not independently observed weekly tenure; does not establish play-calling duty."
2012-GB-head_coach-01-17-mike-mccarthy,2012,GB,coach-mike-mccarthy,Mike McCarthy,head_coach,1,17,,,false,false,true,verified,high,observed_game_weeks,https://github.com/nflverse/nflverse-data/releases/download/pbp/play_by_play_2012.parquet,Observed head coach on each included regular-season game; interval is first through last observed game week.
2012-GB-offensive_coordinator-01-17-tom-clements,2012,GB,coach-tom-clements,Tom Clements,offensive_coordinator,1,17,,,false,false,false,verified,medium,season_designation,https://basement.crucifyd.com/zone/seahawks/record-fact/NFL%20-%202012%20-%20Record%20%26%20Fact%20Book.pdf,"Formal preseason staff title: offensive coordinator. Weeks encode the season designation, not independently observed weekly tenure; does not establish play-calling duty."
2012-GB-quarterbacks_coach-01-17-ben-mcadoo,2012,GB,coach-ben-mcadoo,Ben McAdoo,quarterbacks_coach,1,17,,,false,false,false,verified,medium,season_designation,https://basement.crucifyd.com/zone/seahawks/record-fact/NFL%20-%202012%20-%20Record%20%26%20Fact%20Book.pdf,"Formal preseason staff title: quarterbacks. Weeks encode the season designation, not independently observed weekly tenure; does not establish play-calling duty."
2012-HOU-head_coach-01-17-gary-kubiak,2012,HOU,coach-gary-kubiak,Gary Kubiak,head_coach,1,17,,,false,false,true,verified,high,observed_game_weeks,https://github.com/nflverse/nflverse-data/releases/download/pbp/play_by_play_2012.parquet,Observed head coach on each included regular-season game; interval is first through last observed game week.
2012-HOU-offensive_coordinator-01-17-rick-dennison,2012,HOU,coach-rick-dennison,Rick Dennison,offensive_coordinator,1,17,,,false,false,true,verified,medium,season_designation,https://basement.crucifyd.com/zone/seahawks/record-fact/NFL%20-%202012%20-%20Record%20%26%20Fact%20Book.pdf,"Formal preseason staff title: offensive coordinator. Weeks encode the season designation, not independently observed weekly tenure; does not establish play-calling duty."
2012-HOU-quarterbacks_coach-01-17-karl-dorrell,2012,HOU,coach-karl-dorrell,Karl Dorrell,quarterbacks_coach,1,17,,,false,false,false,verified,medium,season_designation,https://basement.crucifyd.com/zone/seahawks/record-fact/NFL%20-%202012%20-%20Record%20%26%20Fact%20Book.pdf,"Formal preseason staff title: quarterbacks. Weeks encode the season designation, not independently observed weekly tenure; does not establish play-calling duty."
2012-IND-head_coach-01-17-chuck-pagano,2012,IND,coach-chuck-pagano,Chuck Pagano,head_coach,1,17,,,false,false,false,verified,high,observed_game_weeks,https://github.com/nflverse/nflverse-data/releases/download/pbp/play_by_play_2012.parquet,Observed head coach on each included regular-season game; interval is first through last observed game week.
2012-IND-offensive_coordinator-01-17-bruce-arians,2012,IND,coach-bruce-arians,Bruce Arians,offensive_coordinator,1,17,,,false,false,false,verified,medium,season_designation,https://basement.crucifyd.com/zone/seahawks/record-fact/NFL%20-%202012%20-%20Record%20%26%20Fact%20Book.pdf,"Formal preseason staff title: offensive coordinator. Weeks encode the season designation, not independently observed weekly tenure; does not establish play-calling duty."
2012-IND-quarterbacks_coach-01-17-clyde-christensen,2012,IND,coach-clyde-christensen,Clyde Christensen,quarterbacks_coach,1,17,,,false,false,false,verified,medium,season_designation,https://basement.crucifyd.com/zone/seahawks/record-fact/NFL%20-%202012%20-%20Record%20%26%20Fact%20Book.pdf,"Formal preseason staff title: quarterbacks. Weeks encode the season designation, not independently observed weekly tenure; does not establish play-calling duty."
2012-JAX-head_coach-01-17-mike-mularkey,2012,JAX,coach-mike-mularkey,Mike Mularkey,head_coach,1,17,,,false,false,false,verified,high,observed_game_weeks,https://github.com/nflverse/nflverse-data/releases/download/pbp/play_by_play_2012.parquet,Observed head coach on each included regular-season game; interval is first through last observed game week.
2012-JAX-offensive_coordinator-01-17-bob-bratkowski,2012,JAX,coach-bob-bratkowski,Bob Bratkowski,offensive_coordinator,1,17,,,false,false,false,verified,medium,season_designation,https://basement.crucifyd.com/zone/seahawks/record-fact/NFL%20-%202012%20-%20Record%20%26%20Fact%20Book.pdf,"Formal preseason staff title: offensive coordinator. Weeks encode the season designation, not independently observed weekly tenure; does not establish play-calling duty."
2012-KC-head_coach-01-17-romeo-crennel,2012,KC,coach-romeo-crennel,Romeo Crennel,head_coach,1,17,,,false,false,true,verified,high,observed_game_weeks,https://github.com/nflverse/nflverse-data/releases/download/pbp/play_by_play_2012.parquet,Observed head coach on each included regular-season game; interval is first through last observed game week.
2012-KC-offensive_coordinator-01-17-brian-daboll,2012,KC,coach-brian-daboll,Brian Daboll,offensive_coordinator,1,17,,,false,false,false,verified,medium,season_designation,https://basement.crucifyd.com/zone/seahawks/record-fact/NFL%20-%202012%20-%20Record%20%26%20Fact%20Book.pdf,"Formal preseason staff title: offensive coordinator. Weeks encode the season designation, not independently observed weekly tenure; does not establish play-calling duty."
2012-KC-quarterbacks_coach-01-17-jim-zorn,2012,KC,coach-jim-zorn,Jim Zorn,quarterbacks_coach,1,17,,,false,false,true,verified,medium,season_designation,https://basement.crucifyd.com/zone/seahawks/record-fact/NFL%20-%202012%20-%20Record%20%26%20Fact%20Book.pdf,"Formal preseason staff title: quarterbacks. Weeks encode the season designation, not independently observed weekly tenure; does not establish play-calling duty."
2012-LA-head_coach-01-17-jeff-fisher,2012,LA,coach-jeff-fisher,Jeff Fisher,head_coach,1,17,,,false,false,false,verified,high,observed_game_weeks,https://github.com/nflverse/nflverse-data/releases/download/pbp/play_by_play_2012.parquet,Observed head coach on each included regular-season game; interval is first through last observed game week.
2012-LA-quarterbacks_coach-01-17-frank-cignetti,2012,LA,coach-frank-cignetti,Frank Cignetti,quarterbacks_coach,1,17,,,false,false,false,verified,medium,season_designation,https://basement.crucifyd.com/zone/seahawks/record-fact/NFL%20-%202012%20-%20Record%20%26%20Fact%20Book.pdf,"Formal preseason staff title: quarterbacks. Weeks encode the season designation, not independently observed weekly tenure; does not establish play-calling duty."
2012-LAC-head_coach-01-17-norv-turner,2012,LAC,coach-norv-turner,Norv Turner,head_coach,1,17,,,false,false,true,verified,high,observed_game_weeks,https://github.com/nflverse/nflverse-data/releases/download/pbp/play_by_play_2012.parquet,Observed head coach on each included regular-season game; interval is first through last observed game week.
2012-LAC-quarterbacks_coach-01-17-john-ramsdell,2012,LAC,coach-john-ramsdell,John Ramsdell,quarterbacks_coach,1,17,,,false,false,true,verified,medium,season_designation,https://basement.crucifyd.com/zone/seahawks/record-fact/NFL%20-%202012%20-%20Record%20%26%20Fact%20Book.pdf,"Formal preseason staff title: quarterbacks. Weeks encode the season designation, not independently observed weekly tenure; does not establish play-calling duty."
2012-LV-head_coach-01-17-dennis-allen,2012,LV,coach-dennis-allen,Dennis Allen,head_coach,1,17,,,false,false,false,verified,high,observed_game_weeks,https://github.com/nflverse/nflverse-data/releases/download/pbp/play_by_play_2012.parquet,Observed head coach on each included regular-season game; interval is first through last observed game week.
2012-LV-offensive_coordinator-01-17-greg-knapp,2012,LV,coach-greg-knapp,Greg Knapp,offensive_coordinator,1,17,,,false,false,false,verified,medium,season_designation,https://basement.crucifyd.com/zone/seahawks/record-fact/NFL%20-%202012%20-%20Record%20%26%20Fact%20Book.pdf,"Formal preseason staff title: offensive coordinator. Weeks encode the season designation, not independently observed weekly tenure; does not establish play-calling duty."
2012-LV-quarterbacks_coach-01-17-john-defilippo,2012,LV,coach-john-defilippo,John DeFilippo,quarterbacks_coach,1,17,,,false,false,false,verified,medium,season_designation,https://basement.crucifyd.com/zone/seahawks/record-fact/NFL%20-%202012%20-%20Record%20%26%20Fact%20Book.pdf,"Formal preseason staff title: quarterbacks. Weeks encode the season designation, not independently observed weekly tenure; does not establish play-calling duty."
2012-MIA-head_coach-01-17-joe-philbin,2012,MIA,coach-joe-philbin,Joe Philbin,head_coach,1,17,,,false,false,false,verified,high,observed_game_weeks,https://github.com/nflverse/nflverse-data/releases/download/pbp/play_by_play_2012.parquet,Observed head coach on each included regular-season game; interval is first through last observed game week.
2012-MIA-offensive_coordinator-01-17-mike-sherman,2012,MIA,coach-mike-sherman,Mike Sherman,offensive_coordinator,1,17,,,false,false,false,verified,medium,season_designation,https://basement.crucifyd.com/zone/seahawks/record-fact/NFL%20-%202012%20-%20Record%20%26%20Fact%20Book.pdf,"Formal preseason staff title: offensive coordinator. Weeks encode the season designation, not independently observed weekly tenure; does not establish play-calling duty."
2012-MIN-head_coach-01-17-leslie-frazier,2012,MIN,coach-leslie-frazier,Leslie Frazier,head_coach,1,17,,,false,false,true,verified,high,observed_game_weeks,https://github.com/nflverse/nflverse-data/releases/download/pbp/play_by_play_2012.parquet,Observed head coach on each included regular-season game; interval is first through last observed game week.
2012-MIN-offensive_coordinator-01-17-bill-musgrave,2012,MIN,coach-bill-musgrave,Bill Musgrave,offensive_coordinator,1,17,,,false,false,true,verified,medium,season_designation,https://basement.crucifyd.com/zone/seahawks/record-fact/NFL%20-%202012%20-%20Record%20%26%20Fact%20Book.pdf,"Formal preseason staff title: offensive coordinator. Weeks encode the season designation, not independently observed weekly tenure; does not establish play-calling duty."
2012-MIN-quarterbacks_coach-01-17-craig-johnson,2012,MIN,coach-craig-johnson,Craig Johnson,quarterbacks_coach,1,17,,,false,false,true,verified,medium,season_designation,https://basement.crucifyd.com/zone/seahawks/record-fact/NFL%20-%202012%20-%20Record%20%26%20Fact%20Book.pdf,"Formal preseason staff title: quarterbacks. Weeks encode the season designation, not independently observed weekly tenure; does not establish play-calling duty."
2012-NE-head_coach-01-17-bill-belichick,2012,NE,coach-bill-belichick,Bill Belichick,head_coach,1,17,,,false,false,true,verified,high,observed_game_weeks,https://github.com/nflverse/nflverse-data/releases/download/pbp/play_by_play_2012.parquet,Observed head coach on each included regular-season game; interval is first through last observed game week.
2012-NO-head_coach-01-07-aaron-kromer,2012,NO,coach-aaron-kromer,Aaron Kromer,head_coach,1,7,,,false,false,false,verified,high,observed_game_weeks,https://github.com/nflverse/nflverse-data/releases/download/pbp/play_by_play_2012.parquet,Observed head coach on each included regular-season game; interval is first through last observed game week.
2012-NO-head_coach-08-17-joe-vitt,2012,NO,coach-joe-vitt,Joe Vitt,head_coach,8,17,,,true,false,false,verified,high,observed_game_weeks,https://github.com/nflverse/nflverse-data/releases/download/pbp/play_by_play_2012.parquet,Observed head coach on each included regular-season game; interval is first through last observed game week.
2012-NO-offensive_coordinator-01-17-pete-carmichael,2012,NO,coach-pete-carmichael,Pete Carmichael,offensive_coordinator,1,17,,,false,false,false,verified,medium,season_designation,https://basement.crucifyd.com/zone/seahawks/record-fact/NFL%20-%202012%20-%20Record%20%26%20Fact%20Book.pdf,"Formal preseason staff title: offensive coordinator. Weeks encode the season designation, not independently observed weekly tenure; does not establish play-calling duty."
2012-NO-quarterbacks_coach-01-17-joe-lombardi,2012,NO,coach-joe-lombardi,Joe Lombardi,quarterbacks_coach,1,17,,,false,false,true,verified,medium,season_designation,https://basement.crucifyd.com/zone/seahawks/record-fact/NFL%20-%202012%20-%20Record%20%26%20Fact%20Book.pdf,"Formal preseason staff title: quarterbacks. Weeks encode the season designation, not independently observed weekly tenure; does not establish play-calling duty."
2012-NYG-head_coach-01-17-tom-coughlin,2012,NYG,coach-tom-coughlin,Tom Coughlin,head_coach,1,17,,,false,false,true,verified,high,observed_game_weeks,https://github.com/nflverse/nflverse-data/releases/download/pbp/play_by_play_2012.parquet,Observed head coach on each included regular-season game; interval is first through last observed game week.
2012-NYG-offensive_coordinator-01-17-kevin-gilbride,2012,NYG,coach-kevin-gilbride,Kevin Gilbride,offensive_coordinator,1,17,,,false,false,true,verified,medium,season_designation,https://basement.crucifyd.com/zone/seahawks/record-fact/NFL%20-%202012%20-%20Record%20%26%20Fact%20Book.pdf,"Formal preseason staff title: offensive coordinator. Weeks encode the season designation, not independently observed weekly tenure; does not establish play-calling duty."
2012-NYG-quarterbacks_coach-01-17-sean-ryan,2012,NYG,coach-sean-ryan,Sean Ryan,quarterbacks_coach,1,17,,,false,false,false,verified,medium,season_designation,https://basement.crucifyd.com/zone/seahawks/record-fact/NFL%20-%202012%20-%20Record%20%26%20Fact%20Book.pdf,"Formal preseason staff title: quarterbacks. Weeks encode the season designation, not independently observed weekly tenure; does not establish play-calling duty."
2012-NYJ-head_coach-01-17-rex-ryan,2012,NYJ,coach-rex-ryan,Rex Ryan,head_coach,1,17,,,false,false,true,verified,high,observed_game_weeks,https://github.com/nflverse/nflverse-data/releases/download/pbp/play_by_play_2012.parquet,Observed head coach on each included regular-season game; interval is first through last observed game week.
2012-NYJ-offensive_coordinator-01-17-tony-sparano,2012,NYJ,coach-tony-sparano,Tony Sparano,offensive_coordinator,1,17,,,false,false,false,verified,medium,season_designation,https://basement.crucifyd.com/zone/seahawks/record-fact/NFL%20-%202012%20-%20Record%20%26%20Fact%20Book.pdf,"Formal preseason staff title: offensive coordinator. Weeks encode the season designation, not independently observed weekly tenure; does not establish play-calling duty."
2012-NYJ-quarterbacks_coach-01-17-matt-cavanaugh,2012,NYJ,coach-matt-cavanaugh,Matt Cavanaugh,quarterbacks_coach,1,17,,,false,false,true,verified,medium,season_designation,https://basement.crucifyd.com/zone/seahawks/record-fact/NFL%20-%202012%20-%20Record%20%26%20Fact%20Book.pdf,"Formal preseason staff title: quarterbacks. Weeks encode the season designation, not independently observed weekly tenure; does not establish play-calling duty."
2012-PHI-head_coach-01-17-andy-reid,2012,PHI,coach-andy-reid,Andy Reid,head_coach,1,17,,,false,false,true,verified,high,observed_game_weeks,https://github.com/nflverse/nflverse-data/releases/download/pbp/play_by_play_2012.parquet,Observed head coach on each included regular-season game; interval is first through last observed game week.
2012-PHI-quarterbacks_coach-01-17-doug-pederson,2012,PHI,coach-doug-pederson,Doug Pederson,quarterbacks_coach,1,17,,,false,false,true,verified,medium,season_designation,https://basement.crucifyd.com/zone/seahawks/record-fact/NFL%20-%202012%20-%20Record%20%26%20Fact%20Book.pdf,"Formal preseason staff title: quarterbacks. Weeks encode the season designation, not independently observed weekly tenure; does not establish play-calling duty."
2012-PIT-head_coach-01-17-mike-tomlin,2012,PIT,coach-mike-tomlin,Mike Tomlin,head_coach,1,17,,,false,false,true,verified,high,observed_game_weeks,https://github.com/nflverse/nflverse-data/releases/download/pbp/play_by_play_2012.parquet,Observed head coach on each included regular-season game; interval is first through last observed game week.
2012-PIT-offensive_coordinator-01-17-todd-haley,2012,PIT,coach-todd-haley,Todd Haley,offensive_coordinator,1,17,,,false,false,false,verified,medium,season_designation,https://basement.crucifyd.com/zone/seahawks/record-fact/NFL%20-%202012%20-%20Record%20%26%20Fact%20Book.pdf,"Formal preseason staff title: offensive coordinator. Weeks encode the season designation, not independently observed weekly tenure; does not establish play-calling duty."
2012-PIT-quarterbacks_coach-01-17-randy-fichtner,2012,PIT,coach-randy-fichtner,Randy Fichtner,quarterbacks_coach,1,17,,,false,false,true,verified,medium,season_designation,https://basement.crucifyd.com/zone/seahawks/record-fact/NFL%20-%202012%20-%20Record%20%26%20Fact%20Book.pdf,"Formal preseason staff title: quarterbacks. Weeks encode the season designation, not independently observed weekly tenure; does not establish play-calling duty."
2012-SEA-head_coach-01-17-pete-carroll,2012,SEA,coach-pete-carroll,Pete Carroll,head_coach,1,17,,,false,false,true,verified,high,observed_game_weeks,https://github.com/nflverse/nflverse-data/releases/download/pbp/play_by_play_2012.parquet,Observed head coach on each included regular-season game; interval is first through last observed game week.
2012-SEA-offensive_coordinator-01-17-darrell-bevell,2012,SEA,coach-darrell-bevell,Darrell Bevell,offensive_coordinator,1,17,,,false,false,true,verified,medium,season_designation,https://basement.crucifyd.com/zone/seahawks/record-fact/NFL%20-%202012%20-%20Record%20%26%20Fact%20Book.pdf,"Formal preseason staff title: offensive coordinator. Weeks encode the season designation, not independently observed weekly tenure; does not establish play-calling duty."
2012-SEA-quarterbacks_coach-01-17-carl-smith,2012,SEA,coach-carl-smith,Carl Smith,quarterbacks_coach,1,17,,,false,false,true,verified,medium,season_designation,https://basement.crucifyd.com/zone/seahawks/record-fact/NFL%20-%202012%20-%20Record%20%26%20Fact%20Book.pdf,"Formal preseason staff title: quarterbacks. Weeks encode the season designation, not independently observed weekly tenure; does not establish play-calling duty."
2012-SF-head_coach-01-17-jim-harbaugh,2012,SF,coach-jim-harbaugh,Jim Harbaugh,head_coach,1,17,,,false,false,true,verified,high,observed_game_weeks,https://github.com/nflverse/nflverse-data/releases/download/pbp/play_by_play_2012.parquet,Observed head coach on each included regular-season game; interval is first through last observed game week.
2012-SF-offensive_coordinator-01-17-greg-roman,2012,SF,coach-greg-roman,Greg Roman,offensive_coordinator,1,17,,,false,false,true,verified,medium,season_designation,https://basement.crucifyd.com/zone/seahawks/record-fact/NFL%20-%202012%20-%20Record%20%26%20Fact%20Book.pdf,"Formal preseason staff title: offensive coordinator. Weeks encode the season designation, not independently observed weekly tenure; does not establish play-calling duty."
2012-SF-quarterbacks_coach-01-17-geep-chryst,2012,SF,coach-geep-chryst,Geep Chryst,quarterbacks_coach,1,17,,,false,false,true,verified,medium,season_designation,https://basement.crucifyd.com/zone/seahawks/record-fact/NFL%20-%202012%20-%20Record%20%26%20Fact%20Book.pdf,"Formal preseason staff title: quarterbacks. Weeks encode the season designation, not independently observed weekly tenure; does not establish play-calling duty."
2012-TB-head_coach-01-17-greg-schiano,2012,TB,coach-greg-schiano,Greg Schiano,head_coach,1,17,,,false,false,false,verified,high,observed_game_weeks,https://github.com/nflverse/nflverse-data/releases/download/pbp/play_by_play_2012.parquet,Observed head coach on each included regular-season game; interval is first through last observed game week.
2012-TB-offensive_coordinator-01-17-mike-sullivan,2012,TB,coach-mike-sullivan,Mike Sullivan,offensive_coordinator,1,17,,,false,false,false,verified,medium,season_designation,https://basement.crucifyd.com/zone/seahawks/record-fact/NFL%20-%202012%20-%20Record%20%26%20Fact%20Book.pdf,"Formal preseason staff title: offensive coordinator. Weeks encode the season designation, not independently observed weekly tenure; does not establish play-calling duty."
2012-TB-quarterbacks_coach-01-17-ron-turner,2012,TB,coach-ron-turner,Ron Turner,quarterbacks_coach,1,17,,,false,false,false,verified,medium,season_designation,https://basement.crucifyd.com/zone/seahawks/record-fact/NFL%20-%202012%20-%20Record%20%26%20Fact%20Book.pdf,"Formal preseason staff title: quarterbacks. Weeks encode the season designation, not independently observed weekly tenure; does not establish play-calling duty."
2012-TEN-head_coach-01-17-mike-munchak,2012,TEN,coach-mike-munchak,Mike Munchak,head_coach,1,17,,,false,false,true,verified,high,observed_game_weeks,https://github.com/nflverse/nflverse-data/releases/download/pbp/play_by_play_2012.parquet,Observed head coach on each included regular-season game; interval is first through last observed game week.
2012-TEN-offensive_coordinator-01-17-chris-palmer,2012,TEN,coach-chris-palmer,Chris Palmer,offensive_coordinator,1,17,,,false,false,true,verified,medium,season_designation,https://basement.crucifyd.com/zone/seahawks/record-fact/NFL%20-%202012%20-%20Record%20%26%20Fact%20Book.pdf,"Formal preseason staff title: offensive coordinator. Weeks encode the season designation, not independently observed weekly tenure; does not establish play-calling duty."
2012-TEN-quarterbacks_coach-01-17-dowell-loggains,2012,TEN,coach-dowell-loggains,Dowell Loggains,quarterbacks_coach,1,17,,,false,false,true,verified,medium,season_designation,https://basement.crucifyd.com/zone/seahawks/record-fact/NFL%20-%202012%20-%20Record%20%26%20Fact%20Book.pdf,"Formal preseason staff title: quarterbacks/passing. Weeks encode the season designation, not independently observed weekly tenure; does not establish play-calling duty."
2012-WAS-head_coach-01-17-mike-shanahan,2012,WAS,coach-mike-shanahan,Mike Shanahan,head_coach,1,17,,,false,false,true,verified,high,observed_game_weeks,https://github.com/nflverse/nflverse-data/releases/download/pbp/play_by_play_2012.parquet,Observed head coach on each included regular-season game; interval is first through last observed game week.
2012-WAS-offensive_coordinator-01-17-kyle-shanahan,2012,WAS,coach-kyle-shanahan,Kyle Shanahan,offensive_coordinator,1,17,,,false,false,true,verified,medium,season_designation,https://basement.crucifyd.com/zone/seahawks/record-fact/NFL%20-%202012%20-%20Record%20%26%20Fact%20Book.pdf,"Formal preseason staff title: offensive coordinator. Weeks encode the season designation, not independently observed weekly tenure; does not establish play-calling duty."
2012-WAS-quarterbacks_coach-01-17-matt-lafleur,2012,WAS,coach-matt-lafleur,Matt LaFleur,quarterbacks_coach,1,17,,,false,false,false,verified,medium,season_designation,https://basement.crucifyd.com/zone/seahawks/record-fact/NFL%20-%202012%20-%20Record%20%26%20Fact%20Book.pdf,"Formal preseason staff title: quarterbacks. Weeks encode the season designation, not independently observed weekly tenure; does not establish play-calling duty."
2013-ARI-head_coach-01-17-bruce-arians,2013,ARI,coach-bruce-arians,Bruce Arians,head_coach,1,17,,,false,false,false,verified,high,observed_game_weeks,https://github.com/nflverse/nflverse-data/releases/download/pbp/play_by_play_2013.parquet,Observed head coach on each included regular-season game; interval is first through last observed game week.
2013-ARI-offensive_coordinator-01-17-harold-goodwin,2013,ARI,coach-harold-goodwin,Harold Goodwin,offensive_coordinator,1,17,,,false,false,false,verified,medium,season_designation,https://basement.crucifyd.com/zone/seahawks/record-fact/NFL%20-%202013%20-%20Record%20%26%20Fact%20Book.pdf,"Formal preseason staff title: offensive coordinator. Weeks encode the season designation, not independently observed weekly tenure; does not establish play-calling duty."
2013-ARI-quarterbacks_coach-01-17-freddie-kitchens,2013,ARI,coach-freddie-kitchens,Freddie Kitchens,quarterbacks_coach,1,17,,,false,false,false,verified,medium,season_designation,https://basement.crucifyd.com/zone/seahawks/record-fact/NFL%20-%202013%20-%20Record%20%26%20Fact%20Book.pdf,"Formal preseason staff title: quarterbacks. Weeks encode the season designation, not independently observed weekly tenure; does not establish play-calling duty."
2013-ATL-head_coach-01-17-mike-smith,2013,ATL,coach-mike-smith,Mike Smith,head_coach,1,17,,,false,false,true,verified,high,observed_game_weeks,https://github.com/nflverse/nflverse-data/releases/download/pbp/play_by_play_2013.parquet,Observed head coach on each included regular-season game; interval is first through last observed game week.
2013-ATL-offensive_coordinator-01-17-dirk-koetter,2013,ATL,coach-dirk-koetter,Dirk Koetter,offensive_coordinator,1,17,,,false,false,true,verified,medium,season_designation,https://basement.crucifyd.com/zone/seahawks/record-fact/NFL%20-%202013%20-%20Record%20%26%20Fact%20Book.pdf,"Formal preseason staff title: offensive coordinator. Weeks encode the season designation, not independently observed weekly tenure; does not establish play-calling duty."
2013-ATL-quarterbacks_coach-01-17-glenn-thomas,2013,ATL,coach-glenn-thomas,Glenn Thomas,quarterbacks_coach,1,17,,,false,false,true,verified,medium,season_designation,https://basement.crucifyd.com/zone/seahawks/record-fact/NFL%20-%202013%20-%20Record%20%26%20Fact%20Book.pdf,"Formal preseason staff title: quarterbacks. Weeks encode the season designation, not independently observed weekly tenure; does not establish play-calling duty."
2013-BAL-head_coach-01-17-john-harbaugh,2013,BAL,coach-john-harbaugh,John Harbaugh,head_coach,1,17,,,false,false,true,verified,high,observed_game_weeks,https://github.com/nflverse/nflverse-data/releases/download/pbp/play_by_play_2013.parquet,Observed head coach on each included regular-season game; interval is first through last observed game week.
2013-BAL-offensive_coordinator-01-17-jim-caldwell,2013,BAL,coach-jim-caldwell,Jim Caldwell,offensive_coordinator,1,17,,,false,false,false,verified,medium,season_designation,https://basement.crucifyd.com/zone/seahawks/record-fact/NFL%20-%202013%20-%20Record%20%26%20Fact%20Book.pdf,"Formal preseason staff title: offensive coordinator. Weeks encode the season designation, not independently observed weekly tenure; does not establish play-calling duty."
2013-BUF-head_coach-01-17-doug-marrone,2013,BUF,coach-doug-marrone,Doug Marrone,head_coach,1,17,,,false,false,false,verified,high,observed_game_weeks,https://github.com/nflverse/nflverse-data/releases/download/pbp/play_by_play_2013.parquet,Observed head coach on each included regular-season game; interval is first through last observed game week.
2013-CAR-head_coach-01-17-ron-rivera,2013,CAR,coach-ron-rivera,Ron Rivera,head_coach,1,17,,,false,false,true,verified,high,observed_game_weeks,https://github.com/nflverse/nflverse-data/releases/download/pbp/play_by_play_2013.parquet,Observed head coach on each included regular-season game; interval is first through last observed game week.
2013-CAR-offensive_coordinator-01-17-mike-shula,2013,CAR,coach-mike-shula,Mike Shula,offensive_coordinator,1,17,,,false,false,false,verified,medium,season_designation,https://basement.crucifyd.com/zone/seahawks/record-fact/NFL%20-%202013%20-%20Record%20%26%20Fact%20Book.pdf,"Formal preseason staff title: offensive coordinator. Weeks encode the season designation, not independently observed weekly tenure; does not establish play-calling duty."
2013-CAR-quarterbacks_coach-01-17-ken-dorsey,2013,CAR,coach-ken-dorsey,Ken Dorsey,quarterbacks_coach,1,17,,,false,false,false,verified,medium,season_designation,https://basement.crucifyd.com/zone/seahawks/record-fact/NFL%20-%202013%20-%20Record%20%26%20Fact%20Book.pdf,"Formal preseason staff title: quarterbacks. Weeks encode the season designation, not independently observed weekly tenure; does not establish play-calling duty."
2013-CHI-head_coach-01-17-marc-trestman,2013,CHI,coach-marc-trestman,Marc Trestman,head_coach,1,17,,,false,false,false,verified,high,observed_game_weeks,https://github.com/nflverse/nflverse-data/releases/download/pbp/play_by_play_2013.parquet,Observed head coach on each included regular-season game; interval is first through last observed game week.
2013-CHI-quarterbacks_coach-01-17-matt-cavanaugh,2013,CHI,coach-matt-cavanaugh,Matt Cavanaugh,quarterbacks_coach,1,17,,,false,false,false,verified,medium,season_designation,https://basement.crucifyd.com/zone/seahawks/record-fact/NFL%20-%202013%20-%20Record%20%26%20Fact%20Book.pdf,"Formal preseason staff title: quarterbacks. Weeks encode the season designation, not independently observed weekly tenure; does not establish play-calling duty."
2013-CIN-head_coach-01-17-marvin-lewis,2013,CIN,coach-marvin-lewis,Marvin Lewis,head_coach,1,17,,,false,false,true,verified,high,observed_game_weeks,https://github.com/nflverse/nflverse-data/releases/download/pbp/play_by_play_2013.parquet,Observed head coach on each included regular-season game; interval is first through last observed game week.
2013-CIN-offensive_coordinator-01-17-jay-gruden,2013,CIN,coach-jay-gruden,Jay Gruden,offensive_coordinator,1,17,,,false,false,true,verified,medium,season_designation,https://basement.crucifyd.com/zone/seahawks/record-fact/NFL%20-%202013%20-%20Record%20%26%20Fact%20Book.pdf,"Formal preseason staff title: offensive coordinator. Weeks encode the season designation, not independently observed weekly tenure; does not establish play-calling duty."
2013-CIN-quarterbacks_coach-01-17-ken-zampese,2013,CIN,coach-ken-zampese,Ken Zampese,quarterbacks_coach,1,17,,,false,false,true,verified,medium,season_designation,https://basement.crucifyd.com/zone/seahawks/record-fact/NFL%20-%202013%20-%20Record%20%26%20Fact%20Book.pdf,"Formal preseason staff title: quarterbacks. Weeks encode the season designation, not independently observed weekly tenure; does not establish play-calling duty."
2013-CLE-head_coach-01-17-rob-chudzinski,2013,CLE,coach-rob-chudzinski,Rob Chudzinski,head_coach,1,17,,,false,false,false,verified,high,observed_game_weeks,https://github.com/nflverse/nflverse-data/releases/download/pbp/play_by_play_2013.parquet,Observed head coach on each included regular-season game; interval is first through last observed game week.
2013-CLE-offensive_coordinator-01-17-norv-turner,2013,CLE,coach-norv-turner,Norv Turner,offensive_coordinator,1,17,,,false,false,false,verified,medium,season_designation,https://basement.crucifyd.com/zone/seahawks/record-fact/NFL%20-%202013%20-%20Record%20%26%20Fact%20Book.pdf,"Formal preseason staff title: offensive coordinator. Weeks encode the season designation, not independently observed weekly tenure; does not establish play-calling duty."
2013-DAL-head_coach-01-17-jason-garrett,2013,DAL,coach-jason-garrett,Jason Garrett,head_coach,1,17,,,false,false,true,verified,high,observed_game_weeks,https://github.com/nflverse/nflverse-data/releases/download/pbp/play_by_play_2013.parquet,Observed head coach on each included regular-season game; interval is first through last observed game week.
2013-DAL-quarterbacks_coach-01-17-wade-wilson,2013,DAL,coach-wade-wilson,Wade Wilson,quarterbacks_coach,1,17,,,false,false,true,verified,medium,season_designation,https://basement.crucifyd.com/zone/seahawks/record-fact/NFL%20-%202013%20-%20Record%20%26%20Fact%20Book.pdf,"Formal preseason staff title: quarterbacks. Weeks encode the season designation, not independently observed weekly tenure; does not establish play-calling duty."
2013-DEN-head_coach-01-17-john-fox,2013,DEN,coach-john-fox,John Fox,head_coach,1,17,,,false,false,true,verified,high,observed_game_weeks,https://github.com/nflverse/nflverse-data/releases/download/pbp/play_by_play_2013.parquet,Observed head coach on each included regular-season game; interval is first through last observed game week.
2013-DEN-offensive_coordinator-01-17-adam-gase,2013,DEN,coach-adam-gase,Adam Gase,offensive_coordinator,1,17,,,false,false,false,verified,medium,season_designation,https://basement.crucifyd.com/zone/seahawks/record-fact/NFL%20-%202013%20-%20Record%20%26%20Fact%20Book.pdf,"Formal preseason staff title: offensive coordinator. Weeks encode the season designation, not independently observed weekly tenure; does not establish play-calling duty."
2013-DEN-quarterbacks_coach-01-17-greg-knapp,2013,DEN,coach-greg-knapp,Greg Knapp,quarterbacks_coach,1,17,,,false,false,false,verified,medium,season_designation,https://basement.crucifyd.com/zone/seahawks/record-fact/NFL%20-%202013%20-%20Record%20%26%20Fact%20Book.pdf,"Formal preseason staff title: quarterbacks. Weeks encode the season designation, not independently observed weekly tenure; does not establish play-calling duty."
2013-DET-head_coach-01-17-jim-schwartz,2013,DET,coach-jim-schwartz,Jim Schwartz,head_coach,1,17,,,false,false,true,verified,high,observed_game_weeks,https://github.com/nflverse/nflverse-data/releases/download/pbp/play_by_play_2013.parquet,Observed head coach on each included regular-season game; interval is first through last observed game week.
2013-DET-offensive_coordinator-01-17-scott-linehan,2013,DET,coach-scott-linehan,Scott Linehan,offensive_coordinator,1,17,,,false,false,true,verified,medium,season_designation,https://basement.crucifyd.com/zone/seahawks/record-fact/NFL%20-%202013%20-%20Record%20%26%20Fact%20Book.pdf,"Formal preseason staff title: offensive coordinator. Weeks encode the season designation, not independently observed weekly tenure; does not establish play-calling duty."
2013-DET-quarterbacks_coach-01-17-todd-downing,2013,DET,coach-todd-downing,Todd Downing,quarterbacks_coach,1,17,,,false,false,false,verified,medium,season_designation,https://basement.crucifyd.com/zone/seahawks/record-fact/NFL%20-%202013%20-%20Record%20%26%20Fact%20Book.pdf,"Formal preseason staff title: quarterbacks. Weeks encode the season designation, not independently observed weekly tenure; does not establish play-calling duty."
2013-GB-head_coach-01-17-mike-mccarthy,2013,GB,coach-mike-mccarthy,Mike McCarthy,head_coach,1,17,,,false,false,true,verified,high,observed_game_weeks,https://github.com/nflverse/nflverse-data/releases/download/pbp/play_by_play_2013.parquet,Observed head coach on each included regular-season game; interval is first through last observed game week.
2013-GB-offensive_coordinator-01-17-tom-clements,2013,GB,coach-tom-clements,Tom Clements,offensive_coordinator,1,17,,,false,false,true,verified,medium,season_designation,https://basement.crucifyd.com/zone/seahawks/record-fact/NFL%20-%202013%20-%20Record%20%26%20Fact%20Book.pdf,"Formal preseason staff title: offensive coordinator. Weeks encode the season designation, not independently observed weekly tenure; does not establish play-calling duty."
2013-GB-quarterbacks_coach-01-17-ben-mcadoo,2013,GB,coach-ben-mcadoo,Ben McAdoo,quarterbacks_coach,1,17,,,false,false,true,verified,medium,season_designation,https://basement.crucifyd.com/zone/seahawks/record-fact/NFL%20-%202013%20-%20Record%20%26%20Fact%20Book.pdf,"Formal preseason staff title: quarterbacks. Weeks encode the season designation, not independently observed weekly tenure; does not establish play-calling duty."
2013-HOU-head_coach-01-14-gary-kubiak,2013,HOU,coach-gary-kubiak,Gary Kubiak,head_coach,1,14,,,false,false,true,verified,high,observed_game_weeks,https://github.com/nflverse/nflverse-data/releases/download/pbp/play_by_play_2013.parquet,Observed head coach on each included regular-season game; interval is first through last observed game week.
2013-HOU-head_coach-15-17-wade-phillips,2013,HOU,coach-wade-phillips,Wade Phillips,head_coach,15,17,,,true,false,false,verified,high,observed_game_weeks,https://github.com/nflverse/nflverse-data/releases/download/pbp/play_by_play_2013.parquet,Observed head coach on each included regular-season game; interval is first through last observed game week.
2013-HOU-offensive_coordinator-01-17-rick-dennison,2013,HOU,coach-rick-dennison,Rick Dennison,offensive_coordinator,1,17,,,false,false,true,verified,medium,season_designation,https://basement.crucifyd.com/zone/seahawks/record-fact/NFL%20-%202013%20-%20Record%20%26%20Fact%20Book.pdf,"Formal preseason staff title: offensive coordinator. Weeks encode the season designation, not independently observed weekly tenure; does not establish play-calling duty."
2013-HOU-quarterbacks_coach-01-17-karl-dorrell,2013,HOU,coach-karl-dorrell,Karl Dorrell,quarterbacks_coach,1,17,,,false,false,true,verified,medium,season_designation,https://basement.crucifyd.com/zone/seahawks/record-fact/NFL%20-%202013%20-%20Record%20%26%20Fact%20Book.pdf,"Formal preseason staff title: quarterbacks. Weeks encode the season designation, not independently observed weekly tenure; does not establish play-calling duty."
2013-IND-head_coach-01-17-chuck-pagano,2013,IND,coach-chuck-pagano,Chuck Pagano,head_coach,1,17,,,false,false,true,verified,high,observed_game_weeks,https://github.com/nflverse/nflverse-data/releases/download/pbp/play_by_play_2013.parquet,Observed head coach on each included regular-season game; interval is first through last observed game week.
2013-IND-offensive_coordinator-01-17-pep-hamilton,2013,IND,coach-pep-hamilton,Pep Hamilton,offensive_coordinator,1,17,,,false,false,false,verified,medium,season_designation,https://basement.crucifyd.com/zone/seahawks/record-fact/NFL%20-%202013%20-%20Record%20%26%20Fact%20Book.pdf,"Formal preseason staff title: offensive coordinator. Weeks encode the season designation, not independently observed weekly tenure; does not establish play-calling duty."
2013-IND-quarterbacks_coach-01-17-clyde-christensen,2013,IND,coach-clyde-christensen,Clyde Christensen,quarterbacks_coach,1,17,,,false,false,true,verified,medium,season_designation,https://basement.crucifyd.com/zone/seahawks/record-fact/NFL%20-%202013%20-%20Record%20%26%20Fact%20Book.pdf,"Formal preseason staff title: quarterbacks. Weeks encode the season designation, not independently observed weekly tenure; does not establish play-calling duty."
2013-JAX-head_coach-01-17-gus-bradley,2013,JAX,coach-gus-bradley,Gus Bradley,head_coach,1,17,,,false,false,false,verified,high,observed_game_weeks,https://github.com/nflverse/nflverse-data/releases/download/pbp/play_by_play_2013.parquet,Observed head coach on each included regular-season game; interval is first through last observed game week.
2013-JAX-offensive_coordinator-01-17-jedd-fisch,2013,JAX,coach-jedd-fisch,Jedd Fisch,offensive_coordinator,1,17,,,false,false,false,verified,medium,season_designation,https://basement.crucifyd.com/zone/seahawks/record-fact/NFL%20-%202013%20-%20Record%20%26%20Fact%20Book.pdf,"Formal preseason staff title: offensive coordinator. Weeks encode the season designation, not independently observed weekly tenure; does not establish play-calling duty."
2013-JAX-quarterbacks_coach-01-17-frank-scelfo,2013,JAX,coach-frank-scelfo,Frank Scelfo,quarterbacks_coach,1,17,,,false,false,false,verified,medium,season_designation,https://basement.crucifyd.com/zone/seahawks/record-fact/NFL%20-%202013%20-%20Record%20%26%20Fact%20Book.pdf,"Formal preseason staff title: quarterbacks. Weeks encode the season designation, not independently observed weekly tenure; does not establish play-calling duty."
2013-KC-head_coach-01-17-andy-reid,2013,KC,coach-andy-reid,Andy Reid,head_coach,1,17,,,false,false,false,verified,high,observed_game_weeks,https://github.com/nflverse/nflverse-data/releases/download/pbp/play_by_play_2013.parquet,Observed head coach on each included regular-season game; interval is first through last observed game week.
2013-KC-offensive_coordinator-01-17-doug-pederson,2013,KC,coach-doug-pederson,Doug Pederson,offensive_coordinator,1,17,,,false,false,false,verified,medium,season_designation,https://basement.crucifyd.com/zone/seahawks/record-fact/NFL%20-%202013%20-%20Record%20%26%20Fact%20Book.pdf,"Formal preseason staff title: offensive coordinator. Weeks encode the season designation, not independently observed weekly tenure; does not establish play-calling duty."
2013-KC-quarterbacks_coach-01-17-matt-nagy,2013,KC,coach-matt-nagy,Matt Nagy,quarterbacks_coach,1,17,,,false,false,false,verified,medium,season_designation,https://basement.crucifyd.com/zone/seahawks/record-fact/NFL%20-%202013%20-%20Record%20%26%20Fact%20Book.pdf,"Formal preseason staff title: quarterbacks. Weeks encode the season designation, not independently observed weekly tenure; does not establish play-calling duty."
2013-LA-head_coach-01-17-jeff-fisher,2013,LA,coach-jeff-fisher,Jeff Fisher,head_coach,1,17,,,false,false,true,verified,high,observed_game_weeks,https://github.com/nflverse/nflverse-data/releases/download/pbp/play_by_play_2013.parquet,Observed head coach on each included regular-season game; interval is first through last observed game week.
2013-LA-offensive_coordinator-01-17-brian-schottenheimer,2013,LA,coach-brian-schottenheimer,Brian Schottenheimer,offensive_coordinator,1,17,,,false,false,false,verified,medium,season_designation,https://basement.crucifyd.com/zone/seahawks/record-fact/NFL%20-%202013%20-%20Record%20%26%20Fact%20Book.pdf,"Formal preseason staff title: offensive coordinator. Weeks encode the season designation, not independently observed weekly tenure; does not establish play-calling duty."
2013-LA-quarterbacks_coach-01-17-frank-cignetti,2013,LA,coach-frank-cignetti,Frank Cignetti,quarterbacks_coach,1,17,,,false,false,true,verified,medium,season_designation,https://basement.crucifyd.com/zone/seahawks/record-fact/NFL%20-%202013%20-%20Record%20%26%20Fact%20Book.pdf,"Formal preseason staff title: quarterbacks. Weeks encode the season designation, not independently observed weekly tenure; does not establish play-calling duty."
2013-LAC-head_coach-01-17-mike-mccoy,2013,LAC,coach-mike-mccoy,Mike McCoy,head_coach,1,17,,,false,false,false,verified,high,observed_game_weeks,https://github.com/nflverse/nflverse-data/releases/download/pbp/play_by_play_2013.parquet,Observed head coach on each included regular-season game; interval is first through last observed game week.
2013-LAC-offensive_coordinator-01-17-ken-whisenhunt,2013,LAC,coach-ken-whisenhunt,Ken Whisenhunt,offensive_coordinator,1,17,,,false,false,false,verified,medium,season_designation,https://basement.crucifyd.com/zone/seahawks/record-fact/NFL%20-%202013%20-%20Record%20%26%20Fact%20Book.pdf,"Formal preseason staff title: offensive coordinator. Weeks encode the season designation, not independently observed weekly tenure; does not establish play-calling duty."
2013-LAC-quarterbacks_coach-01-17-frank-reich,2013,LAC,coach-frank-reich,Frank Reich,quarterbacks_coach,1,17,,,false,false,false,verified,medium,season_designation,https://basement.crucifyd.com/zone/seahawks/record-fact/NFL%20-%202013%20-%20Record%20%26%20Fact%20Book.pdf,"Formal preseason staff title: quarterbacks. Weeks encode the season designation, not independently observed weekly tenure; does not establish play-calling duty."
2013-LV-head_coach-01-17-dennis-allen,2013,LV,coach-dennis-allen,Dennis Allen,head_coach,1,17,,,false,false,true,verified,high,observed_game_weeks,https://github.com/nflverse/nflverse-data/releases/download/pbp/play_by_play_2013.parquet,Observed head coach on each included regular-season game; interval is first through last observed game week.
2013-LV-offensive_coordinator-01-17-greg-olson,2013,LV,coach-greg-olson,Greg Olson,offensive_coordinator,1,17,,,false,false,false,verified,medium,season_designation,https://basement.crucifyd.com/zone/seahawks/record-fact/NFL%20-%202013%20-%20Record%20%26%20Fact%20Book.pdf,"Formal preseason staff title: offensive coordinator. Weeks encode the season designation, not independently observed weekly tenure; does not establish play-calling duty."
2013-LV-quarterbacks_coach-01-17-john-defilippo,2013,LV,coach-john-defilippo,John DeFilippo,quarterbacks_coach,1,17,,,false,false,true,verified,medium,season_designation,https://basement.crucifyd.com/zone/seahawks/record-fact/NFL%20-%202013%20-%20Record%20%26%20Fact%20Book.pdf,"Formal preseason staff title: quarterbacks. Weeks encode the season designation, not independently observed weekly tenure; does not establish play-calling duty."
2013-MIA-head_coach-01-17-joe-philbin,2013,MIA,coach-joe-philbin,Joe Philbin,head_coach,1,17,,,false,false,true,verified,high,observed_game_weeks,https://github.com/nflverse/nflverse-data/releases/download/pbp/play_by_play_2013.parquet,Observed head coach on each included regular-season game; interval is first through last observed game week.
2013-MIA-offensive_coordinator-01-17-mike-sherman,2013,MIA,coach-mike-sherman,Mike Sherman,offensive_coordinator,1,17,,,false,false,true,verified,medium,season_designation,https://basement.crucifyd.com/zone/seahawks/record-fact/NFL%20-%202013%20-%20Record%20%26%20Fact%20Book.pdf,"Formal preseason staff title: offensive coordinator. Weeks encode the season designation, not independently observed weekly tenure; does not establish play-calling duty."
2013-MIA-quarterbacks_coach-01-17-zac-taylor,2013,MIA,coach-zac-taylor,Zac Taylor,quarterbacks_coach,1,17,,,false,false,false,verified,medium,season_designation,https://basement.crucifyd.com/zone/seahawks/record-fact/NFL%20-%202013%20-%20Record%20%26%20Fact%20Book.pdf,"Formal preseason staff title: quarterbacks. Weeks encode the season designation, not independently observed weekly tenure; does not establish play-calling duty."
2013-MIN-head_coach-01-17-leslie-frazier,2013,MIN,coach-leslie-frazier,Leslie Frazier,head_coach,1,17,,,false,false,true,verified,high,observed_game_weeks,https://github.com/nflverse/nflverse-data/releases/download/pbp/play_by_play_2013.parquet,Observed head coach on each included regular-season game; interval is first through last observed game week.
2013-MIN-offensive_coordinator-01-17-bill-musgrave,2013,MIN,coach-bill-musgrave,Bill Musgrave,offensive_coordinator,1,17,,,false,false,true,verified,medium,season_designation,https://basement.crucifyd.com/zone/seahawks/record-fact/NFL%20-%202013%20-%20Record%20%26%20Fact%20Book.pdf,"Formal preseason staff title: offensive coordinator. Weeks encode the season designation, not independently observed weekly tenure; does not establish play-calling duty."
2013-MIN-quarterbacks_coach-01-17-craig-johnson,2013,MIN,coach-craig-johnson,Craig Johnson,quarterbacks_coach,1,17,,,false,false,true,verified,medium,season_designation,https://basement.crucifyd.com/zone/seahawks/record-fact/NFL%20-%202013%20-%20Record%20%26%20Fact%20Book.pdf,"Formal preseason staff title: quarterbacks. Weeks encode the season designation, not independently observed weekly tenure; does not establish play-calling duty."
2013-NE-head_coach-01-17-bill-belichick,2013,NE,coach-bill-belichick,Bill Belichick,head_coach,1,17,,,false,false,true,verified,high,observed_game_weeks,https://github.com/nflverse/nflverse-data/releases/download/pbp/play_by_play_2013.parquet,Observed head coach on each included regular-season game; interval is first through last observed game week.
2013-NO-head_coach-01-17-sean-payton,2013,NO,coach-sean-payton,Sean Payton,head_coach,1,17,,,false,false,false,verified,high,observed_game_weeks,https://github.com/nflverse/nflverse-data/releases/download/pbp/play_by_play_2013.parquet,Observed head coach on each included regular-season game; interval is first through last observed game week.
2013-NO-offensive_coordinator-01-17-pete-carmichael,2013,NO,coach-pete-carmichael,Pete Carmichael,offensive_coordinator,1,17,,,false,false,true,verified,medium,season_designation,https://basement.crucifyd.com/zone/seahawks/record-fact/NFL%20-%202013%20-%20Record%20%26%20Fact%20Book.pdf,"Formal preseason staff title: offensive coordinator. Weeks encode the season designation, not independently observed weekly tenure; does not establish play-calling duty."
2013-NO-quarterbacks_coach-01-17-joe-lombardi,2013,NO,coach-joe-lombardi,Joe Lombardi,quarterbacks_coach,1,17,,,false,false,true,verified,medium,season_designation,https://basement.crucifyd.com/zone/seahawks/record-fact/NFL%20-%202013%20-%20Record%20%26%20Fact%20Book.pdf,"Formal preseason staff title: quarterbacks. Weeks encode the season designation, not independently observed weekly tenure; does not establish play-calling duty."
2013-NYG-head_coach-01-17-tom-coughlin,2013,NYG,coach-tom-coughlin,Tom Coughlin,head_coach,1,17,,,false,false,true,verified,high,observed_game_weeks,https://github.com/nflverse/nflverse-data/releases/download/pbp/play_by_play_2013.parquet,Observed head coach on each included regular-season game; interval is first through last observed game week.
2013-NYG-offensive_coordinator-01-17-kevin-gilbride,2013,NYG,coach-kevin-gilbride,Kevin Gilbride,offensive_coordinator,1,17,,,false,false,true,verified,medium,season_designation,https://basement.crucifyd.com/zone/seahawks/record-fact/NFL%20-%202013%20-%20Record%20%26%20Fact%20Book.pdf,"Formal preseason staff title: offensive coordinator. Weeks encode the season designation, not independently observed weekly tenure; does not establish play-calling duty."
2013-NYG-quarterbacks_coach-01-17-sean-ryan,2013,NYG,coach-sean-ryan,Sean Ryan,quarterbacks_coach,1,17,,,false,false,true,verified,medium,season_designation,https://basement.crucifyd.com/zone/seahawks/record-fact/NFL%20-%202013%20-%20Record%20%26%20Fact%20Book.pdf,"Formal preseason staff title: quarterbacks. Weeks encode the season designation, not independently observed weekly tenure; does not establish play-calling duty."
2013-NYJ-head_coach-01-17-rex-ryan,2013,NYJ,coach-rex-ryan,Rex Ryan,head_coach,1,17,,,false,false,true,verified,high,observed_game_weeks,https://github.com/nflverse/nflverse-data/releases/download/pbp/play_by_play_2013.parquet,Observed head coach on each included regular-season game; interval is first through last observed game week.
2013-NYJ-quarterbacks_coach-01-17-david-lee,2013,NYJ,coach-david-lee,David Lee,quarterbacks_coach,1,17,,,false,false,false,verified,medium,season_designation,https://basement.crucifyd.com/zone/seahawks/record-fact/NFL%20-%202013%20-%20Record%20%26%20Fact%20Book.pdf,"Formal preseason staff title: quarterbacks. Weeks encode the season designation, not independently observed weekly tenure; does not establish play-calling duty."
2013-PHI-head_coach-01-17-chip-kelly,2013,PHI,coach-chip-kelly,Chip Kelly,head_coach,1,17,,,false,false,false,verified,high,observed_game_weeks,https://github.com/nflverse/nflverse-data/releases/download/pbp/play_by_play_2013.parquet,Observed head coach on each included regular-season game; interval is first through last observed game week.
2013-PHI-offensive_coordinator-01-17-pat-shurmur,2013,PHI,coach-pat-shurmur,Pat Shurmur,offensive_coordinator,1,17,,,false,false,false,verified,medium,season_designation,https://basement.crucifyd.com/zone/seahawks/record-fact/NFL%20-%202013%20-%20Record%20%26%20Fact%20Book.pdf,"Formal preseason staff title: offensive coordinator. Weeks encode the season designation, not independently observed weekly tenure; does not establish play-calling duty."
2013-PHI-quarterbacks_coach-01-17-bill-lazor,2013,PHI,coach-bill-lazor,Bill Lazor,quarterbacks_coach,1,17,,,false,false,false,verified,medium,season_designation,https://basement.crucifyd.com/zone/seahawks/record-fact/NFL%20-%202013%20-%20Record%20%26%20Fact%20Book.pdf,"Formal preseason staff title: quarterbacks. Weeks encode the season designation, not independently observed weekly tenure; does not establish play-calling duty."
2013-PIT-head_coach-01-17-mike-tomlin,2013,PIT,coach-mike-tomlin,Mike Tomlin,head_coach,1,17,,,false,false,true,verified,high,observed_game_weeks,https://github.com/nflverse/nflverse-data/releases/download/pbp/play_by_play_2013.parquet,Observed head coach on each included regular-season game; interval is first through last observed game week.
2013-PIT-offensive_coordinator-01-17-todd-haley,2013,PIT,coach-todd-haley,Todd Haley,offensive_coordinator,1,17,,,false,false,true,verified,medium,season_designation,https://basement.crucifyd.com/zone/seahawks/record-fact/NFL%20-%202013%20-%20Record%20%26%20Fact%20Book.pdf,"Formal preseason staff title: offensive coordinator. Weeks encode the season designation, not independently observed weekly tenure; does not establish play-calling duty."
2013-PIT-quarterbacks_coach-01-17-randy-fichtner,2013,PIT,coach-randy-fichtner,Randy Fichtner,quarterbacks_coach,1,17,,,false,false,true,verified,medium,season_designation,https://basement.crucifyd.com/zone/seahawks/record-fact/NFL%20-%202013%20-%20Record%20%26%20Fact%20Book.pdf,"Formal preseason staff title: quarterbacks. Weeks encode the season designation, not independently observed weekly tenure; does not establish play-calling duty."
2013-SEA-head_coach-01-17-pete-carroll,2013,SEA,coach-pete-carroll,Pete Carroll,head_coach,1,17,,,false,false,true,verified,high,observed_game_weeks,https://github.com/nflverse/nflverse-data/releases/download/pbp/play_by_play_2013.parquet,Observed head coach on each included regular-season game; interval is first through last observed game week.
2013-SEA-offensive_coordinator-01-17-darrell-bevell,2013,SEA,coach-darrell-bevell,Darrell Bevell,offensive_coordinator,1,17,,,false,false,true,verified,medium,season_designation,https://basement.crucifyd.com/zone/seahawks/record-fact/NFL%20-%202013%20-%20Record%20%26%20Fact%20Book.pdf,"Formal preseason staff title: offensive coordinator. Weeks encode the season designation, not independently observed weekly tenure; does not establish play-calling duty."
2013-SEA-quarterbacks_coach-01-17-carl-smith,2013,SEA,coach-carl-smith,Carl Smith,quarterbacks_coach,1,17,,,false,false,true,verified,medium,season_designation,https://basement.crucifyd.com/zone/seahawks/record-fact/NFL%20-%202013%20-%20Record%20%26%20Fact%20Book.pdf,"Formal preseason staff title: quarterbacks. Weeks encode the season designation, not independently observed weekly tenure; does not establish play-calling duty."
2013-SF-head_coach-01-17-jim-harbaugh,2013,SF,coach-jim-harbaugh,Jim Harbaugh,head_coach,1,17,,,false,false,true,verified,high,observed_game_weeks,https://github.com/nflverse/nflverse-data/releases/download/pbp/play_by_play_2013.parquet,Observed head coach on each included regular-season game; interval is first through last observed game week.
2013-SF-offensive_coordinator-01-17-greg-roman,2013,SF,coach-greg-roman,Greg Roman,offensive_coordinator,1,17,,,false,false,true,verified,medium,season_designation,https://basement.crucifyd.com/zone/seahawks/record-fact/NFL%20-%202013%20-%20Record%20%26%20Fact%20Book.pdf,"Formal preseason staff title: offensive coordinator. Weeks encode the season designation, not independently observed weekly tenure; does not establish play-calling duty."
2013-SF-quarterbacks_coach-01-17-geep-chryst,2013,SF,coach-geep-chryst,Geep Chryst,quarterbacks_coach,1,17,,,false,false,true,verified,medium,season_designation,https://basement.crucifyd.com/zone/seahawks/record-fact/NFL%20-%202013%20-%20Record%20%26%20Fact%20Book.pdf,"Formal preseason staff title: quarterbacks. Weeks encode the season designation, not independently observed weekly tenure; does not establish play-calling duty."
2013-TB-head_coach-01-17-greg-schiano,2013,TB,coach-greg-schiano,Greg Schiano,head_coach,1,17,,,false,false,true,verified,high,observed_game_weeks,https://github.com/nflverse/nflverse-data/releases/download/pbp/play_by_play_2013.parquet,Observed head coach on each included regular-season game; interval is first through last observed game week.
2013-TB-offensive_coordinator-01-17-mike-sullivan,2013,TB,coach-mike-sullivan,Mike Sullivan,offensive_coordinator,1,17,,,false,false,true,verified,medium,season_designation,https://basement.crucifyd.com/zone/seahawks/record-fact/NFL%20-%202013%20-%20Record%20%26%20Fact%20Book.pdf,"Formal preseason staff title: offensive coordinator. Weeks encode the season designation, not independently observed weekly tenure; does not establish play-calling duty."
2013-TB-quarterbacks_coach-01-17-john-mcnulty,2013,TB,coach-john-mcnulty,John McNulty,quarterbacks_coach,1,17,,,false,false,false,verified,medium,season_designation,https://basement.crucifyd.com/zone/seahawks/record-fact/NFL%20-%202013%20-%20Record%20%26%20Fact%20Book.pdf,"Formal preseason staff title: quarterbacks. Weeks encode the season designation, not independently observed weekly tenure; does not establish play-calling duty."
2013-TEN-head_coach-01-17-mike-munchak,2013,TEN,coach-mike-munchak,Mike Munchak,head_coach,1,17,,,false,false,true,verified,high,observed_game_weeks,https://github.com/nflverse/nflverse-data/releases/download/pbp/play_by_play_2013.parquet,Observed head coach on each included regular-season game; interval is first through last observed game week.
2013-TEN-offensive_coordinator-01-17-dowell-loggains,2013,TEN,coach-dowell-loggains,Dowell Loggains,offensive_coordinator,1,17,,,false,false,false,verified,medium,season_designation,https://basement.crucifyd.com/zone/seahawks/record-fact/NFL%20-%202013%20-%20Record%20%26%20Fact%20Book.pdf,"Formal preseason staff title: offensive coordinator. Weeks encode the season designation, not independently observed weekly tenure; does not establish play-calling duty."
2013-TEN-quarterbacks_coach-01-17-dave-ragone,2013,TEN,coach-dave-ragone,Dave Ragone,quarterbacks_coach,1,17,,,false,false,false,verified,medium,season_designation,https://basement.crucifyd.com/zone/seahawks/record-fact/NFL%20-%202013%20-%20Record%20%26%20Fact%20Book.pdf,"Formal preseason staff title: quarterbacks. Weeks encode the season designation, not independently observed weekly tenure; does not establish play-calling duty."
2013-WAS-head_coach-01-17-mike-shanahan,2013,WAS,coach-mike-shanahan,Mike Shanahan,head_coach,1,17,,,false,false,true,verified,high,observed_game_weeks,https://github.com/nflverse/nflverse-data/releases/download/pbp/play_by_play_2013.parquet,Observed head coach on each included regular-season game; interval is first through last observed game week.
2013-WAS-offensive_coordinator-01-17-kyle-shanahan,2013,WAS,coach-kyle-shanahan,Kyle Shanahan,offensive_coordinator,1,17,,,false,false,true,verified,medium,season_designation,https://basement.crucifyd.com/zone/seahawks/record-fact/NFL%20-%202013%20-%20Record%20%26%20Fact%20Book.pdf,"Formal preseason staff title: offensive coordinator. Weeks encode the season designation, not independently observed weekly tenure; does not establish play-calling duty."
2013-WAS-quarterbacks_coach-01-17-matt-lafleur,2013,WAS,coach-matt-lafleur,Matt LaFleur,quarterbacks_coach,1,17,,,false,false,true,verified,medium,season_designation,https://basement.crucifyd.com/zone/seahawks/record-fact/NFL%20-%202013%20-%20Record%20%26%20Fact%20Book.pdf,"Formal preseason staff title: quarterbacks. Weeks encode the season designation, not independently observed weekly tenure; does not establish play-calling duty."
2014-ARI-head_coach-01-17-bruce-arians,2014,ARI,coach-bruce-arians,Bruce Arians,head_coach,1,17,,,false,false,true,verified,high,observed_game_weeks,https://github.com/nflverse/nflverse-data/releases/download/pbp/play_by_play_2014.parquet,Observed head coach on each included regular-season game; interval is first through last observed game week.
2014-ARI-offensive_coordinator-01-17-harold-goodwin,2014,ARI,coach-harold-goodwin,Harold Goodwin,offensive_coordinator,1,17,,,false,false,true,verified,medium,season_designation,https://basement.crucifyd.com/zone/seahawks/record-fact/NFL%20-%202014%20-%20Record%20%26%20Fact%20Book.pdf,"Formal preseason staff title: offensive coordinator. Weeks encode the season designation, not independently observed weekly tenure; does not establish play-calling duty."
2014-ARI-quarterbacks_coach-01-17-freddie-kitchens,2014,ARI,coach-freddie-kitchens,Freddie Kitchens,quarterbacks_coach,1,17,,,false,false,true,verified,medium,season_designation,https://basement.crucifyd.com/zone/seahawks/record-fact/NFL%20-%202014%20-%20Record%20%26%20Fact%20Book.pdf,"Formal preseason staff title: quarterbacks. Weeks encode the season designation, not independently observed weekly tenure; does not establish play-calling duty."
2014-ATL-head_coach-01-17-mike-smith,2014,ATL,coach-mike-smith,Mike Smith,head_coach,1,17,,,false,false,true,verified,high,observed_game_weeks,https://github.com/nflverse/nflverse-data/releases/download/pbp/play_by_play_2014.parquet,Observed head coach on each included regular-season game; interval is first through last observed game week.
2014-ATL-offensive_coordinator-01-17-dirk-koetter,2014,ATL,coach-dirk-koetter,Dirk Koetter,offensive_coordinator,1,17,,,false,false,true,verified,medium,season_designation,https://basement.crucifyd.com/zone/seahawks/record-fact/NFL%20-%202014%20-%20Record%20%26%20Fact%20Book.pdf,"Formal preseason staff title: offensive coordinator. Weeks encode the season designation, not independently observed weekly tenure; does not establish play-calling duty."
2014-ATL-quarterbacks_coach-01-17-glenn-thomas,2014,ATL,coach-glenn-thomas,Glenn Thomas,quarterbacks_coach,1,17,,,false,false,true,verified,medium,season_designation,https://basement.crucifyd.com/zone/seahawks/record-fact/NFL%20-%202014%20-%20Record%20%26%20Fact%20Book.pdf,"Formal preseason staff title: quarterbacks. Weeks encode the season designation, not independently observed weekly tenure; does not establish play-calling duty."
2014-BAL-head_coach-01-17-john-harbaugh,2014,BAL,coach-john-harbaugh,John Harbaugh,head_coach,1,17,,,false,false,true,verified,high,observed_game_weeks,https://github.com/nflverse/nflverse-data/releases/download/pbp/play_by_play_2014.parquet,Observed head coach on each included regular-season game; interval is first through last observed game week.
2014-BAL-offensive_coordinator-01-17-gary-kubiak,2014,BAL,coach-gary-kubiak,Gary Kubiak,offensive_coordinator,1,17,,,false,false,false,verified,medium,season_designation,https://basement.crucifyd.com/zone/seahawks/record-fact/NFL%20-%202014%20-%20Record%20%26%20Fact%20Book.pdf,"Formal preseason staff title: offensive coordinator. Weeks encode the season designation, not independently observed weekly tenure; does not establish play-calling duty."
2014-BAL-quarterbacks_coach-01-17-rick-dennison,2014,BAL,coach-rick-dennison,Rick Dennison,quarterbacks_coach,1,17,,,false,false,false,verified,medium,season_designation,https://basement.crucifyd.com/zone/seahawks/record-fact/NFL%20-%202014%20-%20Record%20%26%20Fact%20Book.pdf,"Formal preseason staff title: quarterbacks. Weeks encode the season designation, not independently observed weekly tenure; does not establish play-calling duty."
2014-BUF-head_coach-01-17-doug-marrone,2014,BUF,coach-doug-marrone,Doug Marrone,head_coach,1,17,,,false,false,true,verified,high,observed_game_weeks,https://github.com/nflverse/nflverse-data/releases/download/pbp/play_by_play_2014.parquet,Observed head coach on each included regular-season game; interval is first through last observed game week.
2014-BUF-offensive_coordinator-01-17-nathaniel-hackett,2014,BUF,coach-nathaniel-hackett,Nathaniel Hackett,offensive_coordinator,1,17,,,false,false,false,verified,medium,season_designation,https://basement.crucifyd.com/zone/seahawks/record-fact/NFL%20-%202014%20-%20Record%20%26%20Fact%20Book.pdf,"Formal preseason staff title: offensive coordinator. Weeks encode the season designation, not independently observed weekly tenure; does not establish play-calling duty."
2014-BUF-quarterbacks_coach-01-17-todd-downing,2014,BUF,coach-todd-downing,Todd Downing,quarterbacks_coach,1,17,,,false,false,false,verified,medium,season_designation,https://basement.crucifyd.com/zone/seahawks/record-fact/NFL%20-%202014%20-%20Record%20%26%20Fact%20Book.pdf,"Formal preseason staff title: quarterbacks. Weeks encode the season designation, not independently observed weekly tenure; does not establish play-calling duty."
2014-CAR-head_coach-01-17-ron-rivera,2014,CAR,coach-ron-rivera,Ron Rivera,head_coach,1,17,,,false,false,true,verified,high,observed_game_weeks,https://github.com/nflverse/nflverse-data/releases/download/pbp/play_by_play_2014.parquet,Observed head coach on each included regular-season game; interval is first through last observed game week.
2014-CAR-offensive_coordinator-01-17-mike-shula,2014,CAR,coach-mike-shula,Mike Shula,offensive_coordinator,1,17,,,false,false,true,verified,medium,season_designation,https://basement.crucifyd.com/zone/seahawks/record-fact/NFL%20-%202014%20-%20Record%20%26%20Fact%20Book.pdf,"Formal preseason staff title: offensive coordinator. Weeks encode the season designation, not independently observed weekly tenure; does not establish play-calling duty."
2014-CAR-quarterbacks_coach-01-17-ken-dorsey,2014,CAR,coach-ken-dorsey,Ken Dorsey,quarterbacks_coach,1,17,,,false,false,true,verified,medium,season_designation,https://basement.crucifyd.com/zone/seahawks/record-fact/NFL%20-%202014%20-%20Record%20%26%20Fact%20Book.pdf,"Formal preseason staff title: quarterbacks. Weeks encode the season designation, not independently observed weekly tenure; does not establish play-calling duty."
2014-CHI-head_coach-01-17-marc-trestman,2014,CHI,coach-marc-trestman,Marc Trestman,head_coach,1,17,,,false,false,true,verified,high,observed_game_weeks,https://github.com/nflverse/nflverse-data/releases/download/pbp/play_by_play_2014.parquet,Observed head coach on each included regular-season game; interval is first through last observed game week.
2014-CHI-offensive_coordinator-01-17-aaron-kromer,2014,CHI,coach-aaron-kromer,Aaron Kromer,offensive_coordinator,1,17,,,false,false,false,verified,medium,season_designation,https://basement.crucifyd.com/zone/seahawks/record-fact/NFL%20-%202014%20-%20Record%20%26%20Fact%20Book.pdf,"Formal preseason staff title: offensive coordinator. Weeks encode the season designation, not independently observed weekly tenure; does not establish play-calling duty."
2014-CHI-quarterbacks_coach-01-17-matt-cavanaugh,2014,CHI,coach-matt-cavanaugh,Matt Cavanaugh,quarterbacks_coach,1,17,,,false,false,true,verified,medium,season_designation,https://basement.crucifyd.com/zone/seahawks/record-fact/NFL%20-%202014%20-%20Record%20%26%20Fact%20Book.pdf,"Formal preseason staff title: quarterbacks. Weeks encode the season designation, not independently observed weekly tenure; does not establish play-calling duty."
2014-CIN-head_coach-01-17-marvin-lewis,2014,CIN,coach-marvin-lewis,Marvin Lewis,head_coach,1,17,,,false,false,true,verified,high,observed_game_weeks,https://github.com/nflverse/nflverse-data/releases/download/pbp/play_by_play_2014.parquet,Observed head coach on each included regular-season game; interval is first through last observed game week.
2014-CIN-offensive_coordinator-01-17-hue-jackson,2014,CIN,coach-hue-jackson,Hue Jackson,offensive_coordinator,1,17,,,false,false,false,verified,medium,season_designation,https://basement.crucifyd.com/zone/seahawks/record-fact/NFL%20-%202014%20-%20Record%20%26%20Fact%20Book.pdf,"Formal preseason staff title: offensive coordinator. Weeks encode the season designation, not independently observed weekly tenure; does not establish play-calling duty."
2014-CIN-quarterbacks_coach-01-17-ken-zampese,2014,CIN,coach-ken-zampese,Ken Zampese,quarterbacks_coach,1,17,,,false,false,true,verified,medium,season_designation,https://basement.crucifyd.com/zone/seahawks/record-fact/NFL%20-%202014%20-%20Record%20%26%20Fact%20Book.pdf,"Formal preseason staff title: quarterbacks. Weeks encode the season designation, not independently observed weekly tenure; does not establish play-calling duty."
2014-CLE-head_coach-01-17-mike-pettine,2014,CLE,coach-mike-pettine,Mike Pettine,head_coach,1,17,,,false,false,false,verified,high,observed_game_weeks,https://github.com/nflverse/nflverse-data/releases/download/pbp/play_by_play_2014.parquet,Observed head coach on each included regular-season game; interval is first through last observed game week.
2014-CLE-offensive_coordinator-01-17-kyle-shanahan,2014,CLE,coach-kyle-shanahan,Kyle Shanahan,offensive_coordinator,1,17,,,false,false,false,verified,medium,season_designation,https://basement.crucifyd.com/zone/seahawks/record-fact/NFL%20-%202014%20-%20Record%20%26%20Fact%20Book.pdf,"Formal preseason staff title: offensive coordinator. Weeks encode the season designation, not independently observed weekly tenure; does not establish play-calling duty."
2014-CLE-quarterbacks_coach-01-17-dowell-loggains,2014,CLE,coach-dowell-loggains,Dowell Loggains,quarterbacks_coach,1,17,,,false,false,false,verified,medium,season_designation,https://basement.crucifyd.com/zone/seahawks/record-fact/NFL%20-%202014%20-%20Record%20%26%20Fact%20Book.pdf,"Formal preseason staff title: quarterbacks. Weeks encode the season designation, not independently observed weekly tenure; does not establish play-calling duty."
2014-DAL-head_coach-01-17-jason-garrett,2014,DAL,coach-jason-garrett,Jason Garrett,head_coach,1,17,,,false,false,true,verified,high,observed_game_weeks,https://github.com/nflverse/nflverse-data/releases/download/pbp/play_by_play_2014.parquet,Observed head coach on each included regular-season game; interval is first through last observed game week.
2014-DAL-offensive_coordinator-01-17-bill-callahan,2014,DAL,coach-bill-callahan,Bill Callahan,offensive_coordinator,1,17,,,false,false,false,verified,medium,season_designation,https://basement.crucifyd.com/zone/seahawks/record-fact/NFL%20-%202014%20-%20Record%20%26%20Fact%20Book.pdf,"Formal preseason staff title: offensive coordinator/offensive. Weeks encode the season designation, not independently observed weekly tenure; does not establish play-calling duty."
2014-DAL-quarterbacks_coach-01-17-wade-wilson,2014,DAL,coach-wade-wilson,Wade Wilson,quarterbacks_coach,1,17,,,false,false,true,verified,medium,season_designation,https://basement.crucifyd.com/zone/seahawks/record-fact/NFL%20-%202014%20-%20Record%20%26%20Fact%20Book.pdf,"Formal preseason staff title: quarterbacks. Weeks encode the season designation, not independently observed weekly tenure; does not establish play-calling duty."
2014-DEN-head_coach-01-17-john-fox,2014,DEN,coach-john-fox,John Fox,head_coach,1,17,,,false,false,true,verified,high,observed_game_weeks,https://github.com/nflverse/nflverse-data/releases/download/pbp/play_by_play_2014.parquet,Observed head coach on each included regular-season game; interval is first through last observed game week.
2014-DEN-offensive_coordinator-01-17-adam-gase,2014,DEN,coach-adam-gase,Adam Gase,offensive_coordinator,1,17,,,false,false,true,verified,medium,season_designation,https://basement.crucifyd.com/zone/seahawks/record-fact/NFL%20-%202014%20-%20Record%20%26%20Fact%20Book.pdf,"Formal preseason staff title: offensive coordinator. Weeks encode the season designation, not independently observed weekly tenure; does not establish play-calling duty."
2014-DEN-quarterbacks_coach-01-17-greg-knapp,2014,DEN,coach-greg-knapp,Greg Knapp,quarterbacks_coach,1,17,,,false,false,true,verified,medium,season_designation,https://basement.crucifyd.com/zone/seahawks/record-fact/NFL%20-%202014%20-%20Record%20%26%20Fact%20Book.pdf,"Formal preseason staff title: quarterbacks. Weeks encode the season designation, not independently observed weekly tenure; does not establish play-calling duty."
2014-DET-head_coach-01-17-jim-caldwell,2014,DET,coach-jim-caldwell,Jim Caldwell,head_coach,1,17,,,false,false,false,verified,high,observed_game_weeks,https://github.com/nflverse/nflverse-data/releases/download/pbp/play_by_play_2014.parquet,Observed head coach on each included regular-season game; interval is first through last observed game week.
2014-DET-offensive_coordinator-01-17-joe-lombardi,2014,DET,coach-joe-lombardi,Joe Lombardi,offensive_coordinator,1,17,,,false,false,false,verified,medium,season_designation,https://basement.crucifyd.com/zone/seahawks/record-fact/NFL%20-%202014%20-%20Record%20%26%20Fact%20Book.pdf,"Formal preseason staff title: offensive coordinator. Weeks encode the season designation, not independently observed weekly tenure; does not establish play-calling duty."
2014-GB-head_coach-01-17-mike-mccarthy,2014,GB,coach-mike-mccarthy,Mike McCarthy,head_coach,1,17,,,false,false,true,verified,high,observed_game_weeks,https://github.com/nflverse/nflverse-data/releases/download/pbp/play_by_play_2014.parquet,Observed head coach on each included regular-season game; interval is first through last observed game week.
2014-GB-offensive_coordinator-01-17-tom-clements,2014,GB,coach-tom-clements,Tom Clements,offensive_coordinator,1,17,,,false,false,true,verified,medium,season_designation,https://basement.crucifyd.com/zone/seahawks/record-fact/NFL%20-%202014%20-%20Record%20%26%20Fact%20Book.pdf,"Formal preseason staff title: offensive coordinator. Weeks encode the season designation, not independently observed weekly tenure; does not establish play-calling duty."
2014-GB-quarterbacks_coach-01-17-alex-van-pelt,2014,GB,coach-alex-van-pelt,Alex Van Pelt,quarterbacks_coach,1,17,,,false,false,false,verified,medium,season_designation,https://basement.crucifyd.com/zone/seahawks/record-fact/NFL%20-%202014%20-%20Record%20%26%20Fact%20Book.pdf,"Formal preseason staff title: quarterbacks. Weeks encode the season designation, not independently observed weekly tenure; does not establish play-calling duty."
2014-HOU-head_coach-01-17-bill-o-brien,2014,HOU,coach-bill-o-brien,Bill O'Brien,head_coach,1,17,,,false,false,false,verified,high,observed_game_weeks,https://github.com/nflverse/nflverse-data/releases/download/pbp/play_by_play_2014.parquet,Observed head coach on each included regular-season game; interval is first through last observed game week.
2014-HOU-quarterbacks_coach-01-17-george-godsey,2014,HOU,coach-george-godsey,George Godsey,quarterbacks_coach,1,17,,,false,false,false,verified,medium,season_designation,https://basement.crucifyd.com/zone/seahawks/record-fact/NFL%20-%202014%20-%20Record%20%26%20Fact%20Book.pdf,"Formal preseason staff title: quarterbacks. Weeks encode the season designation, not independently observed weekly tenure; does not establish play-calling duty."
2014-IND-head_coach-01-17-chuck-pagano,2014,IND,coach-chuck-pagano,Chuck Pagano,head_coach,1,17,,,false,false,true,verified,high,observed_game_weeks,https://github.com/nflverse/nflverse-data/releases/download/pbp/play_by_play_2014.parquet,Observed head coach on each included regular-season game; interval is first through last observed game week.
2014-IND-offensive_coordinator-01-17-pep-hamilton,2014,IND,coach-pep-hamilton,Pep Hamilton,offensive_coordinator,1,17,,,false,false,true,verified,medium,season_designation,https://basement.crucifyd.com/zone/seahawks/record-fact/NFL%20-%202014%20-%20Record%20%26%20Fact%20Book.pdf,"Formal preseason staff title: offensive coordinator. Weeks encode the season designation, not independently observed weekly tenure; does not establish play-calling duty."
2014-IND-quarterbacks_coach-01-17-clyde-christensen,2014,IND,coach-clyde-christensen,Clyde Christensen,quarterbacks_coach,1,17,,,false,false,true,verified,medium,season_designation,https://basement.crucifyd.com/zone/seahawks/record-fact/NFL%20-%202014%20-%20Record%20%26%20Fact%20Book.pdf,"Formal preseason staff title: quarterbacks. Weeks encode the season designation, not independently observed weekly tenure; does not establish play-calling duty."
2014-JAX-head_coach-01-17-gus-bradley,2014,JAX,coach-gus-bradley,Gus Bradley,head_coach,1,17,,,false,false,true,verified,high,observed_game_weeks,https://github.com/nflverse/nflverse-data/releases/download/pbp/play_by_play_2014.parquet,Observed head coach on each included regular-season game; interval is first through last observed game week.
2014-JAX-offensive_coordinator-01-17-jedd-fisch,2014,JAX,coach-jedd-fisch,Jedd Fisch,offensive_coordinator,1,17,,,false,false,true,verified,medium,season_designation,https://basement.crucifyd.com/zone/seahawks/record-fact/NFL%20-%202014%20-%20Record%20%26%20Fact%20Book.pdf,"Formal preseason staff title: offensive coordinator. Weeks encode the season designation, not independently observed weekly tenure; does not establish play-calling duty."
2014-JAX-quarterbacks_coach-01-17-frank-scelfo,2014,JAX,coach-frank-scelfo,Frank Scelfo,quarterbacks_coach,1,17,,,false,false,true,verified,medium,season_designation,https://basement.crucifyd.com/zone/seahawks/record-fact/NFL%20-%202014%20-%20Record%20%26%20Fact%20Book.pdf,"Formal preseason staff title: quarterbacks. Weeks encode the season designation, not independently observed weekly tenure; does not establish play-calling duty."
2014-KC-head_coach-01-17-andy-reid,2014,KC,coach-andy-reid,Andy Reid,head_coach,1,17,,,false,false,true,verified,high,observed_game_weeks,https://github.com/nflverse/nflverse-data/releases/download/pbp/play_by_play_2014.parquet,Observed head coach on each included regular-season game; interval is first through last observed game week.
2014-KC-offensive_coordinator-01-17-doug-pederson,2014,KC,coach-doug-pederson,Doug Pederson,offensive_coordinator,1,17,,,false,false,true,verified,medium,season_designation,https://basement.crucifyd.com/zone/seahawks/record-fact/NFL%20-%202014%20-%20Record%20%26%20Fact%20Book.pdf,"Formal preseason staff title: offensive coordinator. Weeks encode the season designation, not independently observed weekly tenure; does not establish play-calling duty."
2014-KC-quarterbacks_coach-01-17-matt-nagy,2014,KC,coach-matt-nagy,Matt Nagy,quarterbacks_coach,1,17,,,false,false,true,verified,medium,season_designation,https://basement.crucifyd.com/zone/seahawks/record-fact/NFL%20-%202014%20-%20Record%20%26%20Fact%20Book.pdf,"Formal preseason staff title: quarterbacks. Weeks encode the season designation, not independently observed weekly tenure; does not establish play-calling duty."
2014-LA-head_coach-01-17-jeff-fisher,2014,LA,coach-jeff-fisher,Jeff Fisher,head_coach,1,17,,,false,false,true,verified,high,observed_game_weeks,https://github.com/nflverse/nflverse-data/releases/download/pbp/play_by_play_2014.parquet,Observed head coach on each included regular-season game; interval is first through last observed game week.
2014-LA-offensive_coordinator-01-17-brian-schottenheimer,2014,LA,coach-brian-schottenheimer,Brian Schottenheimer,offensive_coordinator,1,17,,,false,false,true,verified,medium,season_designation,https://basement.crucifyd.com/zone/seahawks/record-fact/NFL%20-%202014%20-%20Record%20%26%20Fact%20Book.pdf,"Formal preseason staff title: offensive coordinator. Weeks encode the season designation, not independently observed weekly tenure; does not establish play-calling duty."
2014-LA-quarterbacks_coach-01-17-frank-cignetti,2014,LA,coach-frank-cignetti,Frank Cignetti,quarterbacks_coach,1,17,,,false,false,true,verified,medium,season_designation,https://basement.crucifyd.com/zone/seahawks/record-fact/NFL%20-%202014%20-%20Record%20%26%20Fact%20Book.pdf,"Formal preseason staff title: quarterbacks. Weeks encode the season designation, not independently observed weekly tenure; does not establish play-calling duty."
2014-LAC-head_coach-01-17-mike-mccoy,2014,LAC,coach-mike-mccoy,Mike McCoy,head_coach,1,17,,,false,false,true,verified,high,observed_game_weeks,https://github.com/nflverse/nflverse-data/releases/download/pbp/play_by_play_2014.parquet,Observed head coach on each included regular-season game; interval is first through last observed game week.
2014-LAC-offensive_coordinator-01-17-frank-reich,2014,LAC,coach-frank-reich,Frank Reich,offensive_coordinator,1,17,,,false,false,false,verified,medium,season_designation,https://basement.crucifyd.com/zone/seahawks/record-fact/NFL%20-%202014%20-%20Record%20%26%20Fact%20Book.pdf,"Formal preseason staff title: offensive coordinator. Weeks encode the season designation, not independently observed weekly tenure; does not establish play-calling duty."
2014-LAC-quarterbacks_coach-01-17-nick-sirianni,2014,LAC,coach-nick-sirianni,Nick Sirianni,quarterbacks_coach,1,17,,,false,false,false,verified,medium,season_designation,https://basement.crucifyd.com/zone/seahawks/record-fact/NFL%20-%202014%20-%20Record%20%26%20Fact%20Book.pdf,"Formal preseason staff title: quarterbacks. Weeks encode the season designation, not independently observed weekly tenure; does not establish play-calling duty."
2014-LV-head_coach-01-04-dennis-allen,2014,LV,coach-dennis-allen,Dennis Allen,head_coach,1,4,,,false,false,true,verified,high,observed_game_weeks,https://github.com/nflverse/nflverse-data/releases/download/pbp/play_by_play_2014.parquet,Observed head coach on each included regular-season game; interval is first through last observed game week.
2014-LV-head_coach-06-17-tony-sparano,2014,LV,coach-tony-sparano,Tony Sparano,head_coach,6,17,,,true,false,false,verified,high,observed_game_weeks,https://github.com/nflverse/nflverse-data/releases/download/pbp/play_by_play_2014.parquet,Observed head coach on each included regular-season game; interval is first through last observed game week.
2014-LV-offensive_coordinator-01-17-greg-olson,2014,LV,coach-greg-olson,Greg Olson,offensive_coordinator,1,17,,,false,false,true,verified,medium,season_designation,https://basement.crucifyd.com/zone/seahawks/record-fact/NFL%20-%202014%20-%20Record%20%26%20Fact%20Book.pdf,"Formal preseason staff title: offensive coordinator. Weeks encode the season designation, not independently observed weekly tenure; does not establish play-calling duty."
2014-LV-quarterbacks_coach-01-17-john-defilippo,2014,LV,coach-john-defilippo,John DeFilippo,quarterbacks_coach,1,17,,,false,false,true,verified,medium,season_designation,https://basement.crucifyd.com/zone/seahawks/record-fact/NFL%20-%202014%20-%20Record%20%26%20Fact%20Book.pdf,"Formal preseason staff title: quarterbacks. Weeks encode the season designation, not independently observed weekly tenure; does not establish play-calling duty."
2014-MIA-head_coach-01-17-joe-philbin,2014,MIA,coach-joe-philbin,Joe Philbin,head_coach,1,17,,,false,false,true,verified,high,observed_game_weeks,https://github.com/nflverse/nflverse-data/releases/download/pbp/play_by_play_2014.parquet,Observed head coach on each included regular-season game; interval is first through last observed game week.
2014-MIA-offensive_coordinator-01-17-bill-lazor,2014,MIA,coach-bill-lazor,Bill Lazor,offensive_coordinator,1,17,,,false,false,false,verified,medium,season_designation,https://basement.crucifyd.com/zone/seahawks/record-fact/NFL%20-%202014%20-%20Record%20%26%20Fact%20Book.pdf,"Formal preseason staff title: offensive coordinator. Weeks encode the season designation, not independently observed weekly tenure; does not establish play-calling duty."
2014-MIA-quarterbacks_coach-01-17-zac-taylor,2014,MIA,coach-zac-taylor,Zac Taylor,quarterbacks_coach,1,17,,,false,false,true,verified,medium,season_designation,https://basement.crucifyd.com/zone/seahawks/record-fact/NFL%20-%202014%20-%20Record%20%26%20Fact%20Book.pdf,"Formal preseason staff title: quarterbacks. Weeks encode the season designation, not independently observed weekly tenure; does not establish play-calling duty."
2014-MIN-head_coach-01-17-mike-zimmer,2014,MIN,coach-mike-zimmer,Mike Zimmer,head_coach,1,17,,,false,false,false,verified,high,observed_game_weeks,https://github.com/nflverse/nflverse-data/releases/download/pbp/play_by_play_2014.parquet,Observed head coach on each included regular-season game; interval is first through last observed game week.
2014-MIN-offensive_coordinator-01-17-norv-turner,2014,MIN,coach-norv-turner,Norv Turner,offensive_coordinator,1,17,,,false,false,false,verified,medium,season_designation,https://basement.crucifyd.com/zone/seahawks/record-fact/NFL%20-%202014%20-%20Record%20%26%20Fact%20Book.pdf,"Formal preseason staff title: offensive coordinator. Weeks encode the season designation, not independently observed weekly tenure; does not establish play-calling duty."
2014-MIN-quarterbacks_coach-01-17-scott-turner,2014,MIN,coach-scott-turner,Scott Turner,quarterbacks_coach,1,17,,,false,false,false,verified,medium,season_designation,https://basement.crucifyd.com/zone/seahawks/record-fact/NFL%20-%202014%20-%20Record%20%26%20Fact%20Book.pdf,"Formal preseason staff title: quarterbacks. Weeks encode the season designation, not independently observed weekly tenure; does not establish play-calling duty."
2014-NE-head_coach-01-17-bill-belichick,2014,NE,coach-bill-belichick,Bill Belichick,head_coach,1,17,,,false,false,true,verified,high,observed_game_weeks,https://github.com/nflverse/nflverse-data/releases/download/pbp/play_by_play_2014.parquet,Observed head coach on each included regular-season game; interval is first through last observed game week.
2014-NO-head_coach-01-17-sean-payton,2014,NO,coach-sean-payton,Sean Payton,head_coach,1,17,,,false,false,true,verified,high,observed_game_weeks,https://github.com/nflverse/nflverse-data/releases/download/pbp/play_by_play_2014.parquet,Observed head coach on each included regular-season game; interval is first through last observed game week.
2014-NO-offensive_coordinator-01-17-pete-carmichael,2014,NO,coach-pete-carmichael,Pete Carmichael,offensive_coordinator,1,17,,,false,false,true,verified,medium,season_designation,https://basement.crucifyd.com/zone/seahawks/record-fact/NFL%20-%202014%20-%20Record%20%26%20Fact%20Book.pdf,"Formal preseason staff title: offensive coordinator. Weeks encode the season designation, not independently observed weekly tenure; does not establish play-calling duty."
2014-NO-quarterbacks_coach-01-17-mike-neu,2014,NO,coach-mike-neu,Mike Neu,quarterbacks_coach,1,17,,,false,false,false,verified,medium,season_designation,https://basement.crucifyd.com/zone/seahawks/record-fact/NFL%20-%202014%20-%20Record%20%26%20Fact%20Book.pdf,"Formal preseason staff title: quarterbacks. Weeks encode the season designation, not independently observed weekly tenure; does not establish play-calling duty."
2014-NYG-head_coach-01-17-tom-coughlin,2014,NYG,coach-tom-coughlin,Tom Coughlin,head_coach,1,17,,,false,false,true,verified,high,observed_game_weeks,https://github.com/nflverse/nflverse-data/releases/download/pbp/play_by_play_2014.parquet,Observed head coach on each included regular-season game; interval is first through last observed game week.
2014-NYG-offensive_coordinator-01-17-ben-mcadoo,2014,NYG,coach-ben-mcadoo,Ben McAdoo,offensive_coordinator,1,17,,,false,false,false,verified,medium,season_designation,https://basement.crucifyd.com/zone/seahawks/record-fact/NFL%20-%202014%20-%20Record%20%26%20Fact%20Book.pdf,"Formal preseason staff title: offensive coordinator. Weeks encode the season designation, not independently observed weekly tenure; does not establish play-calling duty."
2014-NYG-quarterbacks_coach-01-17-danny-langsdorf,2014,NYG,coach-danny-langsdorf,Danny Langsdorf,quarterbacks_coach,1,17,,,false,false,false,verified,medium,season_designation,https://basement.crucifyd.com/zone/seahawks/record-fact/NFL%20-%202014%20-%20Record%20%26%20Fact%20Book.pdf,"Formal preseason staff title: quarterbacks. Weeks encode the season designation, not independently observed weekly tenure; does not establish play-calling duty."
2014-NYJ-head_coach-01-17-rex-ryan,2014,NYJ,coach-rex-ryan,Rex Ryan,head_coach,1,17,,,false,false,true,verified,high,observed_game_weeks,https://github.com/nflverse/nflverse-data/releases/download/pbp/play_by_play_2014.parquet,Observed head coach on each included regular-season game; interval is first through last observed game week.
2014-NYJ-offensive_coordinator-01-17-marty-mornhinweg,2014,NYJ,coach-marty-mornhinweg,Marty Mornhinweg,offensive_coordinator,1,17,,,false,false,false,verified,medium,season_designation,https://basement.crucifyd.com/zone/seahawks/record-fact/NFL%20-%202014%20-%20Record%20%26%20Fact%20Book.pdf,"Formal preseason staff title: offensive coordinator. Weeks encode the season designation, not independently observed weekly tenure; does not establish play-calling duty."
2014-NYJ-quarterbacks_coach-01-17-david-lee,2014,NYJ,coach-david-lee,David Lee,quarterbacks_coach,1,17,,,false,false,true,verified,medium,season_designation,https://basement.crucifyd.com/zone/seahawks/record-fact/NFL%20-%202014%20-%20Record%20%26%20Fact%20Book.pdf,"Formal preseason staff title: quarterbacks. Weeks encode the season designation, not independently observed weekly tenure; does not establish play-calling duty."
2014-PHI-head_coach-01-17-chip-kelly,2014,PHI,coach-chip-kelly,Chip Kelly,head_coach,1,17,,,false,false,true,verified,high,observed_game_weeks,https://github.com/nflverse/nflverse-data/releases/download/pbp/play_by_play_2014.parquet,Observed head coach on each included regular-season game; interval is first through last observed game week.
2014-PHI-offensive_coordinator-01-17-pat-shurmur,2014,PHI,coach-pat-shurmur,Pat Shurmur,offensive_coordinator,1,17,,,false,false,true,verified,medium,season_designation,https://basement.crucifyd.com/zone/seahawks/record-fact/NFL%20-%202014%20-%20Record%20%26%20Fact%20Book.pdf,"Formal preseason staff title: offensive coordinator. Weeks encode the season designation, not independently observed weekly tenure; does not establish play-calling duty."
2014-PHI-quarterbacks_coach-01-17-bill-musgrave,2014,PHI,coach-bill-musgrave,Bill Musgrave,quarterbacks_coach,1,17,,,false,false,false,verified,medium,season_designation,https://basement.crucifyd.com/zone/seahawks/record-fact/NFL%20-%202014%20-%20Record%20%26%20Fact%20Book.pdf,"Formal preseason staff title: quarterbacks. Weeks encode the season designation, not independently observed weekly tenure; does not establish play-calling duty."
2014-PIT-head_coach-01-17-mike-tomlin,2014,PIT,coach-mike-tomlin,Mike Tomlin,head_coach,1,17,,,false,false,true,verified,high,observed_game_weeks,https://github.com/nflverse/nflverse-data/releases/download/pbp/play_by_play_2014.parquet,Observed head coach on each included regular-season game; interval is first through last observed game week.
2014-PIT-offensive_coordinator-01-17-todd-haley,2014,PIT,coach-todd-haley,Todd Haley,offensive_coordinator,1,17,,,false,false,true,verified,medium,season_designation,https://basement.crucifyd.com/zone/seahawks/record-fact/NFL%20-%202014%20-%20Record%20%26%20Fact%20Book.pdf,"Formal preseason staff title: offensive coordinator. Weeks encode the season designation, not independently observed weekly tenure; does not establish play-calling duty."
2014-PIT-quarterbacks_coach-01-17-randy-fichtner,2014,PIT,coach-randy-fichtner,Randy Fichtner,quarterbacks_coach,1,17,,,false,false,true,verified,medium,season_designation,https://basement.crucifyd.com/zone/seahawks/record-fact/NFL%20-%202014%20-%20Record%20%26%20Fact%20Book.pdf,"Formal preseason staff title: quarterbacks. Weeks encode the season designation, not independently observed weekly tenure; does not establish play-calling duty."
2014-SEA-head_coach-01-17-pete-carroll,2014,SEA,coach-pete-carroll,Pete Carroll,head_coach,1,17,,,false,false,true,verified,high,observed_game_weeks,https://github.com/nflverse/nflverse-data/releases/download/pbp/play_by_play_2014.parquet,Observed head coach on each included regular-season game; interval is first through last observed game week.
2014-SEA-offensive_coordinator-01-17-darrell-bevell,2014,SEA,coach-darrell-bevell,Darrell Bevell,offensive_coordinator,1,17,,,false,false,true,verified,medium,season_designation,https://basement.crucifyd.com/zone/seahawks/record-fact/NFL%20-%202014%20-%20Record%20%26%20Fact%20Book.pdf,"Formal preseason staff title: offensive coordinator. Weeks encode the season designation, not independently observed weekly tenure; does not establish play-calling duty."
2014-SF-head_coach-01-17-jim-harbaugh,2014,SF,coach-jim-harbaugh,Jim Harbaugh,head_coach,1,17,,,false,false,true,verified,high,observed_game_weeks,https://github.com/nflverse/nflverse-data/releases/download/pbp/play_by_play_2014.parquet,Observed head coach on each included regular-season game; interval is first through last observed game week.
2014-TB-head_coach-01-17-lovie-smith,2014,TB,coach-lovie-smith,Lovie Smith,head_coach,1,17,,,false,false,false,verified,high,observed_game_weeks,https://github.com/nflverse/nflverse-data/releases/download/pbp/play_by_play_2014.parquet,Observed head coach on each included regular-season game; interval is first through last observed game week.
2014-TB-offensive_coordinator-01-17-jeff-tedford,2014,TB,coach-jeff-tedford,Jeff Tedford,offensive_coordinator,1,17,,,false,false,false,verified,medium,season_designation,https://basement.crucifyd.com/zone/seahawks/record-fact/NFL%20-%202014%20-%20Record%20%26%20Fact%20Book.pdf,"Formal preseason staff title: offensive coordinator. Weeks encode the season designation, not independently observed weekly tenure; does not establish play-calling duty."
2014-TB-quarterbacks_coach-01-17-marcus-arroyo,2014,TB,coach-marcus-arroyo,Marcus Arroyo,quarterbacks_coach,1,17,,,false,false,false,verified,medium,season_designation,https://basement.crucifyd.com/zone/seahawks/record-fact/NFL%20-%202014%20-%20Record%20%26%20Fact%20Book.pdf,"Formal preseason staff title: quarterbacks. Weeks encode the season designation, not independently observed weekly tenure; does not establish play-calling duty."
2014-TEN-head_coach-01-17-ken-whisenhunt,2014,TEN,coach-ken-whisenhunt,Ken Whisenhunt,head_coach,1,17,,,false,false,false,verified,high,observed_game_weeks,https://github.com/nflverse/nflverse-data/releases/download/pbp/play_by_play_2014.parquet,Observed head coach on each included regular-season game; interval is first through last observed game week.
2014-TEN-offensive_coordinator-01-17-jason-michael,2014,TEN,coach-jason-michael,Jason Michael,offensive_coordinator,1,17,,,false,false,false,verified,medium,season_designation,https://basement.crucifyd.com/zone/seahawks/record-fact/NFL%20-%202014%20-%20Record%20%26%20Fact%20Book.pdf,"Formal preseason staff title: offensive coordinator. Weeks encode the season designation, not independently observed weekly tenure; does not establish play-calling duty."
2014-TEN-quarterbacks_coach-01-17-john-mcnulty,2014,TEN,coach-john-mcnulty,John McNulty,quarterbacks_coach,1,17,,,false,false,false,verified,medium,season_designation,https://basement.crucifyd.com/zone/seahawks/record-fact/NFL%20-%202014%20-%20Record%20%26%20Fact%20Book.pdf,"Formal preseason staff title: quarterbacks. Weeks encode the season designation, not independently observed weekly tenure; does not establish play-calling duty."
2014-WAS-head_coach-01-17-jay-gruden,2014,WAS,coach-jay-gruden,Jay Gruden,head_coach,1,17,,,false,false,false,verified,high,observed_game_weeks,https://github.com/nflverse/nflverse-data/releases/download/pbp/play_by_play_2014.parquet,Observed head coach on each included regular-season game; interval is first through last observed game week.
2014-WAS-offensive_coordinator-01-17-sean-mcvay,2014,WAS,coach-sean-mcvay,Sean McVay,offensive_coordinator,1,17,,,false,false,false,verified,medium,season_designation,https://basement.crucifyd.com/zone/seahawks/record-fact/NFL%20-%202014%20-%20Record%20%26%20Fact%20Book.pdf,"Formal preseason staff title: offensive coordinator. Weeks encode the season designation, not independently observed weekly tenure; does not establish play-calling duty."
2015-ARI-head_coach-01-17-bruce-arians,2015,ARI,coach-bruce-arians,Bruce Arians,head_coach,1,17,,,false,false,true,verified,high,observed_game_weeks,https://github.com/nflverse/nflverse-data/releases/download/pbp/play_by_play_2015.parquet,Observed head coach on each included regular-season game; interval is first through last observed game week.
2015-ARI-offensive_coordinator-01-17-harold-goodwin,2015,ARI,coach-harold-goodwin,Harold Goodwin,offensive_coordinator,1,17,,,false,false,true,verified,medium,season_designation,https://basement.crucifyd.com/zone/seahawks/record-fact/NFL%20-%202015%20-%20Record%20%26%20Fact%20Book.pdf,"Formal preseason staff title: offensive coordinator. Weeks encode the season designation, not independently observed weekly tenure; does not establish play-calling duty."
2015-ARI-quarterbacks_coach-01-17-freddie-kitchens,2015,ARI,coach-freddie-kitchens,Freddie Kitchens,quarterbacks_coach,1,17,,,false,false,true,verified,medium,season_designation,https://basement.crucifyd.com/zone/seahawks/record-fact/NFL%20-%202015%20-%20Record%20%26%20Fact%20Book.pdf,"Formal preseason staff title: quarterbacks. Weeks encode the season designation, not independently observed weekly tenure; does not establish play-calling duty."
2015-ATL-head_coach-01-17-dan-quinn,2015,ATL,coach-dan-quinn,Dan Quinn,head_coach,1,17,,,false,false,false,verified,high,observed_game_weeks,https://github.com/nflverse/nflverse-data/releases/download/pbp/play_by_play_2015.parquet,Observed head coach on each included regular-season game; interval is first through last observed game week.
2015-ATL-offensive_coordinator-01-17-kyle-shanahan,2015,ATL,coach-kyle-shanahan,Kyle Shanahan,offensive_coordinator,1,17,,,false,false,false,verified,medium,season_designation,https://basement.crucifyd.com/zone/seahawks/record-fact/NFL%20-%202015%20-%20Record%20%26%20Fact%20Book.pdf,"Formal preseason staff title: offensive coordinator. Weeks encode the season designation, not independently observed weekly tenure; does not establish play-calling duty."
2015-ATL-quarterbacks_coach-01-17-matt-lafleur,2015,ATL,coach-matt-lafleur,Matt LaFleur,quarterbacks_coach,1,17,,,false,false,false,verified,medium,season_designation,https://basement.crucifyd.com/zone/seahawks/record-fact/NFL%20-%202015%20-%20Record%20%26%20Fact%20Book.pdf,"Formal preseason staff title: quarterbacks. Weeks encode the season designation, not independently observed weekly tenure; does not establish play-calling duty."
2015-BAL-head_coach-01-17-john-harbaugh,2015,BAL,coach-john-harbaugh,John Harbaugh,head_coach,1,17,,,false,false,true,verified,high,observed_game_weeks,https://github.com/nflverse/nflverse-data/releases/download/pbp/play_by_play_2015.parquet,Observed head coach on each included regular-season game; interval is first through last observed game week.
2015-BAL-offensive_coordinator-01-17-marc-trestman,2015,BAL,coach-marc-trestman,Marc Trestman,offensive_coordinator,1,17,,,false,false,false,verified,medium,season_designation,https://basement.crucifyd.com/zone/seahawks/record-fact/NFL%20-%202015%20-%20Record%20%26%20Fact%20Book.pdf,"Formal preseason staff title: offensive coordinator. Weeks encode the season designation, not independently observed weekly tenure; does not establish play-calling duty."
2015-BAL-quarterbacks_coach-01-17-marty-mornhinweg,2015,BAL,coach-marty-mornhinweg,Marty Mornhinweg,quarterbacks_coach,1,17,,,false,false,false,verified,medium,season_designation,https://basement.crucifyd.com/zone/seahawks/record-fact/NFL%20-%202015%20-%20Record%20%26%20Fact%20Book.pdf,"Formal preseason staff title: quarterbacks. Weeks encode the season designation, not independently observed weekly tenure; does not establish play-calling duty."
2015-BUF-head_coach-01-17-rex-ryan,2015,BUF,coach-rex-ryan,Rex Ryan,head_coach,1,17,,,false,false,false,verified,high,observed_game_weeks,https://github.com/nflverse/nflverse-data/releases/download/pbp/play_by_play_2015.parquet,Observed head coach on each included regular-season game; interval is first through last observed game week.
2015-BUF-offensive_coordinator-01-17-greg-roman,2015,BUF,coach-greg-roman,Greg Roman,offensive_coordinator,1,17,,,false,false,false,verified,medium,season_designation,https://basement.crucifyd.com/zone/seahawks/record-fact/NFL%20-%202015%20-%20Record%20%26%20Fact%20Book.pdf,"Formal preseason staff title: offensive coordinator. Weeks encode the season designation, not independently observed weekly tenure; does not establish play-calling duty."
2015-CAR-head_coach-01-17-ron-rivera,2015,CAR,coach-ron-rivera,Ron Rivera,head_coach,1,17,,,false,false,true,verified,high,observed_game_weeks,https://github.com/nflverse/nflverse-data/releases/download/pbp/play_by_play_2015.parquet,Observed head coach on each included regular-season game; interval is first through last observed game week.
2015-CAR-offensive_coordinator-01-17-mike-shula,2015,CAR,coach-mike-shula,Mike Shula,offensive_coordinator,1,17,,,false,false,true,verified,medium,season_designation,https://basement.crucifyd.com/zone/seahawks/record-fact/NFL%20-%202015%20-%20Record%20%26%20Fact%20Book.pdf,"Formal preseason staff title: offensive coordinator. Weeks encode the season designation, not independently observed weekly tenure; does not establish play-calling duty."
2015-CHI-head_coach-01-17-john-fox,2015,CHI,coach-john-fox,John Fox,head_coach,1,17,,,false,false,false,verified,high,observed_game_weeks,https://github.com/nflverse/nflverse-data/releases/download/pbp/play_by_play_2015.parquet,Observed head coach on each included regular-season game; interval is first through last observed game week.
2015-CHI-offensive_coordinator-01-17-adam-gase,2015,CHI,coach-adam-gase,Adam Gase,offensive_coordinator,1,17,,,false,false,false,verified,medium,season_designation,https://basement.crucifyd.com/zone/seahawks/record-fact/NFL%20-%202015%20-%20Record%20%26%20Fact%20Book.pdf,"Formal preseason staff title: offensive coordinator. Weeks encode the season designation, not independently observed weekly tenure; does not establish play-calling duty."
2015-CHI-quarterbacks_coach-01-17-dowell-loggains,2015,CHI,coach-dowell-loggains,Dowell Loggains,quarterbacks_coach,1,17,,,false,false,false,verified,medium,season_designation,https://basement.crucifyd.com/zone/seahawks/record-fact/NFL%20-%202015%20-%20Record%20%26%20Fact%20Book.pdf,"Formal preseason staff title: quarterbacks. Weeks encode the season designation, not independently observed weekly tenure; does not establish play-calling duty."
2015-CIN-head_coach-01-17-marvin-lewis,2015,CIN,coach-marvin-lewis,Marvin Lewis,head_coach,1,17,,,false,false,true,verified,high,observed_game_weeks,https://github.com/nflverse/nflverse-data/releases/download/pbp/play_by_play_2015.parquet,Observed head coach on each included regular-season game; interval is first through last observed game week.
2015-CIN-offensive_coordinator-01-17-hue-jackson,2015,CIN,coach-hue-jackson,Hue Jackson,offensive_coordinator,1,17,,,false,false,true,verified,medium,season_designation,https://basement.crucifyd.com/zone/seahawks/record-fact/NFL%20-%202015%20-%20Record%20%26%20Fact%20Book.pdf,"Formal preseason staff title: offensive coordinator. Weeks encode the season designation, not independently observed weekly tenure; does not establish play-calling duty."
2015-CIN-quarterbacks_coach-01-17-ken-zampese,2015,CIN,coach-ken-zampese,Ken Zampese,quarterbacks_coach,1,17,,,false,false,true,verified,medium,season_designation,https://basement.crucifyd.com/zone/seahawks/record-fact/NFL%20-%202015%20-%20Record%20%26%20Fact%20Book.pdf,"Formal preseason staff title: quarterbacks. Weeks encode the season designation, not independently observed weekly tenure; does not establish play-calling duty."
2015-CLE-head_coach-01-17-mike-pettine,2015,CLE,coach-mike-pettine,Mike Pettine,head_coach,1,17,,,false,false,true,verified,high,observed_game_weeks,https://github.com/nflverse/nflverse-data/releases/download/pbp/play_by_play_2015.parquet,Observed head coach on each included regular-season game; interval is first through last observed game week.
2015-CLE-offensive_coordinator-01-17-john-defilippo,2015,CLE,coach-john-defilippo,John DeFilippo,offensive_coordinator,1,17,,,false,false,false,verified,medium,season_designation,https://basement.crucifyd.com/zone/seahawks/record-fact/NFL%20-%202015%20-%20Record%20%26%20Fact%20Book.pdf,"Formal preseason staff title: offensive coordinator. Weeks encode the season designation, not independently observed weekly tenure; does not establish play-calling duty."
2015-DAL-head_coach-01-17-jason-garrett,2015,DAL,coach-jason-garrett,Jason Garrett,head_coach,1,17,,,false,false,true,verified,high,observed_game_weeks,https://github.com/nflverse/nflverse-data/releases/download/pbp/play_by_play_2015.parquet,Observed head coach on each included regular-season game; interval is first through last observed game week.
2015-DAL-quarterbacks_coach-01-17-wade-wilson,2015,DAL,coach-wade-wilson,Wade Wilson,quarterbacks_coach,1,17,,,false,false,true,verified,medium,season_designation,https://basement.crucifyd.com/zone/seahawks/record-fact/NFL%20-%202015%20-%20Record%20%26%20Fact%20Book.pdf,"Formal preseason staff title: quarterbacks. Weeks encode the season designation, not independently observed weekly tenure; does not establish play-calling duty."
2015-DEN-head_coach-01-17-gary-kubiak,2015,DEN,coach-gary-kubiak,Gary Kubiak,head_coach,1,17,,,false,false,false,verified,high,observed_game_weeks,https://github.com/nflverse/nflverse-data/releases/download/pbp/play_by_play_2015.parquet,Observed head coach on each included regular-season game; interval is first through last observed game week.
2015-DEN-offensive_coordinator-01-17-rick-dennison,2015,DEN,coach-rick-dennison,Rick Dennison,offensive_coordinator,1,17,,,false,false,false,verified,medium,season_designation,https://basement.crucifyd.com/zone/seahawks/record-fact/NFL%20-%202015%20-%20Record%20%26%20Fact%20Book.pdf,"Formal preseason staff title: offensive coordinator. Weeks encode the season designation, not independently observed weekly tenure; does not establish play-calling duty."
2015-DEN-quarterbacks_coach-01-17-greg-knapp,2015,DEN,coach-greg-knapp,Greg Knapp,quarterbacks_coach,1,17,,,false,false,true,verified,medium,season_designation,https://basement.crucifyd.com/zone/seahawks/record-fact/NFL%20-%202015%20-%20Record%20%26%20Fact%20Book.pdf,"Formal preseason staff title: quarterbacks. Weeks encode the season designation, not independently observed weekly tenure; does not establish play-calling duty."
2015-DET-head_coach-01-17-jim-caldwell,2015,DET,coach-jim-caldwell,Jim Caldwell,head_coach,1,17,,,false,false,true,verified,high,observed_game_weeks,https://github.com/nflverse/nflverse-data/releases/download/pbp/play_by_play_2015.parquet,Observed head coach on each included regular-season game; interval is first through last observed game week.
2015-DET-offensive_coordinator-01-17-joe-lombardi,2015,DET,coach-joe-lombardi,Joe Lombardi,offensive_coordinator,1,17,,,false,false,true,verified,medium,season_designation,https://basement.crucifyd.com/zone/seahawks/record-fact/NFL%20-%202015%20-%20Record%20%26%20Fact%20Book.pdf,"Formal preseason staff title: offensive coordinator. Weeks encode the season designation, not independently observed weekly tenure; does not establish play-calling duty."
2015-DET-quarterbacks_coach-01-17-jim-bob-cooter,2015,DET,coach-jim-bob-cooter,Jim Bob Cooter,quarterbacks_coach,1,17,,,false,false,false,verified,medium,season_designation,https://basement.crucifyd.com/zone/seahawks/record-fact/NFL%20-%202015%20-%20Record%20%26%20Fact%20Book.pdf,"Formal preseason staff title: quarterbacks. Weeks encode the season designation, not independently observed weekly tenure; does not establish play-calling duty."
2015-GB-head_coach-01-17-mike-mccarthy,2015,GB,coach-mike-mccarthy,Mike McCarthy,head_coach,1,17,,,false,false,true,verified,high,observed_game_weeks,https://github.com/nflverse/nflverse-data/releases/download/pbp/play_by_play_2015.parquet,Observed head coach on each included regular-season game; interval is first through last observed game week.
2015-GB-offensive_coordinator-01-17-edgar-bennett,2015,GB,coach-edgar-bennett,Edgar Bennett,offensive_coordinator,1,17,,,false,false,false,verified,medium,season_designation,https://basement.crucifyd.com/zone/seahawks/record-fact/NFL%20-%202015%20-%20Record%20%26%20Fact%20Book.pdf,"Formal preseason staff title: offensive coordinator. Weeks encode the season designation, not independently observed weekly tenure; does not establish play-calling duty."
2015-GB-quarterbacks_coach-01-17-alex-van-pelt,2015,GB,coach-alex-van-pelt,Alex Van Pelt,quarterbacks_coach,1,17,,,false,false,true,verified,medium,season_designation,https://basement.crucifyd.com/zone/seahawks/record-fact/NFL%20-%202015%20-%20Record%20%26%20Fact%20Book.pdf,"Formal preseason staff title: quarterbacks/wide receivers. Weeks encode the season designation, not independently observed weekly tenure; does not establish play-calling duty."
2015-HOU-head_coach-01-17-bill-o-brien,2015,HOU,coach-bill-o-brien,Bill O'Brien,head_coach,1,17,,,false,false,true,verified,high,observed_game_weeks,https://github.com/nflverse/nflverse-data/releases/download/pbp/play_by_play_2015.parquet,Observed head coach on each included regular-season game; interval is first through last observed game week.
2015-IND-head_coach-01-17-chuck-pagano,2015,IND,coach-chuck-pagano,Chuck Pagano,head_coach,1,17,,,false,false,true,verified,high,observed_game_weeks,https://github.com/nflverse/nflverse-data/releases/download/pbp/play_by_play_2015.parquet,Observed head coach on each included regular-season game; interval is first through last observed game week.
2015-IND-offensive_coordinator-01-17-pep-hamilton,2015,IND,coach-pep-hamilton,Pep Hamilton,offensive_coordinator,1,17,,,false,false,true,verified,medium,season_designation,https://basement.crucifyd.com/zone/seahawks/record-fact/NFL%20-%202015%20-%20Record%20%26%20Fact%20Book.pdf,"Formal preseason staff title: offensive coordinator. Weeks encode the season designation, not independently observed weekly tenure; does not establish play-calling duty."
2015-IND-quarterbacks_coach-01-17-clyde-christensen,2015,IND,coach-clyde-christensen,Clyde Christensen,quarterbacks_coach,1,17,,,false,false,true,verified,medium,season_designation,https://basement.crucifyd.com/zone/seahawks/record-fact/NFL%20-%202015%20-%20Record%20%26%20Fact%20Book.pdf,"Formal preseason staff title: quarterbacks. Weeks encode the season designation, not independently observed weekly tenure; does not establish play-calling duty."
2015-JAX-head_coach-01-17-gus-bradley,2015,JAX,coach-gus-bradley,Gus Bradley,head_coach,1,17,,,false,false,true,verified,high,observed_game_weeks,https://github.com/nflverse/nflverse-data/releases/download/pbp/play_by_play_2015.parquet,Observed head coach on each included regular-season game; interval is first through last observed game week.
2015-KC-head_coach-01-17-andy-reid,2015,KC,coach-andy-reid,Andy Reid,head_coach,1,17,,,false,false,true,verified,high,observed_game_weeks,https://github.com/nflverse/nflverse-data/releases/download/pbp/play_by_play_2015.parquet,Observed head coach on each included regular-season game; interval is first through last observed game week.
2015-KC-offensive_coordinator-01-17-doug-pederson,2015,KC,coach-doug-pederson,Doug Pederson,offensive_coordinator,1,17,,,false,false,true,verified,medium,season_designation,https://basement.crucifyd.com/zone/seahawks/record-fact/NFL%20-%202015%20-%20Record%20%26%20Fact%20Book.pdf,"Formal preseason staff title: offensive coordinator. Weeks encode the season designation, not independently observed weekly tenure; does not establish play-calling duty."
2015-KC-quarterbacks_coach-01-17-matt-nagy,2015,KC,coach-matt-nagy,Matt Nagy,quarterbacks_coach,1,17,,,false,false,true,verified,medium,season_designation,https://basement.crucifyd.com/zone/seahawks/record-fact/NFL%20-%202015%20-%20Record%20%26%20Fact%20Book.pdf,"Formal preseason staff title: quarterbacks. Weeks encode the season designation, not independently observed weekly tenure; does not establish play-calling duty."
2015-LA-head_coach-01-17-jeff-fisher,2015,LA,coach-jeff-fisher,Jeff Fisher,head_coach,1,17,,,false,false,true,verified,high,observed_game_weeks,https://github.com/nflverse/nflverse-data/releases/download/pbp/play_by_play_2015.parquet,Observed head coach on each included regular-season game; interval is first through last observed game week.
2015-LA-offensive_coordinator-01-17-frank-cignetti,2015,LA,coach-frank-cignetti,Frank Cignetti,offensive_coordinator,1,17,,,false,false,false,verified,medium,season_designation,https://basement.crucifyd.com/zone/seahawks/record-fact/NFL%20-%202015%20-%20Record%20%26%20Fact%20Book.pdf,"Formal preseason staff title: offensive coordinator. Weeks encode the season designation, not independently observed weekly tenure; does not establish play-calling duty."
2015-LA-quarterbacks_coach-01-17-chris-weinke,2015,LA,coach-chris-weinke,Chris Weinke,quarterbacks_coach,1,17,,,false,false,false,verified,medium,season_designation,https://basement.crucifyd.com/zone/seahawks/record-fact/NFL%20-%202015%20-%20Record%20%26%20Fact%20Book.pdf,"Formal preseason staff title: quarterbacks. Weeks encode the season designation, not independently observed weekly tenure; does not establish play-calling duty."
2015-LAC-head_coach-01-17-mike-mccoy,2015,LAC,coach-mike-mccoy,Mike McCoy,head_coach,1,17,,,false,false,true,verified,high,observed_game_weeks,https://github.com/nflverse/nflverse-data/releases/download/pbp/play_by_play_2015.parquet,Observed head coach on each included regular-season game; interval is first through last observed game week.
2015-LAC-offensive_coordinator-01-17-frank-reich,2015,LAC,coach-frank-reich,Frank Reich,offensive_coordinator,1,17,,,false,false,true,verified,medium,season_designation,https://basement.crucifyd.com/zone/seahawks/record-fact/NFL%20-%202015%20-%20Record%20%26%20Fact%20Book.pdf,"Formal preseason staff title: offensive coordinator. Weeks encode the season designation, not independently observed weekly tenure; does not establish play-calling duty."
2015-LAC-quarterbacks_coach-01-17-nick-sirianni,2015,LAC,coach-nick-sirianni,Nick Sirianni,quarterbacks_coach,1,17,,,false,false,true,verified,medium,season_designation,https://basement.crucifyd.com/zone/seahawks/record-fact/NFL%20-%202015%20-%20Record%20%26%20Fact%20Book.pdf,"Formal preseason staff title: quarterbacks. Weeks encode the season designation, not independently observed weekly tenure; does not establish play-calling duty."
2015-LV-head_coach-01-17-jack-del-rio,2015,LV,coach-jack-del-rio,Jack Del Rio,head_coach,1,17,,,false,false,false,verified,high,observed_game_weeks,https://github.com/nflverse/nflverse-data/releases/download/pbp/play_by_play_2015.parquet,Observed head coach on each included regular-season game; interval is first through last observed game week.
2015-LV-offensive_coordinator-01-17-bill-musgrave,2015,LV,coach-bill-musgrave,Bill Musgrave,offensive_coordinator,1,17,,,false,false,false,verified,medium,season_designation,https://basement.crucifyd.com/zone/seahawks/record-fact/NFL%20-%202015%20-%20Record%20%26%20Fact%20Book.pdf,"Formal preseason staff title: offensive coordinator. Weeks encode the season designation, not independently observed weekly tenure; does not establish play-calling duty."
2015-LV-quarterbacks_coach-01-17-todd-downing,2015,LV,coach-todd-downing,Todd Downing,quarterbacks_coach,1,17,,,false,false,false,verified,medium,season_designation,https://basement.crucifyd.com/zone/seahawks/record-fact/NFL%20-%202015%20-%20Record%20%26%20Fact%20Book.pdf,"Formal preseason staff title: quarterbacks. Weeks encode the season designation, not independently observed weekly tenure; does not establish play-calling duty."
2015-MIA-head_coach-01-17-joe-philbin,2015,MIA,coach-joe-philbin,Joe Philbin,head_coach,1,17,,,false,false,true,verified,high,observed_game_weeks,https://github.com/nflverse/nflverse-data/releases/download/pbp/play_by_play_2015.parquet,Observed head coach on each included regular-season game; interval is first through last observed game week.
2015-MIA-offensive_coordinator-01-17-bill-lazor,2015,MIA,coach-bill-lazor,Bill Lazor,offensive_coordinator,1,17,,,false,false,true,verified,medium,season_designation,https://basement.crucifyd.com/zone/seahawks/record-fact/NFL%20-%202015%20-%20Record%20%26%20Fact%20Book.pdf,"Formal preseason staff title: offensive coordinator. Weeks encode the season designation, not independently observed weekly tenure; does not establish play-calling duty."
2015-MIA-quarterbacks_coach-01-17-zac-taylor,2015,MIA,coach-zac-taylor,Zac Taylor,quarterbacks_coach,1,17,,,false,false,true,verified,medium,season_designation,https://basement.crucifyd.com/zone/seahawks/record-fact/NFL%20-%202015%20-%20Record%20%26%20Fact%20Book.pdf,"Formal preseason staff title: quarterbacks. Weeks encode the season designation, not independently observed weekly tenure; does not establish play-calling duty."
2015-MIN-head_coach-01-17-mike-zimmer,2015,MIN,coach-mike-zimmer,Mike Zimmer,head_coach,1,17,,,false,false,true,verified,high,observed_game_weeks,https://github.com/nflverse/nflverse-data/releases/download/pbp/play_by_play_2015.parquet,Observed head coach on each included regular-season game; interval is first through last observed game week.
2015-MIN-offensive_coordinator-01-17-norv-turner,2015,MIN,coach-norv-turner,Norv Turner,offensive_coordinator,1,17,,,false,false,true,verified,medium,season_designation,https://basement.crucifyd.com/zone/seahawks/record-fact/NFL%20-%202015%20-%20Record%20%26%20Fact%20Book.pdf,"Formal preseason staff title: offensive coordinator. Weeks encode the season designation, not independently observed weekly tenure; does not establish play-calling duty."
2015-MIN-quarterbacks_coach-01-17-scott-turner,2015,MIN,coach-scott-turner,Scott Turner,quarterbacks_coach,1,17,,,false,false,true,verified,medium,season_designation,https://basement.crucifyd.com/zone/seahawks/record-fact/NFL%20-%202015%20-%20Record%20%26%20Fact%20Book.pdf,"Formal preseason staff title: quarterbacks. Weeks encode the season designation, not independently observed weekly tenure; does not establish play-calling duty."
2015-NE-head_coach-01-17-bill-belichick,2015,NE,coach-bill-belichick,Bill Belichick,head_coach,1,17,,,false,false,true,verified,high,observed_game_weeks,https://github.com/nflverse/nflverse-data/releases/download/pbp/play_by_play_2015.parquet,Observed head coach on each included regular-season game; interval is first through last observed game week.
2015-NO-head_coach-01-17-sean-payton,2015,NO,coach-sean-payton,Sean Payton,head_coach,1,17,,,false,false,true,verified,high,observed_game_weeks,https://github.com/nflverse/nflverse-data/releases/download/pbp/play_by_play_2015.parquet,Observed head coach on each included regular-season game; interval is first through last observed game week.
2015-NO-quarterbacks_coach-01-17-mike-neu,2015,NO,coach-mike-neu,Mike Neu,quarterbacks_coach,1,17,,,false,false,true,verified,medium,season_designation,https://basement.crucifyd.com/zone/seahawks/record-fact/NFL%20-%202015%20-%20Record%20%26%20Fact%20Book.pdf,"Formal preseason staff title: quarterbacks. Weeks encode the season designation, not independently observed weekly tenure; does not establish play-calling duty."
2015-NYG-head_coach-01-17-tom-coughlin,2015,NYG,coach-tom-coughlin,Tom Coughlin,head_coach,1,17,,,false,false,true,verified,high,observed_game_weeks,https://github.com/nflverse/nflverse-data/releases/download/pbp/play_by_play_2015.parquet,Observed head coach on each included regular-season game; interval is first through last observed game week.
2015-NYG-offensive_coordinator-01-17-ben-mcadoo,2015,NYG,coach-ben-mcadoo,Ben McAdoo,offensive_coordinator,1,17,,,false,false,true,verified,medium,season_designation,https://basement.crucifyd.com/zone/seahawks/record-fact/NFL%20-%202015%20-%20Record%20%26%20Fact%20Book.pdf,"Formal preseason staff title: offensive coordinator. Weeks encode the season designation, not independently observed weekly tenure; does not establish play-calling duty."
2015-NYG-quarterbacks_coach-01-17-mike-sullivan,2015,NYG,coach-mike-sullivan,Mike Sullivan,quarterbacks_coach,1,17,,,false,false,false,verified,medium,season_designation,https://basement.crucifyd.com/zone/seahawks/record-fact/NFL%20-%202015%20-%20Record%20%26%20Fact%20Book.pdf,"Formal preseason staff title: quarterbacks. Weeks encode the season designation, not independently observed weekly tenure; does not establish play-calling duty."
2015-NYJ-head_coach-01-17-todd-bowles,2015,NYJ,coach-todd-bowles,Todd Bowles,head_coach,1,17,,,false,false,false,verified,high,observed_game_weeks,https://github.com/nflverse/nflverse-data/releases/download/pbp/play_by_play_2015.parquet,Observed head coach on each included regular-season game; interval is first through last observed game week.
2015-NYJ-offensive_coordinator-01-17-chan-gailey,2015,NYJ,coach-chan-gailey,Chan Gailey,offensive_coordinator,1,17,,,false,false,false,verified,medium,season_designation,https://basement.crucifyd.com/zone/seahawks/record-fact/NFL%20-%202015%20-%20Record%20%26%20Fact%20Book.pdf,"Formal preseason staff title: offensive coordinator. Weeks encode the season designation, not independently observed weekly tenure; does not establish play-calling duty."
2015-NYJ-quarterbacks_coach-01-17-kevin-patullo,2015,NYJ,coach-kevin-patullo,Kevin Patullo,quarterbacks_coach,1,17,,,false,false,false,verified,medium,season_designation,https://basement.crucifyd.com/zone/seahawks/record-fact/NFL%20-%202015%20-%20Record%20%26%20Fact%20Book.pdf,"Formal preseason staff title: quarterbacks. Weeks encode the season designation, not independently observed weekly tenure; does not establish play-calling duty."
2015-PHI-head_coach-01-16-chip-kelly,2015,PHI,coach-chip-kelly,Chip Kelly,head_coach,1,16,,,false,false,true,verified,high,observed_game_weeks,https://github.com/nflverse/nflverse-data/releases/download/pbp/play_by_play_2015.parquet,Observed head coach on each included regular-season game; interval is first through last observed game week.
2015-PHI-head_coach-17-17-pat-shurmur,2015,PHI,coach-pat-shurmur,Pat Shurmur,head_coach,17,17,,,true,false,false,verified,high,observed_game_weeks,https://github.com/nflverse/nflverse-data/releases/download/pbp/play_by_play_2015.parquet,Observed head coach on each included regular-season game; interval is first through last observed game week.
2015-PHI-offensive_coordinator-01-17-pat-shurmur,2015,PHI,coach-pat-shurmur,Pat Shurmur,offensive_coordinator,1,17,,,false,false,true,verified,medium,season_designation,https://basement.crucifyd.com/zone/seahawks/record-fact/NFL%20-%202015%20-%20Record%20%26%20Fact%20Book.pdf,"Formal preseason staff title: offensive coordinator. Weeks encode the season designation, not independently observed weekly tenure; does not establish play-calling duty."
2015-PHI-quarterbacks_coach-01-17-ryan-day,2015,PHI,coach-ryan-day,Ryan Day,quarterbacks_coach,1,17,,,false,false,false,verified,medium,season_designation,https://basement.crucifyd.com/zone/seahawks/record-fact/NFL%20-%202015%20-%20Record%20%26%20Fact%20Book.pdf,"Formal preseason staff title: quarterbacks. Weeks encode the season designation, not independently observed weekly tenure; does not establish play-calling duty."
2015-PIT-head_coach-01-17-mike-tomlin,2015,PIT,coach-mike-tomlin,Mike Tomlin,head_coach,1,17,,,false,false,true,verified,high,observed_game_weeks,https://github.com/nflverse/nflverse-data/releases/download/pbp/play_by_play_2015.parquet,Observed head coach on each included regular-season game; interval is first through last observed game week.
2015-PIT-offensive_coordinator-01-17-todd-haley,2015,PIT,coach-todd-haley,Todd Haley,offensive_coordinator,1,17,,,false,false,true,verified,medium,season_designation,https://basement.crucifyd.com/zone/seahawks/record-fact/NFL%20-%202015%20-%20Record%20%26%20Fact%20Book.pdf,"Formal preseason staff title: offensive coordinator. Weeks encode the season designation, not independently observed weekly tenure; does not establish play-calling duty."
2015-PIT-quarterbacks_coach-01-17-randy-fichtner,2015,PIT,coach-randy-fichtner,Randy Fichtner,quarterbacks_coach,1,17,,,false,false,true,verified,medium,season_designation,https://basement.crucifyd.com/zone/seahawks/record-fact/NFL%20-%202015%20-%20Record%20%26%20Fact%20Book.pdf,"Formal preseason staff title: quarterbacks. Weeks encode the season designation, not independently observed weekly tenure; does not establish play-calling duty."
2015-SEA-head_coach-01-17-pete-carroll,2015,SEA,coach-pete-carroll,Pete Carroll,head_coach,1,17,,,false,false,true,verified,high,observed_game_weeks,https://github.com/nflverse/nflverse-data/releases/download/pbp/play_by_play_2015.parquet,Observed head coach on each included regular-season game; interval is first through last observed game week.
2015-SEA-offensive_coordinator-01-17-darrell-bevell,2015,SEA,coach-darrell-bevell,Darrell Bevell,offensive_coordinator,1,17,,,false,false,true,verified,medium,season_designation,https://basement.crucifyd.com/zone/seahawks/record-fact/NFL%20-%202015%20-%20Record%20%26%20Fact%20Book.pdf,"Formal preseason staff title: offensive coordinator. Weeks encode the season designation, not independently observed weekly tenure; does not establish play-calling duty."
2015-SEA-quarterbacks_coach-01-17-carl-smith,2015,SEA,coach-carl-smith,Carl Smith,quarterbacks_coach,1,17,,,false,false,false,verified,medium,season_designation,https://basement.crucifyd.com/zone/seahawks/record-fact/NFL%20-%202015%20-%20Record%20%26%20Fact%20Book.pdf,"Formal preseason staff title: quarterbacks. Weeks encode the season designation, not independently observed weekly tenure; does not establish play-calling duty."
2015-SF-head_coach-01-17-jim-tomsula,2015,SF,coach-jim-tomsula,Jim Tomsula,head_coach,1,17,,,false,false,false,verified,high,observed_game_weeks,https://github.com/nflverse/nflverse-data/releases/download/pbp/play_by_play_2015.parquet,Observed head coach on each included regular-season game; interval is first through last observed game week.
2015-SF-quarterbacks_coach-01-17-steve-logan,2015,SF,coach-steve-logan,Steve Logan,quarterbacks_coach,1,17,,,false,false,false,verified,medium,season_designation,https://basement.crucifyd.com/zone/seahawks/record-fact/NFL%20-%202015%20-%20Record%20%26%20Fact%20Book.pdf,"Formal preseason staff title: quarterbacks. Weeks encode the season designation, not independently observed weekly tenure; does not establish play-calling duty."
2015-TB-head_coach-01-17-lovie-smith,2015,TB,coach-lovie-smith,Lovie Smith,head_coach,1,17,,,false,false,true,verified,high,observed_game_weeks,https://github.com/nflverse/nflverse-data/releases/download/pbp/play_by_play_2015.parquet,Observed head coach on each included regular-season game; interval is first through last observed game week.
2015-TB-offensive_coordinator-01-17-dirk-koetter,2015,TB,coach-dirk-koetter,Dirk Koetter,offensive_coordinator,1,17,,,false,false,false,verified,medium,season_designation,https://basement.crucifyd.com/zone/seahawks/record-fact/NFL%20-%202015%20-%20Record%20%26%20Fact%20Book.pdf,"Formal preseason staff title: offensive coordinator. Weeks encode the season designation, not independently observed weekly tenure; does not establish play-calling duty."
2015-TB-quarterbacks_coach-01-17-mike-bajakian,2015,TB,coach-mike-bajakian,Mike Bajakian,quarterbacks_coach,1,17,,,false,false,false,verified,medium,season_designation,https://basement.crucifyd.com/zone/seahawks/record-fact/NFL%20-%202015%20-%20Record%20%26%20Fact%20Book.pdf,"Formal preseason staff title: quarterbacks. Weeks encode the season designation, not independently observed weekly tenure; does not establish play-calling duty."
2015-TEN-head_coach-01-17-ken-whisenhunt,2015,TEN,coach-ken-whisenhunt,Ken Whisenhunt,head_coach,1,17,,,false,false,true,verified,high,observed_game_weeks,https://github.com/nflverse/nflverse-data/releases/download/pbp/play_by_play_2015.parquet,Observed head coach on each included regular-season game; interval is first through last observed game week.
2015-TEN-offensive_coordinator-01-17-jason-michael,2015,TEN,coach-jason-michael,Jason Michael,offensive_coordinator,1,17,,,false,false,true,verified,medium,season_designation,https://basement.crucifyd.com/zone/seahawks/record-fact/NFL%20-%202015%20-%20Record%20%26%20Fact%20Book.pdf,"Formal preseason staff title: offensive coordinator. Weeks encode the season designation, not independently observed weekly tenure; does not establish play-calling duty."
2015-TEN-quarterbacks_coach-01-17-john-mcnulty,2015,TEN,coach-john-mcnulty,John McNulty,quarterbacks_coach,1,17,,,false,false,true,verified,medium,season_designation,https://basement.crucifyd.com/zone/seahawks/record-fact/NFL%20-%202015%20-%20Record%20%26%20Fact%20Book.pdf,"Formal preseason staff title: quarterbacks. Weeks encode the season designation, not independently observed weekly tenure; does not establish play-calling duty."
2015-WAS-head_coach-01-17-jay-gruden,2015,WAS,coach-jay-gruden,Jay Gruden,head_coach,1,17,,,false,false,true,verified,high,observed_game_weeks,https://github.com/nflverse/nflverse-data/releases/download/pbp/play_by_play_2015.parquet,Observed head coach on each included regular-season game; interval is first through last observed game week.
2015-WAS-offensive_coordinator-01-17-sean-mcvay,2015,WAS,coach-sean-mcvay,Sean McVay,offensive_coordinator,1,17,,,false,false,true,verified,medium,season_designation,https://basement.crucifyd.com/zone/seahawks/record-fact/NFL%20-%202015%20-%20Record%20%26%20Fact%20Book.pdf,"Formal preseason staff title: offensive coordinator. Weeks encode the season designation, not independently observed weekly tenure; does not establish play-calling duty."
2015-WAS-quarterbacks_coach-01-17-matt-cavanaugh,2015,WAS,coach-matt-cavanaugh,Matt Cavanaugh,quarterbacks_coach,1,17,,,false,false,false,verified,medium,season_designation,https://basement.crucifyd.com/zone/seahawks/record-fact/NFL%20-%202015%20-%20Record%20%26%20Fact%20Book.pdf,"Formal preseason staff title: quarterbacks. Weeks encode the season designation, not independently observed weekly tenure; does not establish play-calling duty."
2016-ARI-head_coach-01-17-bruce-arians,2016,ARI,coach-bruce-arians,Bruce Arians,head_coach,1,17,,,false,false,true,verified,high,observed_game_weeks,https://github.com/nflverse/nflverse-data/releases/download/pbp/play_by_play_2016.parquet,Observed head coach on each included regular-season game; interval is first through last observed game week.
2016-ARI-offensive_coordinator-01-17-harold-goodwin,2016,ARI,coach-harold-goodwin,Harold Goodwin,offensive_coordinator,1,17,,,false,false,true,verified,medium,season_designation,https://basement.crucifyd.com/zone/seahawks/record-fact/NFL%20-%202016%20-%20Record%20%26%20Fact%20Book.pdf,"Formal preseason staff title: offensive coordinator. Weeks encode the season designation, not independently observed weekly tenure; does not establish play-calling duty."
2016-ARI-quarterbacks_coach-01-17-freddie-kitchens,2016,ARI,coach-freddie-kitchens,Freddie Kitchens,quarterbacks_coach,1,17,,,false,false,true,verified,medium,season_designation,https://basement.crucifyd.com/zone/seahawks/record-fact/NFL%20-%202016%20-%20Record%20%26%20Fact%20Book.pdf,"Formal preseason staff title: quarterbacks. Weeks encode the season designation, not independently observed weekly tenure; does not establish play-calling duty."
2016-ATL-head_coach-01-17-dan-quinn,2016,ATL,coach-dan-quinn,Dan Quinn,head_coach,1,17,,,false,false,true,verified,high,observed_game_weeks,https://github.com/nflverse/nflverse-data/releases/download/pbp/play_by_play_2016.parquet,Observed head coach on each included regular-season game; interval is first through last observed game week.
2016-ATL-offensive_coordinator-01-17-kyle-shanahan,2016,ATL,coach-kyle-shanahan,Kyle Shanahan,offensive_coordinator,1,17,,,false,false,true,verified,medium,season_designation,https://basement.crucifyd.com/zone/seahawks/record-fact/NFL%20-%202016%20-%20Record%20%26%20Fact%20Book.pdf,"Formal preseason staff title: offensive coordinator. Weeks encode the season designation, not independently observed weekly tenure; does not establish play-calling duty."
2016-ATL-quarterbacks_coach-01-17-matt-lafleur,2016,ATL,coach-matt-lafleur,Matt LaFleur,quarterbacks_coach,1,17,,,false,false,true,verified,medium,season_designation,https://basement.crucifyd.com/zone/seahawks/record-fact/NFL%20-%202016%20-%20Record%20%26%20Fact%20Book.pdf,"Formal preseason staff title: quarterbacks. Weeks encode the season designation, not independently observed weekly tenure; does not establish play-calling duty."
2016-BAL-head_coach-01-17-john-harbaugh,2016,BAL,coach-john-harbaugh,John Harbaugh,head_coach,1,17,,,false,false,true,verified,high,observed_game_weeks,https://github.com/nflverse/nflverse-data/releases/download/pbp/play_by_play_2016.parquet,Observed head coach on each included regular-season game; interval is first through last observed game week.
2016-BAL-offensive_coordinator-01-17-marc-trestman,2016,BAL,coach-marc-trestman,Marc Trestman,offensive_coordinator,1,17,,,false,false,true,verified,medium,season_designation,https://basement.crucifyd.com/zone/seahawks/record-fact/NFL%20-%202016%20-%20Record%20%26%20Fact%20Book.pdf,"Formal preseason staff title: offensive coordinator. Weeks encode the season designation, not independently observed weekly tenure; does not establish play-calling duty."
2016-BAL-quarterbacks_coach-01-17-marty-mornhinweg,2016,BAL,coach-marty-mornhinweg,Marty Mornhinweg,quarterbacks_coach,1,17,,,false,false,true,verified,medium,season_designation,https://basement.crucifyd.com/zone/seahawks/record-fact/NFL%20-%202016%20-%20Record%20%26%20Fact%20Book.pdf,"Formal preseason staff title: quarterbacks. Weeks encode the season designation, not independently observed weekly tenure; does not establish play-calling duty."
2016-BUF-head_coach-01-16-rex-ryan,2016,BUF,coach-rex-ryan,Rex Ryan,head_coach,1,16,,,false,false,true,verified,high,observed_game_weeks,https://github.com/nflverse/nflverse-data/releases/download/pbp/play_by_play_2016.parquet,Observed head coach on each included regular-season game; interval is first through last observed game week.
2016-BUF-head_coach-17-17-anthony-lynn,2016,BUF,coach-anthony-lynn,Anthony Lynn,head_coach,17,17,,,true,false,false,verified,high,observed_game_weeks,https://github.com/nflverse/nflverse-data/releases/download/pbp/play_by_play_2016.parquet,Observed head coach on each included regular-season game; interval is first through last observed game week.
2016-BUF-quarterbacks_coach-01-17-david-lee,2016,BUF,coach-david-lee,David Lee,quarterbacks_coach,1,17,,,false,false,false,verified,medium,season_designation,https://basement.crucifyd.com/zone/seahawks/record-fact/NFL%20-%202016%20-%20Record%20%26%20Fact%20Book.pdf,"Formal preseason staff title: quarterbacks. Weeks encode the season designation, not independently observed weekly tenure; does not establish play-calling duty."
2016-CAR-head_coach-01-17-ron-rivera,2016,CAR,coach-ron-rivera,Ron Rivera,head_coach,1,17,,,false,false,true,verified,high,observed_game_weeks,https://github.com/nflverse/nflverse-data/releases/download/pbp/play_by_play_2016.parquet,Observed head coach on each included regular-season game; interval is first through last observed game week.
2016-CAR-quarterbacks_coach-01-17-ken-dorsey,2016,CAR,coach-ken-dorsey,Ken Dorsey,quarterbacks_coach,1,17,,,false,false,false,verified,medium,season_designation,https://basement.crucifyd.com/zone/seahawks/record-fact/NFL%20-%202016%20-%20Record%20%26%20Fact%20Book.pdf,"Formal preseason staff title: quarterbacks. Weeks encode the season designation, not independently observed weekly tenure; does not establish play-calling duty."
2016-CHI-head_coach-01-17-john-fox,2016,CHI,coach-john-fox,John Fox,head_coach,1,17,,,false,false,true,verified,high,observed_game_weeks,https://github.com/nflverse/nflverse-data/releases/download/pbp/play_by_play_2016.parquet,Observed head coach on each included regular-season game; interval is first through last observed game week.
2016-CHI-offensive_coordinator-01-17-dowell-loggains,2016,CHI,coach-dowell-loggains,Dowell Loggains,offensive_coordinator,1,17,,,false,false,false,verified,medium,season_designation,https://basement.crucifyd.com/zone/seahawks/record-fact/NFL%20-%202016%20-%20Record%20%26%20Fact%20Book.pdf,"Formal preseason staff title: offensive coordinator. Weeks encode the season designation, not independently observed weekly tenure; does not establish play-calling duty."
2016-CHI-quarterbacks_coach-01-17-dave-ragone,2016,CHI,coach-dave-ragone,Dave Ragone,quarterbacks_coach,1,17,,,false,false,false,verified,medium,season_designation,https://basement.crucifyd.com/zone/seahawks/record-fact/NFL%20-%202016%20-%20Record%20%26%20Fact%20Book.pdf,"Formal preseason staff title: quarterbacks. Weeks encode the season designation, not independently observed weekly tenure; does not establish play-calling duty."
2016-CIN-head_coach-01-17-marvin-lewis,2016,CIN,coach-marvin-lewis,Marvin Lewis,head_coach,1,17,,,false,false,true,verified,high,observed_game_weeks,https://github.com/nflverse/nflverse-data/releases/download/pbp/play_by_play_2016.parquet,Observed head coach on each included regular-season game; interval is first through last observed game week.
2016-CIN-offensive_coordinator-01-17-ken-zampese,2016,CIN,coach-ken-zampese,Ken Zampese,offensive_coordinator,1,17,,,false,false,false,verified,medium,season_designation,https://basement.crucifyd.com/zone/seahawks/record-fact/NFL%20-%202016%20-%20Record%20%26%20Fact%20Book.pdf,"Formal preseason staff title: offensive coordinator. Weeks encode the season designation, not independently observed weekly tenure; does not establish play-calling duty."
2016-CIN-quarterbacks_coach-01-17-bill-lazor,2016,CIN,coach-bill-lazor,Bill Lazor,quarterbacks_coach,1,17,,,false,false,false,verified,medium,season_designation,https://basement.crucifyd.com/zone/seahawks/record-fact/NFL%20-%202016%20-%20Record%20%26%20Fact%20Book.pdf,"Formal preseason staff title: quarterbacks. Weeks encode the season designation, not independently observed weekly tenure; does not establish play-calling duty."
2016-CLE-head_coach-01-17-hue-jackson,2016,CLE,coach-hue-jackson,Hue Jackson,head_coach,1,17,,,false,false,false,verified,high,observed_game_weeks,https://github.com/nflverse/nflverse-data/releases/download/pbp/play_by_play_2016.parquet,Observed head coach on each included regular-season game; interval is first through last observed game week.
2016-DAL-head_coach-01-17-jason-garrett,2016,DAL,coach-jason-garrett,Jason Garrett,head_coach,1,17,,,false,false,true,verified,high,observed_game_weeks,https://github.com/nflverse/nflverse-data/releases/download/pbp/play_by_play_2016.parquet,Observed head coach on each included regular-season game; interval is first through last observed game week.
2016-DAL-offensive_coordinator-01-17-scott-linehan,2016,DAL,coach-scott-linehan,Scott Linehan,offensive_coordinator,1,17,,,false,false,false,verified,medium,season_designation,https://basement.crucifyd.com/zone/seahawks/record-fact/NFL%20-%202016%20-%20Record%20%26%20Fact%20Book.pdf,"Formal preseason staff title: offensive coordinator. Weeks encode the season designation, not independently observed weekly tenure; does not establish play-calling duty."
2016-DAL-quarterbacks_coach-01-17-wade-wilson,2016,DAL,coach-wade-wilson,Wade Wilson,quarterbacks_coach,1,17,,,false,false,true,verified,medium,season_designation,https://basement.crucifyd.com/zone/seahawks/record-fact/NFL%20-%202016%20-%20Record%20%26%20Fact%20Book.pdf,"Formal preseason staff title: quarterbacks. Weeks encode the season designation, not independently observed weekly tenure; does not establish play-calling duty."
2016-DEN-head_coach-01-17-gary-kubiak,2016,DEN,coach-gary-kubiak,Gary Kubiak,head_coach,1,17,,,false,false,true,verified,high,observed_game_weeks,https://github.com/nflverse/nflverse-data/releases/download/pbp/play_by_play_2016.parquet,Observed head coach on each included regular-season game; interval is first through last observed game week.
2016-DEN-offensive_coordinator-01-17-rick-dennison,2016,DEN,coach-rick-dennison,Rick Dennison,offensive_coordinator,1,17,,,false,false,true,verified,medium,season_designation,https://basement.crucifyd.com/zone/seahawks/record-fact/NFL%20-%202016%20-%20Record%20%26%20Fact%20Book.pdf,"Formal preseason staff title: offensive coordinator. Weeks encode the season designation, not independently observed weekly tenure; does not establish play-calling duty."
2016-DEN-quarterbacks_coach-01-17-greg-knapp,2016,DEN,coach-greg-knapp,Greg Knapp,quarterbacks_coach,1,17,,,false,false,true,verified,medium,season_designation,https://basement.crucifyd.com/zone/seahawks/record-fact/NFL%20-%202016%20-%20Record%20%26%20Fact%20Book.pdf,"Formal preseason staff title: quarterbacks. Weeks encode the season designation, not independently observed weekly tenure; does not establish play-calling duty."
2016-DET-head_coach-01-17-jim-caldwell,2016,DET,coach-jim-caldwell,Jim Caldwell,head_coach,1,17,,,false,false,true,verified,high,observed_game_weeks,https://github.com/nflverse/nflverse-data/releases/download/pbp/play_by_play_2016.parquet,Observed head coach on each included regular-season game; interval is first through last observed game week.
2016-DET-offensive_coordinator-01-17-jim-bob-cooter,2016,DET,coach-jim-bob-cooter,Jim Bob Cooter,offensive_coordinator,1,17,,,false,false,false,verified,medium,season_designation,https://basement.crucifyd.com/zone/seahawks/record-fact/NFL%20-%202016%20-%20Record%20%26%20Fact%20Book.pdf,"Formal preseason staff title: offensive coordinator. Weeks encode the season designation, not independently observed weekly tenure; does not establish play-calling duty."
2016-GB-head_coach-01-17-mike-mccarthy,2016,GB,coach-mike-mccarthy,Mike McCarthy,head_coach,1,17,,,false,false,true,verified,high,observed_game_weeks,https://github.com/nflverse/nflverse-data/releases/download/pbp/play_by_play_2016.parquet,Observed head coach on each included regular-season game; interval is first through last observed game week.
2016-GB-offensive_coordinator-01-17-edgar-bennett,2016,GB,coach-edgar-bennett,Edgar Bennett,offensive_coordinator,1,17,,,false,false,true,verified,medium,season_designation,https://basement.crucifyd.com/zone/seahawks/record-fact/NFL%20-%202016%20-%20Record%20%26%20Fact%20Book.pdf,"Formal preseason staff title: offensive coordinator. Weeks encode the season designation, not independently observed weekly tenure; does not establish play-calling duty."
2016-GB-quarterbacks_coach-01-17-alex-van-pelt,2016,GB,coach-alex-van-pelt,Alex Van Pelt,quarterbacks_coach,1,17,,,false,false,true,verified,medium,season_designation,https://basement.crucifyd.com/zone/seahawks/record-fact/NFL%20-%202016%20-%20Record%20%26%20Fact%20Book.pdf,"Formal preseason staff title: quarterbacks. Weeks encode the season designation, not independently observed weekly tenure; does not establish play-calling duty."
2016-HOU-head_coach-01-17-bill-o-brien,2016,HOU,coach-bill-o-brien,Bill O'Brien,head_coach,1,17,,,false,false,true,verified,high,observed_game_weeks,https://github.com/nflverse/nflverse-data/releases/download/pbp/play_by_play_2016.parquet,Observed head coach on each included regular-season game; interval is first through last observed game week.
2016-HOU-offensive_coordinator-01-17-george-godsey,2016,HOU,coach-george-godsey,George Godsey,offensive_coordinator,1,17,,,false,false,false,verified,medium,season_designation,https://basement.crucifyd.com/zone/seahawks/record-fact/NFL%20-%202016%20-%20Record%20%26%20Fact%20Book.pdf,"Formal preseason staff title: offensive coordinator. Weeks encode the season designation, not independently observed weekly tenure; does not establish play-calling duty."
2016-IND-head_coach-01-17-chuck-pagano,2016,IND,coach-chuck-pagano,Chuck Pagano,head_coach,1,17,,,false,false,true,verified,high,observed_game_weeks,https://github.com/nflverse/nflverse-data/releases/download/pbp/play_by_play_2016.parquet,Observed head coach on each included regular-season game; interval is first through last observed game week.
2016-IND-offensive_coordinator-01-17-rob-chudzinski,2016,IND,coach-rob-chudzinski,Rob Chudzinski,offensive_coordinator,1,17,,,false,false,false,verified,medium,season_designation,https://basement.crucifyd.com/zone/seahawks/record-fact/NFL%20-%202016%20-%20Record%20%26%20Fact%20Book.pdf,"Formal preseason staff title: offensive coordinator. Weeks encode the season designation, not independently observed weekly tenure; does not establish play-calling duty."
2016-IND-quarterbacks_coach-01-17-brian-schottenheimer,2016,IND,coach-brian-schottenheimer,Brian Schottenheimer,quarterbacks_coach,1,17,,,false,false,false,verified,medium,season_designation,https://basement.crucifyd.com/zone/seahawks/record-fact/NFL%20-%202016%20-%20Record%20%26%20Fact%20Book.pdf,"Formal preseason staff title: quarterbacks. Weeks encode the season designation, not independently observed weekly tenure; does not establish play-calling duty."
2016-JAX-head_coach-01-15-gus-bradley,2016,JAX,coach-gus-bradley,Gus Bradley,head_coach,1,15,,,false,false,true,verified,high,observed_game_weeks,https://github.com/nflverse/nflverse-data/releases/download/pbp/play_by_play_2016.parquet,Observed head coach on each included regular-season game; interval is first through last observed game week.
2016-JAX-head_coach-16-17-doug-marrone,2016,JAX,coach-doug-marrone,Doug Marrone,head_coach,16,17,,,true,false,false,verified,high,observed_game_weeks,https://github.com/nflverse/nflverse-data/releases/download/pbp/play_by_play_2016.parquet,Observed head coach on each included regular-season game; interval is first through last observed game week.
2016-KC-head_coach-01-17-andy-reid,2016,KC,coach-andy-reid,Andy Reid,head_coach,1,17,,,false,false,true,verified,high,observed_game_weeks,https://github.com/nflverse/nflverse-data/releases/download/pbp/play_by_play_2016.parquet,Observed head coach on each included regular-season game; interval is first through last observed game week.
2016-LA-head_coach-01-17-jeff-fisher,2016,LA,coach-jeff-fisher,Jeff Fisher,head_coach,1,17,,,false,false,true,verified,high,observed_game_weeks,https://github.com/nflverse/nflverse-data/releases/download/pbp/play_by_play_2016.parquet,Observed head coach on each included regular-season game; interval is first through last observed game week.
2016-LA-offensive_coordinator-01-17-rob-boras,2016,LA,coach-rob-boras,Rob Boras,offensive_coordinator,1,17,,,false,false,false,verified,medium,season_designation,https://basement.crucifyd.com/zone/seahawks/record-fact/NFL%20-%202016%20-%20Record%20%26%20Fact%20Book.pdf,"Formal preseason staff title: offensive coordinator. Weeks encode the season designation, not independently observed weekly tenure; does not establish play-calling duty."
2016-LA-quarterbacks_coach-01-17-chris-weinke,2016,LA,coach-chris-weinke,Chris Weinke,quarterbacks_coach,1,17,,,false,false,true,verified,medium,season_designation,https://basement.crucifyd.com/zone/seahawks/record-fact/NFL%20-%202016%20-%20Record%20%26%20Fact%20Book.pdf,"Formal preseason staff title: quarterbacks. Weeks encode the season designation, not independently observed weekly tenure; does not establish play-calling duty."
2016-LAC-head_coach-01-17-mike-mccoy,2016,LAC,coach-mike-mccoy,Mike McCoy,head_coach,1,17,,,false,false,true,verified,high,observed_game_weeks,https://github.com/nflverse/nflverse-data/releases/download/pbp/play_by_play_2016.parquet,Observed head coach on each included regular-season game; interval is first through last observed game week.
2016-LAC-offensive_coordinator-01-17-ken-whisenhunt,2016,LAC,coach-ken-whisenhunt,Ken Whisenhunt,offensive_coordinator,1,17,,,false,false,false,verified,medium,season_designation,https://basement.crucifyd.com/zone/seahawks/record-fact/NFL%20-%202016%20-%20Record%20%26%20Fact%20Book.pdf,"Formal preseason staff title: offensive coordinator. Weeks encode the season designation, not independently observed weekly tenure; does not establish play-calling duty."
2016-LAC-quarterbacks_coach-01-17-shane-steichen,2016,LAC,coach-shane-steichen,Shane Steichen,quarterbacks_coach,1,17,,,false,false,false,verified,medium,season_designation,https://basement.crucifyd.com/zone/seahawks/record-fact/NFL%20-%202016%20-%20Record%20%26%20Fact%20Book.pdf,"Formal preseason staff title: quarterbacks. Weeks encode the season designation, not independently observed weekly tenure; does not establish play-calling duty."
2016-LV-head_coach-01-17-jack-del-rio,2016,LV,coach-jack-del-rio,Jack Del Rio,head_coach,1,17,,,false,false,true,verified,high,observed_game_weeks,https://github.com/nflverse/nflverse-data/releases/download/pbp/play_by_play_2016.parquet,Observed head coach on each included regular-season game; interval is first through last observed game week.
2016-LV-offensive_coordinator-01-17-bill-musgrave,2016,LV,coach-bill-musgrave,Bill Musgrave,offensive_coordinator,1,17,,,false,false,true,verified,medium,season_designation,https://basement.crucifyd.com/zone/seahawks/record-fact/NFL%20-%202016%20-%20Record%20%26%20Fact%20Book.pdf,"Formal preseason staff title: offensive coordinator. Weeks encode the season designation, not independently observed weekly tenure; does not establish play-calling duty."
2016-LV-quarterbacks_coach-01-17-todd-downing,2016,LV,coach-todd-downing,Todd Downing,quarterbacks_coach,1,17,,,false,false,true,verified,medium,season_designation,https://basement.crucifyd.com/zone/seahawks/record-fact/NFL%20-%202016%20-%20Record%20%26%20Fact%20Book.pdf,"Formal preseason staff title: quarterbacks. Weeks encode the season designation, not independently observed weekly tenure; does not establish play-calling duty."
2016-MIA-head_coach-01-17-adam-gase,2016,MIA,coach-adam-gase,Adam Gase,head_coach,1,17,,,false,false,false,verified,high,observed_game_weeks,https://github.com/nflverse/nflverse-data/releases/download/pbp/play_by_play_2016.parquet,Observed head coach on each included regular-season game; interval is first through last observed game week.
2016-MIA-offensive_coordinator-01-17-clyde-christensen,2016,MIA,coach-clyde-christensen,Clyde Christensen,offensive_coordinator,1,17,,,false,false,false,verified,medium,season_designation,https://basement.crucifyd.com/zone/seahawks/record-fact/NFL%20-%202016%20-%20Record%20%26%20Fact%20Book.pdf,"Formal preseason staff title: offensive coordinator. Weeks encode the season designation, not independently observed weekly tenure; does not establish play-calling duty."
2016-MIA-quarterbacks_coach-01-17-bo-hardegree,2016,MIA,coach-bo-hardegree,Bo Hardegree,quarterbacks_coach,1,17,,,false,false,false,verified,medium,season_designation,https://basement.crucifyd.com/zone/seahawks/record-fact/NFL%20-%202016%20-%20Record%20%26%20Fact%20Book.pdf,"Formal preseason staff title: quarterbacks. Weeks encode the season designation, not independently observed weekly tenure; does not establish play-calling duty."
2016-MIN-head_coach-01-17-mike-zimmer,2016,MIN,coach-mike-zimmer,Mike Zimmer,head_coach,1,17,,,false,false,true,verified,high,observed_game_weeks,https://github.com/nflverse/nflverse-data/releases/download/pbp/play_by_play_2016.parquet,Observed head coach on each included regular-season game; interval is first through last observed game week.
2016-MIN-offensive_coordinator-01-17-norv-turner,2016,MIN,coach-norv-turner,Norv Turner,offensive_coordinator,1,17,,,false,false,true,verified,medium,season_designation,https://basement.crucifyd.com/zone/seahawks/record-fact/NFL%20-%202016%20-%20Record%20%26%20Fact%20Book.pdf,"Formal preseason staff title: offensive coordinator. Weeks encode the season designation, not independently observed weekly tenure; does not establish play-calling duty."
2016-MIN-quarterbacks_coach-01-17-scott-turner,2016,MIN,coach-scott-turner,Scott Turner,quarterbacks_coach,1,17,,,false,false,true,verified,medium,season_designation,https://basement.crucifyd.com/zone/seahawks/record-fact/NFL%20-%202016%20-%20Record%20%26%20Fact%20Book.pdf,"Formal preseason staff title: quarterbacks. Weeks encode the season designation, not independently observed weekly tenure; does not establish play-calling duty."
2016-NE-head_coach-01-17-bill-belichick,2016,NE,coach-bill-belichick,Bill Belichick,head_coach,1,17,,,false,false,true,verified,high,observed_game_weeks,https://github.com/nflverse/nflverse-data/releases/download/pbp/play_by_play_2016.parquet,Observed head coach on each included regular-season game; interval is first through last observed game week.
2016-NO-head_coach-01-17-sean-payton,2016,NO,coach-sean-payton,Sean Payton,head_coach,1,17,,,false,false,true,verified,high,observed_game_weeks,https://github.com/nflverse/nflverse-data/releases/download/pbp/play_by_play_2016.parquet,Observed head coach on each included regular-season game; interval is first through last observed game week.
2016-NO-offensive_coordinator-01-17-pete-carmichael,2016,NO,coach-pete-carmichael,Pete Carmichael,offensive_coordinator,1,17,,,false,false,false,verified,medium,season_designation,https://basement.crucifyd.com/zone/seahawks/record-fact/NFL%20-%202016%20-%20Record%20%26%20Fact%20Book.pdf,"Formal preseason staff title: offensive coordinator. Weeks encode the season designation, not independently observed weekly tenure; does not establish play-calling duty."
2016-NO-quarterbacks_coach-01-17-joe-lombardi,2016,NO,coach-joe-lombardi,Joe Lombardi,quarterbacks_coach,1,17,,,false,false,false,verified,medium,season_designation,https://basement.crucifyd.com/zone/seahawks/record-fact/NFL%20-%202016%20-%20Record%20%26%20Fact%20Book.pdf,"Formal preseason staff title: quarterbacks. Weeks encode the season designation, not independently observed weekly tenure; does not establish play-calling duty."
2016-NYG-head_coach-01-17-ben-mcadoo,2016,NYG,coach-ben-mcadoo,Ben McAdoo,head_coach,1,17,,,false,false,false,verified,high,observed_game_weeks,https://github.com/nflverse/nflverse-data/releases/download/pbp/play_by_play_2016.parquet,Observed head coach on each included regular-season game; interval is first through last observed game week.
2016-NYG-offensive_coordinator-01-17-mike-sullivan,2016,NYG,coach-mike-sullivan,Mike Sullivan,offensive_coordinator,1,17,,,false,false,false,verified,medium,season_designation,https://basement.crucifyd.com/zone/seahawks/record-fact/NFL%20-%202016%20-%20Record%20%26%20Fact%20Book.pdf,"Formal preseason staff title: offensive coordinator. Weeks encode the season designation, not independently observed weekly tenure; does not establish play-calling duty."
2016-NYG-quarterbacks_coach-01-17-frank-cignetti,2016,NYG,coach-frank-cignetti,Frank Cignetti,quarterbacks_coach,1,17,,,false,false,false,verified,medium,season_designation,https://basement.crucifyd.com/zone/seahawks/record-fact/NFL%20-%202016%20-%20Record%20%26%20Fact%20Book.pdf,"Formal preseason staff title: quarterbacks. Weeks encode the season designation, not independently observed weekly tenure; does not establish play-calling duty."
2016-NYJ-head_coach-01-17-todd-bowles,2016,NYJ,coach-todd-bowles,Todd Bowles,head_coach,1,17,,,false,false,true,verified,high,observed_game_weeks,https://github.com/nflverse/nflverse-data/releases/download/pbp/play_by_play_2016.parquet,Observed head coach on each included regular-season game; interval is first through last observed game week.
2016-NYJ-offensive_coordinator-01-17-chan-gailey,2016,NYJ,coach-chan-gailey,Chan Gailey,offensive_coordinator,1,17,,,false,false,true,verified,medium,season_designation,https://basement.crucifyd.com/zone/seahawks/record-fact/NFL%20-%202016%20-%20Record%20%26%20Fact%20Book.pdf,"Formal preseason staff title: offensive coordinator. Weeks encode the season designation, not independently observed weekly tenure; does not establish play-calling duty."
2016-NYJ-quarterbacks_coach-01-17-kevin-patullo,2016,NYJ,coach-kevin-patullo,Kevin Patullo,quarterbacks_coach,1,17,,,false,false,true,verified,medium,season_designation,https://basement.crucifyd.com/zone/seahawks/record-fact/NFL%20-%202016%20-%20Record%20%26%20Fact%20Book.pdf,"Formal preseason staff title: quarterbacks. Weeks encode the season designation, not independently observed weekly tenure; does not establish play-calling duty."
2016-PHI-head_coach-01-17-doug-pederson,2016,PHI,coach-doug-pederson,Doug Pederson,head_coach,1,17,,,false,false,false,verified,high,observed_game_weeks,https://github.com/nflverse/nflverse-data/releases/download/pbp/play_by_play_2016.parquet,Observed head coach on each included regular-season game; interval is first through last observed game week.
2016-PHI-offensive_coordinator-01-17-frank-reich,2016,PHI,coach-frank-reich,Frank Reich,offensive_coordinator,1,17,,,false,false,false,verified,medium,season_designation,https://basement.crucifyd.com/zone/seahawks/record-fact/NFL%20-%202016%20-%20Record%20%26%20Fact%20Book.pdf,"Formal preseason staff title: offensive coordinator. Weeks encode the season designation, not independently observed weekly tenure; does not establish play-calling duty."
2016-PHI-quarterbacks_coach-01-17-john-defilippo,2016,PHI,coach-john-defilippo,John DeFilippo,quarterbacks_coach,1,17,,,false,false,false,verified,medium,season_designation,https://basement.crucifyd.com/zone/seahawks/record-fact/NFL%20-%202016%20-%20Record%20%26%20Fact%20Book.pdf,"Formal preseason staff title: quarterbacks. Weeks encode the season designation, not independently observed weekly tenure; does not establish play-calling duty."
2016-PIT-head_coach-01-17-mike-tomlin,2016,PIT,coach-mike-tomlin,Mike Tomlin,head_coach,1,17,,,false,false,true,verified,high,observed_game_weeks,https://github.com/nflverse/nflverse-data/releases/download/pbp/play_by_play_2016.parquet,Observed head coach on each included regular-season game; interval is first through last observed game week.
2016-PIT-offensive_coordinator-01-17-todd-haley,2016,PIT,coach-todd-haley,Todd Haley,offensive_coordinator,1,17,,,false,false,true,verified,medium,season_designation,https://basement.crucifyd.com/zone/seahawks/record-fact/NFL%20-%202016%20-%20Record%20%26%20Fact%20Book.pdf,"Formal preseason staff title: offensive coordinator. Weeks encode the season designation, not independently observed weekly tenure; does not establish play-calling duty."
2016-PIT-quarterbacks_coach-01-17-randy-fichtner,2016,PIT,coach-randy-fichtner,Randy Fichtner,quarterbacks_coach,1,17,,,false,false,true,verified,medium,season_designation,https://basement.crucifyd.com/zone/seahawks/record-fact/NFL%20-%202016%20-%20Record%20%26%20Fact%20Book.pdf,"Formal preseason staff title: quarterbacks. Weeks encode the season designation, not independently observed weekly tenure; does not establish play-calling duty."
2016-SEA-head_coach-01-17-pete-carroll,2016,SEA,coach-pete-carroll,Pete Carroll,head_coach,1,17,,,false,false,true,verified,high,observed_game_weeks,https://github.com/nflverse/nflverse-data/releases/download/pbp/play_by_play_2016.parquet,Observed head coach on each included regular-season game; interval is first through last observed game week.
2016-SEA-offensive_coordinator-01-17-darrell-bevell,2016,SEA,coach-darrell-bevell,Darrell Bevell,offensive_coordinator,1,17,,,false,false,true,verified,medium,season_designation,https://basement.crucifyd.com/zone/seahawks/record-fact/NFL%20-%202016%20-%20Record%20%26%20Fact%20Book.pdf,"Formal preseason staff title: offensive coordinator. Weeks encode the season designation, not independently observed weekly tenure; does not establish play-calling duty."
2016-SEA-quarterbacks_coach-01-17-carl-smith,2016,SEA,coach-carl-smith,Carl Smith,quarterbacks_coach,1,17,,,false,false,true,verified,medium,season_designation,https://basement.crucifyd.com/zone/seahawks/record-fact/NFL%20-%202016%20-%20Record%20%26%20Fact%20Book.pdf,"Formal preseason staff title: quarterbacks. Weeks encode the season designation, not independently observed weekly tenure; does not establish play-calling duty."
2016-SF-head_coach-01-17-chip-kelly,2016,SF,coach-chip-kelly,Chip Kelly,head_coach,1,17,,,false,false,false,verified,high,observed_game_weeks,https://github.com/nflverse/nflverse-data/releases/download/pbp/play_by_play_2016.parquet,Observed head coach on each included regular-season game; interval is first through last observed game week.
2016-SF-offensive_coordinator-01-17-curtis-modkins,2016,SF,coach-curtis-modkins,Curtis Modkins,offensive_coordinator,1,17,,,false,false,false,verified,medium,season_designation,https://basement.crucifyd.com/zone/seahawks/record-fact/NFL%20-%202016%20-%20Record%20%26%20Fact%20Book.pdf,"Formal preseason staff title: offensive coordinator. Weeks encode the season designation, not independently observed weekly tenure; does not establish play-calling duty."
2016-SF-quarterbacks_coach-01-17-ryan-day,2016,SF,coach-ryan-day,Ryan Day,quarterbacks_coach,1,17,,,false,false,false,verified,medium,season_designation,https://basement.crucifyd.com/zone/seahawks/record-fact/NFL%20-%202016%20-%20Record%20%26%20Fact%20Book.pdf,"Formal preseason staff title: quarterbacks. Weeks encode the season designation, not independently observed weekly tenure; does not establish play-calling duty."
2016-TB-head_coach-01-17-dirk-koetter,2016,TB,coach-dirk-koetter,Dirk Koetter,head_coach,1,17,,,false,false,false,verified,high,observed_game_weeks,https://github.com/nflverse/nflverse-data/releases/download/pbp/play_by_play_2016.parquet,Observed head coach on each included regular-season game; interval is first through last observed game week.
2016-TB-offensive_coordinator-01-17-todd-monken,2016,TB,coach-todd-monken,Todd Monken,offensive_coordinator,1,17,,,false,false,false,verified,medium,season_designation,https://basement.crucifyd.com/zone/seahawks/record-fact/NFL%20-%202016%20-%20Record%20%26%20Fact%20Book.pdf,"Formal preseason staff title: offensive coordinator/wide. Weeks encode the season designation, not independently observed weekly tenure; does not establish play-calling duty."
2016-TB-quarterbacks_coach-01-17-mike-bajakian,2016,TB,coach-mike-bajakian,Mike Bajakian,quarterbacks_coach,1,17,,,false,false,true,verified,medium,season_designation,https://basement.crucifyd.com/zone/seahawks/record-fact/NFL%20-%202016%20-%20Record%20%26%20Fact%20Book.pdf,"Formal preseason staff title: quarterbacks. Weeks encode the season designation, not independently observed weekly tenure; does not establish play-calling duty."
2016-TEN-head_coach-01-17-mike-mularkey,2016,TEN,coach-mike-mularkey,Mike Mularkey,head_coach,1,17,,,false,false,false,verified,high,observed_game_weeks,https://github.com/nflverse/nflverse-data/releases/download/pbp/play_by_play_2016.parquet,Observed head coach on each included regular-season game; interval is first through last observed game week.
2016-TEN-offensive_coordinator-01-17-terry-robiskie,2016,TEN,coach-terry-robiskie,Terry Robiskie,offensive_coordinator,1,17,,,false,false,false,verified,medium,season_designation,https://basement.crucifyd.com/zone/seahawks/record-fact/NFL%20-%202016%20-%20Record%20%26%20Fact%20Book.pdf,"Formal preseason staff title: offensive coordinator. Weeks encode the season designation, not independently observed weekly tenure; does not establish play-calling duty."
2016-TEN-quarterbacks_coach-01-17-jason-michael,2016,TEN,coach-jason-michael,Jason Michael,quarterbacks_coach,1,17,,,false,false,false,verified,medium,season_designation,https://basement.crucifyd.com/zone/seahawks/record-fact/NFL%20-%202016%20-%20Record%20%26%20Fact%20Book.pdf,"Formal preseason staff title: quarterbacks. Weeks encode the season designation, not independently observed weekly tenure; does not establish play-calling duty."
2016-WAS-head_coach-01-17-jay-gruden,2016,WAS,coach-jay-gruden,Jay Gruden,head_coach,1,17,,,false,false,true,verified,high,observed_game_weeks,https://github.com/nflverse/nflverse-data/releases/download/pbp/play_by_play_2016.parquet,Observed head coach on each included regular-season game; interval is first through last observed game week.
2016-WAS-offensive_coordinator-01-17-sean-mcvay,2016,WAS,coach-sean-mcvay,Sean McVay,offensive_coordinator,1,17,,,false,false,true,verified,medium,season_designation,https://basement.crucifyd.com/zone/seahawks/record-fact/NFL%20-%202016%20-%20Record%20%26%20Fact%20Book.pdf,"Formal preseason staff title: offensive coordinator. Weeks encode the season designation, not independently observed weekly tenure; does not establish play-calling duty."
2017-ARI-head_coach-01-17-bruce-arians,2017,ARI,coach-bruce-arians,Bruce Arians,head_coach,1,17,,,false,false,true,verified,high,observed_game_weeks,https://github.com/nflverse/nflverse-data/releases/download/pbp/play_by_play_2017.parquet,Observed head coach on each included regular-season game; interval is first through last observed game week.
2017-ARI-offensive_coordinator-01-17-harold-goodwin,2017,ARI,coach-harold-goodwin,Harold Goodwin,offensive_coordinator,1,17,,,false,false,true,verified,medium,season_designation,https://basement.crucifyd.com/zone/seahawks/record-fact/NFL%20-%202017%20-%20Record%20%26%20Fact%20Book.pdf,"Formal preseason staff title: offensive coordinator. Weeks encode the season designation, not independently observed weekly tenure; does not establish play-calling duty."
2017-ARI-quarterbacks_coach-01-17-byron-leftwich,2017,ARI,coach-byron-leftwich,Byron Leftwich,quarterbacks_coach,1,17,,,false,false,false,verified,medium,season_designation,https://basement.crucifyd.com/zone/seahawks/record-fact/NFL%20-%202017%20-%20Record%20%26%20Fact%20Book.pdf,"Formal preseason staff title: quarterbacks. Weeks encode the season designation, not independently observed weekly tenure; does not establish play-calling duty."
2017-ATL-head_coach-01-17-dan-quinn,2017,ATL,coach-dan-quinn,Dan Quinn,head_coach,1,17,,,false,false,true,verified,high,observed_game_weeks,https://github.com/nflverse/nflverse-data/releases/download/pbp/play_by_play_2017.parquet,Observed head coach on each included regular-season game; interval is first through last observed game week.
2017-ATL-offensive_coordinator-01-17-steve-sarkisian,2017,ATL,coach-steve-sarkisian,Steve Sarkisian,offensive_coordinator,1,17,,,false,false,false,verified,medium,season_designation,https://basement.crucifyd.com/zone/seahawks/record-fact/NFL%20-%202017%20-%20Record%20%26%20Fact%20Book.pdf,"Formal preseason staff title: offensive coordinator. Weeks encode the season designation, not independently observed weekly tenure; does not establish play-calling duty."
2017-ATL-quarterbacks_coach-01-17-bush-hadman,2017,ATL,coach-bush-hadman,Bush Hadman,quarterbacks_coach,1,17,,,false,false,false,verified,medium,season_designation,https://basement.crucifyd.com/zone/seahawks/record-fact/NFL%20-%202017%20-%20Record%20%26%20Fact%20Book.pdf,"Formal preseason staff title: quarterbacks. Weeks encode the season designation, not independently observed weekly tenure; does not establish play-calling duty."
2017-BAL-head_coach-01-17-john-harbaugh,2017,BAL,coach-john-harbaugh,John Harbaugh,head_coach,1,17,,,false,false,true,verified,high,observed_game_weeks,https://github.com/nflverse/nflverse-data/releases/download/pbp/play_by_play_2017.parquet,Observed head coach on each included regular-season game; interval is first through last observed game week.
2017-BUF-head_coach-01-17-sean-mcdermott,2017,BUF,coach-sean-mcdermott,Sean McDermott,head_coach,1,17,,,false,false,false,verified,high,observed_game_weeks,https://github.com/nflverse/nflverse-data/releases/download/pbp/play_by_play_2017.parquet,Observed head coach on each included regular-season game; interval is first through last observed game week.
2017-BUF-offensive_coordinator-01-17-rick-dennison,2017,BUF,coach-rick-dennison,Rick Dennison,offensive_coordinator,1,17,,,false,false,false,verified,medium,season_designation,https://basement.crucifyd.com/zone/seahawks/record-fact/NFL%20-%202017%20-%20Record%20%26%20Fact%20Book.pdf,"Formal preseason staff title: offensive coordinator. Weeks encode the season designation, not independently observed weekly tenure; does not establish play-calling duty."
2017-BUF-quarterbacks_coach-01-17-david-culley,2017,BUF,coach-david-culley,David Culley,quarterbacks_coach,1,17,,,false,false,false,verified,medium,season_designation,https://basement.crucifyd.com/zone/seahawks/record-fact/NFL%20-%202017%20-%20Record%20%26%20Fact%20Book.pdf,"Formal preseason staff title: quarterbacks. Weeks encode the season designation, not independently observed weekly tenure; does not establish play-calling duty."
2017-CAR-head_coach-01-17-ron-rivera,2017,CAR,coach-ron-rivera,Ron Rivera,head_coach,1,17,,,false,false,true,verified,high,observed_game_weeks,https://github.com/nflverse/nflverse-data/releases/download/pbp/play_by_play_2017.parquet,Observed head coach on each included regular-season game; interval is first through last observed game week.
2017-CAR-offensive_coordinator-01-17-mike-shula,2017,CAR,coach-mike-shula,Mike Shula,offensive_coordinator,1,17,,,false,false,false,verified,medium,season_designation,https://basement.crucifyd.com/zone/seahawks/record-fact/NFL%20-%202017%20-%20Record%20%26%20Fact%20Book.pdf,"Formal preseason staff title: offensive coordinator. Weeks encode the season designation, not independently observed weekly tenure; does not establish play-calling duty."
2017-CAR-quarterbacks_coach-01-17-ken-dorsey,2017,CAR,coach-ken-dorsey,Ken Dorsey,quarterbacks_coach,1,17,,,false,false,true,verified,medium,season_designation,https://basement.crucifyd.com/zone/seahawks/record-fact/NFL%20-%202017%20-%20Record%20%26%20Fact%20Book.pdf,"Formal preseason staff title: quarterbacks. Weeks encode the season designation, not independently observed weekly tenure; does not establish play-calling duty."
2017-CHI-head_coach-01-17-john-fox,2017,CHI,coach-john-fox,John Fox,head_coach,1,17,,,false,false,true,verified,high,observed_game_weeks,https://github.com/nflverse/nflverse-data/releases/download/pbp/play_by_play_2017.parquet,Observed head coach on each included regular-season game; interval is first through last observed game week.
2017-CHI-offensive_coordinator-01-17-dowell-loggains,2017,CHI,coach-dowell-loggains,Dowell Loggains,offensive_coordinator,1,17,,,false,false,true,verified,medium,season_designation,https://basement.crucifyd.com/zone/seahawks/record-fact/NFL%20-%202017%20-%20Record%20%26%20Fact%20Book.pdf,"Formal preseason staff title: offensive coordinator. Weeks encode the season designation, not independently observed weekly tenure; does not establish play-calling duty."
2017-CHI-quarterbacks_coach-01-17-dave-ragone,2017,CHI,coach-dave-ragone,Dave Ragone,quarterbacks_coach,1,17,,,false,false,true,verified,medium,season_designation,https://basement.crucifyd.com/zone/seahawks/record-fact/NFL%20-%202017%20-%20Record%20%26%20Fact%20Book.pdf,"Formal preseason staff title: quarterbacks. Weeks encode the season designation, not independently observed weekly tenure; does not establish play-calling duty."
2017-CIN-head_coach-01-17-marvin-lewis,2017,CIN,coach-marvin-lewis,Marvin Lewis,head_coach,1,17,,,false,false,true,verified,high,observed_game_weeks,https://github.com/nflverse/nflverse-data/releases/download/pbp/play_by_play_2017.parquet,Observed head coach on each included regular-season game; interval is first through last observed game week.
2017-CIN-offensive_coordinator-01-17-ken-zampese,2017,CIN,coach-ken-zampese,Ken Zampese,offensive_coordinator,1,17,,,false,false,true,verified,medium,season_designation,https://basement.crucifyd.com/zone/seahawks/record-fact/NFL%20-%202017%20-%20Record%20%26%20Fact%20Book.pdf,"Formal preseason staff title: offensive coordinator. Weeks encode the season designation, not independently observed weekly tenure; does not establish play-calling duty."
2017-CIN-quarterbacks_coach-01-17-bill-lazor,2017,CIN,coach-bill-lazor,Bill Lazor,quarterbacks_coach,1,17,,,false,false,true,verified,medium,season_designation,https://basement.crucifyd.com/zone/seahawks/record-fact/NFL%20-%202017%20-%20Record%20%26%20Fact%20Book.pdf,"Formal preseason staff title: quarterbacks. Weeks encode the season designation, not independently observed weekly tenure; does not establish play-calling duty."
2017-CLE-head_coach-01-17-hue-jackson,2017,CLE,coach-hue-jackson,Hue Jackson,head_coach,1,17,,,false,false,true,verified,high,observed_game_weeks,https://github.com/nflverse/nflverse-data/releases/download/pbp/play_by_play_2017.parquet,Observed head coach on each included regular-season game; interval is first through last observed game week.
2017-CLE-quarterbacks_coach-01-17-david-lee,2017,CLE,coach-david-lee,David Lee,quarterbacks_coach,1,17,,,false,false,false,verified,medium,season_designation,https://basement.crucifyd.com/zone/seahawks/record-fact/NFL%20-%202017%20-%20Record%20%26%20Fact%20Book.pdf,"Formal preseason staff title: quarterbacks. Weeks encode the season designation, not independently observed weekly tenure; does not establish play-calling duty."
2017-DAL-head_coach-01-17-jason-garrett,2017,DAL,coach-jason-garrett,Jason Garrett,head_coach,1,17,,,false,false,true,verified,high,observed_game_weeks,https://github.com/nflverse/nflverse-data/releases/download/pbp/play_by_play_2017.parquet,Observed head coach on each included regular-season game; interval is first through last observed game week.
2017-DAL-offensive_coordinator-01-17-scott-linehan,2017,DAL,coach-scott-linehan,Scott Linehan,offensive_coordinator,1,17,,,false,false,true,verified,medium,season_designation,https://basement.crucifyd.com/zone/seahawks/record-fact/NFL%20-%202017%20-%20Record%20%26%20Fact%20Book.pdf,"Formal preseason staff title: offensive coordinator. Weeks encode the season designation, not independently observed weekly tenure; does not establish play-calling duty."
2017-DAL-quarterbacks_coach-01-17-wade-wilson,2017,DAL,coach-wade-wilson,Wade Wilson,quarterbacks_coach,1,17,,,false,false,true,verified,medium,season_designation,https://basement.crucifyd.com/zone/seahawks/record-fact/NFL%20-%202017%20-%20Record%20%26%20Fact%20Book.pdf,"Formal preseason staff title: quarterbacks. Weeks encode the season designation, not independently observed weekly tenure; does not establish play-calling duty."
2017-DEN-head_coach-01-17-vance-joseph,2017,DEN,coach-vance-joseph,Vance Joseph,head_coach,1,17,,,false,false,false,verified,high,observed_game_weeks,https://github.com/nflverse/nflverse-data/releases/download/pbp/play_by_play_2017.parquet,Observed head coach on each included regular-season game; interval is first through last observed game week.
2017-DEN-quarterbacks_coach-01-17-bill-musgrave,2017,DEN,coach-bill-musgrave,Bill Musgrave,quarterbacks_coach,1,17,,,false,false,false,verified,medium,season_designation,https://basement.crucifyd.com/zone/seahawks/record-fact/NFL%20-%202017%20-%20Record%20%26%20Fact%20Book.pdf,"Formal preseason staff title: quarterbacks. Weeks encode the season designation, not independently observed weekly tenure; does not establish play-calling duty."
2017-DET-head_coach-01-17-jim-caldwell,2017,DET,coach-jim-caldwell,Jim Caldwell,head_coach,1,17,,,false,false,true,verified,high,observed_game_weeks,https://github.com/nflverse/nflverse-data/releases/download/pbp/play_by_play_2017.parquet,Observed head coach on each included regular-season game; interval is first through last observed game week.
2017-DET-offensive_coordinator-01-17-jim-bob-cooter,2017,DET,coach-jim-bob-cooter,Jim Bob Cooter,offensive_coordinator,1,17,,,false,false,true,verified,medium,season_designation,https://basement.crucifyd.com/zone/seahawks/record-fact/NFL%20-%202017%20-%20Record%20%26%20Fact%20Book.pdf,"Formal preseason staff title: offensive coordinator. Weeks encode the season designation, not independently observed weekly tenure; does not establish play-calling duty."
2017-GB-head_coach-01-17-mike-mccarthy,2017,GB,coach-mike-mccarthy,Mike McCarthy,head_coach,1,17,,,false,false,true,verified,high,observed_game_weeks,https://github.com/nflverse/nflverse-data/releases/download/pbp/play_by_play_2017.parquet,Observed head coach on each included regular-season game; interval is first through last observed game week.
2017-GB-offensive_coordinator-01-17-edgar-bennett,2017,GB,coach-edgar-bennett,Edgar Bennett,offensive_coordinator,1,17,,,false,false,true,verified,medium,season_designation,https://basement.crucifyd.com/zone/seahawks/record-fact/NFL%20-%202017%20-%20Record%20%26%20Fact%20Book.pdf,"Formal preseason staff title: offensive coordinator. Weeks encode the season designation, not independently observed weekly tenure; does not establish play-calling duty."
2017-GB-quarterbacks_coach-01-17-alex-van-pelt,2017,GB,coach-alex-van-pelt,Alex Van Pelt,quarterbacks_coach,1,17,,,false,false,true,verified,medium,season_designation,https://basement.crucifyd.com/zone/seahawks/record-fact/NFL%20-%202017%20-%20Record%20%26%20Fact%20Book.pdf,"Formal preseason staff title: quarterbacks. Weeks encode the season designation, not independently observed weekly tenure; does not establish play-calling duty."
2017-HOU-head_coach-01-17-bill-o-brien,2017,HOU,coach-bill-o-brien,Bill O'Brien,head_coach,1,17,,,false,false,true,verified,high,observed_game_weeks,https://github.com/nflverse/nflverse-data/releases/download/pbp/play_by_play_2017.parquet,Observed head coach on each included regular-season game; interval is first through last observed game week.
2017-IND-head_coach-01-17-chuck-pagano,2017,IND,coach-chuck-pagano,Chuck Pagano,head_coach,1,17,,,false,false,true,verified,high,observed_game_weeks,https://github.com/nflverse/nflverse-data/releases/download/pbp/play_by_play_2017.parquet,Observed head coach on each included regular-season game; interval is first through last observed game week.
2017-IND-offensive_coordinator-01-17-rob-chudzinski,2017,IND,coach-rob-chudzinski,Rob Chudzinski,offensive_coordinator,1,17,,,false,false,true,verified,medium,season_designation,https://basement.crucifyd.com/zone/seahawks/record-fact/NFL%20-%202017%20-%20Record%20%26%20Fact%20Book.pdf,"Formal preseason staff title: offensive coordinator. Weeks encode the season designation, not independently observed weekly tenure; does not establish play-calling duty."
2017-IND-quarterbacks_coach-01-17-brian-schottenheimer,2017,IND,coach-brian-schottenheimer,Brian Schottenheimer,quarterbacks_coach,1,17,,,false,false,true,verified,medium,season_designation,https://basement.crucifyd.com/zone/seahawks/record-fact/NFL%20-%202017%20-%20Record%20%26%20Fact%20Book.pdf,"Formal preseason staff title: quarterbacks. Weeks encode the season designation, not independently observed weekly tenure; does not establish play-calling duty."
2017-JAX-head_coach-01-17-doug-marrone,2017,JAX,coach-doug-marrone,Doug Marrone,head_coach,1,17,,,false,false,true,verified,high,observed_game_weeks,https://github.com/nflverse/nflverse-data/releases/download/pbp/play_by_play_2017.parquet,Observed head coach on each included regular-season game; interval is first through last observed game week.
2017-JAX-offensive_coordinator-01-17-nathaniel-hackett,2017,JAX,coach-nathaniel-hackett,Nathaniel Hackett,offensive_coordinator,1,17,,,false,false,false,verified,medium,season_designation,https://basement.crucifyd.com/zone/seahawks/record-fact/NFL%20-%202017%20-%20Record%20%26%20Fact%20Book.pdf,"Formal preseason staff title: offensive coordinator. Weeks encode the season designation, not independently observed weekly tenure; does not establish play-calling duty."
2017-KC-head_coach-01-17-andy-reid,2017,KC,coach-andy-reid,Andy Reid,head_coach,1,17,,,false,false,true,verified,high,observed_game_weeks,https://github.com/nflverse/nflverse-data/releases/download/pbp/play_by_play_2017.parquet,Observed head coach on each included regular-season game; interval is first through last observed game week.
2017-LA-head_coach-01-17-sean-mcvay,2017,LA,coach-sean-mcvay,Sean McVay,head_coach,1,17,,,false,false,false,verified,high,observed_game_weeks,https://github.com/nflverse/nflverse-data/releases/download/pbp/play_by_play_2017.parquet,Observed head coach on each included regular-season game; interval is first through last observed game week.
2017-LA-offensive_coordinator-01-17-matt-lafluer,2017,LA,coach-matt-lafluer,Matt LaFluer,offensive_coordinator,1,17,,,false,false,false,verified,medium,season_designation,https://basement.crucifyd.com/zone/seahawks/record-fact/NFL%20-%202017%20-%20Record%20%26%20Fact%20Book.pdf,"Formal preseason staff title: offensive coordinator. Weeks encode the season designation, not independently observed weekly tenure; does not establish play-calling duty."
2017-LA-quarterbacks_coach-01-17-greg-olson,2017,LA,coach-greg-olson,Greg Olson,quarterbacks_coach,1,17,,,false,false,false,verified,medium,season_designation,https://basement.crucifyd.com/zone/seahawks/record-fact/NFL%20-%202017%20-%20Record%20%26%20Fact%20Book.pdf,"Formal preseason staff title: quarterbacks. Weeks encode the season designation, not independently observed weekly tenure; does not establish play-calling duty."
2017-LAC-head_coach-01-17-anthony-lynn,2017,LAC,coach-anthony-lynn,Anthony Lynn,head_coach,1,17,,,false,false,false,verified,high,observed_game_weeks,https://github.com/nflverse/nflverse-data/releases/download/pbp/play_by_play_2017.parquet,Observed head coach on each included regular-season game; interval is first through last observed game week.
2017-LAC-offensive_coordinator-01-17-ken-whisenhunt,2017,LAC,coach-ken-whisenhunt,Ken Whisenhunt,offensive_coordinator,1,17,,,false,false,true,verified,medium,season_designation,https://basement.crucifyd.com/zone/seahawks/record-fact/NFL%20-%202017%20-%20Record%20%26%20Fact%20Book.pdf,"Formal preseason staff title: offensive coordinator. Weeks encode the season designation, not independently observed weekly tenure; does not establish play-calling duty."
2017-LAC-quarterbacks_coach-01-17-shane-steichen,2017,LAC,coach-shane-steichen,Shane Steichen,quarterbacks_coach,1,17,,,false,false,true,verified,medium,season_designation,https://basement.crucifyd.com/zone/seahawks/record-fact/NFL%20-%202017%20-%20Record%20%26%20Fact%20Book.pdf,"Formal preseason staff title: quarterbacks. Weeks encode the season designation, not independently observed weekly tenure; does not establish play-calling duty."
2017-LV-head_coach-01-17-jack-del-rio,2017,LV,coach-jack-del-rio,Jack Del Rio,head_coach,1,17,,,false,false,true,verified,high,observed_game_weeks,https://github.com/nflverse/nflverse-data/releases/download/pbp/play_by_play_2017.parquet,Observed head coach on each included regular-season game; interval is first through last observed game week.
2017-LV-offensive_coordinator-01-17-todd-downing,2017,LV,coach-todd-downing,Todd Downing,offensive_coordinator,1,17,,,false,false,false,verified,medium,season_designation,https://basement.crucifyd.com/zone/seahawks/record-fact/NFL%20-%202017%20-%20Record%20%26%20Fact%20Book.pdf,"Formal preseason staff title: offensive coordinator. Weeks encode the season designation, not independently observed weekly tenure; does not establish play-calling duty."
2017-MIA-head_coach-02-17-adam-gase,2017,MIA,coach-adam-gase,Adam Gase,head_coach,2,17,,,false,false,true,verified,high,observed_game_weeks,https://github.com/nflverse/nflverse-data/releases/download/pbp/play_by_play_2017.parquet,Observed head coach on each included regular-season game; interval is first through last observed game week.
2017-MIA-offensive_coordinator-01-17-clyde-christensen,2017,MIA,coach-clyde-christensen,Clyde Christensen,offensive_coordinator,1,17,,,false,false,true,verified,medium,season_designation,https://basement.crucifyd.com/zone/seahawks/record-fact/NFL%20-%202017%20-%20Record%20%26%20Fact%20Book.pdf,"Formal preseason staff title: offensive coordinator. Weeks encode the season designation, not independently observed weekly tenure; does not establish play-calling duty."
2017-MIA-quarterbacks_coach-01-17-bo-hardegree,2017,MIA,coach-bo-hardegree,Bo Hardegree,quarterbacks_coach,1,17,,,false,false,true,verified,medium,season_designation,https://basement.crucifyd.com/zone/seahawks/record-fact/NFL%20-%202017%20-%20Record%20%26%20Fact%20Book.pdf,"Formal preseason staff title: quarterbacks. Weeks encode the season designation, not independently observed weekly tenure; does not establish play-calling duty."
2017-MIN-head_coach-01-17-mike-zimmer,2017,MIN,coach-mike-zimmer,Mike Zimmer,head_coach,1,17,,,false,false,true,verified,high,observed_game_weeks,https://github.com/nflverse/nflverse-data/releases/download/pbp/play_by_play_2017.parquet,Observed head coach on each included regular-season game; interval is first through last observed game week.
2017-MIN-quarterbacks_coach-01-17-kevin-stefanski,2017,MIN,coach-kevin-stefanski,Kevin Stefanski,quarterbacks_coach,1,17,,,false,false,false,verified,medium,season_designation,https://basement.crucifyd.com/zone/seahawks/record-fact/NFL%20-%202017%20-%20Record%20%26%20Fact%20Book.pdf,"Formal preseason staff title: quarterbacks. Weeks encode the season designation, not independently observed weekly tenure; does not establish play-calling duty."
2017-NE-head_coach-01-17-bill-belichick,2017,NE,coach-bill-belichick,Bill Belichick,head_coach,1,17,,,false,false,true,verified,high,observed_game_weeks,https://github.com/nflverse/nflverse-data/releases/download/pbp/play_by_play_2017.parquet,Observed head coach on each included regular-season game; interval is first through last observed game week.
2017-NO-head_coach-01-17-sean-payton,2017,NO,coach-sean-payton,Sean Payton,head_coach,1,17,,,false,false,true,verified,high,observed_game_weeks,https://github.com/nflverse/nflverse-data/releases/download/pbp/play_by_play_2017.parquet,Observed head coach on each included regular-season game; interval is first through last observed game week.
2017-NO-offensive_coordinator-01-17-pete-carmichael,2017,NO,coach-pete-carmichael,Pete Carmichael,offensive_coordinator,1,17,,,false,false,true,verified,medium,season_designation,https://basement.crucifyd.com/zone/seahawks/record-fact/NFL%20-%202017%20-%20Record%20%26%20Fact%20Book.pdf,"Formal preseason staff title: offensive coordinator. Weeks encode the season designation, not independently observed weekly tenure; does not establish play-calling duty."
2017-NO-quarterbacks_coach-01-17-joe-lombardi,2017,NO,coach-joe-lombardi,Joe Lombardi,quarterbacks_coach,1,17,,,false,false,true,verified,medium,season_designation,https://basement.crucifyd.com/zone/seahawks/record-fact/NFL%20-%202017%20-%20Record%20%26%20Fact%20Book.pdf,"Formal preseason staff title: quarterbacks. Weeks encode the season designation, not independently observed weekly tenure; does not establish play-calling duty."
2017-NYG-head_coach-01-13-ben-mcadoo,2017,NYG,coach-ben-mcadoo,Ben McAdoo,head_coach,1,13,,,false,false,true,verified,high,observed_game_weeks,https://github.com/nflverse/nflverse-data/releases/download/pbp/play_by_play_2017.parquet,Observed head coach on each included regular-season game; interval is first through last observed game week.
2017-NYG-head_coach-14-17-steve-spagnuolo,2017,NYG,coach-steve-spagnuolo,Steve Spagnuolo,head_coach,14,17,,,true,false,false,verified,high,observed_game_weeks,https://github.com/nflverse/nflverse-data/releases/download/pbp/play_by_play_2017.parquet,Observed head coach on each included regular-season game; interval is first through last observed game week.
2017-NYG-offensive_coordinator-01-17-mike-sullivan,2017,NYG,coach-mike-sullivan,Mike Sullivan,offensive_coordinator,1,17,,,false,false,true,verified,medium,season_designation,https://basement.crucifyd.com/zone/seahawks/record-fact/NFL%20-%202017%20-%20Record%20%26%20Fact%20Book.pdf,"Formal preseason staff title: offensive coordinator. Weeks encode the season designation, not independently observed weekly tenure; does not establish play-calling duty."
2017-NYG-quarterbacks_coach-01-17-frank-cignetti,2017,NYG,coach-frank-cignetti,Frank Cignetti,quarterbacks_coach,1,17,,,false,false,true,verified,medium,season_designation,https://basement.crucifyd.com/zone/seahawks/record-fact/NFL%20-%202017%20-%20Record%20%26%20Fact%20Book.pdf,"Formal preseason staff title: quarterbacks. Weeks encode the season designation, not independently observed weekly tenure; does not establish play-calling duty."
2017-NYJ-head_coach-01-17-todd-bowles,2017,NYJ,coach-todd-bowles,Todd Bowles,head_coach,1,17,,,false,false,true,verified,high,observed_game_weeks,https://github.com/nflverse/nflverse-data/releases/download/pbp/play_by_play_2017.parquet,Observed head coach on each included regular-season game; interval is first through last observed game week.
2017-NYJ-offensive_coordinator-01-17-john-morton,2017,NYJ,coach-john-morton,John Morton,offensive_coordinator,1,17,,,false,false,false,verified,medium,season_designation,https://basement.crucifyd.com/zone/seahawks/record-fact/NFL%20-%202017%20-%20Record%20%26%20Fact%20Book.pdf,"Formal preseason staff title: offensive coordinator. Weeks encode the season designation, not independently observed weekly tenure; does not establish play-calling duty."
2017-NYJ-quarterbacks_coach-01-17-jeremy-bates,2017,NYJ,coach-jeremy-bates,Jeremy Bates,quarterbacks_coach,1,17,,,false,false,false,verified,medium,season_designation,https://basement.crucifyd.com/zone/seahawks/record-fact/NFL%20-%202017%20-%20Record%20%26%20Fact%20Book.pdf,"Formal preseason staff title: quarterbacks. Weeks encode the season designation, not independently observed weekly tenure; does not establish play-calling duty."
2017-PHI-head_coach-01-17-doug-pederson,2017,PHI,coach-doug-pederson,Doug Pederson,head_coach,1,17,,,false,false,true,verified,high,observed_game_weeks,https://github.com/nflverse/nflverse-data/releases/download/pbp/play_by_play_2017.parquet,Observed head coach on each included regular-season game; interval is first through last observed game week.
2017-PHI-offensive_coordinator-01-17-frank-reich,2017,PHI,coach-frank-reich,Frank Reich,offensive_coordinator,1,17,,,false,false,true,verified,medium,season_designation,https://basement.crucifyd.com/zone/seahawks/record-fact/NFL%20-%202017%20-%20Record%20%26%20Fact%20Book.pdf,"Formal preseason staff title: offensive coordinator. Weeks encode the season designation, not independently observed weekly tenure; does not establish play-calling duty."
2017-PHI-quarterbacks_coach-01-17-john-defilippo,2017,PHI,coach-john-defilippo,John DeFilippo,quarterbacks_coach,1,17,,,false,false,true,verified,medium,season_designation,https://basement.crucifyd.com/zone/seahawks/record-fact/NFL%20-%202017%20-%20Record%20%26%20Fact%20Book.pdf,"Formal preseason staff title: quarterbacks. Weeks encode the season designation, not independently observed weekly tenure; does not establish play-calling duty."
2017-PIT-head_coach-01-17-mike-tomlin,2017,PIT,coach-mike-tomlin,Mike Tomlin,head_coach,1,17,,,false,false,true,verified,high,observed_game_weeks,https://github.com/nflverse/nflverse-data/releases/download/pbp/play_by_play_2017.parquet,Observed head coach on each included regular-season game; interval is first through last observed game week.
2017-PIT-offensive_coordinator-01-17-todd-haley,2017,PIT,coach-todd-haley,Todd Haley,offensive_coordinator,1,17,,,false,false,true,verified,medium,season_designation,https://basement.crucifyd.com/zone/seahawks/record-fact/NFL%20-%202017%20-%20Record%20%26%20Fact%20Book.pdf,"Formal preseason staff title: offensive coordinator. Weeks encode the season designation, not independently observed weekly tenure; does not establish play-calling duty."
2017-PIT-quarterbacks_coach-01-17-randy-fichtner,2017,PIT,coach-randy-fichtner,Randy Fichtner,quarterbacks_coach,1,17,,,false,false,true,verified,medium,season_designation,https://basement.crucifyd.com/zone/seahawks/record-fact/NFL%20-%202017%20-%20Record%20%26%20Fact%20Book.pdf,"Formal preseason staff title: quarterbacks. Weeks encode the season designation, not independently observed weekly tenure; does not establish play-calling duty."
2017-SEA-head_coach-01-17-pete-carroll,2017,SEA,coach-pete-carroll,Pete Carroll,head_coach,1,17,,,false,false,true,verified,high,observed_game_weeks,https://github.com/nflverse/nflverse-data/releases/download/pbp/play_by_play_2017.parquet,Observed head coach on each included regular-season game; interval is first through last observed game week.
2017-SEA-offensive_coordinator-01-17-darrell-bevell,2017,SEA,coach-darrell-bevell,Darrell Bevell,offensive_coordinator,1,17,,,false,false,true,verified,medium,season_designation,https://basement.crucifyd.com/zone/seahawks/record-fact/NFL%20-%202017%20-%20Record%20%26%20Fact%20Book.pdf,"Formal preseason staff title: offensive coordinator. Weeks encode the season designation, not independently observed weekly tenure; does not establish play-calling duty."
2017-SEA-quarterbacks_coach-01-17-carl-smith,2017,SEA,coach-carl-smith,Carl Smith,quarterbacks_coach,1,17,,,false,false,true,verified,medium,season_designation,https://basement.crucifyd.com/zone/seahawks/record-fact/NFL%20-%202017%20-%20Record%20%26%20Fact%20Book.pdf,"Formal preseason staff title: quarterbacks. Weeks encode the season designation, not independently observed weekly tenure; does not establish play-calling duty."
2017-SF-head_coach-01-17-kyle-shanahan,2017,SF,coach-kyle-shanahan,Kyle Shanahan,head_coach,1,17,,,false,false,false,verified,high,observed_game_weeks,https://github.com/nflverse/nflverse-data/releases/download/pbp/play_by_play_2017.parquet,Observed head coach on each included regular-season game; interval is first through last observed game week.
2017-SF-quarterbacks_coach-01-17-rich-scangarello,2017,SF,coach-rich-scangarello,Rich Scangarello,quarterbacks_coach,1,17,,,false,false,false,verified,medium,season_designation,https://basement.crucifyd.com/zone/seahawks/record-fact/NFL%20-%202017%20-%20Record%20%26%20Fact%20Book.pdf,"Formal preseason staff title: quarterbacks. Weeks encode the season designation, not independently observed weekly tenure; does not establish play-calling duty."
2017-TB-head_coach-02-17-dirk-koetter,2017,TB,coach-dirk-koetter,Dirk Koetter,head_coach,2,17,,,false,false,true,verified,high,observed_game_weeks,https://github.com/nflverse/nflverse-data/releases/download/pbp/play_by_play_2017.parquet,Observed head coach on each included regular-season game; interval is first through last observed game week.
2017-TB-offensive_coordinator-01-17-todd-monken,2017,TB,coach-todd-monken,Todd Monken,offensive_coordinator,1,17,,,false,false,true,verified,medium,season_designation,https://basement.crucifyd.com/zone/seahawks/record-fact/NFL%20-%202017%20-%20Record%20%26%20Fact%20Book.pdf,"Formal preseason staff title: offensive coordinator/wide. Weeks encode the season designation, not independently observed weekly tenure; does not establish play-calling duty."
2017-TB-quarterbacks_coach-01-17-mike-bajakian,2017,TB,coach-mike-bajakian,Mike Bajakian,quarterbacks_coach,1,17,,,false,false,true,verified,medium,season_designation,https://basement.crucifyd.com/zone/seahawks/record-fact/NFL%20-%202017%20-%20Record%20%26%20Fact%20Book.pdf,"Formal preseason staff title: quarterbacks. Weeks encode the season designation, not independently observed weekly tenure; does not establish play-calling duty."
2017-TEN-head_coach-01-17-mike-mularkey,2017,TEN,coach-mike-mularkey,Mike Mularkey,head_coach,1,17,,,false,false,true,verified,high,observed_game_weeks,https://github.com/nflverse/nflverse-data/releases/download/pbp/play_by_play_2017.parquet,Observed head coach on each included regular-season game; interval is first through last observed game week.
2017-WAS-head_coach-01-17-jay-gruden,2017,WAS,coach-jay-gruden,Jay Gruden,head_coach,1,17,,,false,false,true,verified,high,observed_game_weeks,https://github.com/nflverse/nflverse-data/releases/download/pbp/play_by_play_2017.parquet,Observed head coach on each included regular-season game; interval is first through last observed game week.
2017-WAS-offensive_coordinator-01-17-matt-cavanaugh,2017,WAS,coach-matt-cavanaugh,Matt Cavanaugh,offensive_coordinator,1,17,,,false,false,false,verified,medium,season_designation,https://basement.crucifyd.com/zone/seahawks/record-fact/NFL%20-%202017%20-%20Record%20%26%20Fact%20Book.pdf,"Formal preseason staff title: offensive coordinator. Weeks encode the season designation, not independently observed weekly tenure; does not establish play-calling duty."
2018-ARI-head_coach-01-17-steve-wilks,2018,ARI,coach-steve-wilks,Steve Wilks,head_coach,1,17,,,false,false,false,verified,high,observed_game_weeks,https://github.com/nflverse/nflverse-data/releases/download/pbp/play_by_play_2018.parquet,Observed head coach on each included regular-season game; interval is first through last observed game week.
2018-ARI-offensive_coordinator-01-17-mike-mccoy,2018,ARI,coach-mike-mccoy,Mike McCoy,offensive_coordinator,1,17,,,false,false,false,verified,high,season_designation,https://static.clubs.nfl.com/image/upload/saints/cppryvovnkj3awae4uju.pdf,"Formal preseason staff title: offensive coordinator. Weeks encode the season designation, not independently observed weekly tenure; does not establish play-calling duty."
2018-ARI-quarterbacks_coach-01-17-byron-leftwich,2018,ARI,coach-byron-leftwich,Byron Leftwich,quarterbacks_coach,1,17,,,false,false,true,verified,high,season_designation,https://static.clubs.nfl.com/image/upload/saints/cppryvovnkj3awae4uju.pdf,"Formal preseason staff title: quarterbacks. Weeks encode the season designation, not independently observed weekly tenure; does not establish play-calling duty."
2018-ATL-head_coach-01-17-dan-quinn,2018,ATL,coach-dan-quinn,Dan Quinn,head_coach,1,17,,,false,false,true,verified,high,observed_game_weeks,https://github.com/nflverse/nflverse-data/releases/download/pbp/play_by_play_2018.parquet,Observed head coach on each included regular-season game; interval is first through last observed game week.
2018-ATL-offensive_coordinator-01-17-steve-sarkisian,2018,ATL,coach-steve-sarkisian,Steve Sarkisian,offensive_coordinator,1,17,,,false,false,true,verified,high,season_designation,https://static.clubs.nfl.com/image/upload/saints/cppryvovnkj3awae4uju.pdf,"Formal preseason staff title: offensive coordinator. Weeks encode the season designation, not independently observed weekly tenure; does not establish play-calling duty."
2018-ATL-quarterbacks_coach-01-17-greg-knapp,2018,ATL,coach-greg-knapp,Greg Knapp,quarterbacks_coach,1,17,,,false,false,false,verified,high,season_designation,https://static.clubs.nfl.com/image/upload/saints/cppryvovnkj3awae4uju.pdf,"Formal preseason staff title: quarterbacks. Weeks encode the season designation, not independently observed weekly tenure; does not establish play-calling duty."
2018-BAL-head_coach-01-17-john-harbaugh,2018,BAL,coach-john-harbaugh,John Harbaugh,head_coach,1,17,,,false,false,true,verified,high,observed_game_weeks,https://github.com/nflverse/nflverse-data/releases/download/pbp/play_by_play_2018.parquet,Observed head coach on each included regular-season game; interval is first through last observed game week.
2018-BAL-offensive_coordinator-01-17-marty-mornhinweg,2018,BAL,coach-marty-mornhinweg,Marty Mornhinweg,offensive_coordinator,1,17,,,false,false,false,verified,high,season_designation,https://static.clubs.nfl.com/image/upload/saints/cppryvovnkj3awae4uju.pdf,"Formal preseason staff title: offensive coordinator. Weeks encode the season designation, not independently observed weekly tenure; does not establish play-calling duty."
2018-BAL-quarterbacks_coach-01-17-james-urban,2018,BAL,coach-james-urban,James Urban,quarterbacks_coach,1,17,,,false,false,false,verified,high,season_designation,https://static.clubs.nfl.com/image/upload/saints/cppryvovnkj3awae4uju.pdf,"Formal preseason staff title: quarterbacks. Weeks encode the season designation, not independently observed weekly tenure; does not establish play-calling duty."
2018-BUF-head_coach-01-17-sean-mcdermott,2018,BUF,coach-sean-mcdermott,Sean McDermott,head_coach,1,17,,,false,false,true,verified,high,observed_game_weeks,https://github.com/nflverse/nflverse-data/releases/download/pbp/play_by_play_2018.parquet,Observed head coach on each included regular-season game; interval is first through last observed game week.
2018-BUF-offensive_coordinator-01-17-brian-daboll,2018,BUF,coach-brian-daboll,Brian Daboll,offensive_coordinator,1,17,,,false,false,false,verified,high,season_designation,https://static.clubs.nfl.com/image/upload/saints/cppryvovnkj3awae4uju.pdf,"Formal preseason staff title: offensive coordinator. Weeks encode the season designation, not independently observed weekly tenure; does not establish play-calling duty."
2018-BUF-quarterbacks_coach-01-17-david-culley,2018,BUF,coach-david-culley,David Culley,quarterbacks_coach,1,17,,,false,false,true,verified,high,season_designation,https://static.clubs.nfl.com/image/upload/saints/cppryvovnkj3awae4uju.pdf,"Formal preseason staff title: quarterbacks. Weeks encode the season designation, not independently observed weekly tenure; does not establish play-calling duty."
2018-CAR-head_coach-01-17-ron-rivera,2018,CAR,coach-ron-rivera,Ron Rivera,head_coach,1,17,,,false,false,true,verified,high,observed_game_weeks,https://github.com/nflverse/nflverse-data/releases/download/pbp/play_by_play_2018.parquet,Observed head coach on each included regular-season game; interval is first through last observed game week.
2018-CAR-offensive_coordinator-01-17-norv-turner,2018,CAR,coach-norv-turner,Norv Turner,offensive_coordinator,1,17,,,false,false,false,verified,high,season_designation,https://static.clubs.nfl.com/image/upload/saints/cppryvovnkj3awae4uju.pdf,"Formal preseason staff title: offensive coordinator. Weeks encode the season designation, not independently observed weekly tenure; does not establish play-calling duty."
2018-CAR-quarterbacks_coach-01-17-scott-turner,2018,CAR,coach-scott-turner,Scott Turner,quarterbacks_coach,1,17,,,false,false,false,verified,high,season_designation,https://static.clubs.nfl.com/image/upload/saints/cppryvovnkj3awae4uju.pdf,"Formal preseason staff title: quarterbacks. Weeks encode the season designation, not independently observed weekly tenure; does not establish play-calling duty."
2018-CHI-head_coach-01-17-matt-nagy,2018,CHI,coach-matt-nagy,Matt Nagy,head_coach,1,17,,,false,false,false,verified,high,observed_game_weeks,https://github.com/nflverse/nflverse-data/releases/download/pbp/play_by_play_2018.parquet,Observed head coach on each included regular-season game; interval is first through last observed game week.
2018-CHI-offensive_coordinator-01-17-mark-helfrich,2018,CHI,coach-mark-helfrich,Mark Helfrich,offensive_coordinator,1,17,,,false,false,false,verified,high,season_designation,https://static.clubs.nfl.com/image/upload/saints/cppryvovnkj3awae4uju.pdf,"Formal preseason staff title: offensive coordinator. Weeks encode the season designation, not independently observed weekly tenure; does not establish play-calling duty."
2018-CHI-quarterbacks_coach-01-17-dave-ragone,2018,CHI,coach-dave-ragone,Dave Ragone,quarterbacks_coach,1,17,,,false,false,true,verified,high,season_designation,https://static.clubs.nfl.com/image/upload/saints/cppryvovnkj3awae4uju.pdf,"Formal preseason staff title: quarterbacks. Weeks encode the season designation, not independently observed weekly tenure; does not establish play-calling duty."
2018-CIN-head_coach-01-17-marvin-lewis,2018,CIN,coach-marvin-lewis,Marvin Lewis,head_coach,1,17,,,false,false,true,verified,high,observed_game_weeks,https://github.com/nflverse/nflverse-data/releases/download/pbp/play_by_play_2018.parquet,Observed head coach on each included regular-season game; interval is first through last observed game week.
2018-CIN-offensive_coordinator-01-17-bill-lazor,2018,CIN,coach-bill-lazor,Bill Lazor,offensive_coordinator,1,17,,,false,false,false,verified,high,season_designation,https://static.clubs.nfl.com/image/upload/saints/cppryvovnkj3awae4uju.pdf,"Formal preseason staff title: offensive coordinator. Weeks encode the season designation, not independently observed weekly tenure; does not establish play-calling duty."
2018-CIN-quarterbacks_coach-01-17-alex-van-pelt,2018,CIN,coach-alex-van-pelt,Alex Van Pelt,quarterbacks_coach,1,17,,,false,false,false,verified,high,season_designation,https://static.clubs.nfl.com/image/upload/saints/cppryvovnkj3awae4uju.pdf,"Formal preseason staff title: quarterbacks. Weeks encode the season designation, not independently observed weekly tenure; does not establish play-calling duty."
2018-CLE-head_coach-01-08-hue-jackson,2018,CLE,coach-hue-jackson,Hue Jackson,head_coach,1,8,,,false,false,true,verified,high,observed_game_weeks,https://github.com/nflverse/nflverse-data/releases/download/pbp/play_by_play_2018.parquet,Observed head coach on each included regular-season game; interval is first through last observed game week.
2018-CLE-head_coach-09-17-gregg-williams,2018,CLE,coach-gregg-williams,Gregg Williams,head_coach,9,17,,,true,false,false,verified,high,observed_game_weeks,https://github.com/nflverse/nflverse-data/releases/download/pbp/play_by_play_2018.parquet,Observed head coach on each included regular-season game; interval is first through last observed game week.
2018-CLE-offensive_coordinator-01-17-todd-haley,2018,CLE,coach-todd-haley,Todd Haley,offensive_coordinator,1,17,,,false,false,false,verified,high,season_designation,https://static.clubs.nfl.com/image/upload/saints/cppryvovnkj3awae4uju.pdf,"Formal preseason staff title: offensive coordinator. Weeks encode the season designation, not independently observed weekly tenure; does not establish play-calling duty."
2018-DAL-head_coach-01-17-jason-garrett,2018,DAL,coach-jason-garrett,Jason Garrett,head_coach,1,17,,,false,false,true,verified,high,observed_game_weeks,https://github.com/nflverse/nflverse-data/releases/download/pbp/play_by_play_2018.parquet,Observed head coach on each included regular-season game; interval is first through last observed game week.
2018-DAL-offensive_coordinator-01-17-scott-linehan,2018,DAL,coach-scott-linehan,Scott Linehan,offensive_coordinator,1,17,,,false,false,true,verified,high,season_designation,https://static.clubs.nfl.com/image/upload/saints/cppryvovnkj3awae4uju.pdf,"Formal preseason staff title: offensive coordinator. Weeks encode the season designation, not independently observed weekly tenure; does not establish play-calling duty."
2018-DAL-quarterbacks_coach-01-17-kellen-moore,2018,DAL,coach-kellen-moore,Kellen Moore,quarterbacks_coach,1,17,,,false,false,false,verified,high,season_designation,https://static.clubs.nfl.com/image/upload/saints/cppryvovnkj3awae4uju.pdf,"Formal preseason staff title: quarterbacks. Weeks encode the season designation, not independently observed weekly tenure; does not establish play-calling duty."
2018-DEN-head_coach-01-17-vance-joseph,2018,DEN,coach-vance-joseph,Vance Joseph,head_coach,1,17,,,false,false,true,verified,high,observed_game_weeks,https://github.com/nflverse/nflverse-data/releases/download/pbp/play_by_play_2018.parquet,Observed head coach on each included regular-season game; interval is first through last observed game week.
2018-DEN-offensive_coordinator-01-17-bill-musgrave,2018,DEN,coach-bill-musgrave,Bill Musgrave,offensive_coordinator,1,17,,,false,false,false,verified,high,season_designation,https://static.clubs.nfl.com/image/upload/saints/cppryvovnkj3awae4uju.pdf,"Formal preseason staff title: offensive coordinator. Weeks encode the season designation, not independently observed weekly tenure; does not establish play-calling duty."
2018-DEN-quarterbacks_coach-01-17-mike-sullivan,2018,DEN,coach-mike-sullivan,Mike Sullivan,quarterbacks_coach,1,17,,,false,false,false,verified,high,season_designation,https://static.clubs.nfl.com/image/upload/saints/cppryvovnkj3awae4uju.pdf,"Formal preseason staff title: quarterbacks. Weeks encode the season designation, not independently observed weekly tenure; does not establish play-calling duty."
2018-DET-head_coach-01-17-matt-patricia,2018,DET,coach-matt-patricia,Matt Patricia,head_coach,1,17,,,false,false,false,verified,high,observed_game_weeks,https://github.com/nflverse/nflverse-data/releases/download/pbp/play_by_play_2018.parquet,Observed head coach on each included regular-season game; interval is first through last observed game week.
2018-DET-offensive_coordinator-01-17-jim-bob-cooter,2018,DET,coach-jim-bob-cooter,Jim Bob Cooter,offensive_coordinator,1,17,,,false,false,true,verified,high,season_designation,https://static.clubs.nfl.com/image/upload/saints/cppryvovnkj3awae4uju.pdf,"Formal preseason staff title: offensive coordinator. Weeks encode the season designation, not independently observed weekly tenure; does not establish play-calling duty."
2018-DET-quarterbacks_coach-01-17-george-godsey,2018,DET,coach-george-godsey,George Godsey,quarterbacks_coach,1,17,,,false,false,false,verified,high,season_designation,https://static.clubs.nfl.com/image/upload/saints/cppryvovnkj3awae4uju.pdf,"Formal preseason staff title: quarterbacks. Weeks encode the season designation, not independently observed weekly tenure; does not establish play-calling duty."
2018-GB-head_coach-01-13-mike-mccarthy,2018,GB,coach-mike-mccarthy,Mike McCarthy,head_coach,1,13,,,false,false,true,verified,high,observed_game_weeks,https://github.com/nflverse/nflverse-data/releases/download/pbp/play_by_play_2018.parquet,Observed head coach on each included regular-season game; interval is first through last observed game week.
2018-GB-head_coach-14-17-joe-philbin,2018,GB,coach-joe-philbin,Joe Philbin,head_coach,14,17,,,true,false,false,verified,high,observed_game_weeks,https://github.com/nflverse/nflverse-data/releases/download/pbp/play_by_play_2018.parquet,Observed head coach on each included regular-season game; interval is first through last observed game week.
2018-GB-offensive_coordinator-01-17-joe-philbin,2018,GB,coach-joe-philbin,Joe Philbin,offensive_coordinator,1,17,,,false,false,false,verified,high,season_designation,https://static.clubs.nfl.com/image/upload/saints/cppryvovnkj3awae4uju.pdf,"Formal preseason staff title: offensive coordinator. Weeks encode the season designation, not independently observed weekly tenure; does not establish play-calling duty."
2018-GB-quarterbacks_coach-01-17-frank-cignetti-jr,2018,GB,coach-frank-cignetti-jr,Frank Cignetti Jr,quarterbacks_coach,1,17,,,false,false,false,verified,high,season_designation,https://static.clubs.nfl.com/image/upload/saints/cppryvovnkj3awae4uju.pdf,"Formal preseason staff title: quarterbacks. Weeks encode the season designation, not independently observed weekly tenure; does not establish play-calling duty."
2018-HOU-head_coach-01-17-bill-o-brien,2018,HOU,coach-bill-o-brien,Bill O'Brien,head_coach,1,17,,,false,false,true,verified,high,observed_game_weeks,https://github.com/nflverse/nflverse-data/releases/download/pbp/play_by_play_2018.parquet,Observed head coach on each included regular-season game; interval is first through last observed game week.
2018-HOU-quarterbacks_coach-01-17-sean-ryan,2018,HOU,coach-sean-ryan,Sean Ryan,quarterbacks_coach,1,17,,,false,false,false,verified,high,season_designation,https://static.clubs.nfl.com/image/upload/saints/cppryvovnkj3awae4uju.pdf,"Formal preseason staff title: quarterbacks. Weeks encode the season designation, not independently observed weekly tenure; does not establish play-calling duty."
2018-IND-head_coach-01-17-frank-reich,2018,IND,coach-frank-reich,Frank Reich,head_coach,1,17,,,false,false,false,verified,high,observed_game_weeks,https://github.com/nflverse/nflverse-data/releases/download/pbp/play_by_play_2018.parquet,Observed head coach on each included regular-season game; interval is first through last observed game week.
2018-IND-offensive_coordinator-01-17-nick-sirianni,2018,IND,coach-nick-sirianni,Nick Sirianni,offensive_coordinator,1,17,,,false,false,false,verified,high,season_designation,https://static.clubs.nfl.com/image/upload/saints/cppryvovnkj3awae4uju.pdf,"Formal preseason staff title: offensive coordinator. Weeks encode the season designation, not independently observed weekly tenure; does not establish play-calling duty."
2018-JAX-head_coach-01-17-doug-marrone,2018,JAX,coach-doug-marrone,Doug Marrone,head_coach,1,17,,,false,false,true,verified,high,observed_game_weeks,https://github.com/nflverse/nflverse-data/releases/download/pbp/play_by_play_2018.parquet,Observed head coach on each included regular-season game; interval is first through last observed game week.
2018-JAX-offensive_coordinator-01-17-nathaniel-hackett,2018,JAX,coach-nathaniel-hackett,Nathaniel Hackett,offensive_coordinator,1,17,,,false,false,true,verified,high,season_designation,https://static.clubs.nfl.com/image/upload/saints/cppryvovnkj3awae4uju.pdf,"Formal preseason staff title: offensive coordinator. Weeks encode the season designation, not independently observed weekly tenure; does not establish play-calling duty."
2018-KC-head_coach-01-17-andy-reid,2018,KC,coach-andy-reid,Andy Reid,head_coach,1,17,,,false,false,true,verified,high,observed_game_weeks,https://github.com/nflverse/nflverse-data/releases/download/pbp/play_by_play_2018.parquet,Observed head coach on each included regular-season game; interval is first through last observed game week.
2018-KC-offensive_coordinator-01-17-eric-bieniemy,2018,KC,coach-eric-bieniemy,Eric Bieniemy,offensive_coordinator,1,17,,,false,false,false,verified,high,season_designation,https://static.clubs.nfl.com/image/upload/saints/cppryvovnkj3awae4uju.pdf,"Formal preseason staff title: offensive coordinator. Weeks encode the season designation, not independently observed weekly tenure; does not establish play-calling duty."
2018-KC-quarterbacks_coach-01-17-mike-kafka,2018,KC,coach-mike-kafka,Mike Kafka,quarterbacks_coach,1,17,,,false,false,false,verified,high,season_designation,https://static.clubs.nfl.com/image/upload/saints/cppryvovnkj3awae4uju.pdf,"Formal preseason staff title: quarterbacks. Weeks encode the season designation, not independently observed weekly tenure; does not establish play-calling duty."
2018-LA-head_coach-01-17-sean-mcvay,2018,LA,coach-sean-mcvay,Sean McVay,head_coach,1,17,,,false,false,true,verified,high,observed_game_weeks,https://github.com/nflverse/nflverse-data/releases/download/pbp/play_by_play_2018.parquet,Observed head coach on each included regular-season game; interval is first through last observed game week.
2018-LAC-head_coach-01-17-anthony-lynn,2018,LAC,coach-anthony-lynn,Anthony Lynn,head_coach,1,17,,,false,false,true,verified,high,observed_game_weeks,https://github.com/nflverse/nflverse-data/releases/download/pbp/play_by_play_2018.parquet,Observed head coach on each included regular-season game; interval is first through last observed game week.
2018-LAC-offensive_coordinator-01-17-ken-whisenhunt,2018,LAC,coach-ken-whisenhunt,Ken Whisenhunt,offensive_coordinator,1,17,,,false,false,true,verified,high,season_designation,https://static.clubs.nfl.com/image/upload/saints/cppryvovnkj3awae4uju.pdf,"Formal preseason staff title: offensive coordinator. Weeks encode the season designation, not independently observed weekly tenure; does not establish play-calling duty."
2018-LAC-quarterbacks_coach-01-17-shane-steichen,2018,LAC,coach-shane-steichen,Shane Steichen,quarterbacks_coach,1,17,,,false,false,true,verified,high,season_designation,https://static.clubs.nfl.com/image/upload/saints/cppryvovnkj3awae4uju.pdf,"Formal preseason staff title: quarterbacks. Weeks encode the season designation, not independently observed weekly tenure; does not establish play-calling duty."
2018-LV-head_coach-01-17-jon-gruden,2018,LV,coach-jon-gruden,Jon Gruden,head_coach,1,17,,,false,false,false,verified,high,observed_game_weeks,https://github.com/nflverse/nflverse-data/releases/download/pbp/play_by_play_2018.parquet,Observed head coach on each included regular-season game; interval is first through last observed game week.
2018-LV-offensive_coordinator-01-17-greg-olson,2018,LV,coach-greg-olson,Greg Olson,offensive_coordinator,1,17,,,false,false,false,verified,high,season_designation,https://static.clubs.nfl.com/image/upload/saints/cppryvovnkj3awae4uju.pdf,"Formal preseason staff title: offensive coordinator. Weeks encode the season designation, not independently observed weekly tenure; does not establish play-calling duty."
2018-MIA-head_coach-01-17-adam-gase,2018,MIA,coach-adam-gase,Adam Gase,head_coach,1,17,,,false,false,true,verified,high,observed_game_weeks,https://github.com/nflverse/nflverse-data/releases/download/pbp/play_by_play_2018.parquet,Observed head coach on each included regular-season game; interval is first through last observed game week.
2018-MIA-offensive_coordinator-01-17-dowell-loggains,2018,MIA,coach-dowell-loggains,Dowell Loggains,offensive_coordinator,1,17,,,false,false,false,verified,high,season_designation,https://static.clubs.nfl.com/image/upload/saints/cppryvovnkj3awae4uju.pdf,"Formal preseason staff title: offensive coordinator. Weeks encode the season designation, not independently observed weekly tenure; does not establish play-calling duty."
2018-MIA-quarterbacks_coach-01-17-bo-hardegree,2018,MIA,coach-bo-hardegree,Bo Hardegree,quarterbacks_coach,1,17,,,false,false,true,verified,high,season_designation,https://static.clubs.nfl.com/image/upload/saints/cppryvovnkj3awae4uju.pdf,"Formal preseason staff title: quarterbacks. Weeks encode the season designation, not independently observed weekly tenure; does not establish play-calling duty."
2018-MIN-head_coach-01-17-mike-zimmer,2018,MIN,coach-mike-zimmer,Mike Zimmer,head_coach,1,17,,,false,false,true,verified,high,observed_game_weeks,https://github.com/nflverse/nflverse-data/releases/download/pbp/play_by_play_2018.parquet,Observed head coach on each included regular-season game; interval is first through last observed game week.
2018-MIN-quarterbacks_coach-01-17-kevin-stefanski,2018,MIN,coach-kevin-stefanski,Kevin Stefanski,quarterbacks_coach,1,17,,,false,false,true,verified,high,season_designation,https://static.clubs.nfl.com/image/upload/saints/cppryvovnkj3awae4uju.pdf,"Formal preseason staff title: quarterbacks. Weeks encode the season designation, not independently observed weekly tenure; does not establish play-calling duty."
2018-NE-head_coach-01-17-bill-belichick,2018,NE,coach-bill-belichick,Bill Belichick,head_coach,1,17,,,false,false,true,verified,high,observed_game_weeks,https://github.com/nflverse/nflverse-data/releases/download/pbp/play_by_play_2018.parquet,Observed head coach on each included regular-season game; interval is first through last observed game week.
2018-NO-head_coach-01-17-sean-payton,2018,NO,coach-sean-payton,Sean Payton,head_coach,1,17,,,false,false,true,verified,high,observed_game_weeks,https://github.com/nflverse/nflverse-data/releases/download/pbp/play_by_play_2018.parquet,Observed head coach on each included regular-season game; interval is first through last observed game week.
2018-NO-offensive_coordinator-01-17-pete-carmichael,2018,NO,coach-pete-carmichael,Pete Carmichael,offensive_coordinator,1,17,,,false,false,true,verified,high,season_designation,https://static.clubs.nfl.com/image/upload/saints/cppryvovnkj3awae4uju.pdf,"Formal preseason staff title: offensive coordinator. Weeks encode the season designation, not independently observed weekly tenure; does not establish play-calling duty."
2018-NO-quarterbacks_coach-01-17-joe-lombardi,2018,NO,coach-joe-lombardi,Joe Lombardi,quarterbacks_coach,1,17,,,false,false,true,verified,high,season_designation,https://static.clubs.nfl.com/image/upload/saints/cppryvovnkj3awae4uju.pdf,"Formal preseason staff title: quarterbacks. Weeks encode the season designation, not independently observed weekly tenure; does not establish play-calling duty."
2018-NYG-head_coach-01-17-pat-shurmur,2018,NYG,coach-pat-shurmur,Pat Shurmur,head_coach,1,17,,,false,false,false,verified,high,observed_game_weeks,https://github.com/nflverse/nflverse-data/releases/download/pbp/play_by_play_2018.parquet,Observed head coach on each included regular-season game; interval is first through last observed game week.
2018-NYJ-head_coach-01-17-todd-bowles,2018,NYJ,coach-todd-bowles,Todd Bowles,head_coach,1,17,,,false,false,true,verified,high,observed_game_weeks,https://github.com/nflverse/nflverse-data/releases/download/pbp/play_by_play_2018.parquet,Observed head coach on each included regular-season game; interval is first through last observed game week.
2018-PHI-head_coach-01-17-doug-pederson,2018,PHI,coach-doug-pederson,Doug Pederson,head_coach,1,17,,,false,false,true,verified,high,observed_game_weeks,https://github.com/nflverse/nflverse-data/releases/download/pbp/play_by_play_2018.parquet,Observed head coach on each included regular-season game; interval is first through last observed game week.
2018-PHI-offensive_coordinator-01-17-mike-groh,2018,PHI,coach-mike-groh,Mike Groh,offensive_coordinator,1,17,,,false,false,false,verified,high,season_designation,https://static.clubs.nfl.com/image/upload/saints/cppryvovnkj3awae4uju.pdf,"Formal preseason staff title: offensive coordinator. Weeks encode the season designation, not independently observed weekly tenure; does not establish play-calling duty."
2018-PHI-quarterbacks_coach-01-17-press-taylor,2018,PHI,coach-press-taylor,Press Taylor,quarterbacks_coach,1,17,,,false,false,false,verified,high,season_designation,https://static.clubs.nfl.com/image/upload/saints/cppryvovnkj3awae4uju.pdf,"Formal preseason staff title: quarterbacks. Weeks encode the season designation, not independently observed weekly tenure; does not establish play-calling duty."
2018-PIT-head_coach-01-17-mike-tomlin,2018,PIT,coach-mike-tomlin,Mike Tomlin,head_coach,1,17,,,false,false,true,verified,high,observed_game_weeks,https://github.com/nflverse/nflverse-data/releases/download/pbp/play_by_play_2018.parquet,Observed head coach on each included regular-season game; interval is first through last observed game week.
2018-SEA-head_coach-01-17-pete-carroll,2018,SEA,coach-pete-carroll,Pete Carroll,head_coach,1,17,,,false,false,true,verified,high,observed_game_weeks,https://github.com/nflverse/nflverse-data/releases/download/pbp/play_by_play_2018.parquet,Observed head coach on each included regular-season game; interval is first through last observed game week.
2018-SEA-offensive_coordinator-01-17-brian-schottenheimer,2018,SEA,coach-brian-schottenheimer,Brian Schottenheimer,offensive_coordinator,1,17,,,false,false,false,verified,high,season_designation,https://static.clubs.nfl.com/image/upload/saints/cppryvovnkj3awae4uju.pdf,"Formal preseason staff title: offensive coordinator. Weeks encode the season designation, not independently observed weekly tenure; does not establish play-calling duty."
2018-SEA-quarterbacks_coach-01-17-dave-canales,2018,SEA,coach-dave-canales,Dave Canales,quarterbacks_coach,1,17,,,false,false,false,verified,high,season_designation,https://static.clubs.nfl.com/image/upload/saints/cppryvovnkj3awae4uju.pdf,"Formal preseason staff title: quarterbacks. Weeks encode the season designation, not independently observed weekly tenure; does not establish play-calling duty."
2018-SF-head_coach-01-17-kyle-shanahan,2018,SF,coach-kyle-shanahan,Kyle Shanahan,head_coach,1,17,,,false,false,true,verified,high,observed_game_weeks,https://github.com/nflverse/nflverse-data/releases/download/pbp/play_by_play_2018.parquet,Observed head coach on each included regular-season game; interval is first through last observed game week.
2018-SF-quarterbacks_coach-01-17-rich-scangarello,2018,SF,coach-rich-scangarello,Rich Scangarello,quarterbacks_coach,1,17,,,false,false,true,verified,high,season_designation,https://static.clubs.nfl.com/image/upload/saints/cppryvovnkj3awae4uju.pdf,"Formal preseason staff title: quarterbacks. Weeks encode the season designation, not independently observed weekly tenure; does not establish play-calling duty."
2018-TB-head_coach-01-17-dirk-koetter,2018,TB,coach-dirk-koetter,Dirk Koetter,head_coach,1,17,,,false,false,true,verified,high,observed_game_weeks,https://github.com/nflverse/nflverse-data/releases/download/pbp/play_by_play_2018.parquet,Observed head coach on each included regular-season game; interval is first through last observed game week.
2018-TB-offensive_coordinator-01-17-todd-monken,2018,TB,coach-todd-monken,Todd Monken,offensive_coordinator,1,17,,,false,false,true,verified,high,season_designation,https://static.clubs.nfl.com/image/upload/saints/cppryvovnkj3awae4uju.pdf,"Formal preseason staff title: offensive coordinator. Weeks encode the season designation, not independently observed weekly tenure; does not establish play-calling duty."
2018-TB-quarterbacks_coach-01-17-mike-bajakian,2018,TB,coach-mike-bajakian,Mike Bajakian,quarterbacks_coach,1,17,,,false,false,true,verified,high,season_designation,https://static.clubs.nfl.com/image/upload/saints/cppryvovnkj3awae4uju.pdf,"Formal preseason staff title: quarterbacks. Weeks encode the season designation, not independently observed weekly tenure; does not establish play-calling duty."
2018-TEN-head_coach-01-17-mike-vrabel,2018,TEN,coach-mike-vrabel,Mike Vrabel,head_coach,1,17,,,false,false,false,verified,high,observed_game_weeks,https://github.com/nflverse/nflverse-data/releases/download/pbp/play_by_play_2018.parquet,Observed head coach on each included regular-season game; interval is first through last observed game week.
2018-TEN-offensive_coordinator-01-17-matt-lafleur,2018,TEN,coach-matt-lafleur,Matt LaFleur,offensive_coordinator,1,17,,,false,false,false,verified,high,season_designation,https://static.clubs.nfl.com/image/upload/saints/cppryvovnkj3awae4uju.pdf,"Formal preseason staff title: offensive coordinator. Weeks encode the season designation, not independently observed weekly tenure; does not establish play-calling duty."
2018-WAS-head_coach-01-17-jay-gruden,2018,WAS,coach-jay-gruden,Jay Gruden,head_coach,1,17,,,false,false,true,verified,high,observed_game_weeks,https://github.com/nflverse/nflverse-data/releases/download/pbp/play_by_play_2018.parquet,Observed head coach on each included regular-season game; interval is first through last observed game week.
2018-WAS-offensive_coordinator-01-17-matt-cavanaugh,2018,WAS,coach-matt-cavanaugh,Matt Cavanaugh,offensive_coordinator,1,17,,,false,false,true,verified,high,season_designation,https://static.clubs.nfl.com/image/upload/saints/cppryvovnkj3awae4uju.pdf,"Formal preseason staff title: offensive coordinator. Weeks encode the season designation, not independently observed weekly tenure; does not establish play-calling duty."
2019-ARI-head_coach-01-17-kliff-kingsbury,2019,ARI,coach-kliff-kingsbury,Kliff Kingsbury,head_coach,1,17,,,false,false,false,verified,high,observed_game_weeks,https://github.com/nflverse/nflverse-data/releases/download/pbp/play_by_play_2019.parquet,Observed head coach on each included regular-season game; interval is first through last observed game week.
2019-ATL-head_coach-01-17-dan-quinn,2019,ATL,coach-dan-quinn,Dan Quinn,head_coach,1,17,,,false,false,true,verified,high,observed_game_weeks,https://github.com/nflverse/nflverse-data/releases/download/pbp/play_by_play_2019.parquet,Observed head coach on each included regular-season game; interval is first through last observed game week.
2019-ATL-offensive_coordinator-01-17-dirk-koetter,2019,ATL,coach-dirk-koetter,Dirk Koetter,offensive_coordinator,1,17,,,false,false,false,verified,high,season_designation,https://static.www.nfl.com/image/upload/league/f60ftapcsbynqgymw72q.pdf,"Formal preseason staff title: offensive coordinator. Weeks encode the season designation, not independently observed weekly tenure; does not establish play-calling duty."
2019-ATL-quarterbacks_coach-01-17-greg-knapp,2019,ATL,coach-greg-knapp,Greg Knapp,quarterbacks_coach,1,17,,,false,false,true,verified,high,season_designation,https://static.www.nfl.com/image/upload/league/f60ftapcsbynqgymw72q.pdf,"Formal preseason staff title: quarterbacks. Weeks encode the season designation, not independently observed weekly tenure; does not establish play-calling duty."
2019-BAL-head_coach-01-17-john-harbaugh,2019,BAL,coach-john-harbaugh,John Harbaugh,head_coach,1,17,,,false,false,true,verified,high,observed_game_weeks,https://github.com/nflverse/nflverse-data/releases/download/pbp/play_by_play_2019.parquet,Observed head coach on each included regular-season game; interval is first through last observed game week.
2019-BAL-offensive_coordinator-01-17-greg-roman,2019,BAL,coach-greg-roman,Greg Roman,offensive_coordinator,1,17,,,false,false,false,verified,high,season_designation,https://static.www.nfl.com/image/upload/league/f60ftapcsbynqgymw72q.pdf,"Formal preseason staff title: offensive coordinator. Weeks encode the season designation, not independently observed weekly tenure; does not establish play-calling duty."
2019-BAL-quarterbacks_coach-01-17-james-urban,2019,BAL,coach-james-urban,James Urban,quarterbacks_coach,1,17,,,false,false,true,verified,high,season_designation,https://static.www.nfl.com/image/upload/league/f60ftapcsbynqgymw72q.pdf,"Formal preseason staff title: quarterbacks. Weeks encode the season designation, not independently observed weekly tenure; does not establish play-calling duty."
2019-BUF-head_coach-01-17-sean-mcdermott,2019,BUF,coach-sean-mcdermott,Sean McDermott,head_coach,1,17,,,false,false,true,verified,high,observed_game_weeks,https://github.com/nflverse/nflverse-data/releases/download/pbp/play_by_play_2019.parquet,Observed head coach on each included regular-season game; interval is first through last observed game week.
2019-BUF-offensive_coordinator-01-17-brian-daboll,2019,BUF,coach-brian-daboll,Brian Daboll,offensive_coordinator,1,17,,,false,false,true,verified,high,season_designation,https://static.www.nfl.com/image/upload/league/f60ftapcsbynqgymw72q.pdf,"Formal preseason staff title: offensive coordinator. Weeks encode the season designation, not independently observed weekly tenure; does not establish play-calling duty."
2019-BUF-quarterbacks_coach-01-17-ken-dorsey,2019,BUF,coach-ken-dorsey,Ken Dorsey,quarterbacks_coach,1,17,,,false,false,false,verified,high,season_designation,https://static.www.nfl.com/image/upload/league/f60ftapcsbynqgymw72q.pdf,"Formal preseason staff title: quarterbacks. Weeks encode the season designation, not independently observed weekly tenure; does not establish play-calling duty."
2019-CAR-head_coach-01-17-ron-rivera,2019,CAR,coach-ron-rivera,Ron Rivera,head_coach,1,17,,,false,false,true,verified,high,observed_game_weeks,https://github.com/nflverse/nflverse-data/releases/download/pbp/play_by_play_2019.parquet,Observed head coach on each included regular-season game; interval is first through last observed game week.
2019-CAR-offensive_coordinator-01-17-norv-turner,2019,CAR,coach-norv-turner,Norv Turner,offensive_coordinator,1,17,,,false,false,true,verified,high,season_designation,https://static.www.nfl.com/image/upload/league/f60ftapcsbynqgymw72q.pdf,"Formal preseason staff title: offensive coordinator. Weeks encode the season designation, not independently observed weekly tenure; does not establish play-calling duty."
2019-CAR-quarterbacks_coach-01-17-scott-turner,2019,CAR,coach-scott-turner,Scott Turner,quarterbacks_coach,1,17,,,false,false,true,verified,high,season_designation,https://static.www.nfl.com/image/upload/league/f60ftapcsbynqgymw72q.pdf,"Formal preseason staff title: quarterbacks. Weeks encode the season designation, not independently observed weekly tenure; does not establish play-calling duty."
2019-CHI-head_coach-01-17-matt-nagy,2019,CHI,coach-matt-nagy,Matt Nagy,head_coach,1,17,,,false,false,true,verified,high,observed_game_weeks,https://github.com/nflverse/nflverse-data/releases/download/pbp/play_by_play_2019.parquet,Observed head coach on each included regular-season game; interval is first through last observed game week.
2019-CHI-offensive_coordinator-01-17-mark-helfrich,2019,CHI,coach-mark-helfrich,Mark Helfrich,offensive_coordinator,1,17,,,false,false,true,verified,high,season_designation,https://static.www.nfl.com/image/upload/league/f60ftapcsbynqgymw72q.pdf,"Formal preseason staff title: offensive coordinator. Weeks encode the season designation, not independently observed weekly tenure; does not establish play-calling duty."
2019-CHI-quarterbacks_coach-01-17-dave-ragone,2019,CHI,coach-dave-ragone,Dave Ragone,quarterbacks_coach,1,17,,,false,false,true,verified,high,season_designation,https://static.www.nfl.com/image/upload/league/f60ftapcsbynqgymw72q.pdf,"Formal preseason staff title: quarterbacks. Weeks encode the season designation, not independently observed weekly tenure; does not establish play-calling duty."
2019-CIN-head_coach-01-17-zac-taylor,2019,CIN,coach-zac-taylor,Zac Taylor,head_coach,1,17,,,false,false,false,verified,high,observed_game_weeks,https://github.com/nflverse/nflverse-data/releases/download/pbp/play_by_play_2019.parquet,Observed head coach on each included regular-season game; interval is first through last observed game week.
2019-CIN-offensive_coordinator-01-17-brian-callahan,2019,CIN,coach-brian-callahan,Brian Callahan,offensive_coordinator,1,17,,,false,false,false,verified,high,season_designation,https://static.www.nfl.com/image/upload/league/f60ftapcsbynqgymw72q.pdf,"Formal preseason staff title: offensive coordinator. Weeks encode the season designation, not independently observed weekly tenure; does not establish play-calling duty."
2019-CIN-quarterbacks_coach-01-17-alex-van-pelt,2019,CIN,coach-alex-van-pelt,Alex Van Pelt,quarterbacks_coach,1,17,,,false,false,true,verified,high,season_designation,https://static.www.nfl.com/image/upload/league/f60ftapcsbynqgymw72q.pdf,"Formal preseason staff title: quarterbacks. Weeks encode the season designation, not independently observed weekly tenure; does not establish play-calling duty."
2019-CLE-head_coach-01-17-freddie-kitchens,2019,CLE,coach-freddie-kitchens,Freddie Kitchens,head_coach,1,17,,,false,false,false,verified,high,observed_game_weeks,https://github.com/nflverse/nflverse-data/releases/download/pbp/play_by_play_2019.parquet,Observed head coach on each included regular-season game; interval is first through last observed game week.
2019-CLE-quarterbacks_coach-01-17-ryan-lindley,2019,CLE,coach-ryan-lindley,Ryan Lindley,quarterbacks_coach,1,17,,,false,false,false,verified,high,season_designation,https://static.www.nfl.com/image/upload/league/f60ftapcsbynqgymw72q.pdf,"Formal preseason staff title: quarterbacks. Weeks encode the season designation, not independently observed weekly tenure; does not establish play-calling duty."
2019-DAL-head_coach-01-17-jason-garrett,2019,DAL,coach-jason-garrett,Jason Garrett,head_coach,1,17,,,false,false,true,verified,high,observed_game_weeks,https://github.com/nflverse/nflverse-data/releases/download/pbp/play_by_play_2019.parquet,Observed head coach on each included regular-season game; interval is first through last observed game week.
2019-DAL-offensive_coordinator-01-17-kellen-moore,2019,DAL,coach-kellen-moore,Kellen Moore,offensive_coordinator,1,17,,,false,false,false,verified,high,season_designation,https://static.www.nfl.com/image/upload/league/f60ftapcsbynqgymw72q.pdf,"Formal preseason staff title: offensive coordinator. Weeks encode the season designation, not independently observed weekly tenure; does not establish play-calling duty."
2019-DAL-quarterbacks_coach-01-17-jon-kitna,2019,DAL,coach-jon-kitna,Jon Kitna,quarterbacks_coach,1,17,,,false,false,false,verified,high,season_designation,https://static.www.nfl.com/image/upload/league/f60ftapcsbynqgymw72q.pdf,"Formal preseason staff title: quarterbacks. Weeks encode the season designation, not independently observed weekly tenure; does not establish play-calling duty."
2019-DEN-head_coach-01-17-vic-fangio,2019,DEN,coach-vic-fangio,Vic Fangio,head_coach,1,17,,,false,false,false,verified,high,observed_game_weeks,https://github.com/nflverse/nflverse-data/releases/download/pbp/play_by_play_2019.parquet,Observed head coach on each included regular-season game; interval is first through last observed game week.
2019-DEN-offensive_coordinator-01-17-rich-scangarello,2019,DEN,coach-rich-scangarello,Rich Scangarello,offensive_coordinator,1,17,,,false,false,false,verified,high,season_designation,https://static.www.nfl.com/image/upload/league/f60ftapcsbynqgymw72q.pdf,"Formal preseason staff title: offensive coordinator. Weeks encode the season designation, not independently observed weekly tenure; does not establish play-calling duty."
2019-DEN-quarterbacks_coach-01-17-t-c-mccartney,2019,DEN,coach-t-c-mccartney,T.C. McCartney,quarterbacks_coach,1,17,,,false,false,false,verified,high,season_designation,https://static.www.nfl.com/image/upload/league/f60ftapcsbynqgymw72q.pdf,"Formal preseason staff title: quarterbacks. Weeks encode the season designation, not independently observed weekly tenure; does not establish play-calling duty."
2019-DET-head_coach-01-17-matt-patricia,2019,DET,coach-matt-patricia,Matt Patricia,head_coach,1,17,,,false,false,true,verified,high,observed_game_weeks,https://github.com/nflverse/nflverse-data/releases/download/pbp/play_by_play_2019.parquet,Observed head coach on each included regular-season game; interval is first through last observed game week.
2019-GB-head_coach-01-17-matt-lafleur,2019,GB,coach-matt-lafleur,Matt LaFleur,head_coach,1,17,,,false,false,false,verified,high,observed_game_weeks,https://github.com/nflverse/nflverse-data/releases/download/pbp/play_by_play_2019.parquet,Observed head coach on each included regular-season game; interval is first through last observed game week.
2019-GB-offensive_coordinator-01-17-nathaniel-hackett,2019,GB,coach-nathaniel-hackett,Nathaniel Hackett,offensive_coordinator,1,17,,,false,false,false,verified,high,season_designation,https://static.www.nfl.com/image/upload/league/f60ftapcsbynqgymw72q.pdf,"Formal preseason staff title: offensive coordinator. Weeks encode the season designation, not independently observed weekly tenure; does not establish play-calling duty."
2019-GB-quarterbacks_coach-01-17-luke-getsy,2019,GB,coach-luke-getsy,Luke Getsy,quarterbacks_coach,1,17,,,false,false,false,verified,high,season_designation,https://static.www.nfl.com/image/upload/league/f60ftapcsbynqgymw72q.pdf,"Formal preseason staff title: quarterbacks. Weeks encode the season designation, not independently observed weekly tenure; does not establish play-calling duty."
2019-HOU-head_coach-01-17-bill-o-brien,2019,HOU,coach-bill-o-brien,Bill O'Brien,head_coach,1,17,,,false,false,true,verified,high,observed_game_weeks,https://github.com/nflverse/nflverse-data/releases/download/pbp/play_by_play_2019.parquet,Observed head coach on each included regular-season game; interval is first through last observed game week.
2019-HOU-offensive_coordinator-01-17-tim-kelly,2019,HOU,coach-tim-kelly,Tim Kelly,offensive_coordinator,1,17,,,false,false,false,verified,high,season_designation,https://static.www.nfl.com/image/upload/league/f60ftapcsbynqgymw72q.pdf,"Formal preseason staff title: offensive coordinator. Weeks encode the season designation, not independently observed weekly tenure; does not establish play-calling duty."
2019-HOU-quarterbacks_coach-01-17-carl-smith,2019,HOU,coach-carl-smith,Carl Smith,quarterbacks_coach,1,17,,,false,false,false,verified,high,season_designation,https://static.www.nfl.com/image/upload/league/f60ftapcsbynqgymw72q.pdf,"Formal preseason staff title: quarterbacks. Weeks encode the season designation, not independently observed weekly tenure; does not establish play-calling duty."
2019-IND-head_coach-01-17-frank-reich,2019,IND,coach-frank-reich,Frank Reich,head_coach,1,17,,,false,false,true,verified,high,observed_game_weeks,https://github.com/nflverse/nflverse-data/releases/download/pbp/play_by_play_2019.parquet,Observed head coach on each included regular-season game; interval is first through last observed game week.
2019-IND-offensive_coordinator-01-17-nick-sirianni,2019,IND,coach-nick-sirianni,Nick Sirianni,offensive_coordinator,1,17,,,false,false,true,verified,high,season_designation,https://static.www.nfl.com/image/upload/league/f60ftapcsbynqgymw72q.pdf,"Formal preseason staff title: offensive coordinator. Weeks encode the season designation, not independently observed weekly tenure; does not establish play-calling duty."
2019-IND-quarterbacks_coach-01-17-marcus-brady,2019,IND,coach-marcus-brady,Marcus Brady,quarterbacks_coach,1,17,,,false,false,false,verified,high,season_designation,https://static.www.nfl.com/image/upload/league/f60ftapcsbynqgymw72q.pdf,"Formal preseason staff title: quarterbacks. Weeks encode the season designation, not independently observed weekly tenure; does not establish play-calling duty."
2019-JAX-head_coach-01-17-doug-marrone,2019,JAX,coach-doug-marrone,Doug Marrone,head_coach,1,17,,,false,false,true,verified,high,observed_game_weeks,https://github.com/nflverse/nflverse-data/releases/download/pbp/play_by_play_2019.parquet,Observed head coach on each included regular-season game; interval is first through last observed game week.
2019-JAX-quarterbacks_coach-01-17-scott-milanovich,2019,JAX,coach-scott-milanovich,Scott Milanovich,quarterbacks_coach,1,17,,,false,false,false,verified,high,season_designation,https://static.www.nfl.com/image/upload/league/f60ftapcsbynqgymw72q.pdf,"Formal preseason staff title: quarterbacks. Weeks encode the season designation, not independently observed weekly tenure; does not establish play-calling duty."
2019-KC-head_coach-01-17-andy-reid,2019,KC,coach-andy-reid,Andy Reid,head_coach,1,17,,,false,false,true,verified,high,observed_game_weeks,https://github.com/nflverse/nflverse-data/releases/download/pbp/play_by_play_2019.parquet,Observed head coach on each included regular-season game; interval is first through last observed game week.
2019-KC-offensive_coordinator-01-17-eric-bieniemy,2019,KC,coach-eric-bieniemy,Eric Bieniemy,offensive_coordinator,1,17,,,false,false,true,verified,high,season_designation,https://static.www.nfl.com/image/upload/league/f60ftapcsbynqgymw72q.pdf,"Formal preseason staff title: offensive coordinator. Weeks encode the season designation, not independently observed weekly tenure; does not establish play-calling duty."
2019-KC-quarterbacks_coach-01-17-mike-kafka,2019,KC,coach-mike-kafka,Mike Kafka,quarterbacks_coach,1,17,,,false,false,true,verified,high,season_designation,https://static.www.nfl.com/image/upload/league/f60ftapcsbynqgymw72q.pdf,"Formal preseason staff title: quarterbacks. Weeks encode the season designation, not independently observed weekly tenure; does not establish play-calling duty."
2019-LA-head_coach-01-17-sean-mcvay,2019,LA,coach-sean-mcvay,Sean McVay,head_coach,1,17,,,false,false,true,verified,high,observed_game_weeks,https://github.com/nflverse/nflverse-data/releases/download/pbp/play_by_play_2019.parquet,Observed head coach on each included regular-season game; interval is first through last observed game week.
2019-LAC-head_coach-01-17-anthony-lynn,2019,LAC,coach-anthony-lynn,Anthony Lynn,head_coach,1,17,,,false,false,true,verified,high,observed_game_weeks,https://github.com/nflverse/nflverse-data/releases/download/pbp/play_by_play_2019.parquet,Observed head coach on each included regular-season game; interval is first through last observed game week.
2019-LAC-offensive_coordinator-01-17-ken-whisenhunt,2019,LAC,coach-ken-whisenhunt,Ken Whisenhunt,offensive_coordinator,1,17,,,false,false,true,verified,high,season_designation,https://static.www.nfl.com/image/upload/league/f60ftapcsbynqgymw72q.pdf,"Formal preseason staff title: offensive coordinator. Weeks encode the season designation, not independently observed weekly tenure; does not establish play-calling duty."
2019-LAC-quarterbacks_coach-01-17-shane-steichen,2019,LAC,coach-shane-steichen,Shane Steichen,quarterbacks_coach,1,17,,,false,false,true,verified,high,season_designation,https://static.www.nfl.com/image/upload/league/f60ftapcsbynqgymw72q.pdf,"Formal preseason staff title: quarterbacks. Weeks encode the season designation, not independently observed weekly tenure; does not establish play-calling duty."
2019-LV-head_coach-01-17-jon-gruden,2019,LV,coach-jon-gruden,Jon Gruden,head_coach,1,17,,,false,false,true,verified,high,observed_game_weeks,https://github.com/nflverse/nflverse-data/releases/download/pbp/play_by_play_2019.parquet,Observed head coach on each included regular-season game; interval is first through last observed game week.
2019-LV-offensive_coordinator-01-17-greg-olson,2019,LV,coach-greg-olson,Greg Olson,offensive_coordinator,1,17,,,false,false,true,verified,high,season_designation,https://static.www.nfl.com/image/upload/league/f60ftapcsbynqgymw72q.pdf,"Formal preseason staff title: offensive coordinator. Weeks encode the season designation, not independently observed weekly tenure; does not establish play-calling duty."
2019-MIA-head_coach-01-17-brian-flores,2019,MIA,coach-brian-flores,Brian Flores,head_coach,1,17,,,false,false,false,verified,high,observed_game_weeks,https://github.com/nflverse/nflverse-data/releases/download/pbp/play_by_play_2019.parquet,Observed head coach on each included regular-season game; interval is first through last observed game week.
2019-MIN-head_coach-01-17-mike-zimmer,2019,MIN,coach-mike-zimmer,Mike Zimmer,head_coach,1,17,,,false,false,true,verified,high,observed_game_weeks,https://github.com/nflverse/nflverse-data/releases/download/pbp/play_by_play_2019.parquet,Observed head coach on each included regular-season game; interval is first through last observed game week.
2019-MIN-offensive_coordinator-01-17-kevin-stefanski,2019,MIN,coach-kevin-stefanski,Kevin Stefanski,offensive_coordinator,1,17,,,false,false,false,verified,high,season_designation,https://static.www.nfl.com/image/upload/league/f60ftapcsbynqgymw72q.pdf,"Formal preseason staff title: offensive coordinator. Weeks encode the season designation, not independently observed weekly tenure; does not establish play-calling duty."
2019-MIN-quarterbacks_coach-01-17-klint-kubiak,2019,MIN,coach-klint-kubiak,Klint Kubiak,quarterbacks_coach,1,17,,,false,false,false,verified,high,season_designation,https://static.www.nfl.com/image/upload/league/f60ftapcsbynqgymw72q.pdf,"Formal preseason staff title: quarterbacks. Weeks encode the season designation, not independently observed weekly tenure; does not establish play-calling duty."
2019-NE-head_coach-01-17-bill-belichick,2019,NE,coach-bill-belichick,Bill Belichick,head_coach,1,17,,,false,false,true,verified,high,observed_game_weeks,https://github.com/nflverse/nflverse-data/releases/download/pbp/play_by_play_2019.parquet,Observed head coach on each included regular-season game; interval is first through last observed game week.
2019-NO-head_coach-01-17-sean-payton,2019,NO,coach-sean-payton,Sean Payton,head_coach,1,17,,,false,false,true,verified,high,observed_game_weeks,https://github.com/nflverse/nflverse-data/releases/download/pbp/play_by_play_2019.parquet,Observed head coach on each included regular-season game; interval is first through last observed game week.
2019-NO-offensive_coordinator-01-17-pete-carmichael,2019,NO,coach-pete-carmichael,Pete Carmichael,offensive_coordinator,1,17,,,false,false,true,verified,high,season_designation,https://static.www.nfl.com/image/upload/league/f60ftapcsbynqgymw72q.pdf,"Formal preseason staff title: offensive coordinator. Weeks encode the season designation, not independently observed weekly tenure; does not establish play-calling duty."
2019-NO-quarterbacks_coach-01-17-joe-lombardi,2019,NO,coach-joe-lombardi,Joe Lombardi,quarterbacks_coach,1,17,,,false,false,true,verified,high,season_designation,https://static.www.nfl.com/image/upload/league/f60ftapcsbynqgymw72q.pdf,"Formal preseason staff title: quarterbacks. Weeks encode the season designation, not independently observed weekly tenure; does not establish play-calling duty."
2019-NYG-head_coach-01-17-pat-shurmur,2019,NYG,coach-pat-shurmur,Pat Shurmur,head_coach,1,17,,,false,false,true,verified,high,observed_game_weeks,https://github.com/nflverse/nflverse-data/releases/download/pbp/play_by_play_2019.parquet,Observed head coach on each included regular-season game; interval is first through last observed game week.
2019-NYG-offensive_coordinator-01-17-mike-shula,2019,NYG,coach-mike-shula,Mike Shula,offensive_coordinator,1,17,,,false,false,false,verified,high,season_designation,https://static.www.nfl.com/image/upload/league/f60ftapcsbynqgymw72q.pdf,"Formal preseason staff title: offensive coordinator. Weeks encode the season designation, not independently observed weekly tenure; does not establish play-calling duty."
2019-NYJ-head_coach-01-17-adam-gase,2019,NYJ,coach-adam-gase,Adam Gase,head_coach,1,17,,,false,false,false,verified,high,observed_game_weeks,https://github.com/nflverse/nflverse-data/releases/download/pbp/play_by_play_2019.parquet,Observed head coach on each included regular-season game; interval is first through last observed game week.
2019-PHI-head_coach-01-17-doug-pederson,2019,PHI,coach-doug-pederson,Doug Pederson,head_coach,1,17,,,false,false,true,verified,high,observed_game_weeks,https://github.com/nflverse/nflverse-data/releases/download/pbp/play_by_play_2019.parquet,Observed head coach on each included regular-season game; interval is first through last observed game week.
2019-PHI-offensive_coordinator-01-17-mike-groh,2019,PHI,coach-mike-groh,Mike Groh,offensive_coordinator,1,17,,,false,false,true,verified,high,season_designation,https://static.www.nfl.com/image/upload/league/f60ftapcsbynqgymw72q.pdf,"Formal preseason staff title: offensive coordinator. Weeks encode the season designation, not independently observed weekly tenure; does not establish play-calling duty."
2019-PHI-quarterbacks_coach-01-17-press-taylor,2019,PHI,coach-press-taylor,Press Taylor,quarterbacks_coach,1,17,,,false,false,true,verified,high,season_designation,https://static.www.nfl.com/image/upload/league/f60ftapcsbynqgymw72q.pdf,"Formal preseason staff title: quarterbacks. Weeks encode the season designation, not independently observed weekly tenure; does not establish play-calling duty."
2019-PIT-head_coach-01-17-mike-tomlin,2019,PIT,coach-mike-tomlin,Mike Tomlin,head_coach,1,17,,,false,false,true,verified,high,observed_game_weeks,https://github.com/nflverse/nflverse-data/releases/download/pbp/play_by_play_2019.parquet,Observed head coach on each included regular-season game; interval is first through last observed game week.
2019-SEA-head_coach-01-17-pete-carroll,2019,SEA,coach-pete-carroll,Pete Carroll,head_coach,1,17,,,false,false,true,verified,high,observed_game_weeks,https://github.com/nflverse/nflverse-data/releases/download/pbp/play_by_play_2019.parquet,Observed head coach on each included regular-season game; interval is first through last observed game week.
2019-SEA-offensive_coordinator-01-17-brian-schottenheimer,2019,SEA,coach-brian-schottenheimer,Brian Schottenheimer,offensive_coordinator,1,17,,,false,false,true,verified,high,season_designation,https://static.www.nfl.com/image/upload/league/f60ftapcsbynqgymw72q.pdf,"Formal preseason staff title: offensive coordinator. Weeks encode the season designation, not independently observed weekly tenure; does not establish play-calling duty."
2019-SEA-quarterbacks_coach-01-17-dave-canales,2019,SEA,coach-dave-canales,Dave Canales,quarterbacks_coach,1,17,,,false,false,true,verified,high,season_designation,https://static.www.nfl.com/image/upload/league/f60ftapcsbynqgymw72q.pdf,"Formal preseason staff title: quarterbacks. Weeks encode the season designation, not independently observed weekly tenure; does not establish play-calling duty."
2019-SF-head_coach-01-17-kyle-shanahan,2019,SF,coach-kyle-shanahan,Kyle Shanahan,head_coach,1,17,,,false,false,true,verified,high,observed_game_weeks,https://github.com/nflverse/nflverse-data/releases/download/pbp/play_by_play_2019.parquet,Observed head coach on each included regular-season game; interval is first through last observed game week.
2019-SF-quarterbacks_coach-01-17-shane-day,2019,SF,coach-shane-day,Shane Day,quarterbacks_coach,1,17,,,false,false,false,verified,high,season_designation,https://static.www.nfl.com/image/upload/league/f60ftapcsbynqgymw72q.pdf,"Formal preseason staff title: quarterbacks. Weeks encode the season designation, not independently observed weekly tenure; does not establish play-calling duty."
2019-TB-head_coach-01-17-bruce-arians,2019,TB,coach-bruce-arians,Bruce Arians,head_coach,1,17,,,false,false,false,verified,high,observed_game_weeks,https://github.com/nflverse/nflverse-data/releases/download/pbp/play_by_play_2019.parquet,Observed head coach on each included regular-season game; interval is first through last observed game week.
2019-TB-offensive_coordinator-01-17-byron-leftwich,2019,TB,coach-byron-leftwich,Byron Leftwich,offensive_coordinator,1,17,,,false,false,false,verified,high,season_designation,https://static.www.nfl.com/image/upload/league/f60ftapcsbynqgymw72q.pdf,"Formal preseason staff title: offensive coordinator. Weeks encode the season designation, not independently observed weekly tenure; does not establish play-calling duty."
2019-TB-quarterbacks_coach-01-17-clyde-christensen,2019,TB,coach-clyde-christensen,Clyde Christensen,quarterbacks_coach,1,17,,,false,false,false,verified,high,season_designation,https://static.www.nfl.com/image/upload/league/f60ftapcsbynqgymw72q.pdf,"Formal preseason staff title: quarterbacks. Weeks encode the season designation, not independently observed weekly tenure; does not establish play-calling duty."
2019-TEN-head_coach-01-17-mike-vrabel,2019,TEN,coach-mike-vrabel,Mike Vrabel,head_coach,1,17,,,false,false,true,verified,high,observed_game_weeks,https://github.com/nflverse/nflverse-data/releases/download/pbp/play_by_play_2019.parquet,Observed head coach on each included regular-season game; interval is first through last observed game week.
2019-TEN-offensive_coordinator-01-17-arthur-smith,2019,TEN,coach-arthur-smith,Arthur Smith,offensive_coordinator,1,17,,,false,false,false,verified,high,season_designation,https://static.www.nfl.com/image/upload/league/f60ftapcsbynqgymw72q.pdf,"Formal preseason staff title: offensive coordinator. Weeks encode the season designation, not independently observed weekly tenure; does not establish play-calling duty."
2019-WAS-head_coach-01-05-jay-gruden,2019,WAS,coach-jay-gruden,Jay Gruden,head_coach,1,5,,,false,false,true,verified,high,observed_game_weeks,https://github.com/nflverse/nflverse-data/releases/download/pbp/play_by_play_2019.parquet,Observed head coach on each included regular-season game; interval is first through last observed game week.
2019-WAS-head_coach-06-17-bill-callahan,2019,WAS,coach-bill-callahan,Bill Callahan,head_coach,6,17,,,true,false,false,verified,high,observed_game_weeks,https://github.com/nflverse/nflverse-data/releases/download/pbp/play_by_play_2019.parquet,Observed head coach on each included regular-season game; interval is first through last observed game week.
2019-WAS-quarterbacks_coach-01-17-tim-rattay,2019,WAS,coach-tim-rattay,Tim Rattay,quarterbacks_coach,1,17,,,false,false,false,verified,high,season_designation,https://static.www.nfl.com/image/upload/league/f60ftapcsbynqgymw72q.pdf,"Formal preseason staff title: quarterbacks. Weeks encode the season designation, not independently observed weekly tenure; does not establish play-calling duty."
2020-ARI-head_coach-01-17-kliff-kingsbury,2020,ARI,coach-kliff-kingsbury,Kliff Kingsbury,head_coach,1,17,,,false,false,true,verified,high,observed_game_weeks,https://github.com/nflverse/nflverse-data/releases/download/pbp/play_by_play_2020.parquet,Observed head coach on each included regular-season game; interval is first through last observed game week.
2020-ATL-head_coach-01-05-dan-quinn,2020,ATL,coach-dan-quinn,Dan Quinn,head_coach,1,5,,,false,false,true,verified,high,observed_game_weeks,https://github.com/nflverse/nflverse-data/releases/download/pbp/play_by_play_2020.parquet,Observed head coach on each included regular-season game; interval is first through last observed game week.
2020-ATL-head_coach-06-17-raheem-morris,2020,ATL,coach-raheem-morris,Raheem Morris,head_coach,6,17,,,true,false,false,verified,high,observed_game_weeks,https://github.com/nflverse/nflverse-data/releases/download/pbp/play_by_play_2020.parquet,Observed head coach on each included regular-season game; interval is first through last observed game week.
2020-ATL-offensive_coordinator-01-17-dirk-koetter,2020,ATL,coach-dirk-koetter,Dirk Koetter,offensive_coordinator,1,17,,,false,false,true,verified,medium,season_designation,https://basement.crucifyd.com/zone/seahawks/record-fact/NFL%20-%202020%20-%20Record%20%26%20Fact%20Book.pdf,"Formal preseason staff title: offensive coordinator. Weeks encode the season designation, not independently observed weekly tenure; does not establish play-calling duty."
2020-ATL-quarterbacks_coach-01-17-greg-knapp,2020,ATL,coach-greg-knapp,Greg Knapp,quarterbacks_coach,1,17,,,false,false,true,verified,medium,season_designation,https://basement.crucifyd.com/zone/seahawks/record-fact/NFL%20-%202020%20-%20Record%20%26%20Fact%20Book.pdf,"Formal preseason staff title: quarterbacks. Weeks encode the season designation, not independently observed weekly tenure; does not establish play-calling duty."
2020-BAL-head_coach-01-17-john-harbaugh,2020,BAL,coach-john-harbaugh,John Harbaugh,head_coach,1,17,,,false,false,true,verified,high,observed_game_weeks,https://github.com/nflverse/nflverse-data/releases/download/pbp/play_by_play_2020.parquet,Observed head coach on each included regular-season game; interval is first through last observed game week.
2020-BAL-offensive_coordinator-01-17-greg-roman,2020,BAL,coach-greg-roman,Greg Roman,offensive_coordinator,1,17,,,false,false,true,verified,medium,season_designation,https://basement.crucifyd.com/zone/seahawks/record-fact/NFL%20-%202020%20-%20Record%20%26%20Fact%20Book.pdf,"Formal preseason staff title: offensive coordinator. Weeks encode the season designation, not independently observed weekly tenure; does not establish play-calling duty."
2020-BAL-quarterbacks_coach-01-17-james-urban,2020,BAL,coach-james-urban,James Urban,quarterbacks_coach,1,17,,,false,false,true,verified,medium,season_designation,https://basement.crucifyd.com/zone/seahawks/record-fact/NFL%20-%202020%20-%20Record%20%26%20Fact%20Book.pdf,"Formal preseason staff title: quarterbacks. Weeks encode the season designation, not independently observed weekly tenure; does not establish play-calling duty."
2020-BUF-head_coach-01-17-sean-mcdermott,2020,BUF,coach-sean-mcdermott,Sean McDermott,head_coach,1,17,,,false,false,true,verified,high,observed_game_weeks,https://github.com/nflverse/nflverse-data/releases/download/pbp/play_by_play_2020.parquet,Observed head coach on each included regular-season game; interval is first through last observed game week.
2020-BUF-offensive_coordinator-01-17-brian-daboll,2020,BUF,coach-brian-daboll,Brian Daboll,offensive_coordinator,1,17,,,false,false,true,verified,medium,season_designation,https://basement.crucifyd.com/zone/seahawks/record-fact/NFL%20-%202020%20-%20Record%20%26%20Fact%20Book.pdf,"Formal preseason staff title: offensive coordinator. Weeks encode the season designation, not independently observed weekly tenure; does not establish play-calling duty."
2020-BUF-quarterbacks_coach-01-17-ken-dorsey,2020,BUF,coach-ken-dorsey,Ken Dorsey,quarterbacks_coach,1,17,,,false,false,true,verified,medium,season_designation,https://basement.crucifyd.com/zone/seahawks/record-fact/NFL%20-%202020%20-%20Record%20%26%20Fact%20Book.pdf,"Formal preseason staff title: quarterbacks. Weeks encode the season designation, not independently observed weekly tenure; does not establish play-calling duty."
2020-CAR-head_coach-01-17-matt-rhule,2020,CAR,coach-matt-rhule,Matt Rhule,head_coach,1,17,,,false,false,false,verified,high,observed_game_weeks,https://github.com/nflverse/nflverse-data/releases/download/pbp/play_by_play_2020.parquet,Observed head coach on each included regular-season game; interval is first through last observed game week.
2020-CHI-head_coach-01-17-matt-nagy,2020,CHI,coach-matt-nagy,Matt Nagy,head_coach,1,17,,,false,false,true,verified,high,observed_game_weeks,https://github.com/nflverse/nflverse-data/releases/download/pbp/play_by_play_2020.parquet,Observed head coach on each included regular-season game; interval is first through last observed game week.
2020-CHI-quarterbacks_coach-01-17-john-defilippo,2020,CHI,coach-john-defilippo,John DeFilippo,quarterbacks_coach,1,17,,,false,false,false,verified,medium,season_designation,https://basement.crucifyd.com/zone/seahawks/record-fact/NFL%20-%202020%20-%20Record%20%26%20Fact%20Book.pdf,"Formal preseason staff title: quarterbacks. Weeks encode the season designation, not independently observed weekly tenure; does not establish play-calling duty."
2020-CIN-head_coach-01-17-zac-taylor,2020,CIN,coach-zac-taylor,Zac Taylor,head_coach,1,17,,,false,false,true,verified,high,observed_game_weeks,https://github.com/nflverse/nflverse-data/releases/download/pbp/play_by_play_2020.parquet,Observed head coach on each included regular-season game; interval is first through last observed game week.
2020-CIN-offensive_coordinator-01-17-brian-callahan,2020,CIN,coach-brian-callahan,Brian Callahan,offensive_coordinator,1,17,,,false,false,true,verified,medium,season_designation,https://basement.crucifyd.com/zone/seahawks/record-fact/NFL%20-%202020%20-%20Record%20%26%20Fact%20Book.pdf,"Formal preseason staff title: offensive coordinator. Weeks encode the season designation, not independently observed weekly tenure; does not establish play-calling duty."
2020-CIN-quarterbacks_coach-01-17-dan-pitcher,2020,CIN,coach-dan-pitcher,Dan Pitcher,quarterbacks_coach,1,17,,,false,false,false,verified,medium,season_designation,https://basement.crucifyd.com/zone/seahawks/record-fact/NFL%20-%202020%20-%20Record%20%26%20Fact%20Book.pdf,"Formal preseason staff title: quarterbacks. Weeks encode the season designation, not independently observed weekly tenure; does not establish play-calling duty."
2020-CLE-head_coach-01-17-kevin-stefanski,2020,CLE,coach-kevin-stefanski,Kevin Stefanski,head_coach,1,17,,,false,false,false,verified,high,observed_game_weeks,https://github.com/nflverse/nflverse-data/releases/download/pbp/play_by_play_2020.parquet,Observed head coach on each included regular-season game; interval is first through last observed game week.
2020-CLE-offensive_coordinator-01-17-alex-van-pelt,2020,CLE,coach-alex-van-pelt,Alex Van Pelt,offensive_coordinator,1,17,,,false,false,false,verified,medium,season_designation,https://basement.crucifyd.com/zone/seahawks/record-fact/NFL%20-%202020%20-%20Record%20%26%20Fact%20Book.pdf,"Formal preseason staff title: offensive coordinator. Weeks encode the season designation, not independently observed weekly tenure; does not establish play-calling duty."
2020-DAL-head_coach-01-17-mike-mccarthy,2020,DAL,coach-mike-mccarthy,Mike McCarthy,head_coach,1,17,,,false,false,false,verified,high,observed_game_weeks,https://github.com/nflverse/nflverse-data/releases/download/pbp/play_by_play_2020.parquet,Observed head coach on each included regular-season game; interval is first through last observed game week.
2020-DAL-offensive_coordinator-01-17-kellen-moore,2020,DAL,coach-kellen-moore,Kellen Moore,offensive_coordinator,1,17,,,false,false,true,verified,medium,season_designation,https://basement.crucifyd.com/zone/seahawks/record-fact/NFL%20-%202020%20-%20Record%20%26%20Fact%20Book.pdf,"Formal preseason staff title: offensive coordinator. Weeks encode the season designation, not independently observed weekly tenure; does not establish play-calling duty."
2020-DAL-quarterbacks_coach-01-17-doug-nussmeier,2020,DAL,coach-doug-nussmeier,Doug Nussmeier,quarterbacks_coach,1,17,,,false,false,false,verified,medium,season_designation,https://basement.crucifyd.com/zone/seahawks/record-fact/NFL%20-%202020%20-%20Record%20%26%20Fact%20Book.pdf,"Formal preseason staff title: quarterbacks. Weeks encode the season designation, not independently observed weekly tenure; does not establish play-calling duty."
2020-DEN-head_coach-01-17-vic-fangio,2020,DEN,coach-vic-fangio,Vic Fangio,head_coach,1,17,,,false,false,true,verified,high,observed_game_weeks,https://github.com/nflverse/nflverse-data/releases/download/pbp/play_by_play_2020.parquet,Observed head coach on each included regular-season game; interval is first through last observed game week.
2020-DEN-offensive_coordinator-01-17-pat-shurmur,2020,DEN,coach-pat-shurmur,Pat Shurmur,offensive_coordinator,1,17,,,false,false,false,verified,medium,season_designation,https://basement.crucifyd.com/zone/seahawks/record-fact/NFL%20-%202020%20-%20Record%20%26%20Fact%20Book.pdf,"Formal preseason staff title: offensive coordinator. Weeks encode the season designation, not independently observed weekly tenure; does not establish play-calling duty."
2020-DEN-quarterbacks_coach-01-17-mike-shula,2020,DEN,coach-mike-shula,Mike Shula,quarterbacks_coach,1,17,,,false,false,false,verified,medium,season_designation,https://basement.crucifyd.com/zone/seahawks/record-fact/NFL%20-%202020%20-%20Record%20%26%20Fact%20Book.pdf,"Formal preseason staff title: quarterbacks. Weeks encode the season designation, not independently observed weekly tenure; does not establish play-calling duty."
2020-DET-head_coach-01-12-matt-patricia,2020,DET,coach-matt-patricia,Matt Patricia,head_coach,1,12,,,false,false,true,verified,high,observed_game_weeks,https://github.com/nflverse/nflverse-data/releases/download/pbp/play_by_play_2020.parquet,Observed head coach on each included regular-season game; interval is first through last observed game week.
2020-DET-head_coach-13-17-darrell-bevell,2020,DET,coach-darrell-bevell,Darrell Bevell,head_coach,13,17,,,true,false,false,verified,high,observed_game_weeks,https://github.com/nflverse/nflverse-data/releases/download/pbp/play_by_play_2020.parquet,Observed head coach on each included regular-season game; interval is first through last observed game week.
2020-DET-offensive_coordinator-01-17-darrell-bevell,2020,DET,coach-darrell-bevell,Darrell Bevell,offensive_coordinator,1,17,,,false,false,false,verified,medium,season_designation,https://basement.crucifyd.com/zone/seahawks/record-fact/NFL%20-%202020%20-%20Record%20%26%20Fact%20Book.pdf,"Formal preseason staff title: offensive coordinator. Weeks encode the season designation, not independently observed weekly tenure; does not establish play-calling duty."
2020-GB-head_coach-01-17-matt-lafleur,2020,GB,coach-matt-lafleur,Matt LaFleur,head_coach,1,17,,,false,false,true,verified,high,observed_game_weeks,https://github.com/nflverse/nflverse-data/releases/download/pbp/play_by_play_2020.parquet,Observed head coach on each included regular-season game; interval is first through last observed game week.
2020-GB-offensive_coordinator-01-17-nathaniel-hackett,2020,GB,coach-nathaniel-hackett,Nathaniel Hackett,offensive_coordinator,1,17,,,false,false,true,verified,medium,season_designation,https://basement.crucifyd.com/zone/seahawks/record-fact/NFL%20-%202020%20-%20Record%20%26%20Fact%20Book.pdf,"Formal preseason staff title: offensive coordinator. Weeks encode the season designation, not independently observed weekly tenure; does not establish play-calling duty."
2020-GB-quarterbacks_coach-01-17-luke-getsy,2020,GB,coach-luke-getsy,Luke Getsy,quarterbacks_coach,1,17,,,false,false,true,verified,medium,season_designation,https://basement.crucifyd.com/zone/seahawks/record-fact/NFL%20-%202020%20-%20Record%20%26%20Fact%20Book.pdf,"Formal preseason staff title: quarterbacks/passing game coordinator. Weeks encode the season designation, not independently observed weekly tenure; does not establish play-calling duty."
2020-HOU-head_coach-01-04-bill-o-brien,2020,HOU,coach-bill-o-brien,Bill O'Brien,head_coach,1,4,,,false,false,true,verified,high,observed_game_weeks,https://github.com/nflverse/nflverse-data/releases/download/pbp/play_by_play_2020.parquet,Observed head coach on each included regular-season game; interval is first through last observed game week.
2020-HOU-head_coach-05-17-romeo-crennel,2020,HOU,coach-romeo-crennel,Romeo Crennel,head_coach,5,17,,,true,false,false,verified,high,observed_game_weeks,https://github.com/nflverse/nflverse-data/releases/download/pbp/play_by_play_2020.parquet,Observed head coach on each included regular-season game; interval is first through last observed game week.
2020-HOU-offensive_coordinator-01-17-tim-kelly,2020,HOU,coach-tim-kelly,Tim Kelly,offensive_coordinator,1,17,,,false,false,true,verified,medium,season_designation,https://basement.crucifyd.com/zone/seahawks/record-fact/NFL%20-%202020%20-%20Record%20%26%20Fact%20Book.pdf,"Formal preseason staff title: offensive coordinator/quarterbacks. Weeks encode the season designation, not independently observed weekly tenure; does not establish play-calling duty."
2020-IND-head_coach-01-17-frank-reich,2020,IND,coach-frank-reich,Frank Reich,head_coach,1,17,,,false,false,true,verified,high,observed_game_weeks,https://github.com/nflverse/nflverse-data/releases/download/pbp/play_by_play_2020.parquet,Observed head coach on each included regular-season game; interval is first through last observed game week.
2020-IND-offensive_coordinator-01-17-nick-sirianni,2020,IND,coach-nick-sirianni,Nick Sirianni,offensive_coordinator,1,17,,,false,false,true,verified,medium,season_designation,https://basement.crucifyd.com/zone/seahawks/record-fact/NFL%20-%202020%20-%20Record%20%26%20Fact%20Book.pdf,"Formal preseason staff title: offensive coordinator. Weeks encode the season designation, not independently observed weekly tenure; does not establish play-calling duty."
2020-IND-quarterbacks_coach-01-17-marcus-brady,2020,IND,coach-marcus-brady,Marcus Brady,quarterbacks_coach,1,17,,,false,false,true,verified,medium,season_designation,https://basement.crucifyd.com/zone/seahawks/record-fact/NFL%20-%202020%20-%20Record%20%26%20Fact%20Book.pdf,"Formal preseason staff title: quarterbacks. Weeks encode the season designation, not independently observed weekly tenure; does not establish play-calling duty."
2020-JAX-head_coach-01-17-doug-marrone,2020,JAX,coach-doug-marrone,Doug Marrone,head_coach,1,17,,,false,false,true,verified,high,observed_game_weeks,https://github.com/nflverse/nflverse-data/releases/download/pbp/play_by_play_2020.parquet,Observed head coach on each included regular-season game; interval is first through last observed game week.
2020-JAX-offensive_coordinator-01-17-jay-gruden,2020,JAX,coach-jay-gruden,Jay Gruden,offensive_coordinator,1,17,,,false,false,false,verified,medium,season_designation,https://basement.crucifyd.com/zone/seahawks/record-fact/NFL%20-%202020%20-%20Record%20%26%20Fact%20Book.pdf,"Formal preseason staff title: offensive coordinator. Weeks encode the season designation, not independently observed weekly tenure; does not establish play-calling duty."
2020-JAX-quarterbacks_coach-01-17-ben-mcadoo,2020,JAX,coach-ben-mcadoo,Ben McAdoo,quarterbacks_coach,1,17,,,false,false,false,verified,medium,season_designation,https://basement.crucifyd.com/zone/seahawks/record-fact/NFL%20-%202020%20-%20Record%20%26%20Fact%20Book.pdf,"Formal preseason staff title: quarterbacks. Weeks encode the season designation, not independently observed weekly tenure; does not establish play-calling duty."
2020-KC-head_coach-01-17-andy-reid,2020,KC,coach-andy-reid,Andy Reid,head_coach,1,17,,,false,false,true,verified,high,observed_game_weeks,https://github.com/nflverse/nflverse-data/releases/download/pbp/play_by_play_2020.parquet,Observed head coach on each included regular-season game; interval is first through last observed game week.
2020-KC-offensive_coordinator-01-17-eric-bieniemy,2020,KC,coach-eric-bieniemy,Eric Bieniemy,offensive_coordinator,1,17,,,false,false,true,verified,medium,season_designation,https://basement.crucifyd.com/zone/seahawks/record-fact/NFL%20-%202020%20-%20Record%20%26%20Fact%20Book.pdf,"Formal preseason staff title: offensive coordinator. Weeks encode the season designation, not independently observed weekly tenure; does not establish play-calling duty."
2020-LA-head_coach-01-17-sean-mcvay,2020,LA,coach-sean-mcvay,Sean McVay,head_coach,1,17,,,false,false,true,verified,high,observed_game_weeks,https://github.com/nflverse/nflverse-data/releases/download/pbp/play_by_play_2020.parquet,Observed head coach on each included regular-season game; interval is first through last observed game week.
2020-LAC-head_coach-01-17-anthony-lynn,2020,LAC,coach-anthony-lynn,Anthony Lynn,head_coach,1,17,,,false,false,true,verified,high,observed_game_weeks,https://github.com/nflverse/nflverse-data/releases/download/pbp/play_by_play_2020.parquet,Observed head coach on each included regular-season game; interval is first through last observed game week.
2020-LAC-offensive_coordinator-01-17-shane-steichen,2020,LAC,coach-shane-steichen,Shane Steichen,offensive_coordinator,1,17,,,false,false,false,verified,medium,season_designation,https://basement.crucifyd.com/zone/seahawks/record-fact/NFL%20-%202020%20-%20Record%20%26%20Fact%20Book.pdf,"Formal preseason staff title: offensive coordinator. Weeks encode the season designation, not independently observed weekly tenure; does not establish play-calling duty."
2020-LAC-quarterbacks_coach-01-17-pep-hamilton,2020,LAC,coach-pep-hamilton,Pep Hamilton,quarterbacks_coach,1,17,,,false,false,false,verified,medium,season_designation,https://basement.crucifyd.com/zone/seahawks/record-fact/NFL%20-%202020%20-%20Record%20%26%20Fact%20Book.pdf,"Formal preseason staff title: quarterbacks. Weeks encode the season designation, not independently observed weekly tenure; does not establish play-calling duty."
2020-LV-head_coach-01-17-jon-gruden,2020,LV,coach-jon-gruden,Jon Gruden,head_coach,1,17,,,false,false,true,verified,high,observed_game_weeks,https://github.com/nflverse/nflverse-data/releases/download/pbp/play_by_play_2020.parquet,Observed head coach on each included regular-season game; interval is first through last observed game week.
2020-MIA-head_coach-01-17-brian-flores,2020,MIA,coach-brian-flores,Brian Flores,head_coach,1,17,,,false,false,true,verified,high,observed_game_weeks,https://github.com/nflverse/nflverse-data/releases/download/pbp/play_by_play_2020.parquet,Observed head coach on each included regular-season game; interval is first through last observed game week.
2020-MIA-offensive_coordinator-01-17-chan-gailey,2020,MIA,coach-chan-gailey,Chan Gailey,offensive_coordinator,1,17,,,false,false,false,verified,medium,season_designation,https://basement.crucifyd.com/zone/seahawks/record-fact/NFL%20-%202020%20-%20Record%20%26%20Fact%20Book.pdf,"Formal preseason staff title: offensive coordinator. Weeks encode the season designation, not independently observed weekly tenure; does not establish play-calling duty."
2020-MIA-quarterbacks_coach-01-17-robby-brown,2020,MIA,coach-robby-brown,Robby Brown,quarterbacks_coach,1,17,,,false,false,false,verified,medium,season_designation,https://basement.crucifyd.com/zone/seahawks/record-fact/NFL%20-%202020%20-%20Record%20%26%20Fact%20Book.pdf,"Formal preseason staff title: quarterbacks. Weeks encode the season designation, not independently observed weekly tenure; does not establish play-calling duty."
2020-MIN-head_coach-01-17-mike-zimmer,2020,MIN,coach-mike-zimmer,Mike Zimmer,head_coach,1,17,,,false,false,true,verified,high,observed_game_weeks,https://github.com/nflverse/nflverse-data/releases/download/pbp/play_by_play_2020.parquet,Observed head coach on each included regular-season game; interval is first through last observed game week.
2020-MIN-offensive_coordinator-01-17-gary-kubiak,2020,MIN,coach-gary-kubiak,Gary Kubiak,offensive_coordinator,1,17,,,false,false,false,verified,medium,season_designation,https://basement.crucifyd.com/zone/seahawks/record-fact/NFL%20-%202020%20-%20Record%20%26%20Fact%20Book.pdf,"Formal preseason staff title: offensive coordinator. Weeks encode the season designation, not independently observed weekly tenure; does not establish play-calling duty."
2020-MIN-quarterbacks_coach-01-17-klint-kubiak,2020,MIN,coach-klint-kubiak,Klint Kubiak,quarterbacks_coach,1,17,,,false,false,true,verified,medium,season_designation,https://basement.crucifyd.com/zone/seahawks/record-fact/NFL%20-%202020%20-%20Record%20%26%20Fact%20Book.pdf,"Formal preseason staff title: quarterbacks. Weeks encode the season designation, not independently observed weekly tenure; does not establish play-calling duty."
2020-NE-head_coach-01-17-bill-belichick,2020,NE,coach-bill-belichick,Bill Belichick,head_coach,1,17,,,false,false,true,verified,high,observed_game_weeks,https://github.com/nflverse/nflverse-data/releases/download/pbp/play_by_play_2020.parquet,Observed head coach on each included regular-season game; interval is first through last observed game week.
2020-NE-offensive_coordinator-01-17-josh-mcdaniels,2020,NE,coach-josh-mcdaniels,Josh McDaniels,offensive_coordinator,1,17,,,false,false,false,verified,medium,season_designation,https://basement.crucifyd.com/zone/seahawks/record-fact/NFL%20-%202020%20-%20Record%20%26%20Fact%20Book.pdf,"Formal preseason staff title: offensive coordinator. Weeks encode the season designation, not independently observed weekly tenure; does not establish play-calling duty."
2020-NE-quarterbacks_coach-01-17-jedd-fisch,2020,NE,coach-jedd-fisch,Jedd Fisch,quarterbacks_coach,1,17,,,false,false,false,verified,medium,season_designation,https://basement.crucifyd.com/zone/seahawks/record-fact/NFL%20-%202020%20-%20Record%20%26%20Fact%20Book.pdf,"Formal preseason staff title: quarterbacks. Weeks encode the season designation, not independently observed weekly tenure; does not establish play-calling duty."
2020-NO-head_coach-01-17-sean-payton,2020,NO,coach-sean-payton,Sean Payton,head_coach,1,17,,,false,false,true,verified,high,observed_game_weeks,https://github.com/nflverse/nflverse-data/releases/download/pbp/play_by_play_2020.parquet,Observed head coach on each included regular-season game; interval is first through last observed game week.
2020-NO-offensive_coordinator-01-17-pete-carmichael,2020,NO,coach-pete-carmichael,Pete Carmichael,offensive_coordinator,1,17,,,false,false,true,verified,medium,season_designation,https://basement.crucifyd.com/zone/seahawks/record-fact/NFL%20-%202020%20-%20Record%20%26%20Fact%20Book.pdf,"Formal preseason staff title: offensive coordinator. Weeks encode the season designation, not independently observed weekly tenure; does not establish play-calling duty."
2020-NO-quarterbacks_coach-01-17-joe-lombardi,2020,NO,coach-joe-lombardi,Joe Lombardi,quarterbacks_coach,1,17,,,false,false,true,verified,medium,season_designation,https://basement.crucifyd.com/zone/seahawks/record-fact/NFL%20-%202020%20-%20Record%20%26%20Fact%20Book.pdf,"Formal preseason staff title: quarterbacks. Weeks encode the season designation, not independently observed weekly tenure; does not establish play-calling duty."
2020-NYG-head_coach-01-17-joe-judge,2020,NYG,coach-joe-judge,Joe Judge,head_coach,1,17,,,false,false,false,verified,high,observed_game_weeks,https://github.com/nflverse/nflverse-data/releases/download/pbp/play_by_play_2020.parquet,Observed head coach on each included regular-season game; interval is first through last observed game week.
2020-NYG-offensive_coordinator-01-17-jason-garrett,2020,NYG,coach-jason-garrett,Jason Garrett,offensive_coordinator,1,17,,,false,false,false,verified,medium,season_designation,https://basement.crucifyd.com/zone/seahawks/record-fact/NFL%20-%202020%20-%20Record%20%26%20Fact%20Book.pdf,"Formal preseason staff title: offensive coordinator. Weeks encode the season designation, not independently observed weekly tenure; does not establish play-calling duty."
2020-NYG-quarterbacks_coach-01-17-jerry-schuplinski,2020,NYG,coach-jerry-schuplinski,Jerry Schuplinski,quarterbacks_coach,1,17,,,false,false,false,verified,medium,season_designation,https://basement.crucifyd.com/zone/seahawks/record-fact/NFL%20-%202020%20-%20Record%20%26%20Fact%20Book.pdf,"Formal preseason staff title: quarterbacks. Weeks encode the season designation, not independently observed weekly tenure; does not establish play-calling duty."
2020-NYJ-head_coach-01-17-adam-gase,2020,NYJ,coach-adam-gase,Adam Gase,head_coach,1,17,,,false,false,true,verified,high,observed_game_weeks,https://github.com/nflverse/nflverse-data/releases/download/pbp/play_by_play_2020.parquet,Observed head coach on each included regular-season game; interval is first through last observed game week.
2020-PHI-head_coach-01-17-doug-pederson,2020,PHI,coach-doug-pederson,Doug Pederson,head_coach,1,17,,,false,false,true,verified,high,observed_game_weeks,https://github.com/nflverse/nflverse-data/releases/download/pbp/play_by_play_2020.parquet,Observed head coach on each included regular-season game; interval is first through last observed game week.
2020-PIT-head_coach-01-17-mike-tomlin,2020,PIT,coach-mike-tomlin,Mike Tomlin,head_coach,1,17,,,false,false,true,verified,high,observed_game_weeks,https://github.com/nflverse/nflverse-data/releases/download/pbp/play_by_play_2020.parquet,Observed head coach on each included regular-season game; interval is first through last observed game week.
2020-PIT-offensive_coordinator-01-17-randy-fichtner,2020,PIT,coach-randy-fichtner,Randy Fichtner,offensive_coordinator,1,17,,,false,false,false,verified,medium,season_designation,https://basement.crucifyd.com/zone/seahawks/record-fact/NFL%20-%202020%20-%20Record%20%26%20Fact%20Book.pdf,"Formal preseason staff title: offensive coordinator. Weeks encode the season designation, not independently observed weekly tenure; does not establish play-calling duty."
2020-PIT-quarterbacks_coach-01-17-matt-canada,2020,PIT,coach-matt-canada,Matt Canada,quarterbacks_coach,1,17,,,false,false,false,verified,medium,season_designation,https://basement.crucifyd.com/zone/seahawks/record-fact/NFL%20-%202020%20-%20Record%20%26%20Fact%20Book.pdf,"Formal preseason staff title: quarterbacks. Weeks encode the season designation, not independently observed weekly tenure; does not establish play-calling duty."
2020-SEA-head_coach-01-17-pete-carroll,2020,SEA,coach-pete-carroll,Pete Carroll,head_coach,1,17,,,false,false,true,verified,high,observed_game_weeks,https://github.com/nflverse/nflverse-data/releases/download/pbp/play_by_play_2020.parquet,Observed head coach on each included regular-season game; interval is first through last observed game week.
2020-SEA-offensive_coordinator-01-17-brian-schottenheimer,2020,SEA,coach-brian-schottenheimer,Brian Schottenheimer,offensive_coordinator,1,17,,,false,false,true,verified,medium,season_designation,https://basement.crucifyd.com/zone/seahawks/record-fact/NFL%20-%202020%20-%20Record%20%26%20Fact%20Book.pdf,"Formal preseason staff title: offensive coordinator. Weeks encode the season designation, not independently observed weekly tenure; does not establish play-calling duty."
2020-SEA-quarterbacks_coach-01-17-austin-davis,2020,SEA,coach-austin-davis,Austin Davis,quarterbacks_coach,1,17,,,false,false,false,verified,medium,season_designation,https://basement.crucifyd.com/zone/seahawks/record-fact/NFL%20-%202020%20-%20Record%20%26%20Fact%20Book.pdf,"Formal preseason staff title: quarterbacks. Weeks encode the season designation, not independently observed weekly tenure; does not establish play-calling duty."
2020-SF-head_coach-01-17-kyle-shanahan,2020,SF,coach-kyle-shanahan,Kyle Shanahan,head_coach,1,17,,,false,false,true,verified,high,observed_game_weeks,https://github.com/nflverse/nflverse-data/releases/download/pbp/play_by_play_2020.parquet,Observed head coach on each included regular-season game; interval is first through last observed game week.
2020-SF-quarterbacks_coach-01-17-shane-day,2020,SF,coach-shane-day,Shane Day,quarterbacks_coach,1,17,,,false,false,true,verified,medium,season_designation,https://basement.crucifyd.com/zone/seahawks/record-fact/NFL%20-%202020%20-%20Record%20%26%20Fact%20Book.pdf,"Formal preseason staff title: quarterbacks. Weeks encode the season designation, not independently observed weekly tenure; does not establish play-calling duty."
2020-TB-head_coach-01-17-bruce-arians,2020,TB,coach-bruce-arians,Bruce Arians,head_coach,1,17,,,false,false,true,verified,high,observed_game_weeks,https://github.com/nflverse/nflverse-data/releases/download/pbp/play_by_play_2020.parquet,Observed head coach on each included regular-season game; interval is first through last observed game week.
2020-TB-offensive_coordinator-01-17-byron-leftwich,2020,TB,coach-byron-leftwich,Byron Leftwich,offensive_coordinator,1,17,,,false,false,true,verified,medium,season_designation,https://basement.crucifyd.com/zone/seahawks/record-fact/NFL%20-%202020%20-%20Record%20%26%20Fact%20Book.pdf,"Formal preseason staff title: offensive coordinator. Weeks encode the season designation, not independently observed weekly tenure; does not establish play-calling duty."
2020-TEN-head_coach-01-17-mike-vrabel,2020,TEN,coach-mike-vrabel,Mike Vrabel,head_coach,1,17,,,false,false,true,verified,high,observed_game_weeks,https://github.com/nflverse/nflverse-data/releases/download/pbp/play_by_play_2020.parquet,Observed head coach on each included regular-season game; interval is first through last observed game week.
2020-TEN-offensive_coordinator-01-17-arthur-smith,2020,TEN,coach-arthur-smith,Arthur Smith,offensive_coordinator,1,17,,,false,false,true,verified,medium,season_designation,https://basement.crucifyd.com/zone/seahawks/record-fact/NFL%20-%202020%20-%20Record%20%26%20Fact%20Book.pdf,"Formal preseason staff title: offensive coordinator. Weeks encode the season designation, not independently observed weekly tenure; does not establish play-calling duty."
2020-WAS-head_coach-01-17-ron-rivera,2020,WAS,coach-ron-rivera,Ron Rivera,head_coach,1,17,,,false,false,false,verified,high,observed_game_weeks,https://github.com/nflverse/nflverse-data/releases/download/pbp/play_by_play_2020.parquet,Observed head coach on each included regular-season game; interval is first through last observed game week.
2020-WAS-offensive_coordinator-01-17-scott-turner,2020,WAS,coach-scott-turner,Scott Turner,offensive_coordinator,1,17,,,false,false,false,verified,medium,season_designation,https://basement.crucifyd.com/zone/seahawks/record-fact/NFL%20-%202020%20-%20Record%20%26%20Fact%20Book.pdf,"Formal preseason staff title: offensive coordinator. Weeks encode the season designation, not independently observed weekly tenure; does not establish play-calling duty."
2020-WAS-quarterbacks_coach-01-17-ken-zampese,2020,WAS,coach-ken-zampese,Ken Zampese,quarterbacks_coach,1,17,,,false,false,false,verified,medium,season_designation,https://basement.crucifyd.com/zone/seahawks/record-fact/NFL%20-%202020%20-%20Record%20%26%20Fact%20Book.pdf,"Formal preseason staff title: quarterbacks. Weeks encode the season designation, not independently observed weekly tenure; does not establish play-calling duty."
2021-ARI-head_coach-01-18-kliff-kingsbury,2021,ARI,coach-kliff-kingsbury,Kliff Kingsbury,head_coach,1,18,,,false,false,true,verified,high,observed_game_weeks,https://github.com/nflverse/nflverse-data/releases/download/pbp/play_by_play_2021.parquet,Observed head coach on each included regular-season game; interval is first through last observed game week.
2021-ARI-quarterbacks_coach-01-18-cam-turner,2021,ARI,coach-cam-turner,Cam Turner,quarterbacks_coach,1,18,,,false,false,false,verified,medium,season_designation,https://basement.crucifyd.com/zone/seahawks/record-fact/NFL%20-%202021%20-%20Record%20%26%20Fact%20Book.pdf,"Formal preseason staff title: quarterbacks. Weeks encode the season designation, not independently observed weekly tenure; does not establish play-calling duty."
2021-ATL-head_coach-01-18-arthur-smith,2021,ATL,coach-arthur-smith,Arthur Smith,head_coach,1,18,,,false,false,false,verified,high,observed_game_weeks,https://github.com/nflverse/nflverse-data/releases/download/pbp/play_by_play_2021.parquet,Observed head coach on each included regular-season game; interval is first through last observed game week.
2021-ATL-offensive_coordinator-01-18-dave-ragone,2021,ATL,coach-dave-ragone,Dave Ragone,offensive_coordinator,1,18,,,false,false,false,verified,medium,season_designation,https://basement.crucifyd.com/zone/seahawks/record-fact/NFL%20-%202021%20-%20Record%20%26%20Fact%20Book.pdf,"Formal preseason staff title: offensive coordinator. Weeks encode the season designation, not independently observed weekly tenure; does not establish play-calling duty."
2021-ATL-quarterbacks_coach-01-18-charles-london,2021,ATL,coach-charles-london,Charles London,quarterbacks_coach,1,18,,,false,false,false,verified,medium,season_designation,https://basement.crucifyd.com/zone/seahawks/record-fact/NFL%20-%202021%20-%20Record%20%26%20Fact%20Book.pdf,"Formal preseason staff title: quarterbacks. Weeks encode the season designation, not independently observed weekly tenure; does not establish play-calling duty."
2021-BAL-head_coach-01-18-john-harbaugh,2021,BAL,coach-john-harbaugh,John Harbaugh,head_coach,1,18,,,false,false,true,verified,high,observed_game_weeks,https://github.com/nflverse/nflverse-data/releases/download/pbp/play_by_play_2021.parquet,Observed head coach on each included regular-season game; interval is first through last observed game week.
2021-BAL-offensive_coordinator-01-18-greg-roman,2021,BAL,coach-greg-roman,Greg Roman,offensive_coordinator,1,18,,,false,false,true,verified,medium,season_designation,https://basement.crucifyd.com/zone/seahawks/record-fact/NFL%20-%202021%20-%20Record%20%26%20Fact%20Book.pdf,"Formal preseason staff title: offensive coordinator. Weeks encode the season designation, not independently observed weekly tenure; does not establish play-calling duty."
2021-BAL-quarterbacks_coach-01-18-james-urban,2021,BAL,coach-james-urban,James Urban,quarterbacks_coach,1,18,,,false,false,true,verified,medium,season_designation,https://basement.crucifyd.com/zone/seahawks/record-fact/NFL%20-%202021%20-%20Record%20%26%20Fact%20Book.pdf,"Formal preseason staff title: quarterbacks. Weeks encode the season designation, not independently observed weekly tenure; does not establish play-calling duty."
2021-BUF-head_coach-01-18-sean-mcdermott,2021,BUF,coach-sean-mcdermott,Sean McDermott,head_coach,1,18,,,false,false,true,verified,high,observed_game_weeks,https://github.com/nflverse/nflverse-data/releases/download/pbp/play_by_play_2021.parquet,Observed head coach on each included regular-season game; interval is first through last observed game week.
2021-BUF-offensive_coordinator-01-18-brian-daboll,2021,BUF,coach-brian-daboll,Brian Daboll,offensive_coordinator,1,18,,,false,false,true,verified,medium,season_designation,https://basement.crucifyd.com/zone/seahawks/record-fact/NFL%20-%202021%20-%20Record%20%26%20Fact%20Book.pdf,"Formal preseason staff title: offensive coordinator. Weeks encode the season designation, not independently observed weekly tenure; does not establish play-calling duty."
2021-CAR-head_coach-01-18-matt-rhule,2021,CAR,coach-matt-rhule,Matt Rhule,head_coach,1,18,,,false,false,true,verified,high,observed_game_weeks,https://github.com/nflverse/nflverse-data/releases/download/pbp/play_by_play_2021.parquet,Observed head coach on each included regular-season game; interval is first through last observed game week.
2021-CAR-offensive_coordinator-01-18-joe-brady,2021,CAR,coach-joe-brady,Joe Brady,offensive_coordinator,1,18,,,false,false,false,verified,medium,season_designation,https://basement.crucifyd.com/zone/seahawks/record-fact/NFL%20-%202021%20-%20Record%20%26%20Fact%20Book.pdf,"Formal preseason staff title: offensive coordinator. Weeks encode the season designation, not independently observed weekly tenure; does not establish play-calling duty."
2021-CAR-quarterbacks_coach-01-18-sean-ryan,2021,CAR,coach-sean-ryan,Sean Ryan,quarterbacks_coach,1,18,,,false,false,false,verified,medium,season_designation,https://basement.crucifyd.com/zone/seahawks/record-fact/NFL%20-%202021%20-%20Record%20%26%20Fact%20Book.pdf,"Formal preseason staff title: quarterbacks. Weeks encode the season designation, not independently observed weekly tenure; does not establish play-calling duty."
2021-CHI-head_coach-01-18-matt-nagy,2021,CHI,coach-matt-nagy,Matt Nagy,head_coach,1,18,,,false,false,true,verified,high,observed_game_weeks,https://github.com/nflverse/nflverse-data/releases/download/pbp/play_by_play_2021.parquet,Observed head coach on each included regular-season game; interval is first through last observed game week.
2021-CHI-offensive_coordinator-01-18-bill-lazor,2021,CHI,coach-bill-lazor,Bill Lazor,offensive_coordinator,1,18,,,false,false,false,verified,medium,season_designation,https://basement.crucifyd.com/zone/seahawks/record-fact/NFL%20-%202021%20-%20Record%20%26%20Fact%20Book.pdf,"Formal preseason staff title: offensive coordinator. Weeks encode the season designation, not independently observed weekly tenure; does not establish play-calling duty."
2021-CIN-head_coach-01-18-zac-taylor,2021,CIN,coach-zac-taylor,Zac Taylor,head_coach,1,18,,,false,false,true,verified,high,observed_game_weeks,https://github.com/nflverse/nflverse-data/releases/download/pbp/play_by_play_2021.parquet,Observed head coach on each included regular-season game; interval is first through last observed game week.
2021-CIN-offensive_coordinator-01-18-brian-callahan,2021,CIN,coach-brian-callahan,Brian Callahan,offensive_coordinator,1,18,,,false,false,true,verified,medium,season_designation,https://basement.crucifyd.com/zone/seahawks/record-fact/NFL%20-%202021%20-%20Record%20%26%20Fact%20Book.pdf,"Formal preseason staff title: offensive coordinator. Weeks encode the season designation, not independently observed weekly tenure; does not establish play-calling duty."
2021-CIN-quarterbacks_coach-01-18-dan-pitcher,2021,CIN,coach-dan-pitcher,Dan Pitcher,quarterbacks_coach,1,18,,,false,false,true,verified,medium,season_designation,https://basement.crucifyd.com/zone/seahawks/record-fact/NFL%20-%202021%20-%20Record%20%26%20Fact%20Book.pdf,"Formal preseason staff title: quarterbacks. Weeks encode the season designation, not independently observed weekly tenure; does not establish play-calling duty."
2021-CLE-head_coach-01-18-kevin-stefanski,2021,CLE,coach-kevin-stefanski,Kevin Stefanski,head_coach,1,18,,,false,false,true,verified,high,observed_game_weeks,https://github.com/nflverse/nflverse-data/releases/download/pbp/play_by_play_2021.parquet,Observed head coach on each included regular-season game; interval is first through last observed game week.
2021-CLE-offensive_coordinator-01-18-alex-van-pelt,2021,CLE,coach-alex-van-pelt,Alex Van Pelt,offensive_coordinator,1,18,,,false,false,true,verified,medium,season_designation,https://basement.crucifyd.com/zone/seahawks/record-fact/NFL%20-%202021%20-%20Record%20%26%20Fact%20Book.pdf,"Formal preseason staff title: offensive coordinator. Weeks encode the season designation, not independently observed weekly tenure; does not establish play-calling duty."
2021-DAL-head_coach-01-18-mike-mccarthy,2021,DAL,coach-mike-mccarthy,Mike McCarthy,head_coach,1,18,,,false,false,true,verified,high,observed_game_weeks,https://github.com/nflverse/nflverse-data/releases/download/pbp/play_by_play_2021.parquet,Observed head coach on each included regular-season game; interval is first through last observed game week.
2021-DAL-offensive_coordinator-01-18-kellen-moore,2021,DAL,coach-kellen-moore,Kellen Moore,offensive_coordinator,1,18,,,false,false,true,verified,medium,season_designation,https://basement.crucifyd.com/zone/seahawks/record-fact/NFL%20-%202021%20-%20Record%20%26%20Fact%20Book.pdf,"Formal preseason staff title: offensive coordinator. Weeks encode the season designation, not independently observed weekly tenure; does not establish play-calling duty."
2021-DAL-quarterbacks_coach-01-18-doug-nussmeier,2021,DAL,coach-doug-nussmeier,Doug Nussmeier,quarterbacks_coach,1,18,,,false,false,true,verified,medium,season_designation,https://basement.crucifyd.com/zone/seahawks/record-fact/NFL%20-%202021%20-%20Record%20%26%20Fact%20Book.pdf,"Formal preseason staff title: quarterbacks. Weeks encode the season designation, not independently observed weekly tenure; does not establish play-calling duty."
2021-DEN-head_coach-01-18-vic-fangio,2021,DEN,coach-vic-fangio,Vic Fangio,head_coach,1,18,,,false,false,true,verified,high,observed_game_weeks,https://github.com/nflverse/nflverse-data/releases/download/pbp/play_by_play_2021.parquet,Observed head coach on each included regular-season game; interval is first through last observed game week.
2021-DEN-quarterbacks_coach-01-18-mike-shula,2021,DEN,coach-mike-shula,Mike Shula,quarterbacks_coach,1,18,,,false,false,true,verified,medium,season_designation,https://basement.crucifyd.com/zone/seahawks/record-fact/NFL%20-%202021%20-%20Record%20%26%20Fact%20Book.pdf,"Formal preseason staff title: quarterbacks. Weeks encode the season designation, not independently observed weekly tenure; does not establish play-calling duty."
2021-DET-head_coach-01-18-dan-campbell,2021,DET,coach-dan-campbell,Dan Campbell,head_coach,1,18,,,false,false,false,verified,high,observed_game_weeks,https://github.com/nflverse/nflverse-data/releases/download/pbp/play_by_play_2021.parquet,Observed head coach on each included regular-season game; interval is first through last observed game week.
2021-DET-offensive_coordinator-01-18-anthony-lynn,2021,DET,coach-anthony-lynn,Anthony Lynn,offensive_coordinator,1,18,,,false,false,false,verified,medium,season_designation,https://basement.crucifyd.com/zone/seahawks/record-fact/NFL%20-%202021%20-%20Record%20%26%20Fact%20Book.pdf,"Formal preseason staff title: offensive coordinator. Weeks encode the season designation, not independently observed weekly tenure; does not establish play-calling duty."
2021-DET-quarterbacks_coach-01-18-mark-brunell,2021,DET,coach-mark-brunell,Mark Brunell,quarterbacks_coach,1,18,,,false,false,false,verified,medium,season_designation,https://basement.crucifyd.com/zone/seahawks/record-fact/NFL%20-%202021%20-%20Record%20%26%20Fact%20Book.pdf,"Formal preseason staff title: quarterbacks. Weeks encode the season designation, not independently observed weekly tenure; does not establish play-calling duty."
2021-GB-head_coach-01-18-matt-lafleur,2021,GB,coach-matt-lafleur,Matt LaFleur,head_coach,1,18,,,false,false,true,verified,high,observed_game_weeks,https://github.com/nflverse/nflverse-data/releases/download/pbp/play_by_play_2021.parquet,Observed head coach on each included regular-season game; interval is first through last observed game week.
2021-GB-offensive_coordinator-01-18-nathaniel-hackett,2021,GB,coach-nathaniel-hackett,Nathaniel Hackett,offensive_coordinator,1,18,,,false,false,true,verified,medium,season_designation,https://basement.crucifyd.com/zone/seahawks/record-fact/NFL%20-%202021%20-%20Record%20%26%20Fact%20Book.pdf,"Formal preseason staff title: offensive coordinator. Weeks encode the season designation, not independently observed weekly tenure; does not establish play-calling duty."
2021-GB-quarterbacks_coach-01-18-luke-getsy,2021,GB,coach-luke-getsy,Luke Getsy,quarterbacks_coach,1,18,,,false,false,true,verified,medium,season_designation,https://basement.crucifyd.com/zone/seahawks/record-fact/NFL%20-%202021%20-%20Record%20%26%20Fact%20Book.pdf,"Formal preseason staff title: quarterbacks/passing game coordina-. Weeks encode the season designation, not independently observed weekly tenure; does not establish play-calling duty."
2021-HOU-head_coach-01-18-david-culley,2021,HOU,coach-david-culley,David Culley,head_coach,1,18,,,false,false,false,verified,high,observed_game_weeks,https://github.com/nflverse/nflverse-data/releases/download/pbp/play_by_play_2021.parquet,Observed head coach on each included regular-season game; interval is first through last observed game week.
2021-IND-head_coach-01-18-frank-reich,2021,IND,coach-frank-reich,Frank Reich,head_coach,1,18,,,false,false,true,verified,high,observed_game_weeks,https://github.com/nflverse/nflverse-data/releases/download/pbp/play_by_play_2021.parquet,Observed head coach on each included regular-season game; interval is first through last observed game week.
2021-JAX-head_coach-01-14-urban-meyer,2021,JAX,coach-urban-meyer,Urban Meyer,head_coach,1,14,,,false,false,false,verified,high,observed_game_weeks,https://github.com/nflverse/nflverse-data/releases/download/pbp/play_by_play_2021.parquet,Observed head coach on each included regular-season game; interval is first through last observed game week.
2021-JAX-head_coach-15-18-darrell-bevell,2021,JAX,coach-darrell-bevell,Darrell Bevell,head_coach,15,18,,,true,false,false,verified,high,observed_game_weeks,https://github.com/nflverse/nflverse-data/releases/download/pbp/play_by_play_2021.parquet,Observed head coach on each included regular-season game; interval is first through last observed game week.
2021-JAX-offensive_coordinator-01-18-darrell-bevell,2021,JAX,coach-darrell-bevell,Darrell Bevell,offensive_coordinator,1,18,,,false,false,false,verified,medium,season_designation,https://basement.crucifyd.com/zone/seahawks/record-fact/NFL%20-%202021%20-%20Record%20%26%20Fact%20Book.pdf,"Formal preseason staff title: offensive coordinator. Weeks encode the season designation, not independently observed weekly tenure; does not establish play-calling duty."
2021-KC-head_coach-01-18-andy-reid,2021,KC,coach-andy-reid,Andy Reid,head_coach,1,18,,,false,false,true,verified,high,observed_game_weeks,https://github.com/nflverse/nflverse-data/releases/download/pbp/play_by_play_2021.parquet,Observed head coach on each included regular-season game; interval is first through last observed game week.
2021-KC-offensive_coordinator-01-18-eric-bieniemy,2021,KC,coach-eric-bieniemy,Eric Bieniemy,offensive_coordinator,1,18,,,false,false,true,verified,medium,season_designation,https://basement.crucifyd.com/zone/seahawks/record-fact/NFL%20-%202021%20-%20Record%20%26%20Fact%20Book.pdf,"Formal preseason staff title: offensive coordinator. Weeks encode the season designation, not independently observed weekly tenure; does not establish play-calling duty."
2021-KC-quarterbacks_coach-01-18-mike-kafka,2021,KC,coach-mike-kafka,Mike Kafka,quarterbacks_coach,1,18,,,false,false,false,verified,medium,season_designation,https://basement.crucifyd.com/zone/seahawks/record-fact/NFL%20-%202021%20-%20Record%20%26%20Fact%20Book.pdf,"Formal preseason staff title: quarterbacks/pass game coordinator. Weeks encode the season designation, not independently observed weekly tenure; does not establish play-calling duty."
2021-LA-head_coach-01-18-sean-mcvay,2021,LA,coach-sean-mcvay,Sean McVay,head_coach,1,18,,,false,false,true,verified,high,observed_game_weeks,https://github.com/nflverse/nflverse-data/releases/download/pbp/play_by_play_2021.parquet,Observed head coach on each included regular-season game; interval is first through last observed game week.
2021-LAC-head_coach-01-18-brandon-staley,2021,LAC,coach-brandon-staley,Brandon Staley,head_coach,1,18,,,false,false,false,verified,high,observed_game_weeks,https://github.com/nflverse/nflverse-data/releases/download/pbp/play_by_play_2021.parquet,Observed head coach on each included regular-season game; interval is first through last observed game week.
2021-LAC-offensive_coordinator-01-18-joe-lombardi,2021,LAC,coach-joe-lombardi,Joe Lombardi,offensive_coordinator,1,18,,,false,false,false,verified,medium,season_designation,https://basement.crucifyd.com/zone/seahawks/record-fact/NFL%20-%202021%20-%20Record%20%26%20Fact%20Book.pdf,"Formal preseason staff title: offensive coordinator. Weeks encode the season designation, not independently observed weekly tenure; does not establish play-calling duty."
2021-LV-head_coach-01-05-jon-gruden,2021,LV,coach-jon-gruden,Jon Gruden,head_coach,1,5,,,false,false,true,verified,high,observed_game_weeks,https://github.com/nflverse/nflverse-data/releases/download/pbp/play_by_play_2021.parquet,Observed head coach on each included regular-season game; interval is first through last observed game week.
2021-LV-head_coach-06-18-rich-bisaccia,2021,LV,coach-rich-bisaccia,Rich Bisaccia,head_coach,6,18,,,true,false,false,verified,high,observed_game_weeks,https://github.com/nflverse/nflverse-data/releases/download/pbp/play_by_play_2021.parquet,Observed head coach on each included regular-season game; interval is first through last observed game week.
2021-LV-offensive_coordinator-01-18-greg-olson,2021,LV,coach-greg-olson,Greg Olson,offensive_coordinator,1,18,,,false,false,false,verified,medium,season_designation,https://basement.crucifyd.com/zone/seahawks/record-fact/NFL%20-%202021%20-%20Record%20%26%20Fact%20Book.pdf,"Formal preseason staff title: offensive coordinator. Weeks encode the season designation, not independently observed weekly tenure; does not establish play-calling duty."
2021-MIA-head_coach-01-18-brian-flores,2021,MIA,coach-brian-flores,Brian Flores,head_coach,1,18,,,false,false,true,verified,high,observed_game_weeks,https://github.com/nflverse/nflverse-data/releases/download/pbp/play_by_play_2021.parquet,Observed head coach on each included regular-season game; interval is first through last observed game week.
2021-MIA-quarterbacks_coach-01-18-charlie-frye,2021,MIA,coach-charlie-frye,Charlie Frye,quarterbacks_coach,1,18,,,false,false,false,verified,medium,season_designation,https://basement.crucifyd.com/zone/seahawks/record-fact/NFL%20-%202021%20-%20Record%20%26%20Fact%20Book.pdf,"Formal preseason staff title: quarterbacks. Weeks encode the season designation, not independently observed weekly tenure; does not establish play-calling duty."
2021-MIN-head_coach-01-18-mike-zimmer,2021,MIN,coach-mike-zimmer,Mike Zimmer,head_coach,1,18,,,false,false,true,verified,high,observed_game_weeks,https://github.com/nflverse/nflverse-data/releases/download/pbp/play_by_play_2021.parquet,Observed head coach on each included regular-season game; interval is first through last observed game week.
2021-MIN-offensive_coordinator-01-18-klint-kubiak,2021,MIN,coach-klint-kubiak,Klint Kubiak,offensive_coordinator,1,18,,,false,false,false,verified,medium,season_designation,https://basement.crucifyd.com/zone/seahawks/record-fact/NFL%20-%202021%20-%20Record%20%26%20Fact%20Book.pdf,"Formal preseason staff title: offensive coordinator. Weeks encode the season designation, not independently observed weekly tenure; does not establish play-calling duty."
2021-MIN-quarterbacks_coach-01-18-andrew-janocko,2021,MIN,coach-andrew-janocko,Andrew Janocko,quarterbacks_coach,1,18,,,false,false,false,verified,medium,season_designation,https://basement.crucifyd.com/zone/seahawks/record-fact/NFL%20-%202021%20-%20Record%20%26%20Fact%20Book.pdf,"Formal preseason staff title: quarterbacks. Weeks encode the season designation, not independently observed weekly tenure; does not establish play-calling duty."
2021-NE-head_coach-01-18-bill-belichick,2021,NE,coach-bill-belichick,Bill Belichick,head_coach,1,18,,,false,false,true,verified,high,observed_game_weeks,https://github.com/nflverse/nflverse-data/releases/download/pbp/play_by_play_2021.parquet,Observed head coach on each included regular-season game; interval is first through last observed game week.
2021-NE-offensive_coordinator-01-18-josh-mcdaniels,2021,NE,coach-josh-mcdaniels,Josh McDaniels,offensive_coordinator,1,18,,,false,false,true,verified,medium,season_designation,https://basement.crucifyd.com/zone/seahawks/record-fact/NFL%20-%202021%20-%20Record%20%26%20Fact%20Book.pdf,"Formal preseason staff title: offensive coordinator. Weeks encode the season designation, not independently observed weekly tenure; does not establish play-calling duty."
2021-NO-head_coach-01-18-sean-payton,2021,NO,coach-sean-payton,Sean Payton,head_coach,1,18,,,false,false,true,verified,high,observed_game_weeks,https://github.com/nflverse/nflverse-data/releases/download/pbp/play_by_play_2021.parquet,Observed head coach on each included regular-season game; interval is first through last observed game week.
2021-NO-quarterbacks_coach-01-18-ronald-curry,2021,NO,coach-ronald-curry,Ronald Curry,quarterbacks_coach,1,18,,,false,false,false,verified,medium,season_designation,https://basement.crucifyd.com/zone/seahawks/record-fact/NFL%20-%202021%20-%20Record%20%26%20Fact%20Book.pdf,"Formal preseason staff title: quarterbacks. Weeks encode the season designation, not independently observed weekly tenure; does not establish play-calling duty."
2021-NYG-head_coach-01-18-joe-judge,2021,NYG,coach-joe-judge,Joe Judge,head_coach,1,18,,,false,false,true,verified,high,observed_game_weeks,https://github.com/nflverse/nflverse-data/releases/download/pbp/play_by_play_2021.parquet,Observed head coach on each included regular-season game; interval is first through last observed game week.
2021-NYG-offensive_coordinator-01-18-jason-garrett,2021,NYG,coach-jason-garrett,Jason Garrett,offensive_coordinator,1,18,,,false,false,true,verified,medium,season_designation,https://basement.crucifyd.com/zone/seahawks/record-fact/NFL%20-%202021%20-%20Record%20%26%20Fact%20Book.pdf,"Formal preseason staff title: offensive coordinator. Weeks encode the season designation, not independently observed weekly tenure; does not establish play-calling duty."
2021-NYG-quarterbacks_coach-01-18-jerry-schuplinski,2021,NYG,coach-jerry-schuplinski,Jerry Schuplinski,quarterbacks_coach,1,18,,,false,false,true,verified,medium,season_designation,https://basement.crucifyd.com/zone/seahawks/record-fact/NFL%20-%202021%20-%20Record%20%26%20Fact%20Book.pdf,"Formal preseason staff title: quarterbacks. Weeks encode the season designation, not independently observed weekly tenure; does not establish play-calling duty."
2021-NYJ-head_coach-01-18-robert-saleh,2021,NYJ,coach-robert-saleh,Robert Saleh,head_coach,1,18,,,false,false,false,verified,high,observed_game_weeks,https://github.com/nflverse/nflverse-data/releases/download/pbp/play_by_play_2021.parquet,Observed head coach on each included regular-season game; interval is first through last observed game week.
2021-NYJ-offensive_coordinator-01-18-mike-lafleur,2021,NYJ,coach-mike-lafleur,Mike LaFleur,offensive_coordinator,1,18,,,false,false,false,verified,medium,season_designation,https://basement.crucifyd.com/zone/seahawks/record-fact/NFL%20-%202021%20-%20Record%20%26%20Fact%20Book.pdf,"Formal preseason staff title: offensive coordinator. Weeks encode the season designation, not independently observed weekly tenure; does not establish play-calling duty."
2021-NYJ-quarterbacks_coach-01-18-rob-calabrese,2021,NYJ,coach-rob-calabrese,Rob Calabrese,quarterbacks_coach,1,18,,,false,false,false,verified,medium,season_designation,https://basement.crucifyd.com/zone/seahawks/record-fact/NFL%20-%202021%20-%20Record%20%26%20Fact%20Book.pdf,"Formal preseason staff title: quarterbacks. Weeks encode the season designation, not independently observed weekly tenure; does not establish play-calling duty."
2021-PHI-head_coach-01-18-nick-sirianni,2021,PHI,coach-nick-sirianni,Nick Sirianni,head_coach,1,18,,,false,false,false,verified,high,observed_game_weeks,https://github.com/nflverse/nflverse-data/releases/download/pbp/play_by_play_2021.parquet,Observed head coach on each included regular-season game; interval is first through last observed game week.
2021-PHI-offensive_coordinator-01-18-shane-steichen,2021,PHI,coach-shane-steichen,Shane Steichen,offensive_coordinator,1,18,,,false,false,false,verified,medium,season_designation,https://basement.crucifyd.com/zone/seahawks/record-fact/NFL%20-%202021%20-%20Record%20%26%20Fact%20Book.pdf,"Formal preseason staff title: offensive coordinator. Weeks encode the season designation, not independently observed weekly tenure; does not establish play-calling duty."
2021-PHI-quarterbacks_coach-01-18-brian-johnson,2021,PHI,coach-brian-johnson,Brian Johnson,quarterbacks_coach,1,18,,,false,false,false,verified,medium,season_designation,https://basement.crucifyd.com/zone/seahawks/record-fact/NFL%20-%202021%20-%20Record%20%26%20Fact%20Book.pdf,"Formal preseason staff title: quarterbacks. Weeks encode the season designation, not independently observed weekly tenure; does not establish play-calling duty."
2021-PIT-head_coach-01-18-mike-tomlin,2021,PIT,coach-mike-tomlin,Mike Tomlin,head_coach,1,18,,,false,false,true,verified,high,observed_game_weeks,https://github.com/nflverse/nflverse-data/releases/download/pbp/play_by_play_2021.parquet,Observed head coach on each included regular-season game; interval is first through last observed game week.
2021-PIT-offensive_coordinator-01-18-matt-canada,2021,PIT,coach-matt-canada,Matt Canada,offensive_coordinator,1,18,,,false,false,false,verified,medium,season_designation,https://basement.crucifyd.com/zone/seahawks/record-fact/NFL%20-%202021%20-%20Record%20%26%20Fact%20Book.pdf,"Formal preseason staff title: offensive coordinator. Weeks encode the season designation, not independently observed weekly tenure; does not establish play-calling duty."
2021-PIT-quarterbacks_coach-01-18-mike-sullivan,2021,PIT,coach-mike-sullivan,Mike Sullivan,quarterbacks_coach,1,18,,,false,false,false,verified,medium,season_designation,https://basement.crucifyd.com/zone/seahawks/record-fact/NFL%20-%202021%20-%20Record%20%26%20Fact%20Book.pdf,"Formal preseason staff title: quarterbacks. Weeks encode the season designation, not independently observed weekly tenure; does not establish play-calling duty."
2021-SEA-head_coach-01-18-pete-carroll,2021,SEA,coach-pete-carroll,Pete Carroll,head_coach,1,18,,,false,false,true,verified,high,observed_game_weeks,https://github.com/nflverse/nflverse-data/releases/download/pbp/play_by_play_2021.parquet,Observed head coach on each included regular-season game; interval is first through last observed game week.
2021-SEA-offensive_coordinator-01-18-shane-waldron,2021,SEA,coach-shane-waldron,Shane Waldron,offensive_coordinator,1,18,,,false,false,false,verified,medium,season_designation,https://basement.crucifyd.com/zone/seahawks/record-fact/NFL%20-%202021%20-%20Record%20%26%20Fact%20Book.pdf,"Formal preseason staff title: offensive coordinator. Weeks encode the season designation, not independently observed weekly tenure; does not establish play-calling duty."
2021-SEA-quarterbacks_coach-01-18-austin-davis,2021,SEA,coach-austin-davis,Austin Davis,quarterbacks_coach,1,18,,,false,false,true,verified,medium,season_designation,https://basement.crucifyd.com/zone/seahawks/record-fact/NFL%20-%202021%20-%20Record%20%26%20Fact%20Book.pdf,"Formal preseason staff title: quarterbacks. Weeks encode the season designation, not independently observed weekly tenure; does not establish play-calling duty."
2021-SF-head_coach-01-18-kyle-shanahan,2021,SF,coach-kyle-shanahan,Kyle Shanahan,head_coach,1,18,,,false,false,true,verified,high,observed_game_weeks,https://github.com/nflverse/nflverse-data/releases/download/pbp/play_by_play_2021.parquet,Observed head coach on each included regular-season game; interval is first through last observed game week.
2021-SF-quarterbacks_coach-01-18-rich-scangarello,2021,SF,coach-rich-scangarello,Rich Scangarello,quarterbacks_coach,1,18,,,false,false,false,verified,medium,season_designation,https://basement.crucifyd.com/zone/seahawks/record-fact/NFL%20-%202021%20-%20Record%20%26%20Fact%20Book.pdf,"Formal preseason staff title: quarterbacks. Weeks encode the season designation, not independently observed weekly tenure; does not establish play-calling duty."
2021-TB-head_coach-01-18-bruce-arians,2021,TB,coach-bruce-arians,Bruce Arians,head_coach,1,18,,,false,false,true,verified,high,observed_game_weeks,https://github.com/nflverse/nflverse-data/releases/download/pbp/play_by_play_2021.parquet,Observed head coach on each included regular-season game; interval is first through last observed game week.
2021-TB-offensive_coordinator-01-18-byron-leftwich,2021,TB,coach-byron-leftwich,Byron Leftwich,offensive_coordinator,1,18,,,false,false,true,verified,medium,season_designation,https://basement.crucifyd.com/zone/seahawks/record-fact/NFL%20-%202021%20-%20Record%20%26%20Fact%20Book.pdf,"Formal preseason staff title: offensive coordinator. Weeks encode the season designation, not independently observed weekly tenure; does not establish play-calling duty."
2021-TB-quarterbacks_coach-01-18-clyde-christensen,2021,TB,coach-clyde-christensen,Clyde Christensen,quarterbacks_coach,1,18,,,false,false,false,verified,medium,season_designation,https://basement.crucifyd.com/zone/seahawks/record-fact/NFL%20-%202021%20-%20Record%20%26%20Fact%20Book.pdf,"Formal preseason staff title: quarterbacks. Weeks encode the season designation, not independently observed weekly tenure; does not establish play-calling duty."
2021-TEN-head_coach-01-18-mike-vrabel,2021,TEN,coach-mike-vrabel,Mike Vrabel,head_coach,1,18,,,false,false,true,verified,high,observed_game_weeks,https://github.com/nflverse/nflverse-data/releases/download/pbp/play_by_play_2021.parquet,Observed head coach on each included regular-season game; interval is first through last observed game week.
2021-TEN-offensive_coordinator-01-18-todd-downing,2021,TEN,coach-todd-downing,Todd Downing,offensive_coordinator,1,18,,,false,false,false,verified,medium,season_designation,https://basement.crucifyd.com/zone/seahawks/record-fact/NFL%20-%202021%20-%20Record%20%26%20Fact%20Book.pdf,"Formal preseason staff title: offensive coordinator. Weeks encode the season designation, not independently observed weekly tenure; does not establish play-calling duty."
2021-WAS-head_coach-01-18-ron-rivera,2021,WAS,coach-ron-rivera,Ron Rivera,head_coach,1,18,,,false,false,true,verified,high,observed_game_weeks,https://github.com/nflverse/nflverse-data/releases/download/pbp/play_by_play_2021.parquet,Observed head coach on each included regular-season game; interval is first through last observed game week.
2021-WAS-offensive_coordinator-01-18-scott-turner,2021,WAS,coach-scott-turner,Scott Turner,offensive_coordinator,1,18,,,false,false,true,verified,medium,season_designation,https://basement.crucifyd.com/zone/seahawks/record-fact/NFL%20-%202021%20-%20Record%20%26%20Fact%20Book.pdf,"Formal preseason staff title: offensive coordinator. Weeks encode the season designation, not independently observed weekly tenure; does not establish play-calling duty."
2021-WAS-quarterbacks_coach-01-18-ken-zampese,2021,WAS,coach-ken-zampese,Ken Zampese,quarterbacks_coach,1,18,,,false,false,true,verified,medium,season_designation,https://basement.crucifyd.com/zone/seahawks/record-fact/NFL%20-%202021%20-%20Record%20%26%20Fact%20Book.pdf,"Formal preseason staff title: quarterbacks. Weeks encode the season designation, not independently observed weekly tenure; does not establish play-calling duty."
2022-ARI-head_coach-01-18-kliff-kingsbury,2022,ARI,coach-kliff-kingsbury,Kliff Kingsbury,head_coach,1,18,,,false,false,true,verified,high,observed_game_weeks,https://github.com/nflverse/nflverse-data/releases/download/pbp/play_by_play_2022.parquet,Observed head coach on each included regular-season game; interval is first through last observed game week.
2022-ATL-head_coach-01-18-arthur-smith,2022,ATL,coach-arthur-smith,Arthur Smith,head_coach,1,18,,,false,false,true,verified,high,observed_game_weeks,https://github.com/nflverse/nflverse-data/releases/download/pbp/play_by_play_2022.parquet,Observed head coach on each included regular-season game; interval is first through last observed game week.
2022-ATL-offensive_coordinator-01-18-dave-ragone,2022,ATL,coach-dave-ragone,Dave Ragone,offensive_coordinator,1,18,,,false,false,true,verified,high,season_designation,https://static.www.nfl.com/league/apps/league-site/media-guides/2022/2022_NFL_Record_and_Fact_Book.pdf,"Formal preseason staff title: offensive coordinator. Weeks encode the season designation, not independently observed weekly tenure; does not establish play-calling duty."
2022-BAL-head_coach-01-18-john-harbaugh,2022,BAL,coach-john-harbaugh,John Harbaugh,head_coach,1,18,,,false,false,true,verified,high,observed_game_weeks,https://github.com/nflverse/nflverse-data/releases/download/pbp/play_by_play_2022.parquet,Observed head coach on each included regular-season game; interval is first through last observed game week.
2022-BAL-offensive_coordinator-01-18-greg-roman,2022,BAL,coach-greg-roman,Greg Roman,offensive_coordinator,1,18,,,false,false,true,verified,high,season_designation,https://static.www.nfl.com/league/apps/league-site/media-guides/2022/2022_NFL_Record_and_Fact_Book.pdf,"Formal preseason staff title: offensive coordinator. Weeks encode the season designation, not independently observed weekly tenure; does not establish play-calling duty."
2022-BAL-quarterbacks_coach-01-18-james-urban,2022,BAL,coach-james-urban,James Urban,quarterbacks_coach,1,18,,,false,false,true,verified,high,season_designation,https://static.www.nfl.com/league/apps/league-site/media-guides/2022/2022_NFL_Record_and_Fact_Book.pdf,"Formal preseason staff title: quarterbacks. Weeks encode the season designation, not independently observed weekly tenure; does not establish play-calling duty."
2022-BUF-head_coach-01-18-sean-mcdermott,2022,BUF,coach-sean-mcdermott,Sean McDermott,head_coach,1,18,,,false,false,true,verified,high,observed_game_weeks,https://github.com/nflverse/nflverse-data/releases/download/pbp/play_by_play_2022.parquet,Observed head coach on each included regular-season game; interval is first through last observed game week.
2022-BUF-offensive_coordinator-01-18-ken-dorsey,2022,BUF,coach-ken-dorsey,Ken Dorsey,offensive_coordinator,1,18,,,false,false,false,verified,high,season_designation,https://static.www.nfl.com/league/apps/league-site/media-guides/2022/2022_NFL_Record_and_Fact_Book.pdf,"Formal preseason staff title: offensive coordinator. Weeks encode the season designation, not independently observed weekly tenure; does not establish play-calling duty."
2022-BUF-quarterbacks_coach-01-18-joe-brady,2022,BUF,coach-joe-brady,Joe Brady,quarterbacks_coach,1,18,,,false,false,false,verified,high,season_designation,https://static.www.nfl.com/league/apps/league-site/media-guides/2022/2022_NFL_Record_and_Fact_Book.pdf,"Formal preseason staff title: quarterbacks. Weeks encode the season designation, not independently observed weekly tenure; does not establish play-calling duty."
2022-CAR-head_coach-01-05-matt-rhule,2022,CAR,coach-matt-rhule,Matt Rhule,head_coach,1,5,,,false,false,true,verified,high,observed_game_weeks,https://github.com/nflverse/nflverse-data/releases/download/pbp/play_by_play_2022.parquet,Observed head coach on each included regular-season game; interval is first through last observed game week.
2022-CAR-head_coach-06-18-steve-wilks,2022,CAR,coach-steve-wilks,Steve Wilks,head_coach,6,18,,,true,false,false,verified,high,observed_game_weeks,https://github.com/nflverse/nflverse-data/releases/download/pbp/play_by_play_2022.parquet,Observed head coach on each included regular-season game; interval is first through last observed game week.
2022-CAR-offensive_coordinator-01-18-ben-mcadoo,2022,CAR,coach-ben-mcadoo,Ben McAdoo,offensive_coordinator,1,18,,,false,false,false,verified,high,season_designation,https://static.www.nfl.com/league/apps/league-site/media-guides/2022/2022_NFL_Record_and_Fact_Book.pdf,"Formal preseason staff title: offensive coordinator. Weeks encode the season designation, not independently observed weekly tenure; does not establish play-calling duty."
2022-CAR-quarterbacks_coach-01-18-sean-ryan,2022,CAR,coach-sean-ryan,Sean Ryan,quarterbacks_coach,1,18,,,false,false,true,verified,high,season_designation,https://static.www.nfl.com/league/apps/league-site/media-guides/2022/2022_NFL_Record_and_Fact_Book.pdf,"Formal preseason staff title: quarterbacks. Weeks encode the season designation, not independently observed weekly tenure; does not establish play-calling duty."
2022-CHI-head_coach-01-18-matt-eberflus,2022,CHI,coach-matt-eberflus,Matt Eberflus,head_coach,1,18,,,false,false,false,verified,high,observed_game_weeks,https://github.com/nflverse/nflverse-data/releases/download/pbp/play_by_play_2022.parquet,Observed head coach on each included regular-season game; interval is first through last observed game week.
2022-CHI-offensive_coordinator-01-18-luke-getsy,2022,CHI,coach-luke-getsy,Luke Getsy,offensive_coordinator,1,18,,,false,false,false,verified,high,season_designation,https://static.www.nfl.com/league/apps/league-site/media-guides/2022/2022_NFL_Record_and_Fact_Book.pdf,"Formal preseason staff title: offensive coordinator. Weeks encode the season designation, not independently observed weekly tenure; does not establish play-calling duty."
2022-CHI-quarterbacks_coach-01-18-andrew-janocko,2022,CHI,coach-andrew-janocko,Andrew Janocko,quarterbacks_coach,1,18,,,false,false,false,verified,high,season_designation,https://static.www.nfl.com/league/apps/league-site/media-guides/2022/2022_NFL_Record_and_Fact_Book.pdf,"Formal preseason staff title: quarterbacks. Weeks encode the season designation, not independently observed weekly tenure; does not establish play-calling duty."
2022-CIN-head_coach-01-18-zac-taylor,2022,CIN,coach-zac-taylor,Zac Taylor,head_coach,1,18,,,false,false,true,verified,high,observed_game_weeks,https://github.com/nflverse/nflverse-data/releases/download/pbp/play_by_play_2022.parquet,Observed head coach on each included regular-season game; interval is first through last observed game week.
2022-CIN-offensive_coordinator-01-18-brian-callahan,2022,CIN,coach-brian-callahan,Brian Callahan,offensive_coordinator,1,18,,,false,false,true,verified,high,season_designation,https://static.www.nfl.com/league/apps/league-site/media-guides/2022/2022_NFL_Record_and_Fact_Book.pdf,"Formal preseason staff title: offensive coordinator. Weeks encode the season designation, not independently observed weekly tenure; does not establish play-calling duty."
2022-CIN-quarterbacks_coach-01-18-dan-pitcher,2022,CIN,coach-dan-pitcher,Dan Pitcher,quarterbacks_coach,1,18,,,false,false,true,verified,high,season_designation,https://static.www.nfl.com/league/apps/league-site/media-guides/2022/2022_NFL_Record_and_Fact_Book.pdf,"Formal preseason staff title: quarterbacks. Weeks encode the season designation, not independently observed weekly tenure; does not establish play-calling duty."
2022-CLE-head_coach-01-18-kevin-stefanski,2022,CLE,coach-kevin-stefanski,Kevin Stefanski,head_coach,1,18,,,false,false,true,verified,high,observed_game_weeks,https://github.com/nflverse/nflverse-data/releases/download/pbp/play_by_play_2022.parquet,Observed head coach on each included regular-season game; interval is first through last observed game week.
2022-CLE-offensive_coordinator-01-18-alex-van-pelt,2022,CLE,coach-alex-van-pelt,Alex Van Pelt,offensive_coordinator,1,18,,,false,false,true,verified,high,season_designation,https://static.www.nfl.com/league/apps/league-site/media-guides/2022/2022_NFL_Record_and_Fact_Book.pdf,"Formal preseason staff title: offensive coordinator. Weeks encode the season designation, not independently observed weekly tenure; does not establish play-calling duty."
2022-CLE-quarterbacks_coach-01-18-drew-petzing,2022,CLE,coach-drew-petzing,Drew Petzing,quarterbacks_coach,1,18,,,false,false,false,verified,high,season_designation,https://static.www.nfl.com/league/apps/league-site/media-guides/2022/2022_NFL_Record_and_Fact_Book.pdf,"Formal preseason staff title: quarterbacks. Weeks encode the season designation, not independently observed weekly tenure; does not establish play-calling duty."
2022-DAL-head_coach-01-18-mike-mccarthy,2022,DAL,coach-mike-mccarthy,Mike McCarthy,head_coach,1,18,,,false,false,true,verified,high,observed_game_weeks,https://github.com/nflverse/nflverse-data/releases/download/pbp/play_by_play_2022.parquet,Observed head coach on each included regular-season game; interval is first through last observed game week.
2022-DAL-offensive_coordinator-01-18-kellen-moore,2022,DAL,coach-kellen-moore,Kellen Moore,offensive_coordinator,1,18,,,false,false,true,verified,high,season_designation,https://static.www.nfl.com/league/apps/league-site/media-guides/2022/2022_NFL_Record_and_Fact_Book.pdf,"Formal preseason staff title: offensive coordinator. Weeks encode the season designation, not independently observed weekly tenure; does not establish play-calling duty."
2022-DAL-quarterbacks_coach-01-18-doug-nussmeier,2022,DAL,coach-doug-nussmeier,Doug Nussmeier,quarterbacks_coach,1,18,,,false,false,true,verified,high,season_designation,https://static.www.nfl.com/league/apps/league-site/media-guides/2022/2022_NFL_Record_and_Fact_Book.pdf,"Formal preseason staff title: quarterbacks. Weeks encode the season designation, not independently observed weekly tenure; does not establish play-calling duty."
2022-DEN-head_coach-01-16-nathaniel-hackett,2022,DEN,coach-nathaniel-hackett,Nathaniel Hackett,head_coach,1,16,,,false,false,false,verified,high,observed_game_weeks,https://github.com/nflverse/nflverse-data/releases/download/pbp/play_by_play_2022.parquet,Observed head coach on each included regular-season game; interval is first through last observed game week.
2022-DEN-head_coach-17-18-jay-rosburg,2022,DEN,coach-jay-rosburg,Jay Rosburg,head_coach,17,18,,,true,false,false,verified,high,observed_game_weeks,https://github.com/nflverse/nflverse-data/releases/download/pbp/play_by_play_2022.parquet,Observed head coach on each included regular-season game; interval is first through last observed game week.
2022-DEN-offensive_coordinator-01-18-justin-outten,2022,DEN,coach-justin-outten,Justin Outten,offensive_coordinator,1,18,,,false,false,false,verified,high,season_designation,https://static.www.nfl.com/league/apps/league-site/media-guides/2022/2022_NFL_Record_and_Fact_Book.pdf,"Formal preseason staff title: offensive coordinator. Weeks encode the season designation, not independently observed weekly tenure; does not establish play-calling duty."
2022-DET-head_coach-01-18-dan-campbell,2022,DET,coach-dan-campbell,Dan Campbell,head_coach,1,18,,,false,false,true,verified,high,observed_game_weeks,https://github.com/nflverse/nflverse-data/releases/download/pbp/play_by_play_2022.parquet,Observed head coach on each included regular-season game; interval is first through last observed game week.
2022-DET-offensive_coordinator-01-18-ben-johnson,2022,DET,coach-ben-johnson,Ben Johnson,offensive_coordinator,1,18,,,false,false,false,verified,high,season_designation,https://static.www.nfl.com/league/apps/league-site/media-guides/2022/2022_NFL_Record_and_Fact_Book.pdf,"Formal preseason staff title: offensive coordinator. Weeks encode the season designation, not independently observed weekly tenure; does not establish play-calling duty."
2022-DET-quarterbacks_coach-01-18-mark-brunell,2022,DET,coach-mark-brunell,Mark Brunell,quarterbacks_coach,1,18,,,false,false,true,verified,high,season_designation,https://static.www.nfl.com/league/apps/league-site/media-guides/2022/2022_NFL_Record_and_Fact_Book.pdf,"Formal preseason staff title: quarterbacks. Weeks encode the season designation, not independently observed weekly tenure; does not establish play-calling duty."
2022-GB-head_coach-01-18-matt-lafleur,2022,GB,coach-matt-lafleur,Matt LaFleur,head_coach,1,18,,,false,false,true,verified,high,observed_game_weeks,https://github.com/nflverse/nflverse-data/releases/download/pbp/play_by_play_2022.parquet,Observed head coach on each included regular-season game; interval is first through last observed game week.
2022-GB-offensive_coordinator-01-18-adam-stenavich,2022,GB,coach-adam-stenavich,Adam Stenavich,offensive_coordinator,1,18,,,false,false,false,verified,high,season_designation,https://static.www.nfl.com/league/apps/league-site/media-guides/2022/2022_NFL_Record_and_Fact_Book.pdf,"Formal preseason staff title: offensive coordinator. Weeks encode the season designation, not independently observed weekly tenure; does not establish play-calling duty."
2022-GB-quarterbacks_coach-01-18-tom-clements,2022,GB,coach-tom-clements,Tom Clements,quarterbacks_coach,1,18,,,false,false,false,verified,high,season_designation,https://static.www.nfl.com/league/apps/league-site/media-guides/2022/2022_NFL_Record_and_Fact_Book.pdf,"Formal preseason staff title: quarterbacks. Weeks encode the season designation, not independently observed weekly tenure; does not establish play-calling duty."
2022-HOU-head_coach-01-18-lovie-smith,2022,HOU,coach-lovie-smith,Lovie Smith,head_coach,1,18,,,false,false,false,verified,high,observed_game_weeks,https://github.com/nflverse/nflverse-data/releases/download/pbp/play_by_play_2022.parquet,Observed head coach on each included regular-season game; interval is first through last observed game week.
2022-HOU-offensive_coordinator-01-18-pep-hamilton,2022,HOU,coach-pep-hamilton,Pep Hamilton,offensive_coordinator,1,18,,,false,false,false,verified,high,season_designation,https://static.www.nfl.com/league/apps/league-site/media-guides/2022/2022_NFL_Record_and_Fact_Book.pdf,"Formal preseason staff title: offensive coordinator. Weeks encode the season designation, not independently observed weekly tenure; does not establish play-calling duty."
2022-IND-head_coach-01-09-frank-reich,2022,IND,coach-frank-reich,Frank Reich,head_coach,1,9,,,false,false,true,verified,high,observed_game_weeks,https://github.com/nflverse/nflverse-data/releases/download/pbp/play_by_play_2022.parquet,Observed head coach on each included regular-season game; interval is first through last observed game week.
2022-IND-head_coach-10-18-jeff-saturday,2022,IND,coach-jeff-saturday,Jeff Saturday,head_coach,10,18,,,true,false,false,verified,high,observed_game_weeks,https://github.com/nflverse/nflverse-data/releases/download/pbp/play_by_play_2022.parquet,Observed head coach on each included regular-season game; interval is first through last observed game week.
2022-IND-offensive_coordinator-01-18-marcus-brady,2022,IND,coach-marcus-brady,Marcus Brady,offensive_coordinator,1,18,,,false,false,false,verified,high,season_designation,https://static.www.nfl.com/league/apps/league-site/media-guides/2022/2022_NFL_Record_and_Fact_Book.pdf,"Formal preseason staff title: offensive coordinator. Weeks encode the season designation, not independently observed weekly tenure; does not establish play-calling duty."
2022-IND-quarterbacks_coach-01-18-scott-milanovich,2022,IND,coach-scott-milanovich,Scott Milanovich,quarterbacks_coach,1,18,,,false,false,false,verified,high,season_designation,https://static.www.nfl.com/league/apps/league-site/media-guides/2022/2022_NFL_Record_and_Fact_Book.pdf,"Formal preseason staff title: quarterbacks. Weeks encode the season designation, not independently observed weekly tenure; does not establish play-calling duty."
2022-JAX-head_coach-01-18-doug-pederson,2022,JAX,coach-doug-pederson,Doug Pederson,head_coach,1,18,,,false,false,false,verified,high,observed_game_weeks,https://github.com/nflverse/nflverse-data/releases/download/pbp/play_by_play_2022.parquet,Observed head coach on each included regular-season game; interval is first through last observed game week.
2022-JAX-offensive_coordinator-01-18-press-taylor,2022,JAX,coach-press-taylor,Press Taylor,offensive_coordinator,1,18,,,false,false,false,verified,high,season_designation,https://static.www.nfl.com/league/apps/league-site/media-guides/2022/2022_NFL_Record_and_Fact_Book.pdf,"Formal preseason staff title: offensive coordinator. Weeks encode the season designation, not independently observed weekly tenure; does not establish play-calling duty."
2022-KC-head_coach-01-18-andy-reid,2022,KC,coach-andy-reid,Andy Reid,head_coach,1,18,,,false,false,true,verified,high,observed_game_weeks,https://github.com/nflverse/nflverse-data/releases/download/pbp/play_by_play_2022.parquet,Observed head coach on each included regular-season game; interval is first through last observed game week.
2022-KC-offensive_coordinator-01-18-eric-bieniemy,2022,KC,coach-eric-bieniemy,Eric Bieniemy,offensive_coordinator,1,18,,,false,false,true,verified,high,season_designation,https://static.www.nfl.com/league/apps/league-site/media-guides/2022/2022_NFL_Record_and_Fact_Book.pdf,"Formal preseason staff title: offensive coordinator. Weeks encode the season designation, not independently observed weekly tenure; does not establish play-calling duty."
2022-LA-head_coach-01-18-sean-mcvay,2022,LA,coach-sean-mcvay,Sean McVay,head_coach,1,18,,,false,false,true,verified,high,observed_game_weeks,https://github.com/nflverse/nflverse-data/releases/download/pbp/play_by_play_2022.parquet,Observed head coach on each included regular-season game; interval is first through last observed game week.
2022-LA-offensive_coordinator-01-18-liam-coen,2022,LA,coach-liam-coen,Liam Coen,offensive_coordinator,1,18,,,false,false,false,verified,high,season_designation,https://static.www.nfl.com/league/apps/league-site/media-guides/2022/2022_NFL_Record_and_Fact_Book.pdf,"Formal preseason staff title: offensive coordinator. Weeks encode the season designation, not independently observed weekly tenure; does not establish play-calling duty."
2022-LAC-head_coach-01-18-brandon-staley,2022,LAC,coach-brandon-staley,Brandon Staley,head_coach,1,18,,,false,false,true,verified,high,observed_game_weeks,https://github.com/nflverse/nflverse-data/releases/download/pbp/play_by_play_2022.parquet,Observed head coach on each included regular-season game; interval is first through last observed game week.
2022-LAC-offensive_coordinator-01-18-joe-lombardi,2022,LAC,coach-joe-lombardi,Joe Lombardi,offensive_coordinator,1,18,,,false,false,true,verified,high,season_designation,https://static.www.nfl.com/league/apps/league-site/media-guides/2022/2022_NFL_Record_and_Fact_Book.pdf,"Formal preseason staff title: offensive coordinator. Weeks encode the season designation, not independently observed weekly tenure; does not establish play-calling duty."
2022-LV-head_coach-01-18-josh-mcdaniels,2022,LV,coach-josh-mcdaniels,Josh McDaniels,head_coach,1,18,,,false,false,false,verified,high,observed_game_weeks,https://github.com/nflverse/nflverse-data/releases/download/pbp/play_by_play_2022.parquet,Observed head coach on each included regular-season game; interval is first through last observed game week.
2022-LV-offensive_coordinator-01-18-mick-lombardi,2022,LV,coach-mick-lombardi,Mick Lombardi,offensive_coordinator,1,18,,,false,false,false,verified,high,season_designation,https://static.www.nfl.com/league/apps/league-site/media-guides/2022/2022_NFL_Record_and_Fact_Book.pdf,"Formal preseason staff title: offensive coordinator. Weeks encode the season designation, not independently observed weekly tenure; does not establish play-calling duty."
2022-LV-quarterbacks_coach-01-18-bo-hardegree,2022,LV,coach-bo-hardegree,Bo Hardegree,quarterbacks_coach,1,18,,,false,false,false,verified,high,season_designation,https://static.www.nfl.com/league/apps/league-site/media-guides/2022/2022_NFL_Record_and_Fact_Book.pdf,"Formal preseason staff title: quarterbacks. Weeks encode the season designation, not independently observed weekly tenure; does not establish play-calling duty."
2022-MIA-head_coach-01-18-mike-mcdaniel,2022,MIA,coach-mike-mcdaniel,Mike McDaniel,head_coach,1,18,,,false,false,false,verified,high,observed_game_weeks,https://github.com/nflverse/nflverse-data/releases/download/pbp/play_by_play_2022.parquet,Observed head coach on each included regular-season game; interval is first through last observed game week.
2022-MIA-offensive_coordinator-01-18-frank-smith,2022,MIA,coach-frank-smith,Frank Smith,offensive_coordinator,1,18,,,false,false,false,verified,high,season_designation,https://static.www.nfl.com/league/apps/league-site/media-guides/2022/2022_NFL_Record_and_Fact_Book.pdf,"Formal preseason staff title: offensive coordinator. Weeks encode the season designation, not independently observed weekly tenure; does not establish play-calling duty."
2022-MIA-quarterbacks_coach-01-18-darrell-bevell,2022,MIA,coach-darrell-bevell,Darrell Bevell,quarterbacks_coach,1,18,,,false,false,false,verified,high,season_designation,https://static.www.nfl.com/league/apps/league-site/media-guides/2022/2022_NFL_Record_and_Fact_Book.pdf,"Formal preseason staff title: quarterbacks/passing game coordi-. Weeks encode the season designation, not independently observed weekly tenure; does not establish play-calling duty."
2022-MIN-head_coach-01-18-kevin-o-connell,2022,MIN,coach-kevin-o-connell,Kevin O'Connell,head_coach,1,18,,,false,false,false,verified,high,observed_game_weeks,https://github.com/nflverse/nflverse-data/releases/download/pbp/play_by_play_2022.parquet,Observed head coach on each included regular-season game; interval is first through last observed game week.
2022-MIN-offensive_coordinator-01-18-wes-phillips,2022,MIN,coach-wes-phillips,Wes Phillips,offensive_coordinator,1,18,,,false,false,false,verified,high,season_designation,https://static.www.nfl.com/league/apps/league-site/media-guides/2022/2022_NFL_Record_and_Fact_Book.pdf,"Formal preseason staff title: offensive coordinator. Weeks encode the season designation, not independently observed weekly tenure; does not establish play-calling duty."
2022-NE-head_coach-01-18-bill-belichick,2022,NE,coach-bill-belichick,Bill Belichick,head_coach,1,18,,,false,false,true,verified,high,observed_game_weeks,https://github.com/nflverse/nflverse-data/releases/download/pbp/play_by_play_2022.parquet,Observed head coach on each included regular-season game; interval is first through last observed game week.
2022-NO-head_coach-01-18-dennis-allen,2022,NO,coach-dennis-allen,Dennis Allen,head_coach,1,18,,,false,false,false,verified,high,observed_game_weeks,https://github.com/nflverse/nflverse-data/releases/download/pbp/play_by_play_2022.parquet,Observed head coach on each included regular-season game; interval is first through last observed game week.
2022-NO-offensive_coordinator-01-18-pete-carmichael,2022,NO,coach-pete-carmichael,Pete Carmichael,offensive_coordinator,1,18,,,false,false,false,verified,high,season_designation,https://static.www.nfl.com/league/apps/league-site/media-guides/2022/2022_NFL_Record_and_Fact_Book.pdf,"Formal preseason staff title: offensive coordinator. Weeks encode the season designation, not independently observed weekly tenure; does not establish play-calling duty."
2022-NYG-head_coach-01-18-brian-daboll,2022,NYG,coach-brian-daboll,Brian Daboll,head_coach,1,18,,,false,false,false,verified,high,observed_game_weeks,https://github.com/nflverse/nflverse-data/releases/download/pbp/play_by_play_2022.parquet,Observed head coach on each included regular-season game; interval is first through last observed game week.
2022-NYG-offensive_coordinator-01-18-mike-kafka,2022,NYG,coach-mike-kafka,Mike Kafka,offensive_coordinator,1,18,,,false,false,false,verified,high,season_designation,https://static.www.nfl.com/league/apps/league-site/media-guides/2022/2022_NFL_Record_and_Fact_Book.pdf,"Formal preseason staff title: offensive coordinator. Weeks encode the season designation, not independently observed weekly tenure; does not establish play-calling duty."
2022-NYG-quarterbacks_coach-01-18-shea-tierney,2022,NYG,coach-shea-tierney,Shea Tierney,quarterbacks_coach,1,18,,,false,false,false,verified,high,season_designation,https://static.www.nfl.com/league/apps/league-site/media-guides/2022/2022_NFL_Record_and_Fact_Book.pdf,"Formal preseason staff title: quarterbacks. Weeks encode the season designation, not independently observed weekly tenure; does not establish play-calling duty."
2022-NYJ-head_coach-01-18-robert-saleh,2022,NYJ,coach-robert-saleh,Robert Saleh,head_coach,1,18,,,false,false,true,verified,high,observed_game_weeks,https://github.com/nflverse/nflverse-data/releases/download/pbp/play_by_play_2022.parquet,Observed head coach on each included regular-season game; interval is first through last observed game week.
2022-NYJ-offensive_coordinator-01-18-mike-lafleur,2022,NYJ,coach-mike-lafleur,Mike LaFleur,offensive_coordinator,1,18,,,false,false,true,verified,high,season_designation,https://static.www.nfl.com/league/apps/league-site/media-guides/2022/2022_NFL_Record_and_Fact_Book.pdf,"Formal preseason staff title: offensive coordinator. Weeks encode the season designation, not independently observed weekly tenure; does not establish play-calling duty."
2022-PHI-head_coach-01-18-nick-sirianni,2022,PHI,coach-nick-sirianni,Nick Sirianni,head_coach,1,18,,,false,false,true,verified,high,observed_game_weeks,https://github.com/nflverse/nflverse-data/releases/download/pbp/play_by_play_2022.parquet,Observed head coach on each included regular-season game; interval is first through last observed game week.
2022-PHI-offensive_coordinator-01-18-shane-steichen,2022,PHI,coach-shane-steichen,Shane Steichen,offensive_coordinator,1,18,,,false,false,true,verified,high,season_designation,https://static.www.nfl.com/league/apps/league-site/media-guides/2022/2022_NFL_Record_and_Fact_Book.pdf,"Formal preseason staff title: offensive coordinator. Weeks encode the season designation, not independently observed weekly tenure; does not establish play-calling duty."
2022-PHI-quarterbacks_coach-01-18-brian-johnson,2022,PHI,coach-brian-johnson,Brian Johnson,quarterbacks_coach,1,18,,,false,false,true,verified,high,season_designation,https://static.www.nfl.com/league/apps/league-site/media-guides/2022/2022_NFL_Record_and_Fact_Book.pdf,"Formal preseason staff title: quarterbacks. Weeks encode the season designation, not independently observed weekly tenure; does not establish play-calling duty."
2022-PIT-head_coach-01-18-mike-tomlin,2022,PIT,coach-mike-tomlin,Mike Tomlin,head_coach,1,18,,,false,false,true,verified,high,observed_game_weeks,https://github.com/nflverse/nflverse-data/releases/download/pbp/play_by_play_2022.parquet,Observed head coach on each included regular-season game; interval is first through last observed game week.
2022-PIT-offensive_coordinator-01-18-matt-canada,2022,PIT,coach-matt-canada,Matt Canada,offensive_coordinator,1,18,,,false,false,true,verified,high,season_designation,https://static.www.nfl.com/league/apps/league-site/media-guides/2022/2022_NFL_Record_and_Fact_Book.pdf,"Formal preseason staff title: offensive coordinator. Weeks encode the season designation, not independently observed weekly tenure; does not establish play-calling duty."
2022-PIT-quarterbacks_coach-01-18-mike-sullivan,2022,PIT,coach-mike-sullivan,Mike Sullivan,quarterbacks_coach,1,18,,,false,false,true,verified,high,season_designation,https://static.www.nfl.com/league/apps/league-site/media-guides/2022/2022_NFL_Record_and_Fact_Book.pdf,"Formal preseason staff title: quarterbacks. Weeks encode the season designation, not independently observed weekly tenure; does not establish play-calling duty."
2022-SEA-head_coach-01-18-pete-carroll,2022,SEA,coach-pete-carroll,Pete Carroll,head_coach,1,18,,,false,false,true,verified,high,observed_game_weeks,https://github.com/nflverse/nflverse-data/releases/download/pbp/play_by_play_2022.parquet,Observed head coach on each included regular-season game; interval is first through last observed game week.
2022-SEA-offensive_coordinator-01-18-shane-waldron,2022,SEA,coach-shane-waldron,Shane Waldron,offensive_coordinator,1,18,,,false,false,true,verified,high,season_designation,https://static.www.nfl.com/league/apps/league-site/media-guides/2022/2022_NFL_Record_and_Fact_Book.pdf,"Formal preseason staff title: offensive coordinator. Weeks encode the season designation, not independently observed weekly tenure; does not establish play-calling duty."
2022-SEA-quarterbacks_coach-01-18-dave-canales,2022,SEA,coach-dave-canales,Dave Canales,quarterbacks_coach,1,18,,,false,false,false,verified,high,season_designation,https://static.www.nfl.com/league/apps/league-site/media-guides/2022/2022_NFL_Record_and_Fact_Book.pdf,"Formal preseason staff title: quarterbacks. Weeks encode the season designation, not independently observed weekly tenure; does not establish play-calling duty."
2022-SF-head_coach-01-18-kyle-shanahan,2022,SF,coach-kyle-shanahan,Kyle Shanahan,head_coach,1,18,,,false,false,true,verified,high,observed_game_weeks,https://github.com/nflverse/nflverse-data/releases/download/pbp/play_by_play_2022.parquet,Observed head coach on each included regular-season game; interval is first through last observed game week.
2022-SF-quarterbacks_coach-01-18-brian-griese,2022,SF,coach-brian-griese,Brian Griese,quarterbacks_coach,1,18,,,false,false,false,verified,high,season_designation,https://static.www.nfl.com/league/apps/league-site/media-guides/2022/2022_NFL_Record_and_Fact_Book.pdf,"Formal preseason staff title: quarterbacks. Weeks encode the season designation, not independently observed weekly tenure; does not establish play-calling duty."
2022-TB-head_coach-01-18-todd-bowles,2022,TB,coach-todd-bowles,Todd Bowles,head_coach,1,18,,,false,false,false,verified,high,observed_game_weeks,https://github.com/nflverse/nflverse-data/releases/download/pbp/play_by_play_2022.parquet,Observed head coach on each included regular-season game; interval is first through last observed game week.
2022-TB-offensive_coordinator-01-18-byron-leftwich,2022,TB,coach-byron-leftwich,Byron Leftwich,offensive_coordinator,1,18,,,false,false,true,verified,high,season_designation,https://static.www.nfl.com/league/apps/league-site/media-guides/2022/2022_NFL_Record_and_Fact_Book.pdf,"Formal preseason staff title: offensive coordinator. Weeks encode the season designation, not independently observed weekly tenure; does not establish play-calling duty."
2022-TB-quarterbacks_coach-01-18-clyde-christensen,2022,TB,coach-clyde-christensen,Clyde Christensen,quarterbacks_coach,1,18,,,false,false,true,verified,high,season_designation,https://static.www.nfl.com/league/apps/league-site/media-guides/2022/2022_NFL_Record_and_Fact_Book.pdf,"Formal preseason staff title: quarterbacks. Weeks encode the season designation, not independently observed weekly tenure; does not establish play-calling duty."
2022-TEN-head_coach-01-18-mike-vrabel,2022,TEN,coach-mike-vrabel,Mike Vrabel,head_coach,1,18,,,false,false,true,verified,high,observed_game_weeks,https://github.com/nflverse/nflverse-data/releases/download/pbp/play_by_play_2022.parquet,Observed head coach on each included regular-season game; interval is first through last observed game week.
2022-WAS-head_coach-01-18-ron-rivera,2022,WAS,coach-ron-rivera,Ron Rivera,head_coach,1,18,,,false,false,true,verified,high,observed_game_weeks,https://github.com/nflverse/nflverse-data/releases/download/pbp/play_by_play_2022.parquet,Observed head coach on each included regular-season game; interval is first through last observed game week.
2022-WAS-offensive_coordinator-01-18-scott-turner,2022,WAS,coach-scott-turner,Scott Turner,offensive_coordinator,1,18,,,false,false,true,verified,high,season_designation,https://static.www.nfl.com/league/apps/league-site/media-guides/2022/2022_NFL_Record_and_Fact_Book.pdf,"Formal preseason staff title: offensive coordinator. Weeks encode the season designation, not independently observed weekly tenure; does not establish play-calling duty."
2022-WAS-quarterbacks_coach-01-18-ken-zampese,2022,WAS,coach-ken-zampese,Ken Zampese,quarterbacks_coach,1,18,,,false,false,true,verified,high,season_designation,https://static.www.nfl.com/league/apps/league-site/media-guides/2022/2022_NFL_Record_and_Fact_Book.pdf,"Formal preseason staff title: quarterbacks. Weeks encode the season designation, not independently observed weekly tenure; does not establish play-calling duty."
2023-ARI-head_coach-01-18-jonathan-gannon,2023,ARI,coach-jonathan-gannon,Jonathan Gannon,head_coach,1,18,,,false,false,false,verified,high,observed_game_weeks,https://github.com/nflverse/nflverse-data/releases/download/pbp/play_by_play_2023.parquet,Observed head coach on each included regular-season game; interval is first through last observed game week.
2023-ARI-offensive_coordinator-01-18-drew-petzing,2023,ARI,coach-drew-petzing,Drew Petzing,offensive_coordinator,1,18,,,false,false,false,verified,medium,season_designation,https://basement.crucifyd.com/zone/seahawks/record-fact/NFL%20-%202023%20-%20Record%20%26%20Fact%20Book.pdf,"Formal preseason staff title: offensive coordinator. Weeks encode the season designation, not independently observed weekly tenure; does not establish play-calling duty."
2023-ATL-head_coach-01-18-arthur-smith,2023,ATL,coach-arthur-smith,Arthur Smith,head_coach,1,18,,,false,false,true,verified,high,observed_game_weeks,https://github.com/nflverse/nflverse-data/releases/download/pbp/play_by_play_2023.parquet,Observed head coach on each included regular-season game; interval is first through last observed game week.
2023-ATL-offensive_coordinator-01-18-dave-ragone,2023,ATL,coach-dave-ragone,Dave Ragone,offensive_coordinator,1,18,,,false,false,true,verified,medium,season_designation,https://basement.crucifyd.com/zone/seahawks/record-fact/NFL%20-%202023%20-%20Record%20%26%20Fact%20Book.pdf,"Formal preseason staff title: offensive coordinator. Weeks encode the season designation, not independently observed weekly tenure; does not establish play-calling duty."
2023-BAL-head_coach-01-18-john-harbaugh,2023,BAL,coach-john-harbaugh,John Harbaugh,head_coach,1,18,,,false,false,true,verified,high,observed_game_weeks,https://github.com/nflverse/nflverse-data/releases/download/pbp/play_by_play_2023.parquet,Observed head coach on each included regular-season game; interval is first through last observed game week.
2023-BAL-offensive_coordinator-01-18-todd-monken,2023,BAL,coach-todd-monken,Todd Monken,offensive_coordinator,1,18,,,false,false,false,verified,medium,season_designation,https://basement.crucifyd.com/zone/seahawks/record-fact/NFL%20-%202023%20-%20Record%20%26%20Fact%20Book.pdf,"Formal preseason staff title: offensive coordinator. Weeks encode the season designation, not independently observed weekly tenure; does not establish play-calling duty."
2023-BAL-quarterbacks_coach-01-18-tee-martin,2023,BAL,coach-tee-martin,Tee Martin,quarterbacks_coach,1,18,,,false,false,false,verified,medium,season_designation,https://basement.crucifyd.com/zone/seahawks/record-fact/NFL%20-%202023%20-%20Record%20%26%20Fact%20Book.pdf,"Formal preseason staff title: quarterbacks. Weeks encode the season designation, not independently observed weekly tenure; does not establish play-calling duty."
2023-BUF-head_coach-01-18-sean-mcdermott,2023,BUF,coach-sean-mcdermott,Sean McDermott,head_coach,1,18,,,false,false,true,verified,high,observed_game_weeks,https://github.com/nflverse/nflverse-data/releases/download/pbp/play_by_play_2023.parquet,Observed head coach on each included regular-season game; interval is first through last observed game week.
2023-BUF-offensive_coordinator-01-18-ken-dorsey,2023,BUF,coach-ken-dorsey,Ken Dorsey,offensive_coordinator,1,18,,,false,false,true,verified,medium,season_designation,https://basement.crucifyd.com/zone/seahawks/record-fact/NFL%20-%202023%20-%20Record%20%26%20Fact%20Book.pdf,"Formal preseason staff title: offensive coordinator. Weeks encode the season designation, not independently observed weekly tenure; does not establish play-calling duty."
2023-BUF-quarterbacks_coach-01-18-joe-brady,2023,BUF,coach-joe-brady,Joe Brady,quarterbacks_coach,1,18,,,false,false,true,verified,medium,season_designation,https://basement.crucifyd.com/zone/seahawks/record-fact/NFL%20-%202023%20-%20Record%20%26%20Fact%20Book.pdf,"Formal preseason staff title: quarterbacks. Weeks encode the season designation, not independently observed weekly tenure; does not establish play-calling duty."
2023-CAR-head_coach-01-12-frank-reich,2023,CAR,coach-frank-reich,Frank Reich,head_coach,1,12,,,false,false,false,verified,high,observed_game_weeks,https://github.com/nflverse/nflverse-data/releases/download/pbp/play_by_play_2023.parquet,Observed head coach on each included regular-season game; interval is first through last observed game week.
2023-CAR-head_coach-13-18-chris-tabor,2023,CAR,coach-chris-tabor,Chris Tabor,head_coach,13,18,,,true,false,false,verified,high,observed_game_weeks,https://github.com/nflverse/nflverse-data/releases/download/pbp/play_by_play_2023.parquet,Observed head coach on each included regular-season game; interval is first through last observed game week.
2023-CAR-quarterbacks_coach-01-18-josh-mccown,2023,CAR,coach-josh-mccown,Josh McCown,quarterbacks_coach,1,18,,,false,false,false,verified,medium,season_designation,https://basement.crucifyd.com/zone/seahawks/record-fact/NFL%20-%202023%20-%20Record%20%26%20Fact%20Book.pdf,"Formal preseason staff title: quarterbacks. Weeks encode the season designation, not independently observed weekly tenure; does not establish play-calling duty."
2023-CHI-head_coach-01-18-matt-eberflus,2023,CHI,coach-matt-eberflus,Matt Eberflus,head_coach,1,18,,,false,false,true,verified,high,observed_game_weeks,https://github.com/nflverse/nflverse-data/releases/download/pbp/play_by_play_2023.parquet,Observed head coach on each included regular-season game; interval is first through last observed game week.
2023-CHI-offensive_coordinator-01-18-luke-getsy,2023,CHI,coach-luke-getsy,Luke Getsy,offensive_coordinator,1,18,,,false,false,true,verified,medium,season_designation,https://basement.crucifyd.com/zone/seahawks/record-fact/NFL%20-%202023%20-%20Record%20%26%20Fact%20Book.pdf,"Formal preseason staff title: offensive coordinator. Weeks encode the season designation, not independently observed weekly tenure; does not establish play-calling duty."
2023-CHI-quarterbacks_coach-01-18-andrew-janocko,2023,CHI,coach-andrew-janocko,Andrew Janocko,quarterbacks_coach,1,18,,,false,false,true,verified,medium,season_designation,https://basement.crucifyd.com/zone/seahawks/record-fact/NFL%20-%202023%20-%20Record%20%26%20Fact%20Book.pdf,"Formal preseason staff title: quarterbacks. Weeks encode the season designation, not independently observed weekly tenure; does not establish play-calling duty."
2023-CIN-head_coach-01-18-zac-taylor,2023,CIN,coach-zac-taylor,Zac Taylor,head_coach,1,18,,,false,false,true,verified,high,observed_game_weeks,https://github.com/nflverse/nflverse-data/releases/download/pbp/play_by_play_2023.parquet,Observed head coach on each included regular-season game; interval is first through last observed game week.
2023-CIN-offensive_coordinator-01-18-brian-callahan,2023,CIN,coach-brian-callahan,Brian Callahan,offensive_coordinator,1,18,,,false,false,true,verified,medium,season_designation,https://basement.crucifyd.com/zone/seahawks/record-fact/NFL%20-%202023%20-%20Record%20%26%20Fact%20Book.pdf,"Formal preseason staff title: offensive coordinator. Weeks encode the season designation, not independently observed weekly tenure; does not establish play-calling duty."
2023-CIN-quarterbacks_coach-01-18-dan-pitcher,2023,CIN,coach-dan-pitcher,Dan Pitcher,quarterbacks_coach,1,18,,,false,false,true,verified,medium,season_designation,https://basement.crucifyd.com/zone/seahawks/record-fact/NFL%20-%202023%20-%20Record%20%26%20Fact%20Book.pdf,"Formal preseason staff title: quarterbacks. Weeks encode the season designation, not independently observed weekly tenure; does not establish play-calling duty."
2023-CLE-head_coach-01-18-kevin-stefanski,2023,CLE,coach-kevin-stefanski,Kevin Stefanski,head_coach,1,18,,,false,false,true,verified,high,observed_game_weeks,https://github.com/nflverse/nflverse-data/releases/download/pbp/play_by_play_2023.parquet,Observed head coach on each included regular-season game; interval is first through last observed game week.
2023-CLE-offensive_coordinator-01-18-alex-van-pelt,2023,CLE,coach-alex-van-pelt,Alex Van Pelt,offensive_coordinator,1,18,,,false,false,true,verified,medium,season_designation,https://basement.crucifyd.com/zone/seahawks/record-fact/NFL%20-%202023%20-%20Record%20%26%20Fact%20Book.pdf,"Formal preseason staff title: offensive coordinator. Weeks encode the season designation, not independently observed weekly tenure; does not establish play-calling duty."
2023-DAL-head_coach-01-18-mike-mccarthy,2023,DAL,coach-mike-mccarthy,Mike McCarthy,head_coach,1,18,,,false,false,true,verified,high,observed_game_weeks,https://github.com/nflverse/nflverse-data/releases/download/pbp/play_by_play_2023.parquet,Observed head coach on each included regular-season game; interval is first through last observed game week.
2023-DAL-offensive_coordinator-01-18-brian-schottenheimer,2023,DAL,coach-brian-schottenheimer,Brian Schottenheimer,offensive_coordinator,1,18,,,false,false,false,verified,medium,season_designation,https://basement.crucifyd.com/zone/seahawks/record-fact/NFL%20-%202023%20-%20Record%20%26%20Fact%20Book.pdf,"Formal preseason staff title: offensive coordinator. Weeks encode the season designation, not independently observed weekly tenure; does not establish play-calling duty."
2023-DAL-quarterbacks_coach-01-18-scott-tolzien,2023,DAL,coach-scott-tolzien,Scott Tolzien,quarterbacks_coach,1,18,,,false,false,false,verified,medium,season_designation,https://basement.crucifyd.com/zone/seahawks/record-fact/NFL%20-%202023%20-%20Record%20%26%20Fact%20Book.pdf,"Formal preseason staff title: quarterbacks. Weeks encode the season designation, not independently observed weekly tenure; does not establish play-calling duty."
2023-DEN-head_coach-01-18-sean-payton,2023,DEN,coach-sean-payton,Sean Payton,head_coach,1,18,,,false,false,false,verified,high,observed_game_weeks,https://github.com/nflverse/nflverse-data/releases/download/pbp/play_by_play_2023.parquet,Observed head coach on each included regular-season game; interval is first through last observed game week.
2023-DEN-offensive_coordinator-01-18-joe-lombardi,2023,DEN,coach-joe-lombardi,Joe Lombardi,offensive_coordinator,1,18,,,false,false,false,verified,medium,season_designation,https://basement.crucifyd.com/zone/seahawks/record-fact/NFL%20-%202023%20-%20Record%20%26%20Fact%20Book.pdf,"Formal preseason staff title: offensive coordinator. Weeks encode the season designation, not independently observed weekly tenure; does not establish play-calling duty."
2023-DEN-quarterbacks_coach-01-18-davis-webb,2023,DEN,coach-davis-webb,Davis Webb,quarterbacks_coach,1,18,,,false,false,false,verified,medium,season_designation,https://basement.crucifyd.com/zone/seahawks/record-fact/NFL%20-%202023%20-%20Record%20%26%20Fact%20Book.pdf,"Formal preseason staff title: quarterbacks. Weeks encode the season designation, not independently observed weekly tenure; does not establish play-calling duty."
2023-DET-head_coach-01-18-dan-campbell,2023,DET,coach-dan-campbell,Dan Campbell,head_coach,1,18,,,false,false,true,verified,high,observed_game_weeks,https://github.com/nflverse/nflverse-data/releases/download/pbp/play_by_play_2023.parquet,Observed head coach on each included regular-season game; interval is first through last observed game week.
2023-DET-offensive_coordinator-01-18-ben-johnson,2023,DET,coach-ben-johnson,Ben Johnson,offensive_coordinator,1,18,,,false,false,true,verified,medium,season_designation,https://basement.crucifyd.com/zone/seahawks/record-fact/NFL%20-%202023%20-%20Record%20%26%20Fact%20Book.pdf,"Formal preseason staff title: offensive coordinator. Weeks encode the season designation, not independently observed weekly tenure; does not establish play-calling duty."
2023-DET-quarterbacks_coach-01-18-mark-brunell,2023,DET,coach-mark-brunell,Mark Brunell,quarterbacks_coach,1,18,,,false,false,true,verified,medium,season_designation,https://basement.crucifyd.com/zone/seahawks/record-fact/NFL%20-%202023%20-%20Record%20%26%20Fact%20Book.pdf,"Formal preseason staff title: quarterbacks. Weeks encode the season designation, not independently observed weekly tenure; does not establish play-calling duty."
2023-GB-head_coach-01-18-matt-lafleur,2023,GB,coach-matt-lafleur,Matt LaFleur,head_coach,1,18,,,false,false,true,verified,high,observed_game_weeks,https://github.com/nflverse/nflverse-data/releases/download/pbp/play_by_play_2023.parquet,Observed head coach on each included regular-season game; interval is first through last observed game week.
2023-GB-offensive_coordinator-01-18-adam-stenavich,2023,GB,coach-adam-stenavich,Adam Stenavich,offensive_coordinator,1,18,,,false,false,true,verified,medium,season_designation,https://basement.crucifyd.com/zone/seahawks/record-fact/NFL%20-%202023%20-%20Record%20%26%20Fact%20Book.pdf,"Formal preseason staff title: offensive coordinator. Weeks encode the season designation, not independently observed weekly tenure; does not establish play-calling duty."
2023-GB-quarterbacks_coach-01-18-tom-clements,2023,GB,coach-tom-clements,Tom Clements,quarterbacks_coach,1,18,,,false,false,true,verified,medium,season_designation,https://basement.crucifyd.com/zone/seahawks/record-fact/NFL%20-%202023%20-%20Record%20%26%20Fact%20Book.pdf,"Formal preseason staff title: quarterbacks. Weeks encode the season designation, not independently observed weekly tenure; does not establish play-calling duty."
2023-HOU-head_coach-01-18-demeco-ryans,2023,HOU,coach-demeco-ryans,DeMeco Ryans,head_coach,1,18,,,false,false,false,verified,high,observed_game_weeks,https://github.com/nflverse/nflverse-data/releases/download/pbp/play_by_play_2023.parquet,Observed head coach on each included regular-season game; interval is first through last observed game week.
2023-HOU-offensive_coordinator-01-18-bobby-slowik,2023,HOU,coach-bobby-slowik,Bobby Slowik,offensive_coordinator,1,18,,,false,false,false,verified,medium,season_designation,https://basement.crucifyd.com/zone/seahawks/record-fact/NFL%20-%202023%20-%20Record%20%26%20Fact%20Book.pdf,"Formal preseason staff title: offensive coordinator. Weeks encode the season designation, not independently observed weekly tenure; does not establish play-calling duty."
2023-IND-head_coach-01-18-shane-steichen,2023,IND,coach-shane-steichen,Shane Steichen,head_coach,1,18,,,false,false,false,verified,high,observed_game_weeks,https://github.com/nflverse/nflverse-data/releases/download/pbp/play_by_play_2023.parquet,Observed head coach on each included regular-season game; interval is first through last observed game week.
2023-IND-quarterbacks_coach-01-18-cam-turner,2023,IND,coach-cam-turner,Cam Turner,quarterbacks_coach,1,18,,,false,false,false,verified,medium,season_designation,https://basement.crucifyd.com/zone/seahawks/record-fact/NFL%20-%202023%20-%20Record%20%26%20Fact%20Book.pdf,"Formal preseason staff title: quarterbacks. Weeks encode the season designation, not independently observed weekly tenure; does not establish play-calling duty."
2023-JAX-head_coach-01-18-doug-pederson,2023,JAX,coach-doug-pederson,Doug Pederson,head_coach,1,18,,,false,false,true,verified,high,observed_game_weeks,https://github.com/nflverse/nflverse-data/releases/download/pbp/play_by_play_2023.parquet,Observed head coach on each included regular-season game; interval is first through last observed game week.
2023-JAX-offensive_coordinator-01-18-press-taylor,2023,JAX,coach-press-taylor,Press Taylor,offensive_coordinator,1,18,,,false,false,true,verified,medium,season_designation,https://basement.crucifyd.com/zone/seahawks/record-fact/NFL%20-%202023%20-%20Record%20%26%20Fact%20Book.pdf,"Formal preseason staff title: offensive coordinator. Weeks encode the season designation, not independently observed weekly tenure; does not establish play-calling duty."
2023-KC-head_coach-01-18-andy-reid,2023,KC,coach-andy-reid,Andy Reid,head_coach,1,18,,,false,false,true,verified,high,observed_game_weeks,https://github.com/nflverse/nflverse-data/releases/download/pbp/play_by_play_2023.parquet,Observed head coach on each included regular-season game; interval is first through last observed game week.
2023-LA-head_coach-01-18-sean-mcvay,2023,LA,coach-sean-mcvay,Sean McVay,head_coach,1,18,,,false,false,true,verified,high,observed_game_weeks,https://github.com/nflverse/nflverse-data/releases/download/pbp/play_by_play_2023.parquet,Observed head coach on each included regular-season game; interval is first through last observed game week.
2023-LA-offensive_coordinator-01-18-mike-lafleur,2023,LA,coach-mike-lafleur,Mike LaFleur,offensive_coordinator,1,18,,,false,false,false,verified,medium,season_designation,https://basement.crucifyd.com/zone/seahawks/record-fact/NFL%20-%202023%20-%20Record%20%26%20Fact%20Book.pdf,"Formal preseason staff title: offensive coordinator. Weeks encode the season designation, not independently observed weekly tenure; does not establish play-calling duty."
2023-LA-quarterbacks_coach-01-18-zac-robinson,2023,LA,coach-zac-robinson,Zac Robinson,quarterbacks_coach,1,18,,,false,false,false,verified,medium,season_designation,https://basement.crucifyd.com/zone/seahawks/record-fact/NFL%20-%202023%20-%20Record%20%26%20Fact%20Book.pdf,"Formal preseason staff title: quarterbacks/pass game coordina-. Weeks encode the season designation, not independently observed weekly tenure; does not establish play-calling duty."
2023-LAC-head_coach-01-15-brandon-staley,2023,LAC,coach-brandon-staley,Brandon Staley,head_coach,1,15,,,false,false,true,verified,high,observed_game_weeks,https://github.com/nflverse/nflverse-data/releases/download/pbp/play_by_play_2023.parquet,Observed head coach on each included regular-season game; interval is first through last observed game week.
2023-LAC-head_coach-16-18-giff-smith,2023,LAC,coach-giff-smith,Giff Smith,head_coach,16,18,,,true,false,false,verified,high,observed_game_weeks,https://github.com/nflverse/nflverse-data/releases/download/pbp/play_by_play_2023.parquet,Observed head coach on each included regular-season game; interval is first through last observed game week.
2023-LV-head_coach-01-08-josh-mcdaniels,2023,LV,coach-josh-mcdaniels,Josh McDaniels,head_coach,1,8,,,false,false,true,verified,high,observed_game_weeks,https://github.com/nflverse/nflverse-data/releases/download/pbp/play_by_play_2023.parquet,Observed head coach on each included regular-season game; interval is first through last observed game week.
2023-LV-head_coach-09-18-antonio-pierce,2023,LV,coach-antonio-pierce,Antonio Pierce,head_coach,9,18,,,true,false,false,verified,high,observed_game_weeks,https://github.com/nflverse/nflverse-data/releases/download/pbp/play_by_play_2023.parquet,Observed head coach on each included regular-season game; interval is first through last observed game week.
2023-LV-offensive_coordinator-01-18-mick-lombardi,2023,LV,coach-mick-lombardi,Mick Lombardi,offensive_coordinator,1,18,,,false,false,true,verified,medium,season_designation,https://basement.crucifyd.com/zone/seahawks/record-fact/NFL%20-%202023%20-%20Record%20%26%20Fact%20Book.pdf,"Formal preseason staff title: offensive coordinator. Weeks encode the season designation, not independently observed weekly tenure; does not establish play-calling duty."
2023-LV-quarterbacks_coach-01-18-bo-hardegree,2023,LV,coach-bo-hardegree,Bo Hardegree,quarterbacks_coach,1,18,,,false,false,true,verified,medium,season_designation,https://basement.crucifyd.com/zone/seahawks/record-fact/NFL%20-%202023%20-%20Record%20%26%20Fact%20Book.pdf,"Formal preseason staff title: quarterbacks. Weeks encode the season designation, not independently observed weekly tenure; does not establish play-calling duty."
2023-MIA-head_coach-01-18-mike-mcdaniel,2023,MIA,coach-mike-mcdaniel,Mike McDaniel,head_coach,1,18,,,false,false,true,verified,high,observed_game_weeks,https://github.com/nflverse/nflverse-data/releases/download/pbp/play_by_play_2023.parquet,Observed head coach on each included regular-season game; interval is first through last observed game week.
2023-MIA-offensive_coordinator-01-18-frank-smith,2023,MIA,coach-frank-smith,Frank Smith,offensive_coordinator,1,18,,,false,false,true,verified,medium,season_designation,https://basement.crucifyd.com/zone/seahawks/record-fact/NFL%20-%202023%20-%20Record%20%26%20Fact%20Book.pdf,"Formal preseason staff title: offensive coordinator. Weeks encode the season designation, not independently observed weekly tenure; does not establish play-calling duty."
2023-MIA-quarterbacks_coach-01-18-darrell-bevell,2023,MIA,coach-darrell-bevell,Darrell Bevell,quarterbacks_coach,1,18,,,false,false,true,verified,medium,season_designation,https://basement.crucifyd.com/zone/seahawks/record-fact/NFL%20-%202023%20-%20Record%20%26%20Fact%20Book.pdf,"Formal preseason staff title: quarterbacks/passing game coordi-. Weeks encode the season designation, not independently observed weekly tenure; does not establish play-calling duty."
2023-MIN-head_coach-01-18-kevin-o-connell,2023,MIN,coach-kevin-o-connell,Kevin O'Connell,head_coach,1,18,,,false,false,true,verified,high,observed_game_weeks,https://github.com/nflverse/nflverse-data/releases/download/pbp/play_by_play_2023.parquet,Observed head coach on each included regular-season game; interval is first through last observed game week.
2023-MIN-offensive_coordinator-01-18-wes-phillips,2023,MIN,coach-wes-phillips,Wes Phillips,offensive_coordinator,1,18,,,false,false,true,verified,medium,season_designation,https://basement.crucifyd.com/zone/seahawks/record-fact/NFL%20-%202023%20-%20Record%20%26%20Fact%20Book.pdf,"Formal preseason staff title: offensive coordinator. Weeks encode the season designation, not independently observed weekly tenure; does not establish play-calling duty."
2023-NE-head_coach-01-18-bill-belichick,2023,NE,coach-bill-belichick,Bill Belichick,head_coach,1,18,,,false,false,true,verified,high,observed_game_weeks,https://github.com/nflverse/nflverse-data/releases/download/pbp/play_by_play_2023.parquet,Observed head coach on each included regular-season game; interval is first through last observed game week.
2023-NO-head_coach-01-18-dennis-allen,2023,NO,coach-dennis-allen,Dennis Allen,head_coach,1,18,,,false,false,true,verified,high,observed_game_weeks,https://github.com/nflverse/nflverse-data/releases/download/pbp/play_by_play_2023.parquet,Observed head coach on each included regular-season game; interval is first through last observed game week.
2023-NO-offensive_coordinator-01-18-pete-carmichael,2023,NO,coach-pete-carmichael,Pete Carmichael,offensive_coordinator,1,18,,,false,false,true,verified,medium,season_designation,https://basement.crucifyd.com/zone/seahawks/record-fact/NFL%20-%202023%20-%20Record%20%26%20Fact%20Book.pdf,"Formal preseason staff title: offensive coordinator. Weeks encode the season designation, not independently observed weekly tenure; does not establish play-calling duty."
2023-NYG-head_coach-01-18-brian-daboll,2023,NYG,coach-brian-daboll,Brian Daboll,head_coach,1,18,,,false,false,true,verified,high,observed_game_weeks,https://github.com/nflverse/nflverse-data/releases/download/pbp/play_by_play_2023.parquet,Observed head coach on each included regular-season game; interval is first through last observed game week.
2023-NYG-offensive_coordinator-01-18-mike-kafka,2023,NYG,coach-mike-kafka,Mike Kafka,offensive_coordinator,1,18,,,false,false,true,verified,medium,season_designation,https://basement.crucifyd.com/zone/seahawks/record-fact/NFL%20-%202023%20-%20Record%20%26%20Fact%20Book.pdf,"Formal preseason staff title: offensive coordinator. Weeks encode the season designation, not independently observed weekly tenure; does not establish play-calling duty."
2023-NYG-quarterbacks_coach-01-18-shea-tierney,2023,NYG,coach-shea-tierney,Shea Tierney,quarterbacks_coach,1,18,,,false,false,true,verified,medium,season_designation,https://basement.crucifyd.com/zone/seahawks/record-fact/NFL%20-%202023%20-%20Record%20%26%20Fact%20Book.pdf,"Formal preseason staff title: quarterbacks. Weeks encode the season designation, not independently observed weekly tenure; does not establish play-calling duty."
2023-NYJ-head_coach-01-18-robert-saleh,2023,NYJ,coach-robert-saleh,Robert Saleh,head_coach,1,18,,,false,false,true,verified,high,observed_game_weeks,https://github.com/nflverse/nflverse-data/releases/download/pbp/play_by_play_2023.parquet,Observed head coach on each included regular-season game; interval is first through last observed game week.
2023-NYJ-offensive_coordinator-01-18-nathaniel-hackett,2023,NYJ,coach-nathaniel-hackett,Nathaniel Hackett,offensive_coordinator,1,18,,,false,false,false,verified,medium,season_designation,https://basement.crucifyd.com/zone/seahawks/record-fact/NFL%20-%202023%20-%20Record%20%26%20Fact%20Book.pdf,"Formal preseason staff title: offensive coordinator. Weeks encode the season designation, not independently observed weekly tenure; does not establish play-calling duty."
2023-PHI-head_coach-01-18-nick-sirianni,2023,PHI,coach-nick-sirianni,Nick Sirianni,head_coach,1,18,,,false,false,true,verified,high,observed_game_weeks,https://github.com/nflverse/nflverse-data/releases/download/pbp/play_by_play_2023.parquet,Observed head coach on each included regular-season game; interval is first through last observed game week.
2023-PHI-quarterbacks_coach-01-18-alex-tanney,2023,PHI,coach-alex-tanney,Alex Tanney,quarterbacks_coach,1,18,,,false,false,false,verified,medium,season_designation,https://basement.crucifyd.com/zone/seahawks/record-fact/NFL%20-%202023%20-%20Record%20%26%20Fact%20Book.pdf,"Formal preseason staff title: quarterbacks. Weeks encode the season designation, not independently observed weekly tenure; does not establish play-calling duty."
2023-PIT-head_coach-01-18-mike-tomlin,2023,PIT,coach-mike-tomlin,Mike Tomlin,head_coach,1,18,,,false,false,true,verified,high,observed_game_weeks,https://github.com/nflverse/nflverse-data/releases/download/pbp/play_by_play_2023.parquet,Observed head coach on each included regular-season game; interval is first through last observed game week.
2023-PIT-offensive_coordinator-01-18-matt-canada,2023,PIT,coach-matt-canada,Matt Canada,offensive_coordinator,1,18,,,false,false,true,verified,medium,season_designation,https://basement.crucifyd.com/zone/seahawks/record-fact/NFL%20-%202023%20-%20Record%20%26%20Fact%20Book.pdf,"Formal preseason staff title: offensive coordinator. Weeks encode the season designation, not independently observed weekly tenure; does not establish play-calling duty."
2023-PIT-quarterbacks_coach-01-18-mike-sullivan,2023,PIT,coach-mike-sullivan,Mike Sullivan,quarterbacks_coach,1,18,,,false,false,true,verified,medium,season_designation,https://basement.crucifyd.com/zone/seahawks/record-fact/NFL%20-%202023%20-%20Record%20%26%20Fact%20Book.pdf,"Formal preseason staff title: quarterbacks. Weeks encode the season designation, not independently observed weekly tenure; does not establish play-calling duty."
2023-SEA-head_coach-01-18-pete-carroll,2023,SEA,coach-pete-carroll,Pete Carroll,head_coach,1,18,,,false,false,true,verified,high,observed_game_weeks,https://github.com/nflverse/nflverse-data/releases/download/pbp/play_by_play_2023.parquet,Observed head coach on each included regular-season game; interval is first through last observed game week.
2023-SEA-offensive_coordinator-01-18-shane-waldron,2023,SEA,coach-shane-waldron,Shane Waldron,offensive_coordinator,1,18,,,false,false,true,verified,medium,season_designation,https://basement.crucifyd.com/zone/seahawks/record-fact/NFL%20-%202023%20-%20Record%20%26%20Fact%20Book.pdf,"Formal preseason staff title: offensive coordinator. Weeks encode the season designation, not independently observed weekly tenure; does not establish play-calling duty."
2023-SEA-quarterbacks_coach-01-18-greg-olson,2023,SEA,coach-greg-olson,Greg Olson,quarterbacks_coach,1,18,,,false,false,false,verified,medium,season_designation,https://basement.crucifyd.com/zone/seahawks/record-fact/NFL%20-%202023%20-%20Record%20%26%20Fact%20Book.pdf,"Formal preseason staff title: quarterbacks. Weeks encode the season designation, not independently observed weekly tenure; does not establish play-calling duty."
2023-SF-head_coach-01-18-kyle-shanahan,2023,SF,coach-kyle-shanahan,Kyle Shanahan,head_coach,1,18,,,false,false,true,verified,high,observed_game_weeks,https://github.com/nflverse/nflverse-data/releases/download/pbp/play_by_play_2023.parquet,Observed head coach on each included regular-season game; interval is first through last observed game week.
2023-SF-quarterbacks_coach-01-18-brian-griese,2023,SF,coach-brian-griese,Brian Griese,quarterbacks_coach,1,18,,,false,false,true,verified,medium,season_designation,https://basement.crucifyd.com/zone/seahawks/record-fact/NFL%20-%202023%20-%20Record%20%26%20Fact%20Book.pdf,"Formal preseason staff title: quarterbacks. Weeks encode the season designation, not independently observed weekly tenure; does not establish play-calling duty."
2023-TB-head_coach-01-18-todd-bowles,2023,TB,coach-todd-bowles,Todd Bowles,head_coach,1,18,,,false,false,true,verified,high,observed_game_weeks,https://github.com/nflverse/nflverse-data/releases/download/pbp/play_by_play_2023.parquet,Observed head coach on each included regular-season game; interval is first through last observed game week.
2023-TB-offensive_coordinator-01-18-dave-canales,2023,TB,coach-dave-canales,Dave Canales,offensive_coordinator,1,18,,,false,false,false,verified,medium,season_designation,https://basement.crucifyd.com/zone/seahawks/record-fact/NFL%20-%202023%20-%20Record%20%26%20Fact%20Book.pdf,"Formal preseason staff title: offensive coordinator. Weeks encode the season designation, not independently observed weekly tenure; does not establish play-calling duty."
2023-TEN-head_coach-01-18-mike-vrabel,2023,TEN,coach-mike-vrabel,Mike Vrabel,head_coach,1,18,,,false,false,true,verified,high,observed_game_weeks,https://github.com/nflverse/nflverse-data/releases/download/pbp/play_by_play_2023.parquet,Observed head coach on each included regular-season game; interval is first through last observed game week.
2023-TEN-offensive_coordinator-01-18-tim-kelly,2023,TEN,coach-tim-kelly,Tim Kelly,offensive_coordinator,1,18,,,false,false,false,verified,medium,season_designation,https://basement.crucifyd.com/zone/seahawks/record-fact/NFL%20-%202023%20-%20Record%20%26%20Fact%20Book.pdf,"Formal preseason staff title: offensive coordinator. Weeks encode the season designation, not independently observed weekly tenure; does not establish play-calling duty."
2023-WAS-head_coach-01-18-ron-rivera,2023,WAS,coach-ron-rivera,Ron Rivera,head_coach,1,18,,,false,false,true,verified,high,observed_game_weeks,https://github.com/nflverse/nflverse-data/releases/download/pbp/play_by_play_2023.parquet,Observed head coach on each included regular-season game; interval is first through last observed game week.
2024-ARI-head_coach-01-18-jonathan-gannon,2024,ARI,coach-jonathan-gannon,Jonathan Gannon,head_coach,1,18,,,false,false,true,verified,high,observed_game_weeks,https://github.com/nflverse/nflverse-data/releases/download/pbp/play_by_play_2024.parquet,Observed head coach on each included regular-season game; interval is first through last observed game week.
2024-ARI-offensive_coordinator-01-18-drew-petzing,2024,ARI,coach-drew-petzing,Drew Petzing,offensive_coordinator,1,18,,,false,false,true,verified,high,season_designation,https://static.www.nfl.com/image/upload/league/apps/league-site/media-guides/2024/2024_Record_and_Fact_Book_incl_Supplemental.pdf,"Formal preseason staff title: offensive coordinator. Weeks encode the season designation, not independently observed weekly tenure; does not establish play-calling duty."
2024-ATL-head_coach-01-18-raheem-morris,2024,ATL,coach-raheem-morris,Raheem Morris,head_coach,1,18,,,false,false,false,verified,high,observed_game_weeks,https://github.com/nflverse/nflverse-data/releases/download/pbp/play_by_play_2024.parquet,Observed head coach on each included regular-season game; interval is first through last observed game week.
2024-ATL-offensive_coordinator-01-18-zac-robinson,2024,ATL,coach-zac-robinson,Zac Robinson,offensive_coordinator,1,18,,,false,false,false,verified,high,season_designation,https://static.www.nfl.com/image/upload/league/apps/league-site/media-guides/2024/2024_Record_and_Fact_Book_incl_Supplemental.pdf,"Formal preseason staff title: offensive coordinator. Weeks encode the season designation, not independently observed weekly tenure; does not establish play-calling duty."
2024-ATL-quarterbacks_coach-01-18-t-j-yates,2024,ATL,coach-t-j-yates,T.J. Yates,quarterbacks_coach,1,18,,,false,false,false,verified,high,season_designation,https://static.www.nfl.com/image/upload/league/apps/league-site/media-guides/2024/2024_Record_and_Fact_Book_incl_Supplemental.pdf,"Formal preseason staff title: quarterbacks. Weeks encode the season designation, not independently observed weekly tenure; does not establish play-calling duty."
2024-BAL-head_coach-01-18-john-harbaugh,2024,BAL,coach-john-harbaugh,John Harbaugh,head_coach,1,18,,,false,false,true,verified,high,observed_game_weeks,https://github.com/nflverse/nflverse-data/releases/download/pbp/play_by_play_2024.parquet,Observed head coach on each included regular-season game; interval is first through last observed game week.
2024-BAL-offensive_coordinator-01-18-todd-monken,2024,BAL,coach-todd-monken,Todd Monken,offensive_coordinator,1,18,,,false,false,true,verified,high,season_designation,https://static.www.nfl.com/image/upload/league/apps/league-site/media-guides/2024/2024_Record_and_Fact_Book_incl_Supplemental.pdf,"Formal preseason staff title: offensive coordinator. Weeks encode the season designation, not independently observed weekly tenure; does not establish play-calling duty."
2024-BAL-quarterbacks_coach-01-18-tee-martin,2024,BAL,coach-tee-martin,Tee Martin,quarterbacks_coach,1,18,,,false,false,true,verified,high,season_designation,https://static.www.nfl.com/image/upload/league/apps/league-site/media-guides/2024/2024_Record_and_Fact_Book_incl_Supplemental.pdf,"Formal preseason staff title: quarterbacks. Weeks encode the season designation, not independently observed weekly tenure; does not establish play-calling duty."
2024-BUF-head_coach-01-18-sean-mcdermott,2024,BUF,coach-sean-mcdermott,Sean McDermott,head_coach,1,18,,,false,false,true,verified,high,observed_game_weeks,https://github.com/nflverse/nflverse-data/releases/download/pbp/play_by_play_2024.parquet,Observed head coach on each included regular-season game; interval is first through last observed game week.
2024-BUF-offensive_coordinator-01-18-joe-brady,2024,BUF,coach-joe-brady,Joe Brady,offensive_coordinator,1,18,,,false,false,false,verified,high,season_designation,https://static.www.nfl.com/image/upload/league/apps/league-site/media-guides/2024/2024_Record_and_Fact_Book_incl_Supplemental.pdf,"Formal preseason staff title: offensive coordinator. Weeks encode the season designation, not independently observed weekly tenure; does not establish play-calling duty."
2024-BUF-quarterbacks_coach-01-18-ronald-curry,2024,BUF,coach-ronald-curry,Ronald Curry,quarterbacks_coach,1,18,,,false,false,false,verified,high,season_designation,https://static.www.nfl.com/image/upload/league/apps/league-site/media-guides/2024/2024_Record_and_Fact_Book_incl_Supplemental.pdf,"Formal preseason staff title: quarterbacks. Weeks encode the season designation, not independently observed weekly tenure; does not establish play-calling duty."
2024-CAR-head_coach-01-18-dave-canales,2024,CAR,coach-dave-canales,Dave Canales,head_coach,1,18,,,false,false,false,verified,high,observed_game_weeks,https://github.com/nflverse/nflverse-data/releases/download/pbp/play_by_play_2024.parquet,Observed head coach on each included regular-season game; interval is first through last observed game week.
2024-CAR-offensive_coordinator-01-18-brad-idzik,2024,CAR,coach-brad-idzik,Brad Idzik,offensive_coordinator,1,18,,,false,false,false,verified,high,season_designation,https://static.www.nfl.com/image/upload/league/apps/league-site/media-guides/2024/2024_Record_and_Fact_Book_incl_Supplemental.pdf,"Formal preseason staff title: offensive coordinator. Weeks encode the season designation, not independently observed weekly tenure; does not establish play-calling duty."
2024-CAR-quarterbacks_coach-01-18-will-harriger,2024,CAR,coach-will-harriger,Will Harriger,quarterbacks_coach,1,18,,,false,false,false,verified,high,season_designation,https://static.www.nfl.com/image/upload/league/apps/league-site/media-guides/2024/2024_Record_and_Fact_Book_incl_Supplemental.pdf,"Formal preseason staff title: quarterbacks. Weeks encode the season designation, not independently observed weekly tenure; does not establish play-calling duty."
2024-CHI-head_coach-01-18-matt-eberflus,2024,CHI,coach-matt-eberflus,Matt Eberflus,head_coach,1,18,,,false,false,true,verified,high,observed_game_weeks,https://github.com/nflverse/nflverse-data/releases/download/pbp/play_by_play_2024.parquet,Observed head coach on each included regular-season game; interval is first through last observed game week.
2024-CHI-offensive_coordinator-01-18-shane-waldron,2024,CHI,coach-shane-waldron,Shane Waldron,offensive_coordinator,1,18,,,false,false,false,verified,high,season_designation,https://static.www.nfl.com/image/upload/league/apps/league-site/media-guides/2024/2024_Record_and_Fact_Book_incl_Supplemental.pdf,"Formal preseason staff title: offensive coordinator. Weeks encode the season designation, not independently observed weekly tenure; does not establish play-calling duty."
2024-CHI-quarterbacks_coach-01-18-kerry-joseph,2024,CHI,coach-kerry-joseph,Kerry Joseph,quarterbacks_coach,1,18,,,false,false,false,verified,high,season_designation,https://static.www.nfl.com/image/upload/league/apps/league-site/media-guides/2024/2024_Record_and_Fact_Book_incl_Supplemental.pdf,"Formal preseason staff title: quarterbacks. Weeks encode the season designation, not independently observed weekly tenure; does not establish play-calling duty."
2024-CIN-head_coach-01-18-zac-taylor,2024,CIN,coach-zac-taylor,Zac Taylor,head_coach,1,18,,,false,false,true,verified,high,observed_game_weeks,https://github.com/nflverse/nflverse-data/releases/download/pbp/play_by_play_2024.parquet,Observed head coach on each included regular-season game; interval is first through last observed game week.
2024-CIN-offensive_coordinator-01-18-dan-pitcher,2024,CIN,coach-dan-pitcher,Dan Pitcher,offensive_coordinator,1,18,,,false,false,false,verified,high,season_designation,https://static.www.nfl.com/image/upload/league/apps/league-site/media-guides/2024/2024_Record_and_Fact_Book_incl_Supplemental.pdf,"Formal preseason staff title: offensive coordinator. Weeks encode the season designation, not independently observed weekly tenure; does not establish play-calling duty."
2024-CIN-quarterbacks_coach-01-18-brad-kragthorpe,2024,CIN,coach-brad-kragthorpe,Brad Kragthorpe,quarterbacks_coach,1,18,,,false,false,false,verified,high,season_designation,https://static.www.nfl.com/image/upload/league/apps/league-site/media-guides/2024/2024_Record_and_Fact_Book_incl_Supplemental.pdf,"Formal preseason staff title: quarterbacks. Weeks encode the season designation, not independently observed weekly tenure; does not establish play-calling duty."
2024-CLE-head_coach-01-18-kevin-stefanski,2024,CLE,coach-kevin-stefanski,Kevin Stefanski,head_coach,1,18,,,false,false,true,verified,high,observed_game_weeks,https://github.com/nflverse/nflverse-data/releases/download/pbp/play_by_play_2024.parquet,Observed head coach on each included regular-season game; interval is first through last observed game week.
2024-CLE-offensive_coordinator-01-18-ken-dorsey,2024,CLE,coach-ken-dorsey,Ken Dorsey,offensive_coordinator,1,18,,,false,false,false,verified,high,season_designation,https://static.www.nfl.com/image/upload/league/apps/league-site/media-guides/2024/2024_Record_and_Fact_Book_incl_Supplemental.pdf,"Formal preseason staff title: offensive coordinator. Weeks encode the season designation, not independently observed weekly tenure; does not establish play-calling duty."
2024-DAL-head_coach-01-18-mike-mccarthy,2024,DAL,coach-mike-mccarthy,Mike McCarthy,head_coach,1,18,,,false,false,true,verified,high,observed_game_weeks,https://github.com/nflverse/nflverse-data/releases/download/pbp/play_by_play_2024.parquet,Observed head coach on each included regular-season game; interval is first through last observed game week.
2024-DAL-offensive_coordinator-01-18-brian-schottenheimer,2024,DAL,coach-brian-schottenheimer,Brian Schottenheimer,offensive_coordinator,1,18,,,false,false,true,verified,high,season_designation,https://static.www.nfl.com/image/upload/league/apps/league-site/media-guides/2024/2024_Record_and_Fact_Book_incl_Supplemental.pdf,"Formal preseason staff title: offensive coordinator. Weeks encode the season designation, not independently observed weekly tenure; does not establish play-calling duty."
2024-DAL-quarterbacks_coach-01-18-scott-tolzien,2024,DAL,coach-scott-tolzien,Scott Tolzien,quarterbacks_coach,1,18,,,false,false,true,verified,high,season_designation,https://static.www.nfl.com/image/upload/league/apps/league-site/media-guides/2024/2024_Record_and_Fact_Book_incl_Supplemental.pdf,"Formal preseason staff title: quarterbacks. Weeks encode the season designation, not independently observed weekly tenure; does not establish play-calling duty."
2024-DEN-head_coach-01-18-sean-payton,2024,DEN,coach-sean-payton,Sean Payton,head_coach,1,18,,,false,false,true,verified,high,observed_game_weeks,https://github.com/nflverse/nflverse-data/releases/download/pbp/play_by_play_2024.parquet,Observed head coach on each included regular-season game; interval is first through last observed game week.
2024-DEN-offensive_coordinator-01-18-joe-lombardi,2024,DEN,coach-joe-lombardi,Joe Lombardi,offensive_coordinator,1,18,,,false,false,true,verified,high,season_designation,https://static.www.nfl.com/image/upload/league/apps/league-site/media-guides/2024/2024_Record_and_Fact_Book_incl_Supplemental.pdf,"Formal preseason staff title: offensive coordinator. Weeks encode the season designation, not independently observed weekly tenure; does not establish play-calling duty."
2024-DEN-quarterbacks_coach-01-18-davis-webb,2024,DEN,coach-davis-webb,Davis Webb,quarterbacks_coach,1,18,,,false,false,true,verified,high,season_designation,https://static.www.nfl.com/image/upload/league/apps/league-site/media-guides/2024/2024_Record_and_Fact_Book_incl_Supplemental.pdf,"Formal preseason staff title: quarterbacks. Weeks encode the season designation, not independently observed weekly tenure; does not establish play-calling duty."
2024-DET-head_coach-01-18-dan-campbell,2024,DET,coach-dan-campbell,Dan Campbell,head_coach,1,18,,,false,false,true,verified,high,observed_game_weeks,https://github.com/nflverse/nflverse-data/releases/download/pbp/play_by_play_2024.parquet,Observed head coach on each included regular-season game; interval is first through last observed game week.
2024-DET-offensive_coordinator-01-18-ben-johnson,2024,DET,coach-ben-johnson,Ben Johnson,offensive_coordinator,1,18,,,false,false,true,verified,high,season_designation,https://static.www.nfl.com/image/upload/league/apps/league-site/media-guides/2024/2024_Record_and_Fact_Book_incl_Supplemental.pdf,"Formal preseason staff title: offensive coordinator. Weeks encode the season designation, not independently observed weekly tenure; does not establish play-calling duty."
2024-DET-quarterbacks_coach-01-18-mark-brunell,2024,DET,coach-mark-brunell,Mark Brunell,quarterbacks_coach,1,18,,,false,false,true,verified,high,season_designation,https://static.www.nfl.com/image/upload/league/apps/league-site/media-guides/2024/2024_Record_and_Fact_Book_incl_Supplemental.pdf,"Formal preseason staff title: quarterbacks. Weeks encode the season designation, not independently observed weekly tenure; does not establish play-calling duty."
2024-GB-head_coach-01-18-matt-lafleur,2024,GB,coach-matt-lafleur,Matt LaFleur,head_coach,1,18,,,false,false,true,verified,high,observed_game_weeks,https://github.com/nflverse/nflverse-data/releases/download/pbp/play_by_play_2024.parquet,Observed head coach on each included regular-season game; interval is first through last observed game week.
2024-GB-offensive_coordinator-01-18-adam-stenavich,2024,GB,coach-adam-stenavich,Adam Stenavich,offensive_coordinator,1,18,,,false,false,true,verified,high,season_designation,https://static.www.nfl.com/image/upload/league/apps/league-site/media-guides/2024/2024_Record_and_Fact_Book_incl_Supplemental.pdf,"Formal preseason staff title: offensive coordinator. Weeks encode the season designation, not independently observed weekly tenure; does not establish play-calling duty."
2024-GB-quarterbacks_coach-01-18-tom-clements,2024,GB,coach-tom-clements,Tom Clements,quarterbacks_coach,1,18,,,false,false,true,verified,high,season_designation,https://static.www.nfl.com/image/upload/league/apps/league-site/media-guides/2024/2024_Record_and_Fact_Book_incl_Supplemental.pdf,"Formal preseason staff title: quarterbacks. Weeks encode the season designation, not independently observed weekly tenure; does not establish play-calling duty."
2024-HOU-head_coach-01-18-demeco-ryans,2024,HOU,coach-demeco-ryans,DeMeco Ryans,head_coach,1,18,,,false,false,true,verified,high,observed_game_weeks,https://github.com/nflverse/nflverse-data/releases/download/pbp/play_by_play_2024.parquet,Observed head coach on each included regular-season game; interval is first through last observed game week.
2024-HOU-offensive_coordinator-01-18-bobby-slowik,2024,HOU,coach-bobby-slowik,Bobby Slowik,offensive_coordinator,1,18,,,false,false,true,verified,high,season_designation,https://static.www.nfl.com/image/upload/league/apps/league-site/media-guides/2024/2024_Record_and_Fact_Book_incl_Supplemental.pdf,"Formal preseason staff title: offensive coordinator. Weeks encode the season designation, not independently observed weekly tenure; does not establish play-calling duty."
2024-IND-head_coach-01-18-shane-steichen,2024,IND,coach-shane-steichen,Shane Steichen,head_coach,1,18,,,false,false,true,verified,high,observed_game_weeks,https://github.com/nflverse/nflverse-data/releases/download/pbp/play_by_play_2024.parquet,Observed head coach on each included regular-season game; interval is first through last observed game week.
2024-IND-quarterbacks_coach-01-18-cam-turner,2024,IND,coach-cam-turner,Cam Turner,quarterbacks_coach,1,18,,,false,false,true,verified,high,season_designation,https://static.www.nfl.com/image/upload/league/apps/league-site/media-guides/2024/2024_Record_and_Fact_Book_incl_Supplemental.pdf,"Formal preseason staff title: quarterbacks. Weeks encode the season designation, not independently observed weekly tenure; does not establish play-calling duty."
2024-JAX-head_coach-01-18-doug-pederson,2024,JAX,coach-doug-pederson,Doug Pederson,head_coach,1,18,,,false,false,true,verified,high,observed_game_weeks,https://github.com/nflverse/nflverse-data/releases/download/pbp/play_by_play_2024.parquet,Observed head coach on each included regular-season game; interval is first through last observed game week.
2024-JAX-offensive_coordinator-01-18-press-taylor,2024,JAX,coach-press-taylor,Press Taylor,offensive_coordinator,1,18,,,false,false,true,verified,high,season_designation,https://static.www.nfl.com/image/upload/league/apps/league-site/media-guides/2024/2024_Record_and_Fact_Book_incl_Supplemental.pdf,"Formal preseason staff title: offensive coordinator. Weeks encode the season designation, not independently observed weekly tenure; does not establish play-calling duty."
2024-KC-head_coach-01-18-andy-reid,2024,KC,coach-andy-reid,Andy Reid,head_coach,1,18,,,false,false,true,verified,high,observed_game_weeks,https://github.com/nflverse/nflverse-data/releases/download/pbp/play_by_play_2024.parquet,Observed head coach on each included regular-season game; interval is first through last observed game week.
2024-KC-quarterbacks_coach-01-18-david-girardi,2024,KC,coach-david-girardi,David Girardi,quarterbacks_coach,1,18,,,false,false,false,verified,high,season_designation,https://static.www.nfl.com/image/upload/league/apps/league-site/media-guides/2024/2024_Record_and_Fact_Book_incl_Supplemental.pdf,"Formal preseason staff title: quarterbacks. Weeks encode the season designation, not independently observed weekly tenure; does not establish play-calling duty."
2024-LA-head_coach-01-18-sean-mcvay,2024,LA,coach-sean-mcvay,Sean McVay,head_coach,1,18,,,false,false,true,verified,high,observed_game_weeks,https://github.com/nflverse/nflverse-data/releases/download/pbp/play_by_play_2024.parquet,Observed head coach on each included regular-season game; interval is first through last observed game week.
2024-LA-offensive_coordinator-01-18-mike-lafleur,2024,LA,coach-mike-lafleur,Mike LaFleur,offensive_coordinator,1,18,,,false,false,true,verified,high,season_designation,https://static.www.nfl.com/image/upload/league/apps/league-site/media-guides/2024/2024_Record_and_Fact_Book_incl_Supplemental.pdf,"Formal preseason staff title: offensive coordinator. Weeks encode the season designation, not independently observed weekly tenure; does not establish play-calling duty."
2024-LA-quarterbacks_coach-01-18-dave-ragone,2024,LA,coach-dave-ragone,Dave Ragone,quarterbacks_coach,1,18,,,false,false,false,verified,high,season_designation,https://static.www.nfl.com/image/upload/league/apps/league-site/media-guides/2024/2024_Record_and_Fact_Book_incl_Supplemental.pdf,"Formal preseason staff title: quarterbacks. Weeks encode the season designation, not independently observed weekly tenure; does not establish play-calling duty."
2024-LAC-head_coach-01-18-jim-harbaugh,2024,LAC,coach-jim-harbaugh,Jim Harbaugh,head_coach,1,18,,,false,false,false,verified,high,observed_game_weeks,https://github.com/nflverse/nflverse-data/releases/download/pbp/play_by_play_2024.parquet,Observed head coach on each included regular-season game; interval is first through last observed game week.
2024-LAC-offensive_coordinator-01-18-greg-roman,2024,LAC,coach-greg-roman,Greg Roman,offensive_coordinator,1,18,,,false,false,false,verified,high,season_designation,https://static.www.nfl.com/image/upload/league/apps/league-site/media-guides/2024/2024_Record_and_Fact_Book_incl_Supplemental.pdf,"Formal preseason staff title: offensive coordinator. Weeks encode the season designation, not independently observed weekly tenure; does not establish play-calling duty."
2024-LAC-quarterbacks_coach-01-18-shane-day,2024,LAC,coach-shane-day,Shane Day,quarterbacks_coach,1,18,,,false,false,false,verified,high,season_designation,https://static.www.nfl.com/image/upload/league/apps/league-site/media-guides/2024/2024_Record_and_Fact_Book_incl_Supplemental.pdf,"Formal preseason staff title: quarterbacks. Weeks encode the season designation, not independently observed weekly tenure; does not establish play-calling duty."
2024-LV-head_coach-01-18-antonio-pierce,2024,LV,coach-antonio-pierce,Antonio Pierce,head_coach,1,18,,,false,false,true,verified,high,observed_game_weeks,https://github.com/nflverse/nflverse-data/releases/download/pbp/play_by_play_2024.parquet,Observed head coach on each included regular-season game; interval is first through last observed game week.
2024-LV-quarterbacks_coach-01-18-rich-scangarello,2024,LV,coach-rich-scangarello,Rich Scangarello,quarterbacks_coach,1,18,,,false,false,false,verified,high,season_designation,https://static.www.nfl.com/image/upload/league/apps/league-site/media-guides/2024/2024_Record_and_Fact_Book_incl_Supplemental.pdf,"Formal preseason staff title: quarterbacks. Weeks encode the season designation, not independently observed weekly tenure; does not establish play-calling duty."
2024-MIA-head_coach-01-18-mike-mcdaniel,2024,MIA,coach-mike-mcdaniel,Mike McDaniel,head_coach,1,18,,,false,false,true,verified,high,observed_game_weeks,https://github.com/nflverse/nflverse-data/releases/download/pbp/play_by_play_2024.parquet,Observed head coach on each included regular-season game; interval is first through last observed game week.
2024-MIA-offensive_coordinator-01-18-frank-smith,2024,MIA,coach-frank-smith,Frank Smith,offensive_coordinator,1,18,,,false,false,true,verified,high,season_designation,https://static.www.nfl.com/image/upload/league/apps/league-site/media-guides/2024/2024_Record_and_Fact_Book_incl_Supplemental.pdf,"Formal preseason staff title: offensive coordinator. Weeks encode the season designation, not independently observed weekly tenure; does not establish play-calling duty."
2024-MIA-quarterbacks_coach-01-18-darrell-bevell,2024,MIA,coach-darrell-bevell,Darrell Bevell,quarterbacks_coach,1,18,,,false,false,true,verified,high,season_designation,https://static.www.nfl.com/image/upload/league/apps/league-site/media-guides/2024/2024_Record_and_Fact_Book_incl_Supplemental.pdf,"Formal preseason staff title: quarterbacks/pass game coordi-. Weeks encode the season designation, not independently observed weekly tenure; does not establish play-calling duty."
2024-MIN-head_coach-01-18-kevin-o-connell,2024,MIN,coach-kevin-o-connell,Kevin O'Connell,head_coach,1,18,,,false,false,true,verified,high,observed_game_weeks,https://github.com/nflverse/nflverse-data/releases/download/pbp/play_by_play_2024.parquet,Observed head coach on each included regular-season game; interval is first through last observed game week.
2024-MIN-offensive_coordinator-01-18-wes-phillips,2024,MIN,coach-wes-phillips,Wes Phillips,offensive_coordinator,1,18,,,false,false,true,verified,high,season_designation,https://static.www.nfl.com/image/upload/league/apps/league-site/media-guides/2024/2024_Record_and_Fact_Book_incl_Supplemental.pdf,"Formal preseason staff title: offensive coordinator. Weeks encode the season designation, not independently observed weekly tenure; does not establish play-calling duty."
2024-MIN-quarterbacks_coach-01-18-josh-mccown,2024,MIN,coach-josh-mccown,Josh McCown,quarterbacks_coach,1,18,,,false,false,false,verified,high,season_designation,https://static.www.nfl.com/image/upload/league/apps/league-site/media-guides/2024/2024_Record_and_Fact_Book_incl_Supplemental.pdf,"Formal preseason staff title: quarterbacks. Weeks encode the season designation, not independently observed weekly tenure; does not establish play-calling duty."
2024-NE-head_coach-01-18-jerod-mayo,2024,NE,coach-jerod-mayo,Jerod Mayo,head_coach,1,18,,,false,false,false,verified,high,observed_game_weeks,https://github.com/nflverse/nflverse-data/releases/download/pbp/play_by_play_2024.parquet,Observed head coach on each included regular-season game; interval is first through last observed game week.
2024-NE-offensive_coordinator-01-18-alex-van-pelt,2024,NE,coach-alex-van-pelt,Alex Van Pelt,offensive_coordinator,1,18,,,false,false,false,verified,high,season_designation,https://static.www.nfl.com/image/upload/league/apps/league-site/media-guides/2024/2024_Record_and_Fact_Book_incl_Supplemental.pdf,"Formal preseason staff title: offensive coordinator. Weeks encode the season designation, not independently observed weekly tenure; does not establish play-calling duty."
2024-NO-head_coach-01-18-dennis-allen,2024,NO,coach-dennis-allen,Dennis Allen,head_coach,1,18,,,false,false,true,verified,high,observed_game_weeks,https://github.com/nflverse/nflverse-data/releases/download/pbp/play_by_play_2024.parquet,Observed head coach on each included regular-season game; interval is first through last observed game week.
2024-NO-offensive_coordinator-01-18-klint-kubiak,2024,NO,coach-klint-kubiak,Klint Kubiak,offensive_coordinator,1,18,,,false,false,false,verified,high,season_designation,https://static.www.nfl.com/image/upload/league/apps/league-site/media-guides/2024/2024_Record_and_Fact_Book_incl_Supplemental.pdf,"Formal preseason staff title: offensive coordinator. Weeks encode the season designation, not independently observed weekly tenure; does not establish play-calling duty."
2024-NO-quarterbacks_coach-01-18-andrew-janocko,2024,NO,coach-andrew-janocko,Andrew Janocko,quarterbacks_coach,1,18,,,false,false,false,verified,high,season_designation,https://static.www.nfl.com/image/upload/league/apps/league-site/media-guides/2024/2024_Record_and_Fact_Book_incl_Supplemental.pdf,"Formal preseason staff title: quarterbacks. Weeks encode the season designation, not independently observed weekly tenure; does not establish play-calling duty."
2024-NYG-head_coach-01-18-brian-daboll,2024,NYG,coach-brian-daboll,Brian Daboll,head_coach,1,18,,,false,false,true,verified,high,observed_game_weeks,https://github.com/nflverse/nflverse-data/releases/download/pbp/play_by_play_2024.parquet,Observed head coach on each included regular-season game; interval is first through last observed game week.
2024-NYJ-head_coach-01-18-robert-saleh,2024,NYJ,coach-robert-saleh,Robert Saleh,head_coach,1,18,,,false,false,true,verified,high,observed_game_weeks,https://github.com/nflverse/nflverse-data/releases/download/pbp/play_by_play_2024.parquet,Observed head coach on each included regular-season game; interval is first through last observed game week.
2024-NYJ-offensive_coordinator-01-18-nathaniel-hackett,2024,NYJ,coach-nathaniel-hackett,Nathaniel Hackett,offensive_coordinator,1,18,,,false,false,true,verified,high,season_designation,https://static.www.nfl.com/image/upload/league/apps/league-site/media-guides/2024/2024_Record_and_Fact_Book_incl_Supplemental.pdf,"Formal preseason staff title: offensive coordinator. Weeks encode the season designation, not independently observed weekly tenure; does not establish play-calling duty."
2024-PHI-head_coach-01-18-nick-sirianni,2024,PHI,coach-nick-sirianni,Nick Sirianni,head_coach,1,18,,,false,false,true,verified,high,observed_game_weeks,https://github.com/nflverse/nflverse-data/releases/download/pbp/play_by_play_2024.parquet,Observed head coach on each included regular-season game; interval is first through last observed game week.
2024-PHI-quarterbacks_coach-01-18-doug-nussmeier,2024,PHI,coach-doug-nussmeier,Doug Nussmeier,quarterbacks_coach,1,18,,,false,false,false,verified,high,season_designation,https://static.www.nfl.com/image/upload/league/apps/league-site/media-guides/2024/2024_Record_and_Fact_Book_incl_Supplemental.pdf,"Formal preseason staff title: quarterbacks. Weeks encode the season designation, not independently observed weekly tenure; does not establish play-calling duty."
2024-PIT-head_coach-01-18-mike-tomlin,2024,PIT,coach-mike-tomlin,Mike Tomlin,head_coach,1,18,,,false,false,true,verified,high,observed_game_weeks,https://github.com/nflverse/nflverse-data/releases/download/pbp/play_by_play_2024.parquet,Observed head coach on each included regular-season game; interval is first through last observed game week.
2024-PIT-offensive_coordinator-01-18-arthur-smith,2024,PIT,coach-arthur-smith,Arthur Smith,offensive_coordinator,1,18,,,false,false,false,verified,high,season_designation,https://static.www.nfl.com/image/upload/league/apps/league-site/media-guides/2024/2024_Record_and_Fact_Book_incl_Supplemental.pdf,"Formal preseason staff title: offensive coordinator. Weeks encode the season designation, not independently observed weekly tenure; does not establish play-calling duty."
2024-PIT-quarterbacks_coach-01-18-tom-arth,2024,PIT,coach-tom-arth,Tom Arth,quarterbacks_coach,1,18,,,false,false,false,verified,high,season_designation,https://static.www.nfl.com/image/upload/league/apps/league-site/media-guides/2024/2024_Record_and_Fact_Book_incl_Supplemental.pdf,"Formal preseason staff title: quarterbacks. Weeks encode the season designation, not independently observed weekly tenure; does not establish play-calling duty."
2024-SEA-head_coach-01-18-mike-macdonald,2024,SEA,coach-mike-macdonald,Mike Macdonald,head_coach,1,18,,,false,false,false,verified,high,observed_game_weeks,https://github.com/nflverse/nflverse-data/releases/download/pbp/play_by_play_2024.parquet,Observed head coach on each included regular-season game; interval is first through last observed game week.
2024-SEA-offensive_coordinator-01-18-ryan-grubb,2024,SEA,coach-ryan-grubb,Ryan Grubb,offensive_coordinator,1,18,,,false,false,false,verified,high,season_designation,https://static.www.nfl.com/image/upload/league/apps/league-site/media-guides/2024/2024_Record_and_Fact_Book_incl_Supplemental.pdf,"Formal preseason staff title: offensive coordinator. Weeks encode the season designation, not independently observed weekly tenure; does not establish play-calling duty."
2024-SEA-quarterbacks_coach-01-18-charles-london,2024,SEA,coach-charles-london,Charles London,quarterbacks_coach,1,18,,,false,false,false,verified,high,season_designation,https://static.www.nfl.com/image/upload/league/apps/league-site/media-guides/2024/2024_Record_and_Fact_Book_incl_Supplemental.pdf,"Formal preseason staff title: quarterbacks. Weeks encode the season designation, not independently observed weekly tenure; does not establish play-calling duty."
2024-SF-head_coach-01-18-kyle-shanahan,2024,SF,coach-kyle-shanahan,Kyle Shanahan,head_coach,1,18,,,false,false,true,verified,high,observed_game_weeks,https://github.com/nflverse/nflverse-data/releases/download/pbp/play_by_play_2024.parquet,Observed head coach on each included regular-season game; interval is first through last observed game week.
2024-SF-quarterbacks_coach-01-18-brian-griese,2024,SF,coach-brian-griese,Brian Griese,quarterbacks_coach,1,18,,,false,false,true,verified,high,season_designation,https://static.www.nfl.com/image/upload/league/apps/league-site/media-guides/2024/2024_Record_and_Fact_Book_incl_Supplemental.pdf,"Formal preseason staff title: quarterbacks. Weeks encode the season designation, not independently observed weekly tenure; does not establish play-calling duty."
2024-TB-head_coach-01-18-todd-bowles,2024,TB,coach-todd-bowles,Todd Bowles,head_coach,1,18,,,false,false,true,verified,high,observed_game_weeks,https://github.com/nflverse/nflverse-data/releases/download/pbp/play_by_play_2024.parquet,Observed head coach on each included regular-season game; interval is first through last observed game week.
2024-TB-offensive_coordinator-01-18-liam-coen,2024,TB,coach-liam-coen,Liam Coen,offensive_coordinator,1,18,,,false,false,false,verified,high,season_designation,https://static.www.nfl.com/image/upload/league/apps/league-site/media-guides/2024/2024_Record_and_Fact_Book_incl_Supplemental.pdf,"Formal preseason staff title: offensive coordinator. Weeks encode the season designation, not independently observed weekly tenure; does not establish play-calling duty."
2024-TB-quarterbacks_coach-01-18-thaddeus-lewis,2024,TB,coach-thaddeus-lewis,Thaddeus Lewis,quarterbacks_coach,1,18,,,false,false,false,verified,high,season_designation,https://static.www.nfl.com/image/upload/league/apps/league-site/media-guides/2024/2024_Record_and_Fact_Book_incl_Supplemental.pdf,"Formal preseason staff title: quarterbacks. Weeks encode the season designation, not independently observed weekly tenure; does not establish play-calling duty."
2024-TEN-head_coach-01-18-brian-callahan,2024,TEN,coach-brian-callahan,Brian Callahan,head_coach,1,18,,,false,false,false,verified,high,observed_game_weeks,https://github.com/nflverse/nflverse-data/releases/download/pbp/play_by_play_2024.parquet,Observed head coach on each included regular-season game; interval is first through last observed game week.
2024-TEN-offensive_coordinator-01-18-nick-holz,2024,TEN,coach-nick-holz,Nick Holz,offensive_coordinator,1,18,,,false,false,false,verified,high,season_designation,https://static.www.nfl.com/image/upload/league/apps/league-site/media-guides/2024/2024_Record_and_Fact_Book_incl_Supplemental.pdf,"Formal preseason staff title: offensive coordinator. Weeks encode the season designation, not independently observed weekly tenure; does not establish play-calling duty."
2024-TEN-quarterbacks_coach-01-18-bo-hardegree,2024,TEN,coach-bo-hardegree,Bo Hardegree,quarterbacks_coach,1,18,,,false,false,false,verified,high,season_designation,https://static.www.nfl.com/image/upload/league/apps/league-site/media-guides/2024/2024_Record_and_Fact_Book_incl_Supplemental.pdf,"Formal preseason staff title: quarterbacks. Weeks encode the season designation, not independently observed weekly tenure; does not establish play-calling duty."
2024-WAS-head_coach-01-18-dan-quinn,2024,WAS,coach-dan-quinn,Dan Quinn,head_coach,1,18,,,false,false,false,verified,high,observed_game_weeks,https://github.com/nflverse/nflverse-data/releases/download/pbp/play_by_play_2024.parquet,Observed head coach on each included regular-season game; interval is first through last observed game week.
2024-WAS-offensive_coordinator-01-18-kliff-kingsbury,2024,WAS,coach-kliff-kingsbury,Kliff Kingsbury,offensive_coordinator,1,18,,,false,false,false,verified,high,season_designation,https://static.www.nfl.com/image/upload/league/apps/league-site/media-guides/2024/2024_Record_and_Fact_Book_incl_Supplemental.pdf,"Formal preseason staff title: offensive coordinator. Weeks encode the season designation, not independently observed weekly tenure; does not establish play-calling duty."
2024-WAS-quarterbacks_coach-01-18-tavita-pritchard,2024,WAS,coach-tavita-pritchard,Tavita Pritchard,quarterbacks_coach,1,18,,,false,false,false,verified,high,season_designation,https://static.www.nfl.com/image/upload/league/apps/league-site/media-guides/2024/2024_Record_and_Fact_Book_incl_Supplemental.pdf,"Formal preseason staff title: quarterbacks. Weeks encode the season designation, not independently observed weekly tenure; does not establish play-calling duty."
2025-ARI-head_coach-01-18-jonathan-gannon,2025,ARI,coach-jonathan-gannon,Jonathan Gannon,head_coach,1,18,,,false,false,true,verified,high,observed_game_weeks,https://github.com/nflverse/nflverse-data/releases/download/pbp/play_by_play_2025.parquet,Observed head coach on each included regular-season game; interval is first through last observed game week.
2025-ARI-quarterbacks_coach-01-18-israel-woolfork,2025,ARI,coach-israel-woolfork,Israel Woolfork,quarterbacks_coach,1,18,,,false,false,false,verified,high,season_designation,https://static.clubs.nfl.com/image/upload/patriots/fvc6qgwyqlztq1muztpi.pdf,"Formal preseason staff title: quarterbacks. Weeks encode the season designation, not independently observed weekly tenure; does not establish play-calling duty."
2025-ATL-head_coach-01-18-raheem-morris,2025,ATL,coach-raheem-morris,Raheem Morris,head_coach,1,18,,,false,false,true,verified,high,observed_game_weeks,https://github.com/nflverse/nflverse-data/releases/download/pbp/play_by_play_2025.parquet,Observed head coach on each included regular-season game; interval is first through last observed game week.
2025-ATL-quarterbacks_coach-01-18-d-j-williams,2025,ATL,coach-d-j-williams,D.J. Williams,quarterbacks_coach,1,18,,,false,false,false,verified,high,season_designation,https://static.clubs.nfl.com/image/upload/patriots/fvc6qgwyqlztq1muztpi.pdf,"Formal preseason staff title: quarterbacks. Weeks encode the season designation, not independently observed weekly tenure; does not establish play-calling duty."
2025-BAL-head_coach-01-18-john-harbaugh,2025,BAL,coach-john-harbaugh,John Harbaugh,head_coach,1,18,,,false,false,true,verified,high,observed_game_weeks,https://github.com/nflverse/nflverse-data/releases/download/pbp/play_by_play_2025.parquet,Observed head coach on each included regular-season game; interval is first through last observed game week.
2025-BAL-offensive_coordinator-01-18-todd-monken,2025,BAL,coach-todd-monken,Todd Monken,offensive_coordinator,1,18,,,false,false,true,verified,high,season_designation,https://static.clubs.nfl.com/image/upload/patriots/fvc6qgwyqlztq1muztpi.pdf,"Formal preseason staff title: offensive coordinator. Weeks encode the season designation, not independently observed weekly tenure; does not establish play-calling duty."
2025-BAL-quarterbacks_coach-01-18-tee-martin,2025,BAL,coach-tee-martin,Tee Martin,quarterbacks_coach,1,18,,,false,false,true,verified,high,season_designation,https://static.clubs.nfl.com/image/upload/patriots/fvc6qgwyqlztq1muztpi.pdf,"Formal preseason staff title: quarterbacks. Weeks encode the season designation, not independently observed weekly tenure; does not establish play-calling duty."
2025-BUF-head_coach-01-18-sean-mcdermott,2025,BUF,coach-sean-mcdermott,Sean McDermott,head_coach,1,18,,,false,false,true,verified,high,observed_game_weeks,https://github.com/nflverse/nflverse-data/releases/download/pbp/play_by_play_2025.parquet,Observed head coach on each included regular-season game; interval is first through last observed game week.
2025-BUF-offensive_coordinator-01-18-joe-brady,2025,BUF,coach-joe-brady,Joe Brady,offensive_coordinator,1,18,,,false,false,true,verified,high,season_designation,https://static.clubs.nfl.com/image/upload/patriots/fvc6qgwyqlztq1muztpi.pdf,"Formal preseason staff title: offensive coordinator. Weeks encode the season designation, not independently observed weekly tenure; does not establish play-calling duty."
2025-BUF-quarterbacks_coach-01-18-ronald-curry,2025,BUF,coach-ronald-curry,Ronald Curry,quarterbacks_coach,1,18,,,false,false,true,verified,high,season_designation,https://static.clubs.nfl.com/image/upload/patriots/fvc6qgwyqlztq1muztpi.pdf,"Formal preseason staff title: quarterbacks. Weeks encode the season designation, not independently observed weekly tenure; does not establish play-calling duty."
2025-CAR-head_coach-01-18-dave-canales,2025,CAR,coach-dave-canales,Dave Canales,head_coach,1,18,,,false,false,true,verified,high,observed_game_weeks,https://github.com/nflverse/nflverse-data/releases/download/pbp/play_by_play_2025.parquet,Observed head coach on each included regular-season game; interval is first through last observed game week.
2025-CAR-quarterbacks_coach-01-18-will-harriger,2025,CAR,coach-will-harriger,Will Harriger,quarterbacks_coach,1,18,,,false,false,true,verified,high,season_designation,https://static.clubs.nfl.com/image/upload/patriots/fvc6qgwyqlztq1muztpi.pdf,"Formal preseason staff title: quarterbacks. Weeks encode the season designation, not independently observed weekly tenure; does not establish play-calling duty."
2025-CHI-head_coach-01-18-ben-johnson,2025,CHI,coach-ben-johnson,Ben Johnson,head_coach,1,18,,,false,false,false,verified,high,observed_game_weeks,https://github.com/nflverse/nflverse-data/releases/download/pbp/play_by_play_2025.parquet,Observed head coach on each included regular-season game; interval is first through last observed game week.
2025-CHI-offensive_coordinator-01-18-declan-doyle,2025,CHI,coach-declan-doyle,Declan Doyle,offensive_coordinator,1,18,,,false,false,false,verified,high,season_designation,https://static.clubs.nfl.com/image/upload/patriots/fvc6qgwyqlztq1muztpi.pdf,"Formal preseason staff title: offensive coordinator. Weeks encode the season designation, not independently observed weekly tenure; does not establish play-calling duty."
2025-CHI-quarterbacks_coach-01-18-j-t-barrett,2025,CHI,coach-j-t-barrett,J.T. Barrett,quarterbacks_coach,1,18,,,false,false,false,verified,high,season_designation,https://static.clubs.nfl.com/image/upload/patriots/fvc6qgwyqlztq1muztpi.pdf,"Formal preseason staff title: quarterbacks. Weeks encode the season designation, not independently observed weekly tenure; does not establish play-calling duty."
2025-CIN-head_coach-01-18-zac-taylor,2025,CIN,coach-zac-taylor,Zac Taylor,head_coach,1,18,,,false,false,true,verified,high,observed_game_weeks,https://github.com/nflverse/nflverse-data/releases/download/pbp/play_by_play_2025.parquet,Observed head coach on each included regular-season game; interval is first through last observed game week.
2025-CIN-quarterbacks_coach-01-18-brad-kragthorpe,2025,CIN,coach-brad-kragthorpe,Brad Kragthorpe,quarterbacks_coach,1,18,,,false,false,true,verified,high,season_designation,https://static.clubs.nfl.com/image/upload/patriots/fvc6qgwyqlztq1muztpi.pdf,"Formal preseason staff title: quarterbacks. Weeks encode the season designation, not independently observed weekly tenure; does not establish play-calling duty."
2025-CLE-head_coach-01-18-kevin-stefanski,2025,CLE,coach-kevin-stefanski,Kevin Stefanski,head_coach,1,18,,,false,false,true,verified,high,observed_game_weeks,https://github.com/nflverse/nflverse-data/releases/download/pbp/play_by_play_2025.parquet,Observed head coach on each included regular-season game; interval is first through last observed game week.
2025-CLE-offensive_coordinator-01-18-tommy-rees,2025,CLE,coach-tommy-rees,Tommy Rees,offensive_coordinator,1,18,,,false,false,false,verified,high,season_designation,https://static.clubs.nfl.com/image/upload/patriots/fvc6qgwyqlztq1muztpi.pdf,"Formal preseason staff title: offensive coordinator. Weeks encode the season designation, not independently observed weekly tenure; does not establish play-calling duty."
2025-CLE-quarterbacks_coach-01-18-bill-musgrave,2025,CLE,coach-bill-musgrave,Bill Musgrave,quarterbacks_coach,1,18,,,false,false,false,verified,high,season_designation,https://static.clubs.nfl.com/image/upload/patriots/fvc6qgwyqlztq1muztpi.pdf,"Formal preseason staff title: quarterbacks. Weeks encode the season designation, not independently observed weekly tenure; does not establish play-calling duty."
2025-DAL-head_coach-01-18-brian-schottenheimer,2025,DAL,coach-brian-schottenheimer,Brian Schottenheimer,head_coach,1,18,,,false,false,false,verified,high,observed_game_weeks,https://github.com/nflverse/nflverse-data/releases/download/pbp/play_by_play_2025.parquet,Observed head coach on each included regular-season game; interval is first through last observed game week.
2025-DAL-offensive_coordinator-01-18-klayton-adams,2025,DAL,coach-klayton-adams,Klayton Adams,offensive_coordinator,1,18,,,false,false,false,verified,high,season_designation,https://static.clubs.nfl.com/image/upload/patriots/fvc6qgwyqlztq1muztpi.pdf,"Formal preseason staff title: offensive coordinator. Weeks encode the season designation, not independently observed weekly tenure; does not establish play-calling duty."
2025-DAL-quarterbacks_coach-01-18-steve-shimko,2025,DAL,coach-steve-shimko,Steve Shimko,quarterbacks_coach,1,18,,,false,false,false,verified,high,season_designation,https://static.clubs.nfl.com/image/upload/patriots/fvc6qgwyqlztq1muztpi.pdf,"Formal preseason staff title: quarterbacks. Weeks encode the season designation, not independently observed weekly tenure; does not establish play-calling duty."
2025-DEN-head_coach-01-18-sean-payton,2025,DEN,coach-sean-payton,Sean Payton,head_coach,1,18,,,false,false,true,verified,high,observed_game_weeks,https://github.com/nflverse/nflverse-data/releases/download/pbp/play_by_play_2025.parquet,Observed head coach on each included regular-season game; interval is first through last observed game week.
2025-DEN-offensive_coordinator-01-18-joe-lombardi,2025,DEN,coach-joe-lombardi,Joe Lombardi,offensive_coordinator,1,18,,,false,false,true,verified,high,season_designation,https://static.clubs.nfl.com/image/upload/patriots/fvc6qgwyqlztq1muztpi.pdf,"Formal preseason staff title: offensive coordinator. Weeks encode the season designation, not independently observed weekly tenure; does not establish play-calling duty."
2025-DET-head_coach-01-18-dan-campbell,2025,DET,coach-dan-campbell,Dan Campbell,head_coach,1,18,,,false,false,true,verified,high,observed_game_weeks,https://github.com/nflverse/nflverse-data/releases/download/pbp/play_by_play_2025.parquet,Observed head coach on each included regular-season game; interval is first through last observed game week.
2025-DET-offensive_coordinator-01-18-john-morton,2025,DET,coach-john-morton,John Morton,offensive_coordinator,1,18,,,false,false,false,verified,high,season_designation,https://static.clubs.nfl.com/image/upload/patriots/fvc6qgwyqlztq1muztpi.pdf,"Formal preseason staff title: offensive coordinator. Weeks encode the season designation, not independently observed weekly tenure; does not establish play-calling duty."
2025-DET-quarterbacks_coach-01-18-mark-brunell,2025,DET,coach-mark-brunell,Mark Brunell,quarterbacks_coach,1,18,,,false,false,true,verified,high,season_designation,https://static.clubs.nfl.com/image/upload/patriots/fvc6qgwyqlztq1muztpi.pdf,"Formal preseason staff title: quarterbacks. Weeks encode the season designation, not independently observed weekly tenure; does not establish play-calling duty."
2025-GB-head_coach-01-18-matt-lafleur,2025,GB,coach-matt-lafleur,Matt LaFleur,head_coach,1,18,,,false,false,true,verified,high,observed_game_weeks,https://github.com/nflverse/nflverse-data/releases/download/pbp/play_by_play_2025.parquet,Observed head coach on each included regular-season game; interval is first through last observed game week.
2025-GB-offensive_coordinator-01-18-adam-stenavich,2025,GB,coach-adam-stenavich,Adam Stenavich,offensive_coordinator,1,18,,,false,false,true,verified,high,season_designation,https://static.clubs.nfl.com/image/upload/patriots/fvc6qgwyqlztq1muztpi.pdf,"Formal preseason staff title: offensive coordinator. Weeks encode the season designation, not independently observed weekly tenure; does not establish play-calling duty."
2025-GB-quarterbacks_coach-01-18-sean-mannion,2025,GB,coach-sean-mannion,Sean Mannion,quarterbacks_coach,1,18,,,false,false,false,verified,high,season_designation,https://static.clubs.nfl.com/image/upload/patriots/fvc6qgwyqlztq1muztpi.pdf,"Formal preseason staff title: quarterbacks. Weeks encode the season designation, not independently observed weekly tenure; does not establish play-calling duty."
2025-HOU-head_coach-01-18-demeco-ryans,2025,HOU,coach-demeco-ryans,DeMeco Ryans,head_coach,1,18,,,false,false,true,verified,high,observed_game_weeks,https://github.com/nflverse/nflverse-data/releases/download/pbp/play_by_play_2025.parquet,Observed head coach on each included regular-season game; interval is first through last observed game week.
2025-HOU-offensive_coordinator-01-18-nick-caley,2025,HOU,coach-nick-caley,Nick Caley,offensive_coordinator,1,18,,,false,false,false,verified,high,season_designation,https://static.clubs.nfl.com/image/upload/patriots/fvc6qgwyqlztq1muztpi.pdf,"Formal preseason staff title: offensive coordinator. Weeks encode the season designation, not independently observed weekly tenure; does not establish play-calling duty."
2025-IND-head_coach-01-18-shane-steichen,2025,IND,coach-shane-steichen,Shane Steichen,head_coach,1,18,,,false,false,true,verified,high,observed_game_weeks,https://github.com/nflverse/nflverse-data/releases/download/pbp/play_by_play_2025.parquet,Observed head coach on each included regular-season game; interval is first through last observed game week.
2025-IND-offensive_coordinator-01-18-jim-bob-cooter,2025,IND,coach-jim-bob-cooter,Jim Bob Cooter,offensive_coordinator,1,18,,,false,false,false,verified,high,season_designation,https://static.clubs.nfl.com/image/upload/patriots/fvc6qgwyqlztq1muztpi.pdf,"Formal preseason staff title: offensive coordinator. Weeks encode the season designation, not independently observed weekly tenure; does not establish play-calling duty."
2025-IND-quarterbacks_coach-01-18-cam-turner,2025,IND,coach-cam-turner,Cam Turner,quarterbacks_coach,1,18,,,false,false,true,verified,high,season_designation,https://static.clubs.nfl.com/image/upload/patriots/fvc6qgwyqlztq1muztpi.pdf,"Formal preseason staff title: quarterbacks. Weeks encode the season designation, not independently observed weekly tenure; does not establish play-calling duty."
2025-JAX-head_coach-01-18-liam-coen,2025,JAX,coach-liam-coen,Liam Coen,head_coach,1,18,,,false,false,false,verified,high,observed_game_weeks,https://github.com/nflverse/nflverse-data/releases/download/pbp/play_by_play_2025.parquet,Observed head coach on each included regular-season game; interval is first through last observed game week.
2025-JAX-quarterbacks_coach-01-18-spencer-whipple,2025,JAX,coach-spencer-whipple,Spencer Whipple,quarterbacks_coach,1,18,,,false,false,false,verified,high,season_designation,https://static.clubs.nfl.com/image/upload/patriots/fvc6qgwyqlztq1muztpi.pdf,"Formal preseason staff title: quarterbacks. Weeks encode the season designation, not independently observed weekly tenure; does not establish play-calling duty."
2025-KC-head_coach-01-18-andy-reid,2025,KC,coach-andy-reid,Andy Reid,head_coach,1,18,,,false,false,true,verified,high,observed_game_weeks,https://github.com/nflverse/nflverse-data/releases/download/pbp/play_by_play_2025.parquet,Observed head coach on each included regular-season game; interval is first through last observed game week.
2025-KC-offensive_coordinator-01-18-matt-nagy,2025,KC,coach-matt-nagy,Matt Nagy,offensive_coordinator,1,18,,,false,false,false,verified,high,season_designation,https://static.clubs.nfl.com/image/upload/patriots/fvc6qgwyqlztq1muztpi.pdf,"Formal preseason staff title: offensive coordinator. Weeks encode the season designation, not independently observed weekly tenure; does not establish play-calling duty."
2025-KC-quarterbacks_coach-01-18-david-girardi,2025,KC,coach-david-girardi,David Girardi,quarterbacks_coach,1,18,,,false,false,true,verified,high,season_designation,https://static.clubs.nfl.com/image/upload/patriots/fvc6qgwyqlztq1muztpi.pdf,"Formal preseason staff title: quarterbacks. Weeks encode the season designation, not independently observed weekly tenure; does not establish play-calling duty."
2025-LA-head_coach-01-18-sean-mcvay,2025,LA,coach-sean-mcvay,Sean McVay,head_coach,1,18,,,false,false,true,verified,high,observed_game_weeks,https://github.com/nflverse/nflverse-data/releases/download/pbp/play_by_play_2025.parquet,Observed head coach on each included regular-season game; interval is first through last observed game week.
2025-LA-offensive_coordinator-01-18-mike-lafleur,2025,LA,coach-mike-lafleur,Mike LaFleur,offensive_coordinator,1,18,,,false,false,true,verified,high,season_designation,https://static.clubs.nfl.com/image/upload/patriots/fvc6qgwyqlztq1muztpi.pdf,"Formal preseason staff title: offensive coordinator. Weeks encode the season designation, not independently observed weekly tenure; does not establish play-calling duty."
2025-LA-quarterbacks_coach-01-18-dave-ragone,2025,LA,coach-dave-ragone,Dave Ragone,quarterbacks_coach,1,18,,,false,false,true,verified,high,season_designation,https://static.clubs.nfl.com/image/upload/patriots/fvc6qgwyqlztq1muztpi.pdf,"Formal preseason staff title: quarterbacks. Weeks encode the season designation, not independently observed weekly tenure; does not establish play-calling duty."
2025-LAC-head_coach-01-18-jim-harbaugh,2025,LAC,coach-jim-harbaugh,Jim Harbaugh,head_coach,1,18,,,false,false,true,verified,high,observed_game_weeks,https://github.com/nflverse/nflverse-data/releases/download/pbp/play_by_play_2025.parquet,Observed head coach on each included regular-season game; interval is first through last observed game week.
2025-LAC-offensive_coordinator-01-18-greg-roman,2025,LAC,coach-greg-roman,Greg Roman,offensive_coordinator,1,18,,,false,false,true,verified,high,season_designation,https://static.clubs.nfl.com/image/upload/patriots/fvc6qgwyqlztq1muztpi.pdf,"Formal preseason staff title: offensive coordinator. Weeks encode the season designation, not independently observed weekly tenure; does not establish play-calling duty."
2025-LAC-quarterbacks_coach-01-18-shane-day,2025,LAC,coach-shane-day,Shane Day,quarterbacks_coach,1,18,,,false,false,true,verified,high,season_designation,https://static.clubs.nfl.com/image/upload/patriots/fvc6qgwyqlztq1muztpi.pdf,"Formal preseason staff title: quarterbacks. Weeks encode the season designation, not independently observed weekly tenure; does not establish play-calling duty."
2025-LV-head_coach-01-18-pete-carroll,2025,LV,coach-pete-carroll,Pete Carroll,head_coach,1,18,,,false,false,false,verified,high,observed_game_weeks,https://github.com/nflverse/nflverse-data/releases/download/pbp/play_by_play_2025.parquet,Observed head coach on each included regular-season game; interval is first through last observed game week.
2025-LV-offensive_coordinator-01-18-chip-kelly,2025,LV,coach-chip-kelly,Chip Kelly,offensive_coordinator,1,18,,,false,false,false,verified,high,season_designation,https://static.clubs.nfl.com/image/upload/patriots/fvc6qgwyqlztq1muztpi.pdf,"Formal preseason staff title: offensive coordinator. Weeks encode the season designation, not independently observed weekly tenure; does not establish play-calling duty."
2025-LV-quarterbacks_coach-01-18-greg-olson,2025,LV,coach-greg-olson,Greg Olson,quarterbacks_coach,1,18,,,false,false,false,verified,high,season_designation,https://static.clubs.nfl.com/image/upload/patriots/fvc6qgwyqlztq1muztpi.pdf,"Formal preseason staff title: quarterbacks. Weeks encode the season designation, not independently observed weekly tenure; does not establish play-calling duty."
2025-MIA-head_coach-01-18-mike-mcdaniel,2025,MIA,coach-mike-mcdaniel,Mike McDaniel,head_coach,1,18,,,false,false,true,verified,high,observed_game_weeks,https://github.com/nflverse/nflverse-data/releases/download/pbp/play_by_play_2025.parquet,Observed head coach on each included regular-season game; interval is first through last observed game week.
2025-MIA-offensive_coordinator-01-18-frank-smith,2025,MIA,coach-frank-smith,Frank Smith,offensive_coordinator,1,18,,,false,false,true,verified,high,season_designation,https://static.clubs.nfl.com/image/upload/patriots/fvc6qgwyqlztq1muztpi.pdf,"Formal preseason staff title: offensive coordinator. Weeks encode the season designation, not independently observed weekly tenure; does not establish play-calling duty."
2025-MIA-quarterbacks_coach-01-18-darrell-bevell,2025,MIA,coach-darrell-bevell,Darrell Bevell,quarterbacks_coach,1,18,,,false,false,true,verified,high,season_designation,https://static.clubs.nfl.com/image/upload/patriots/fvc6qgwyqlztq1muztpi.pdf,"Formal preseason staff title: quarterbacks/pass game coordi-. Weeks encode the season designation, not independently observed weekly tenure; does not establish play-calling duty."
2025-MIN-head_coach-01-18-kevin-o-connell,2025,MIN,coach-kevin-o-connell,Kevin O'Connell,head_coach,1,18,,,false,false,true,verified,high,observed_game_weeks,https://github.com/nflverse/nflverse-data/releases/download/pbp/play_by_play_2025.parquet,Observed head coach on each included regular-season game; interval is first through last observed game week.
2025-MIN-offensive_coordinator-01-18-wes-phillips,2025,MIN,coach-wes-phillips,Wes Phillips,offensive_coordinator,1,18,,,false,false,true,verified,high,season_designation,https://static.clubs.nfl.com/image/upload/patriots/fvc6qgwyqlztq1muztpi.pdf,"Formal preseason staff title: offensive coordinator. Weeks encode the season designation, not independently observed weekly tenure; does not establish play-calling duty."
2025-NE-head_coach-01-18-mike-vrabel,2025,NE,coach-mike-vrabel,Mike Vrabel,head_coach,1,18,,,false,false,false,verified,high,observed_game_weeks,https://github.com/nflverse/nflverse-data/releases/download/pbp/play_by_play_2025.parquet,Observed head coach on each included regular-season game; interval is first through last observed game week.
2025-NE-offensive_coordinator-01-18-josh-mcdaniels,2025,NE,coach-josh-mcdaniels,Josh McDaniels,offensive_coordinator,1,18,,,false,false,false,verified,high,season_designation,https://static.clubs.nfl.com/image/upload/patriots/fvc6qgwyqlztq1muztpi.pdf,"Formal preseason staff title: offensive coordinator. Weeks encode the season designation, not independently observed weekly tenure; does not establish play-calling duty."
2025-NE-quarterbacks_coach-01-18-ashton-grant,2025,NE,coach-ashton-grant,Ashton Grant,quarterbacks_coach,1,18,,,false,false,false,verified,high,season_designation,https://static.clubs.nfl.com/image/upload/patriots/fvc6qgwyqlztq1muztpi.pdf,"Formal preseason staff title: quarterbacks. Weeks encode the season designation, not independently observed weekly tenure; does not establish play-calling duty."
2025-NO-head_coach-01-18-kellen-moore,2025,NO,coach-kellen-moore,Kellen Moore,head_coach,1,18,,,false,false,false,verified,high,observed_game_weeks,https://github.com/nflverse/nflverse-data/releases/download/pbp/play_by_play_2025.parquet,Observed head coach on each included regular-season game; interval is first through last observed game week.
2025-NO-offensive_coordinator-01-18-doug-nussmeier,2025,NO,coach-doug-nussmeier,Doug Nussmeier,offensive_coordinator,1,18,,,false,false,false,verified,high,season_designation,https://static.clubs.nfl.com/image/upload/patriots/fvc6qgwyqlztq1muztpi.pdf,"Formal preseason staff title: offensive coordinator. Weeks encode the season designation, not independently observed weekly tenure; does not establish play-calling duty."
2025-NO-quarterbacks_coach-01-18-scott-tolzien,2025,NO,coach-scott-tolzien,Scott Tolzien,quarterbacks_coach,1,18,,,false,false,false,verified,high,season_designation,https://static.clubs.nfl.com/image/upload/patriots/fvc6qgwyqlztq1muztpi.pdf,"Formal preseason staff title: quarterbacks. Weeks encode the season designation, not independently observed weekly tenure; does not establish play-calling duty."
2025-NYG-head_coach-01-18-brian-daboll,2025,NYG,coach-brian-daboll,Brian Daboll,head_coach,1,18,,,false,false,true,verified,high,observed_game_weeks,https://github.com/nflverse/nflverse-data/releases/download/pbp/play_by_play_2025.parquet,Observed head coach on each included regular-season game; interval is first through last observed game week.
2025-NYJ-head_coach-01-18-aaron-glenn,2025,NYJ,coach-aaron-glenn,Aaron Glenn,head_coach,1,18,,,false,false,false,verified,high,observed_game_weeks,https://github.com/nflverse/nflverse-data/releases/download/pbp/play_by_play_2025.parquet,Observed head coach on each included regular-season game; interval is first through last observed game week.
2025-NYJ-offensive_coordinator-01-18-tanner-engstrand,2025,NYJ,coach-tanner-engstrand,Tanner Engstrand,offensive_coordinator,1,18,,,false,false,false,verified,high,season_designation,https://static.clubs.nfl.com/image/upload/patriots/fvc6qgwyqlztq1muztpi.pdf,"Formal preseason staff title: offensive coordinator. Weeks encode the season designation, not independently observed weekly tenure; does not establish play-calling duty."
2025-NYJ-quarterbacks_coach-01-18-charles-london,2025,NYJ,coach-charles-london,Charles London,quarterbacks_coach,1,18,,,false,false,false,verified,high,season_designation,https://static.clubs.nfl.com/image/upload/patriots/fvc6qgwyqlztq1muztpi.pdf,"Formal preseason staff title: quarterbacks. Weeks encode the season designation, not independently observed weekly tenure; does not establish play-calling duty."
2025-PHI-head_coach-01-18-nick-sirianni,2025,PHI,coach-nick-sirianni,Nick Sirianni,head_coach,1,18,,,false,false,true,verified,high,observed_game_weeks,https://github.com/nflverse/nflverse-data/releases/download/pbp/play_by_play_2025.parquet,Observed head coach on each included regular-season game; interval is first through last observed game week.
2025-PHI-offensive_coordinator-01-18-kevin-patullo,2025,PHI,coach-kevin-patullo,Kevin Patullo,offensive_coordinator,1,18,,,false,false,false,verified,high,season_designation,https://static.clubs.nfl.com/image/upload/patriots/fvc6qgwyqlztq1muztpi.pdf,"Formal preseason staff title: offensive coordinator. Weeks encode the season designation, not independently observed weekly tenure; does not establish play-calling duty."
2025-PHI-quarterbacks_coach-01-18-scot-loeffler,2025,PHI,coach-scot-loeffler,Scot Loeffler,quarterbacks_coach,1,18,,,false,false,false,verified,high,season_designation,https://static.clubs.nfl.com/image/upload/patriots/fvc6qgwyqlztq1muztpi.pdf,"Formal preseason staff title: quarterbacks. Weeks encode the season designation, not independently observed weekly tenure; does not establish play-calling duty."
2025-PIT-head_coach-01-18-mike-tomlin,2025,PIT,coach-mike-tomlin,Mike Tomlin,head_coach,1,18,,,false,false,true,verified,high,observed_game_weeks,https://github.com/nflverse/nflverse-data/releases/download/pbp/play_by_play_2025.parquet,Observed head coach on each included regular-season game; interval is first through last observed game week.
2025-PIT-offensive_coordinator-01-18-arthur-smith,2025,PIT,coach-arthur-smith,Arthur Smith,offensive_coordinator,1,18,,,false,false,true,verified,high,season_designation,https://static.clubs.nfl.com/image/upload/patriots/fvc6qgwyqlztq1muztpi.pdf,"Formal preseason staff title: offensive coordinator. Weeks encode the season designation, not independently observed weekly tenure; does not establish play-calling duty."
2025-PIT-quarterbacks_coach-01-18-tom-arth,2025,PIT,coach-tom-arth,Tom Arth,quarterbacks_coach,1,18,,,false,false,true,verified,high,season_designation,https://static.clubs.nfl.com/image/upload/patriots/fvc6qgwyqlztq1muztpi.pdf,"Formal preseason staff title: quarterbacks. Weeks encode the season designation, not independently observed weekly tenure; does not establish play-calling duty."
2025-SEA-head_coach-01-18-mike-macdonald,2025,SEA,coach-mike-macdonald,Mike Macdonald,head_coach,1,18,,,false,false,true,verified,high,observed_game_weeks,https://github.com/nflverse/nflverse-data/releases/download/pbp/play_by_play_2025.parquet,Observed head coach on each included regular-season game; interval is first through last observed game week.
2025-SEA-offensive_coordinator-01-18-klint-kubiak,2025,SEA,coach-klint-kubiak,Klint Kubiak,offensive_coordinator,1,18,,,false,false,false,verified,high,season_designation,https://static.clubs.nfl.com/image/upload/patriots/fvc6qgwyqlztq1muztpi.pdf,"Formal preseason staff title: offensive coordinator. Weeks encode the season designation, not independently observed weekly tenure; does not establish play-calling duty."
2025-SF-head_coach-01-18-kyle-shanahan,2025,SF,coach-kyle-shanahan,Kyle Shanahan,head_coach,1,18,,,false,false,true,verified,high,observed_game_weeks,https://github.com/nflverse/nflverse-data/releases/download/pbp/play_by_play_2025.parquet,Observed head coach on each included regular-season game; interval is first through last observed game week.
2025-SF-offensive_coordinator-01-18-klay-kubiak,2025,SF,coach-klay-kubiak,Klay Kubiak,offensive_coordinator,1,18,,,false,false,false,verified,high,season_designation,https://static.clubs.nfl.com/image/upload/patriots/fvc6qgwyqlztq1muztpi.pdf,"Formal preseason staff title: offensive coordinator. Weeks encode the season designation, not independently observed weekly tenure; does not establish play-calling duty."
2025-SF-quarterbacks_coach-01-18-mick-lombardi,2025,SF,coach-mick-lombardi,Mick Lombardi,quarterbacks_coach,1,18,,,false,false,false,verified,high,season_designation,https://static.clubs.nfl.com/image/upload/patriots/fvc6qgwyqlztq1muztpi.pdf,"Formal preseason staff title: quarterbacks. Weeks encode the season designation, not independently observed weekly tenure; does not establish play-calling duty."
2025-TB-head_coach-01-18-todd-bowles,2025,TB,coach-todd-bowles,Todd Bowles,head_coach,1,18,,,false,false,true,verified,high,observed_game_weeks,https://github.com/nflverse/nflverse-data/releases/download/pbp/play_by_play_2025.parquet,Observed head coach on each included regular-season game; interval is first through last observed game week.
2025-TB-offensive_coordinator-01-18-josh-grizzard,2025,TB,coach-josh-grizzard,Josh Grizzard,offensive_coordinator,1,18,,,false,false,false,verified,high,season_designation,https://static.clubs.nfl.com/image/upload/patriots/fvc6qgwyqlztq1muztpi.pdf,"Formal preseason staff title: offensive coordinator. Weeks encode the season designation, not independently observed weekly tenure; does not establish play-calling duty."
2025-TEN-head_coach-01-18-brian-callahan,2025,TEN,coach-brian-callahan,Brian Callahan,head_coach,1,18,,,false,false,true,verified,high,observed_game_weeks,https://github.com/nflverse/nflverse-data/releases/download/pbp/play_by_play_2025.parquet,Observed head coach on each included regular-season game; interval is first through last observed game week.
2025-TEN-offensive_coordinator-01-18-nick-holz,2025,TEN,coach-nick-holz,Nick Holz,offensive_coordinator,1,18,,,false,false,true,verified,high,season_designation,https://static.clubs.nfl.com/image/upload/patriots/fvc6qgwyqlztq1muztpi.pdf,"Formal preseason staff title: offensive coordinator. Weeks encode the season designation, not independently observed weekly tenure; does not establish play-calling duty."
2025-TEN-quarterbacks_coach-01-18-bo-hardegree,2025,TEN,coach-bo-hardegree,Bo Hardegree,quarterbacks_coach,1,18,,,false,false,true,verified,high,season_designation,https://static.clubs.nfl.com/image/upload/patriots/fvc6qgwyqlztq1muztpi.pdf,"Formal preseason staff title: quarterbacks. Weeks encode the season designation, not independently observed weekly tenure; does not establish play-calling duty."
2025-WAS-head_coach-01-18-dan-quinn,2025,WAS,coach-dan-quinn,Dan Quinn,head_coach,1,18,,,false,false,true,verified,high,observed_game_weeks,https://github.com/nflverse/nflverse-data/releases/download/pbp/play_by_play_2025.parquet,Observed head coach on each included regular-season game; interval is first through last observed game week.
2025-WAS-offensive_coordinator-01-18-kliff-kingsbury,2025,WAS,coach-kliff-kingsbury,Kliff Kingsbury,offensive_coordinator,1,18,,,false,false,true,verified,high,season_designation,https://static.clubs.nfl.com/image/upload/patriots/fvc6qgwyqlztq1muztpi.pdf,"Formal preseason staff title: offensive coordinator. Weeks encode the season designation, not independently observed weekly tenure; does not establish play-calling duty."
2025-WAS-quarterbacks_coach-01-18-tavita-pritchard,2025,WAS,coach-tavita-pritchard,Tavita Pritchard,quarterbacks_coach,1,18,,,false,false,true,verified,high,season_designation,https://static.clubs.nfl.com/image/upload/patriots/fvc6qgwyqlztq1muztpi.pdf,"Formal preseason staff title: quarterbacks. Weeks encode the season designation, not independently observed weekly tenure; does not establish play-calling duty."
